"id","sender_id","recipient_id","text","sticker_file_id","animation_file_id","created_at"
1,"7388700051","7222244857","hello",NULL,NULL,"2025-10-09 06:44:24.007205+00"
2,"7222244857","7388700051","Halo",NULL,NULL,"2025-10-09 12:12:13.983776+00"
3,"7388700051","7222244857","Halo",NULL,NULL,"2025-10-09 12:12:21.690685+00"
4,"7222244857","7388700051","How is yoou",NULL,NULL,"2025-10-09 12:12:33.711856+00"
5,"1976484709","1199863915","Yo",NULL,NULL,"2025-10-09 13:08:11.118429+00"
6,"1199863915","1976484709","Yo",NULL,NULL,"2025-10-09 13:08:20.85064+00"
7,"1976484709","1199863915","Yo",NULL,NULL,"2025-10-09 13:16:31.012419+00"
8,"5014315387","6913252945","Hi",NULL,NULL,"2025-10-09 16:13:59.109678+00"
9,"7931937025","5014292785","Heyy, man ymesleshal eee guess eski I wanna know so bad😂 ene yemane meslogn neber aydelem alech pink hoodie miyareg ale ende?",NULL,NULL,"2025-10-09 18:12:00.042547+00"
10,"5014292785","7931937025","Pink hoodie eneja ale ende. Honestly hulum kechacha nachew",NULL,NULL,"2025-10-09 18:13:52.724467+00"
11,"5014292785","7931937025","Yo yemane is a player tho😂 I always see him with girls cafe mnamn",NULL,NULL,"2025-10-09 18:14:39.927185+00"
12,"7931937025","5014292785","Awo fr kechacha asf siyasaznu chenketu nw yakesachew eko😂 gn istg am very happy that ur pc1 gurlll",NULL,NULL,"2025-10-09 18:16:35.984815+00"
13,"7931937025","5014292785","Frrr??😂 I can't even imagine him that way he is so strict eko",NULL,NULL,"2025-10-09 18:17:03.933564+00"
14,"5014292785","7931937025","Same gurll. Didn't  think bezu class matoche ezi yehonalu beye.",NULL,NULL,"2025-10-09 18:23:12.211549+00"
15,"7931937025","5014292785","Ere aydelehum ene endiw mawek felge ye were sus..😭😁",NULL,NULL,"2025-10-09 18:23:22.326921+00"
16,"5014292785","7931937025","Honestly I never talked with yemane before but yeah he looks strict",NULL,NULL,"2025-10-09 18:24:03.02953+00"
17,"5014292785","7931937025","Which batch are you",NULL,NULL,"2025-10-09 18:24:18.802764+00"
18,"7931937025","5014292785","Ere hulum bemibal huneta ezi nachew beteley wendochu pc1 meme grp lay mnamn alesh? Eza lay bebzat kezi ss aregew rasu ylkalu",NULL,NULL,"2025-10-09 18:25:01.578055+00"
19,"5014292785","7931937025","Esti send me the group meme yalebeten",NULL,NULL,"2025-10-09 18:26:07.072754+00"
20,"7931937025","5014292785","I did, and that’s exactly why I’m wondering how he can be so soft when it comes to a woman, one time yehonechen lij endalagachesh sil semche keza buhala ferawalew😂",NULL,NULL,"2025-10-09 18:27:40.078443+00"
21,"7931937025","5014292785","2016, wbu?",NULL,NULL,"2025-10-09 18:27:47.911921+00"
22,"5014292785","7931937025","Besmammm endeza beloal ende. I swear I always see him with multiple women at Cafe though like cozying up with them laughing mnamn",NULL,NULL,"2025-10-09 18:29:14.988762+00"
23,"7931937025","5014292785","https://t.me/JustForFunAhhGroup",NULL,NULL,"2025-10-09 18:29:52.264329+00"
24,"5014292785","7931937025","2016 negn eko enem zendero 3rd year right?",NULL,NULL,"2025-10-09 18:29:57.620499+00"
25,"7931937025","5014292785","Ay yemane I am amazed tbh almeslegnem neber😁",NULL,NULL,"2025-10-09 18:30:34.564536+00"
26,"7931937025","5014292785","Yuppp module 8 endet nw tadya ee?",NULL,NULL,"2025-10-09 18:30:35.469245+00"
27,"5014292785","7931937025","Module 8 bezu nw  they weren't lying yehe kebad yehonal selu. Wbu",NULL,NULL,"2025-10-09 18:43:01.943307+00"
28,"7931937025","5014292785","Ere awo aza nw fr how did you manage to study all that while being the Queen of the comment section huh gobez nesh tbh😂 u got a lot of boys crashing on you mnamn that is hilarious😂",NULL,NULL,"2025-10-09 18:53:59.359266+00"
29,"5014292785","7931937025","Teyachew bakesh enes Sera feteche nw😭😂social media lay gezeyen selematefa nw.",NULL,NULL,"2025-10-09 18:55:15.797729+00"
30,"7931937025","5014292785","Enem endanchiw neberku beye grpu eyegebaw ebetebet neber ahun tnsh break lay hogne nw😅, nice to meet you tho...gurl am happy that we talked 🙌",NULL,NULL,"2025-10-09 18:59:13.320255+00"
31,"5014292785","7931937025","Same nice to meet u too",NULL,NULL,"2025-10-09 19:00:19.387171+00"
32,"7931937025","5014292785","Okayyy Good night💗",NULL,NULL,"2025-10-09 19:02:21.561673+00"
33,"5014292785","7931937025","I never said what age?? Eww",NULL,NULL,"2025-10-09 19:02:29.217548+00"
34,"5014292785","7931937025","Good night",NULL,NULL,"2025-10-09 19:02:46.36558+00"
35,"1465944838","5014292785","Endet newu 24 seat online yemikonew",NULL,NULL,"2025-10-09 20:08:50.367626+00"
36,"5014292785","1465944838","Endezi",NULL,NULL,"2025-10-09 20:09:15.095729+00"
37,"6652418571","5918213267","Hey",NULL,NULL,"2025-10-09 21:20:22.798497+00"
38,"5918213267","6652418571","Fuck u",NULL,NULL,"2025-10-10 06:03:26.958379+00"
39,"1446432638","462966491","Heyy u?? U were 5k yesterday?",NULL,NULL,"2025-10-10 07:34:54.880836+00"
40,"462966491","1446432638","No I wasn’t, but I am now",NULL,NULL,"2025-10-10 07:37:50.112501+00"
41,"1446432638","462966491","What's ur name btw? R u self sponsored? U want arc but u didn't get and got COTM.Right ??",NULL,NULL,"2025-10-10 07:40:00.696682+00"
42,"462966491","1446432638","Are you placed in engineering?",NULL,NULL,"2025-10-10 07:41:00.643745+00"
43,"462966491","1446432638","And do you wanna switch or not?",NULL,NULL,"2025-10-10 07:41:10.692098+00"
44,"1446432638","462966491","No yesterday i met smn like u around pre engineering office5k. Btw am senior student, just to now u r her or not.",NULL,NULL,"2025-10-10 07:42:38.584373+00"
45,"462966491","1446432638","Ohh sorry I’m not the person you’re looking for",NULL,NULL,"2025-10-10 07:43:44.849015+00"
46,"1446432638","462966491","If so, Good luck! Fiyo🤞",NULL,NULL,"2025-10-10 07:44:57.772537+00"
47,"462966491","1446432638","Thanks I really need it",NULL,NULL,"2025-10-10 07:55:01.535663+00"
48,"7407858484","1751884518","Honey yet nesh",NULL,NULL,"2025-10-10 09:23:30.962954+00"
49,"1751884518","7407858484","Who is this",NULL,NULL,"2025-10-10 10:02:06.056657+00"
50,"7386771058","5313962840","Yo brodi was wondering where the sheger lounge is and the budget and shi including room mnamn bout to crack some lmk",NULL,NULL,"2025-10-10 11:30:36.845143+00"
51,"7386771058","5313962840","We freshh",NULL,NULL,"2025-10-10 11:34:32.888985+00"
52,"5313962840","7386771058","Chebsi is the same ende mountain 120 or 130 birr and the room was around 1k mnamn bcha if u got 2k-3k it's enough bedenb

Beterefe bedele atechat tolo endtsekrlsh😂",NULL,NULL,"2025-10-10 11:34:41.790899+00"
53,"7407858484","1751884518","The meda gar",NULL,NULL,"2025-10-10 12:24:58.854042+00"
54,"1115042518","8487387358","Tbhh i want my girl fucking me while i tied up gn endi aynet chekes yalech aymeslegnm neber",NULL,NULL,"2025-10-10 12:41:39.681151+00"
55,"8487387358","1115042518","Tell me how u want it",NULL,NULL,"2025-10-10 12:43:05.268615+00"
56,"1115042518","8487387358","Owkayy if her ass is clean i will eat it without hesitation if she tied me up tseguren yza mulu kituan fite lay arga endtaslegn new mfelgew yemren new😂❤️then she can fuck me endtaserkugn",NULL,NULL,"2025-10-10 12:45:50.334307+00"
57,"1115042518","8487387358","gn strapon mnamn mibalew neger stelaw besmeab🙏",NULL,NULL,"2025-10-10 12:47:32.746327+00"
58,"1115042518","8487387358","Thats disgusting",NULL,NULL,"2025-10-10 12:47:41.308149+00"
59,"8487387358","1115042518","Let me dm u",NULL,NULL,"2025-10-10 12:47:41.991855+00"
60,"1115042518","8487387358","Username?",NULL,NULL,"2025-10-10 12:47:57.065919+00"
61,"8487387358","1115042518","Gimme urs",NULL,NULL,"2025-10-10 12:48:05.170199+00"
62,"1115042518","8487387358","lol biyans eshi prove me you're F.",NULL,NULL,"2025-10-10 12:49:41.333352+00"
63,"8487387358","1115042518","How",NULL,NULL,"2025-10-10 12:54:48.155022+00"
64,"1115042518","8487387358","Just voice lakign hey wey selam blesh",NULL,NULL,"2025-10-10 12:55:48.753849+00"
65,"7795615574","6387738491","Hey there",NULL,NULL,"2025-10-10 12:56:09.593865+00"
66,"6387738491","7795615574","Hi",NULL,NULL,"2025-10-10 12:56:20.901915+00"
67,"7795615574","6387738491","I saw ur recent comment,",NULL,NULL,"2025-10-10 12:56:23.737625+00"
68,"7795615574","6387738491","And i am like that too",NULL,NULL,"2025-10-10 12:56:31.805774+00"
69,"7795615574","6387738491","Guessed we could talk",NULL,NULL,"2025-10-10 12:56:37.762879+00"
70,"6387738491","7795615574","What comment",NULL,NULL,"2025-10-10 12:56:48.968669+00"
71,"7795615574","6387738491","And see if we are each others type minamin",NULL,NULL,"2025-10-10 12:56:53.554+00"
72,"7795615574","6387738491","💬 I love both

 👩 Black cat ⚡︎58 Aura",NULL,NULL,"2025-10-10 12:57:03.892161+00"
73,"7795615574","6387738491","This one",NULL,NULL,"2025-10-10 12:57:12.812185+00"
74,"6387738491","7795615574","Ohh i see but i am in relationship",NULL,NULL,"2025-10-10 12:57:29.443024+00"
75,"7795615574","6387738491","Yemir",NULL,NULL,"2025-10-10 12:57:45.213493+00"
76,"7795615574","6387738491","😭😭",NULL,NULL,"2025-10-10 12:57:54.366585+00"
77,"7795615574","6387738491","Got a single friend??😁",NULL,NULL,"2025-10-10 12:58:14.498574+00"
78,"6387738491","7795615574","Yahh im in that kind staff",NULL,NULL,"2025-10-10 12:58:18.030751+00"
81,"6387738491","7795615574","Yes",NULL,NULL,"2025-10-10 12:58:34.783274+00"
82,"7795615574","6387738491","Wel me is tall",NULL,NULL,"2025-10-10 12:58:40.098462+00"
83,"7795615574","6387738491","And i love to be in one",NULL,NULL,"2025-10-10 12:58:49.887507+00"
84,"7795615574","6387738491","Ligjt skinned",NULL,NULL,"2025-10-10 12:58:54.050065+00"
85,"8487387358","1115042518","No here",NULL,NULL,"2025-10-10 12:58:54.497384+00"
88,"7795615574","6387738491","Its cool",NULL,NULL,"2025-10-10 12:59:19.727119+00"
89,"8487387358","1115042518","Text me @Sybau1234567890",NULL,NULL,"2025-10-10 12:59:23.339643+00"
90,"1115042518","8487387358","Yet campus nesh eshi koy😑",NULL,NULL,"2025-10-10 12:59:24.434596+00"
91,"6387738491","7795615574","How tall are u",NULL,NULL,"2025-10-10 12:59:30.097816+00"
92,"7795615574","6387738491","Me 181 or smwhere there",NULL,NULL,"2025-10-10 12:59:30.757723+00"
95,"6387738491","7795615574","tnx",NULL,NULL,"2025-10-10 13:00:08.001953+00"
96,"7795615574","6387738491","Lets talk in dm ayshalim",NULL,NULL,"2025-10-10 13:00:21.657829+00"
97,"7795615574","6387738491","They r prolly reading this",NULL,NULL,"2025-10-10 13:00:29.591905+00"
108,"8487387358","7795615574","Hi",NULL,NULL,"2025-10-10 13:08:58.465069+00"
109,"7795615574","8487387358","Me is sub tho havent had experiences much",NULL,NULL,"2025-10-10 13:09:10.578084+00"
2463,"8109112246","6194922788","U prefer dark or light skinned men?",NULL,NULL,"2025-11-05 13:19:45.760296+00"
2464,"6194922788","8109112246","Nah I am the type to switch between light and brown skin keremt ena bega lay but I consider my self brown skinned cause I am low key prettier yane.",NULL,NULL,"2025-11-05 13:20:25.982397+00"
2471,"6194922788","8109112246","Nigga, I didn’t even test your kisses why would I make a movie for you and your home boys?",NULL,NULL,"2025-11-05 13:24:43.179634+00"
2485,"8109112246","6194922788","U know there are many mens acting like a female on this platform 🙄 😒",NULL,NULL,"2025-11-05 13:35:38.313907+00"
2490,"6194922788","8109112246","“I think you are amazing” say it be voice.",NULL,NULL,"2025-11-05 13:38:59.093285+00"
2877,"6048970412","1609398709","በጣም cringe ሆንኩብሽ አደል sorry በጣም ምንም ማቀው ነገር ስላልነበረ ነው እንዴት እንደሚሰራ ቦቱ",NULL,NULL,"2025-11-07 19:38:13.351512+00"
2883,"1570959519","1940613654","Text me cls_wizz",NULL,NULL,"2025-11-07 19:50:58.41311+00"
2900,"1722589537","1834543510","To proof and to ask if u like to meet",NULL,NULL,"2025-11-07 20:11:27.163327+00"
2904,"1722589537","1834543510","To share What we feel giving u head",NULL,NULL,"2025-11-07 20:15:06.254165+00"
2919,"1722589537","1834543510","Why",NULL,NULL,"2025-11-07 20:25:31.425658+00"
2927,"1722589537","1834543510","Mn blesh",NULL,NULL,"2025-11-07 20:31:51.7724+00"
2944,"1722589537","1834543510","Ok",NULL,NULL,"2025-11-07 20:40:10.660349+00"
2955,"2056814277","1834543510","Last yr",NULL,NULL,"2025-11-07 20:49:10.035063+00"
2966,"1834543510","2056814277","Do you have a boy friend?",NULL,NULL,"2025-11-07 20:59:54.662875+00"
2968,"1834543510","2056814277","Yebet lij nesh kuttr mnamn yibezabshal?",NULL,NULL,"2025-11-07 21:00:37.455522+00"
2974,"2056814277","1834543510","R u boy ende?",NULL,NULL,"2025-11-07 21:03:13.146733+00"
2985,"2056814277","1834543510","Ketegbabaw behwala chgr ylewm",NULL,NULL,"2025-11-07 21:14:51.02649+00"
3000,"2056814277","1834543510","Ere egbabawalew",NULL,NULL,"2025-11-07 21:36:09.516352+00"
3002,"2056814277","1834543510","Yeh",NULL,NULL,"2025-11-07 21:37:06.892186+00"
3009,"2056814277","1834543510","Leklsh malet",NULL,NULL,"2025-11-07 21:45:45.828134+00"
3010,"1834543510","2056814277","I will send u the links.",NULL,NULL,"2025-11-07 21:46:43.998749+00"
3011,"2056814277","1834543510","Okay",NULL,NULL,"2025-11-07 21:46:57.398112+00"
3221,"411388600","1834543510","R u a girl?",NULL,NULL,"2025-11-08 07:59:07.579808+00"
3222,"1834543510","411388600","Yup",NULL,NULL,"2025-11-08 07:59:44.352308+00"
3370,"1570959519","6504427565","So we closee",NULL,NULL,"2025-11-08 17:17:14.778301+00"
3371,"6504427565","1570959519","4 kilo negn 🙂🙂",NULL,NULL,"2025-11-08 17:17:17.998178+00"
3377,"1570959519","6504427565","Coool",NULL,NULL,"2025-11-08 17:18:49.97032+00"
3715,"8333529926","1730509668","Ur gender",NULL,NULL,"2025-11-09 07:04:45.894602+00"
4172,"1051120004","1246961688","which comment did you like",NULL,NULL,"2025-11-09 14:52:34.671446+00"
4174,"1246961688","1051120004","You know what? Yeah, it totally sucks",NULL,NULL,"2025-11-09 14:53:35.746267+00"
4177,"1246961688","1051120004","Some like focus on your family",NULL,NULL,"2025-11-09 14:55:59.03175+00"
4180,"1051120004","1246961688","wild stuff we be reading, ever wrote a confession?",NULL,NULL,"2025-11-09 14:59:10.281378+00"
4477,"1441075897","8496749643","hey there 👋 i was wondering if we could talk mnamn?",NULL,NULL,"2025-11-10 04:44:27.942494+00"
4481,"1115129736","8132883465","U there ?",NULL,NULL,"2025-11-10 04:52:57.110472+00"
4485,"1115129736","8132883465","@Grandward679",NULL,NULL,"2025-11-10 04:56:45.840739+00"
4491,"8132883465","1441075897","Rly 😭 how",NULL,NULL,"2025-11-10 05:19:03.084866+00"
4564,"1071472901","797847663","U don't know me i don't know u either but i kinda feel lonely that's why",NULL,NULL,"2025-11-10 13:07:41.398943+00"
4568,"797847663","1071472901","What if you were one of them",NULL,NULL,"2025-11-10 13:09:50.658072+00"
4569,"8178595410","1732388131","Bruh lakelegna",NULL,NULL,"2025-11-10 13:14:03.711127+00"
4706,"1570959519","865881783","...",NULL,NULL,"2025-11-11 04:17:23.083078+00"
4859,"992176019","2133374158","You a guy or a girl",NULL,NULL,"2025-11-11 17:10:23.75493+00"
4866,"992176019","2133374158","Oh no it's not wrong at all
Just that I'm 20 and I wanted to check if it's appropriate for me to talk about that with u",NULL,NULL,"2025-11-11 17:24:02.092305+00"
4874,"6110336587","422805597","Heyy, wta goin on everything good¿",NULL,NULL,"2025-11-11 17:37:58.495988+00"
4876,"1221140370","6110336587","I’m good, how are you?",NULL,NULL,"2025-11-11 17:41:01.002966+00"
4883,"1570959519","5183845073","Pls say u into men and u aint an old",NULL,NULL,"2025-11-11 17:43:49.690229+00"
4900,"6110336587","422805597","U m or f",NULL,NULL,"2025-11-11 17:46:15.3204+00"
4907,"5183845073","1570959519","Whats ur type tho",NULL,NULL,"2025-11-11 17:49:21.597404+00"
4953,"6110336587","7135241544","Heyy",NULL,NULL,"2025-11-11 18:18:09.329545+00"
4956,"6110336587","5275195619","Heyy",NULL,NULL,"2025-11-11 18:30:30.874353+00"
4963,"5275195619","6110336587","anime software engineer",NULL,NULL,"2025-11-11 18:36:42.638053+00"
4972,"1647697220","6344107400","how?",NULL,NULL,"2025-11-11 18:42:19.785559+00"
4979,"6110336587","5517761450","Heyy",NULL,NULL,"2025-11-11 18:54:12.162926+00"
4982,"422805597","6110336587","Not in addis
Ik in US",NULL,NULL,"2025-11-11 19:07:57.025308+00"
4983,"422805597","6110336587","Lol 21 
And you",NULL,NULL,"2025-11-11 19:08:09.812603+00"
4989,"6272869186","7998357888","M or f?",NULL,NULL,"2025-11-11 19:40:29.527741+00"
5143,"7231257941","7868086659","ur name",NULL,NULL,"2025-11-12 08:32:08.684418+00"
5155,"7300957726","6794069219","hey",NULL,NULL,"2025-11-12 09:29:45.047843+00"
5355,"7623717059","8223038699","Bye i💓u.
U not interested",NULL,NULL,"2025-11-12 17:43:56.514107+00"
5486,"7547849911","1469773444","Just sleneberku confess mareg felge new",NULL,NULL,"2025-11-13 08:58:12.546879+00"
5489,"1445110293","1738671412","3 years before i guess",NULL,NULL,"2025-11-13 09:00:34.248742+00"
5494,"7826484265","1071472901","Where u at",NULL,NULL,"2025-11-13 09:09:48.291304+00"
5499,"6559312412","1445110293","Nah its all good fam",NULL,NULL,"2025-11-13 09:13:58.482654+00"
5510,"6499363352","7501176620","Women are betam funny 
Prime example 
Me",NULL,NULL,"2025-11-13 09:23:27.170298+00"
5524,"8402831744","1246961688","Okay my bad😭😭😭 I thought u read some comments or stuff
It’s Better to talk on a normal chat than on this creepy bot don’t u think?",NULL,NULL,"2025-11-13 09:47:29.296207+00"
5706,"5886466655","1246961688","😂 for sure, take your time. If the admins approve He will text you too",NULL,NULL,"2025-11-13 15:11:14.342794+00"
5707,"6801439185","1767733168","Hi",NULL,NULL,"2025-11-13 15:11:18.98658+00"
5708,"5886466655","1246961688","Have a great night",NULL,NULL,"2025-11-13 15:11:20.457653+00"
5710,"1834543510","5183845073","Eshi",NULL,NULL,"2025-11-13 15:11:35.455288+00"
5711,"1246961688","5886466655","Thanks you too",NULL,NULL,"2025-11-13 15:11:39.00697+00"
5733,"1115042518","8151671672","Heyyy",NULL,NULL,"2025-11-13 15:30:00.534347+00"
5992,"1722589537","5636401129","Yeah but work also 

Are u open for relationship",NULL,NULL,"2025-11-13 20:33:55.40328+00"
79,"6387738491","7795615574","No",NULL,NULL,"2025-10-10 12:58:24.910946+00"
80,"7795615574","6387738491","Soo its not that deep",NULL,NULL,"2025-10-10 12:58:29.590376+00"
86,"7795615574","6387738491","I wonder what ur type is like",NULL,NULL,"2025-10-10 12:59:05.743614+00"
87,"6387738491","7795615574","Am short how tall",NULL,NULL,"2025-10-10 12:59:09.246239+00"
93,"6387738491","7795615574","Ohh i am 152",NULL,NULL,"2025-10-10 12:59:41.065951+00"
94,"7795615574","6387738491","Thats lovely",NULL,NULL,"2025-10-10 12:59:52.386378+00"
2465,"6194922788","8109112246","Dark skinned men tbh but I will taste the cream in you and let uk what I think",NULL,NULL,"2025-11-05 13:21:05.44616+00"
2466,"8109112246","6194922788","Ru fr?",NULL,NULL,"2025-11-05 13:21:31.710482+00"
2473,"6194922788","8109112246","Oh I may be the problem meselegn but nonetheless next week is good, Fbe campus negn I think we should test it if we have some sexual chemistry before doing the nasty what do you say?",NULL,NULL,"2025-11-05 13:29:35.993199+00"
2477,"8109112246","6194922788","Ok dont bother abt that...",NULL,NULL,"2025-11-05 13:31:06.13517+00"
2488,"8109112246","6194922788","Ok esh say im real girl be voice",NULL,NULL,"2025-11-05 13:36:58.661193+00"
2880,"372919521","5260266739","Hey",NULL,NULL,"2025-11-07 19:48:03.029322+00"
2888,"8437573540","1834543510","U help sex addicts right",NULL,NULL,"2025-11-07 19:59:19.684073+00"
2891,"1834543510","1722589537","Fine...r u a girl?",NULL,NULL,"2025-11-07 20:01:09.325208+00"
2938,"1722589537","1834543510","Dagi",NULL,NULL,"2025-11-07 20:37:09.054906+00"
2942,"1722589537","1834543510","Lmn keflalw",NULL,NULL,"2025-11-07 20:38:48.677595+00"
2949,"2056814277","1834543510","Nardos",NULL,NULL,"2025-11-07 20:44:22.351255+00"
2967,"2056814277","1834543510","Nah",NULL,NULL,"2025-11-07 21:00:06.777475+00"
2987,"2056814277","1834543510","R/ship west",NULL,NULL,"2025-11-07 21:16:43.318088+00"
2990,"1834543510","2056814277","i recommended u endeza aynetun way.....my friends first sex yaderegut endeza new just sefer wus kalu or tg lay chat kemiyaderguachew linoch gar mnamn like be edme tekerarabi kehonut gar kehonu lijoch gar without r/nship malet new....further yemthejibet gnugnet slalhone after sex atgenagnun malet yichalal...enesum endanchi ye sex need bcha slalachew malete new",NULL,NULL,"2025-11-07 21:25:07.85723+00"
2995,"1834543510","2056814277","Or kesefer mehonu kedeberesh let me send u ene sefer kemawkachew lijoch wust ye andun user keza just normal talk eyawerashiw anchi sleza neger endiyawera edlun meste tchiyalesh",NULL,NULL,"2025-11-07 21:30:06.619147+00"
2996,"2056814277","1834543510","Ere aydebregnim",NULL,NULL,"2025-11-07 21:30:43.045412+00"
2998,"2056814277","1834543510","Eski and megbabaw lij ale kesu gar aregalew",NULL,NULL,"2025-11-07 21:32:40.486072+00"
3014,"2056814277","1834543510","Send the link here",NULL,NULL,"2025-11-07 21:52:21.911878+00"
3031,"1834543510","5618581986","r u a girl?",NULL,NULL,"2025-11-07 22:11:15.0527+00"
3033,"1834543510","8437573540","r u a girl?",NULL,NULL,"2025-11-07 22:21:15.279373+00"
3225,"1834543510","411388600","mn felgeh new?",NULL,NULL,"2025-11-08 08:01:49.171738+00"
3385,"8178595410","8010756289","Hello",NULL,NULL,"2025-11-08 18:28:21.523138+00"
3411,"8178595410","8010756289","Pls im waiting for u🥹",NULL,NULL,"2025-11-08 18:35:45.711167+00"
3413,"6369586656","5014292785","Hey",NULL,NULL,"2025-11-08 18:38:22.687806+00"
3415,"6369586656","5014292785","How are you lmao😭",NULL,NULL,"2025-11-08 18:38:37.127916+00"
3427,"1246961688","7231257941","So what I want from you is to be genuine and free, it's anonymous so no need to pretend.",NULL,NULL,"2025-11-08 18:47:50.859782+00"
3429,"5014292785","6369586656","Which comment",NULL,NULL,"2025-11-08 18:48:47.971246+00"
3430,"7231257941","1246961688","Sure I won't pretend",NULL,NULL,"2025-11-08 18:48:52.907894+00"
3434,"7231257941","1246961688","Information systems",NULL,NULL,"2025-11-08 18:50:41.17871+00"
3435,"7231257941","1246961688","Second 
U?",NULL,NULL,"2025-11-08 18:50:52.25042+00"
3437,"7231257941","1246961688","😢 ende I thought ur Younger eshi 
How old are u",NULL,NULL,"2025-11-08 18:52:19.652271+00"
3438,"1246961688","7231257941","Oh so your type is younger? about to turn 21",NULL,NULL,"2025-11-08 18:53:26.145681+00"
3440,"1246961688","7231257941","Then why the crying emoji",NULL,NULL,"2025-11-08 18:54:41.943891+00"
3441,"1246961688","7231257941","Oh and how old are you",NULL,NULL,"2025-11-08 18:54:59.016321+00"
3445,"1246961688","7231257941","That's literally the same emoji you sent but sure😂",NULL,NULL,"2025-11-08 18:56:51.042336+00"
3454,"1246961688","7231257941","How did you know?",NULL,NULL,"2025-11-08 18:59:07.396859+00"
3458,"1246961688","7231257941","Selam common ik",NULL,NULL,"2025-11-08 19:02:14.454967+00"
3466,"7231257941","1246961688","Say 🤗",NULL,NULL,"2025-11-08 19:04:52.464396+00"
3468,"7231257941","1246961688","Er ene des ayilegnam ymr bezi bot mawurat 😂",NULL,NULL,"2025-11-08 19:09:17.122847+00"
3513,"1246961688","7231257941","Yet bet😂",NULL,NULL,"2025-11-08 19:35:01.87433+00"
3516,"7231257941","1246961688","Gerji or shaggar cit wusx",NULL,NULL,"2025-11-08 19:36:17.280304+00"
3521,"1246961688","7231257941","All wrong but you were close anyways my turn",NULL,NULL,"2025-11-08 19:37:59.91215+00"
3536,"6272869186","1834543510","I'm almost 23, how old are you?",NULL,NULL,"2025-11-08 19:46:45.672563+00"
3538,"5014292785","6369586656","Wdym",NULL,NULL,"2025-11-08 19:51:45.169781+00"
3547,"7773846469","8312458446","how much of a weirdo? 🤔",NULL,NULL,"2025-11-08 20:06:12.88883+00"
3549,"6272869186","1834543510","Do you watch porn if so do you like it ?",NULL,NULL,"2025-11-08 20:07:55.531168+00"
3557,"7773846469","8312458446","i'm weird too.",NULL,NULL,"2025-11-08 20:10:55.070202+00"
3562,"1834543510","6272869186","Mn felgeh new?",NULL,NULL,"2025-11-08 20:12:40.513185+00"
3567,"1834543510","6272869186","Mn slemayew porn lteykegn new",NULL,NULL,"2025-11-08 20:15:57.615984+00"
3568,"7773846469","8312458446","😑 i'm a boy endewm.",NULL,NULL,"2025-11-08 20:15:59.365106+00"
3573,"1834543510","6272869186","Were atabza ketl",NULL,NULL,"2025-11-08 20:19:13.100611+00"
3595,"6272869186","6692034060","How old are you?",NULL,NULL,"2025-11-08 20:40:49.90169+00"
3716,"5229975567","6154892102","sup",NULL,NULL,"2025-11-09 07:05:32.194965+00"
3718,"1730509668","8333529926","Obviously male i dought if there even much females here 🗿",NULL,NULL,"2025-11-09 07:06:22.778544+00"
4184,"1051120004","1246961688","i never wrote any so far",NULL,NULL,"2025-11-09 15:00:59.058828+00"
4206,"1246961688","1051120004","I have 2 siblings 1 brother and 1 sister",NULL,NULL,"2025-11-09 15:29:29.15129+00"
4207,"1051120004","1246961688","my situation exactly, have you ever dated before",NULL,NULL,"2025-11-09 15:29:39.835453+00"
4215,"1246961688","1051120004","Ikk, it's so different from your experience.",NULL,NULL,"2025-11-09 15:35:32.938405+00"
4216,"1246961688","1051120004","What's your type tho",NULL,NULL,"2025-11-09 15:35:40.290756+00"
4222,"1246961688","1051120004","Okay what about personality wise😂 come on there must be something",NULL,NULL,"2025-11-09 15:44:05.932717+00"
4228,"1246961688","1051120004","Understandable 

My biggest red flag is a guy who's not willing to cook or do chores",NULL,NULL,"2025-11-09 15:50:14.625168+00"
4241,"1246961688","1051120004","Honestly it would be controversial and hypocritical if he has many body counts but if not very reasonable",NULL,NULL,"2025-11-09 16:06:58.155707+00"
4478,"8496749643","1441075897","Same here😭",NULL,NULL,"2025-11-10 04:45:33.918604+00"
4565,"8178595410","1732388131","Esh ante yebadachew kalllu lakelegn enem idilen lmokr🥹🥹",NULL,NULL,"2025-11-10 13:08:15.23377+00"
4566,"8178595410","1732388131","Ere begeta sim...be enatek sim yuzhewalewuk lakelegn",NULL,NULL,"2025-11-10 13:08:42.449322+00"
4567,"797847663","1071472901","Man a lot of niggas on here prob want to kill me 😭",NULL,NULL,"2025-11-10 13:09:41.403048+00"
4571,"1744629477","7786114585","Wts urs?",NULL,NULL,"2025-11-10 13:27:52.242533+00"
4714,"431387764","2051226907","Are you a guy?",NULL,NULL,"2025-11-11 04:37:03.606807+00"
4716,"7699820988","6499363352","What a question",NULL,NULL,"2025-11-11 04:37:25.603212+00"
4717,"431387764","2051226907","Cool",NULL,NULL,"2025-11-11 04:37:29.647388+00"
4724,"1568889911","829653636","No eww, it was joke",NULL,NULL,"2025-11-11 04:41:36.480774+00"
4860,"2133374158","992176019","A girl",NULL,NULL,"2025-11-11 17:10:49.03214+00"
4861,"992176019","2133374158","How old are you?",NULL,NULL,"2025-11-11 17:15:30.741217+00"
4870,"865881783","1570959519","eshi me im 3rd yr and taking break this yr",NULL,NULL,"2025-11-11 17:34:57.308085+00"
4871,"865881783","1570959519","u got thos?",NULL,NULL,"2025-11-11 17:35:05.636792+00"
4875,"6110336587","1221140370","Heyy, wts goin on, everything good¿",NULL,NULL,"2025-11-11 17:38:39.844338+00"
4879,"422805597","6110336587","Sup",NULL,NULL,"2025-11-11 17:42:48.927149+00"
98,"7795615574","6387738491","@Xyoxyoz",NULL,NULL,"2025-10-10 13:00:55.293857+00"
99,"6387738491","7795615574","I don't think iam ur type",NULL,NULL,"2025-10-10 13:01:26.258643+00"
100,"7795615574","6387738491","Tell me",NULL,NULL,"2025-10-10 13:01:37.530202+00"
101,"7795615574","6387738491","Try me",NULL,NULL,"2025-10-10 13:02:01.258202+00"
102,"6387738491","7795615574","Even if we become together i can't give u what other women's give for there bf",NULL,NULL,"2025-10-10 13:02:20.704359+00"
103,"7795615574","6387738491","Its cool",NULL,NULL,"2025-10-10 13:02:35.465849+00"
104,"6387738491","7795615574","Like that stuff u know what i mean",NULL,NULL,"2025-10-10 13:02:36.404547+00"
105,"7795615574","6387738491","Idk what ur refferingnto exactly tho",NULL,NULL,"2025-10-10 13:02:46.450786+00"
106,"7795615574","6387738491","Lets finish the match up out of this bot say hi there",NULL,NULL,"2025-10-10 13:03:04.550978+00"
107,"7795615574","8487387358","Hi dom girl",NULL,NULL,"2025-10-10 13:08:52.455215+00"
110,"7795615574","8487387358","I was woddeing if we could get tonknow.each other",NULL,NULL,"2025-10-10 13:09:23.28269+00"
111,"7795615574","8487387358","Drop ur username?",NULL,NULL,"2025-10-10 13:09:30.002796+00"
112,"7795615574","8487387358","And also whats ur type like",NULL,NULL,"2025-10-10 13:09:41.460109+00"
113,"8487387358","7795615574","I like konjo wend",NULL,NULL,"2025-10-10 13:10:25.681937+00"
114,"7795615574","8487387358","I gs am fine",NULL,NULL,"2025-10-10 13:10:56.960748+00"
115,"7795615574","8487387358","Got good face card",NULL,NULL,"2025-10-10 13:11:01.937098+00"
116,"7795615574","8487387358","And hot smile",NULL,NULL,"2025-10-10 13:11:39.035054+00"
117,"7795615574","8487387358","More of lips",NULL,NULL,"2025-10-10 13:13:10.431597+00"
118,"7795615574","8487387358","My bad typing it",NULL,NULL,"2025-10-10 13:13:19.218919+00"
119,"7795615574","8487387358","What abt u? How are u like",NULL,NULL,"2025-10-10 13:13:25.54277+00"
120,"7795615574","8487387358","Am tall too 181",NULL,NULL,"2025-10-10 13:13:40.18952+00"
121,"8487387358","7795615574","I'd be ur type dw",NULL,NULL,"2025-10-10 13:15:05.936136+00"
122,"7795615574","8487387358","Ohh i see",NULL,NULL,"2025-10-10 13:15:19.273508+00"
123,"7795615574","8487387358","Love the confidence",NULL,NULL,"2025-10-10 13:15:22.504922+00"
124,"7795615574","8487387358","Ur telegram username please",NULL,NULL,"2025-10-10 13:15:29.419078+00"
125,"7795615574","8487387358","How experienced  are u btw??",NULL,NULL,"2025-10-10 13:15:42.186659+00"
126,"8487387358","7795615574","@Sybau1234567890",NULL,NULL,"2025-10-10 13:16:24.223543+00"
127,"8487387358","7795615574","Dm",NULL,NULL,"2025-10-10 13:16:30.440462+00"
128,"7795615574","8487387358","What up horny girl",NULL,NULL,"2025-10-10 13:23:48.411059+00"
129,"1115042518","1103065697","Tied argesh ride mareg new mfelgiw weys you love that strapon shit?😭",NULL,NULL,"2025-10-10 14:56:19.525888+00"
130,"8436061444","1103065697","I am a sub  looking for girl too",NULL,NULL,"2025-10-10 14:59:20.346695+00"
131,"8436061444","1103065697","A dom girl",NULL,NULL,"2025-10-10 14:59:59.075959+00"
132,"8436061444","1103065697","And i love communicating",NULL,NULL,"2025-10-10 15:00:06.241962+00"
133,"8436061444","1103065697","And wanna have the experiences of that side",NULL,NULL,"2025-10-10 15:00:22.452677+00"
134,"8436061444","1103065697","Sorry  i touched leave chat by mistake",NULL,NULL,"2025-10-10 15:00:54.596545+00"
135,"8436061444","1103065697","Chat History with Karl Marxs left nut

You: I am a sub  looking for girl too( A dom girl, ) And i love communicating
And I wanna have the experiences of that side",NULL,NULL,"2025-10-10 15:01:23.220246+00"
136,"8436061444","1103065697","Reply??",NULL,NULL,"2025-10-10 15:03:24.385606+00"
137,"1115042518","1103065697","Lol kitachu fitachn lay sikemet betam new des milen tbhh😭",NULL,NULL,"2025-10-10 15:03:56.943202+00"
138,"8436061444","8487387358","Melk",NULL,NULL,"2025-10-10 15:11:46.509856+00"
139,"8436061444","8487387358","Ever done fwb??",NULL,NULL,"2025-10-10 15:11:57.629534+00"
140,"8436061444","8487387358","Would taking mone for fwb make a girl hoe?",NULL,NULL,"2025-10-10 15:12:38.961839+00"
141,"8487387358","8436061444","Malet",NULL,NULL,"2025-10-10 15:14:08.820632+00"
142,"8436061444","8487387358","Would taking money for fwb make a girl hoe?",NULL,NULL,"2025-10-10 15:15:43.344828+00"
143,"8487387358","8436061444","No. R u gonna pay",NULL,NULL,"2025-10-10 15:16:52.347133+00"
144,"8436061444","8487387358","Should",NULL,NULL,"2025-10-10 15:17:55.103139+00"
145,"8436061444","8487387358","I",NULL,NULL,"2025-10-10 15:17:57.387571+00"
146,"8487387358","8436061444","Leman",NULL,NULL,"2025-10-10 15:18:06.067544+00"
147,"8436061444","8487387358","How much",NULL,NULL,"2025-10-10 15:18:10.733167+00"
148,"8436061444","8487387358","For u",NULL,NULL,"2025-10-10 15:18:15.61121+00"
149,"8487387358","8436061444","Lene nw?",NULL,NULL,"2025-10-10 15:18:17.347372+00"
150,"8436061444","8487387358","...",NULL,NULL,"2025-10-10 15:18:38.332187+00"
151,"8436061444","8487387358","Aw",NULL,NULL,"2025-10-10 15:18:46.879712+00"
152,"8487387358","8436061444","Konjo neh?",NULL,NULL,"2025-10-10 15:18:49.098568+00"
153,"8436061444","8487387358","i tot u said pay",NULL,NULL,"2025-10-10 15:18:54.15639+00"
154,"8436061444","8487387358","I am hella fine",NULL,NULL,"2025-10-10 15:18:58.842087+00"
155,"8487387358","8436061444","Why would u pay if u r fine",NULL,NULL,"2025-10-10 15:19:11.984226+00"
156,"8436061444","8487387358","If u wanted morw",NULL,NULL,"2025-10-10 15:19:22.531809+00"
157,"8436061444","8487387358","Did u ever get paid or did it randomly",NULL,NULL,"2025-10-10 15:19:48.069211+00"
158,"8436061444","8487387358","Would u even do it",NULL,NULL,"2025-10-10 15:20:00.226827+00"
159,"8487387358","8436061444","Yenen Tarek tewew",NULL,NULL,"2025-10-10 15:20:06.456355+00"
160,"8436061444","8487387358","Cuz most women are afraid",NULL,NULL,"2025-10-10 15:20:07.023659+00"
161,"8487387358","8436061444","Of what",NULL,NULL,"2025-10-10 15:20:37.173163+00"
162,"8436061444","8487387358","Getting  pregnanat",NULL,NULL,"2025-10-10 15:20:58.688149+00"
163,"8436061444","8487387358","Its only safe with a trustabke person",NULL,NULL,"2025-10-10 15:21:22.59574+00"
164,"8436061444","8487387358","Its only safe with a trustable person",NULL,NULL,"2025-10-10 15:21:30.444586+00"
165,"8436061444","8487387358","And a loyal one",NULL,NULL,"2025-10-10 15:21:40.679424+00"
166,"8436061444","8487387358","U are dom or sub?",NULL,NULL,"2025-10-10 15:23:02.26541+00"
167,"8487387358","8436061444","None",NULL,NULL,"2025-10-10 15:23:07.22033+00"
168,"8436061444","8487387358","Switching??",NULL,NULL,"2025-10-10 15:23:57.663198+00"
169,"8487387358","8436061444","Yes",NULL,NULL,"2025-10-10 15:25:07.801508+00"
170,"8436061444","8487387358","I love that",NULL,NULL,"2025-10-10 15:25:35.228732+00"
171,"8436061444","8487387358","Ever done stuff",NULL,NULL,"2025-10-10 15:25:43.282863+00"
172,"8436061444","8487387358","Or your just imagining it",NULL,NULL,"2025-10-10 15:25:52.328611+00"
173,"8487387358","8436061444","Imagination",NULL,NULL,"2025-10-10 15:25:57.888497+00"
174,"8436061444","8487387358","so u masterbate",NULL,NULL,"2025-10-10 15:27:16.355118+00"
175,"7795615574","8132883465","Man or girl?",NULL,NULL,"2025-10-10 15:32:33.303192+00"
176,"7795615574","8132883465","??",NULL,NULL,"2025-10-10 15:33:07.701899+00"
177,"8436061444","7940722669","I like tall girls",NULL,NULL,"2025-10-10 17:01:47.424686+00"
178,"8436061444","7940722669","And i was wondering if we could talk",NULL,NULL,"2025-10-10 17:01:56.645186+00"
179,"8436061444","7940722669","I am 180 or more its has been a while since last time",NULL,NULL,"2025-10-10 17:02:12.835998+00"
180,"7940722669","8436061444","Ok but how old are u😅",NULL,NULL,"2025-10-10 17:02:23.44442+00"
181,"8436061444","7940722669","Big too",NULL,NULL,"2025-10-10 17:02:29.583161+00"
182,"8436061444","7940722669","Old enough",NULL,NULL,"2025-10-10 17:02:34.282121+00"
183,"8436061444","7940722669","4th year",NULL,NULL,"2025-10-10 17:02:37.715089+00"
184,"8436061444","7940722669","What abt u",NULL,NULL,"2025-10-10 17:02:40.264049+00"
185,"7940722669","8436061444","2nd year",NULL,NULL,"2025-10-10 17:02:46.838712+00"
186,"8436061444","7940722669","Soo fair",NULL,NULL,"2025-10-10 17:02:59.602935+00"
187,"8436061444","7940722669","Thats nice",NULL,NULL,"2025-10-10 17:03:08.227978+00"
188,"7940722669","8436061444","😂😂aight",NULL,NULL,"2025-10-10 17:03:13.068024+00"
189,"7940722669","8436061444","Wait",NULL,NULL,"2025-10-10 17:03:20.099039+00"
190,"8436061444","7940722669","So ur username please",NULL,NULL,"2025-10-10 17:03:21.289636+00"
191,"8436061444","7940722669","What?",NULL,NULL,"2025-10-10 17:03:27.338095+00"
192,"7940722669","8436061444","@Mahi4199",NULL,NULL,"2025-10-10 17:03:36.662566+00"
193,"7940722669","8436061444","Here u go",NULL,NULL,"2025-10-10 17:03:40.69406+00"
194,"8436061444","7940722669","Message ne",NULL,NULL,"2025-10-10 17:04:04.703137+00"
195,"8436061444","7940722669","*me",NULL,NULL,"2025-10-10 17:04:07.442161+00"
196,"7940722669","8436061444","On what",NULL,NULL,"2025-10-10 17:04:20.765217+00"
199,"8436061444","7940722669","I just sebt u",NULL,NULL,"2025-10-10 17:04:32.929281+00"
200,"8436061444","7940722669","*sebt u",NULL,NULL,"2025-10-10 17:04:39.455323+00"
201,"8436061444","7940722669","*sent u",NULL,NULL,"2025-10-10 17:04:44.401238+00"
2467,"8363986202","6499363352","Hey I'm just looking for friends to talk to , can we talk ?",NULL,NULL,"2025-11-05 13:21:58.671363+00"
2468,"6194922788","8109112246","I never joke.",NULL,NULL,"2025-11-05 13:22:48.448469+00"
2474,"6194922788","8109112246","And additional question is allowed",NULL,NULL,"2025-11-05 13:29:58.948517+00"
2479,"8109112246","6194922788","Huh?...",NULL,NULL,"2025-11-05 13:32:50.498662+00"
2491,"8109112246","6194922788","Esh say it",NULL,NULL,"2025-11-05 13:39:32.021293+00"
2492,"6194922788","8109112246","What? I said I am a real girl",NULL,NULL,"2025-11-05 13:39:59.820313+00"
2506,"6194922788","8109112246","Do men do this often? Like is this what you guys do when you’re bored? መጀንጀኒግ other men?",NULL,NULL,"2025-11-05 14:05:32.376068+00"
2513,"8109112246","6194922788","Ande bicha eza username lay voice lakena ...then u can delete the chat if u want",NULL,NULL,"2025-11-05 14:08:41.688312+00"
2882,"1570959519","1940613654","Tg",NULL,NULL,"2025-11-07 19:48:12.003835+00"
2905,"1834543510","1722589537","Mndnew yemtmarew?",NULL,NULL,"2025-11-07 20:16:15.351854+00"
2907,"1834543510","1722589537","So r u v?",NULL,NULL,"2025-11-07 20:16:48.399461+00"
2921,"5531789930","1834543510","are u really a girl?",NULL,NULL,"2025-11-07 20:28:36.114929+00"
2926,"1834543510","1722589537","i told u eko.",NULL,NULL,"2025-11-07 20:31:40.579091+00"
2932,"1834543510","1722589537","Oh god bzu sew new eyelakelgn yalew endale anonymous nachew...",NULL,NULL,"2025-11-07 20:33:53.669227+00"
2933,"1722589537","1834543510","Lmn silkun atlkiwm",NULL,NULL,"2025-11-07 20:34:28.966897+00"
2934,"1834543510","1722589537","Yazezkuhn adrg let me see u alkuh eko",NULL,NULL,"2025-11-07 20:34:52.957477+00"
2937,"1834543510","1722589537","What's ur name?",NULL,NULL,"2025-11-07 20:37:00.276442+00"
2957,"2056814277","1834543510","Alaregm",NULL,NULL,"2025-11-07 20:51:58.012715+00"
2965,"2056814277","1834543510","Yeah",NULL,NULL,"2025-11-07 20:59:43.245999+00"
2971,"2056814277","1834543510","Idk",NULL,NULL,"2025-11-07 21:01:59.1416+00"
3227,"6504427565","7277297826","You wanted to talk to me",NULL,NULL,"2025-11-08 08:34:43.08472+00"
3386,"8178595410","8010756289","U wanna help me?...",NULL,NULL,"2025-11-08 18:28:31.566472+00"
3397,"8178595410","8010756289","Temari nat wys wuch?",NULL,NULL,"2025-11-08 18:32:19.711102+00"
3402,"1246961688","7231257941","Heyy me me",NULL,NULL,"2025-11-08 18:33:46.242565+00"
3410,"1246961688","7231257941","So what's up with your name",NULL,NULL,"2025-11-08 18:35:34.570022+00"
3418,"6369586656","5014292785","Kinda liked your answer for that guy ngl it killed me",NULL,NULL,"2025-11-08 18:39:14.691429+00"
3423,"1246961688","7231257941","I liked your answer on one of the confession and wanted to know you",NULL,NULL,"2025-11-08 18:43:03.631611+00"
3425,"7231257941","1246961688","Yaaa bezu gize😢 btw are AAU student 😁",NULL,NULL,"2025-11-08 18:43:56.804453+00"
3431,"7231257941","1246961688","Enem
What department are studying",NULL,NULL,"2025-11-08 18:49:38.554947+00"
3432,"1246961688","7231257941","Management and you",NULL,NULL,"2025-11-08 18:49:59.693999+00"
3447,"1246961688","7231257941","Yeah I have aladrbtm enji",NULL,NULL,"2025-11-08 18:57:08.621337+00"
3452,"7231257941","1246961688","FBE nw dormesh..",NULL,NULL,"2025-11-08 18:58:22.08518+00"
3465,"7231257941","1246961688","@Bune77",NULL,NULL,"2025-11-08 19:04:45.950391+00"
3470,"1252034666","466664482","Ig this is ur dm, @Bini_Y_am dm me",NULL,NULL,"2025-11-08 19:11:45.615924+00"
3471,"1246961688","7231257941","Hi firaol yane.. endet nek😂",NULL,NULL,"2025-11-08 19:12:45.799198+00"
3486,"7231257941","1246961688","Yaaaa I want u to do that 😊",NULL,NULL,"2025-11-08 19:17:23.530903+00"
3487,"5014292785","6369586656","Oh yeah the brain dead guy",NULL,NULL,"2025-11-08 19:17:39.2538+00"
3489,"7231257941","1246961688","Ena lemin xeyeqshegn😢. 
Lemme guess ur birthday 
January wusx nw😔",NULL,NULL,"2025-11-08 19:18:43.152724+00"
3492,"1246961688","7231257941","You're so good at guessing you should start gambling",NULL,NULL,"2025-11-08 19:20:45.218408+00"
3498,"7231257941","1246961688","Er I can't anymore more let's talk on chat 😢",NULL,NULL,"2025-11-08 19:22:51.194503+00"
3501,"1246961688","7231257941","Imma ghost you if you can't be patient",NULL,NULL,"2025-11-08 19:26:25.666494+00"
3506,"7231257941","1246961688","Esh beka lemme be patient I think ur are hard girl 😁",NULL,NULL,"2025-11-08 19:27:25.342544+00"
3509,"1246961688","7231257941","Not really. Just wanted to enjoy the conversation😂",NULL,NULL,"2025-11-08 19:31:13.830254+00"
3515,"1246961688","7231257941","Yet new bete esti guess",NULL,NULL,"2025-11-08 19:35:43.971685+00"
3522,"7231257941","1246961688","Esh negeregn beka",NULL,NULL,"2025-11-08 19:38:15.06285+00"
3525,"1246961688","7231257941","Nahh you had 3 chance lezawm bande 2 eyterak",NULL,NULL,"2025-11-08 19:39:08.803303+00"
3526,"1246961688","7231257941","What",NULL,NULL,"2025-11-08 19:39:12.235997+00"
3531,"7231257941","1246961688","Gen say hi on private chat so that tomorrow. Morning I can say good morning miste😁",NULL,NULL,"2025-11-08 19:42:25.695344+00"
3552,"7773846469","8312458446","i read your confession saying you were into weird sexual stuff lately.",NULL,NULL,"2025-11-08 20:09:45.228488+00"
3569,"6272869186","1834543510","I don't see porn but I love reading about it, so it would be be cool to talk about it. Selemantewawek",NULL,NULL,"2025-11-08 20:17:29.330988+00"
3717,"5229975567","7058103791","sup",NULL,NULL,"2025-11-09 07:05:43.598281+00"
3720,"7058103791","5229975567","Hyd gurl",NULL,NULL,"2025-11-09 07:13:14.283444+00"
3727,"6566784212","6110336587","Hello there",NULL,NULL,"2025-11-09 07:15:28.267491+00"
3740,"6110336587","6566784212","Ur gender, age nd campus",NULL,NULL,"2025-11-09 07:18:30.913711+00"
3743,"6566784212","6110336587","I aint from AAU actually",NULL,NULL,"2025-11-09 07:19:03.030855+00"
3745,"8178595410","5740594639","On what just ask me openly abt anything dont hesitate 😊",NULL,NULL,"2025-11-09 07:19:09.861179+00"
3751,"8178595410","5740594639","Can u contact me on my telegram bezam we will get used to 1 another",NULL,NULL,"2025-11-09 07:20:29.697949+00"
3756,"6110336587","8007600798","Where can i find u today?",NULL,NULL,"2025-11-09 07:21:05.803747+00"
4185,"1051120004","1246961688","i’m curious tho whats your question",NULL,NULL,"2025-11-09 15:01:15.318746+00"
4479,"1441075897","8496749643","may you  drop your user name😃",NULL,NULL,"2025-11-10 04:46:16.016651+00"
4487,"8246375239","8132883465","Can u send usernamshen",NULL,NULL,"2025-11-10 05:12:38.755259+00"
4492,"1441075897","6499363352","idk that's when things about me gets weird😭",NULL,NULL,"2025-11-10 05:20:24.724828+00"
4495,"1441075897","6499363352","hi you in aau right?",NULL,NULL,"2025-11-10 05:27:09.536534+00"
4570,"1744629477","7786114585","@honey_tam",NULL,NULL,"2025-11-10 13:26:05.147287+00"
4574,"1609398709","1751867906","lmaooo dw that's fine",NULL,NULL,"2025-11-10 13:47:16.345314+00"
4715,"2051226907","431387764","Ya",NULL,NULL,"2025-11-11 04:37:10.158657+00"
4720,"1568889911","829653636","Sup",NULL,NULL,"2025-11-11 04:40:09.99576+00"
4721,"829653636","1568889911","Hey",NULL,NULL,"2025-11-11 04:40:20.307572+00"
4862,"2133374158","992176019","18, why?",NULL,NULL,"2025-11-11 17:15:51.808022+00"
4863,"992176019","2133374158","I mean
U were commenting on sexting topics 
I had to know",NULL,NULL,"2025-11-11 17:19:13.128226+00"
4872,"6110336587","8362956563","Hey, wts goin on
Everything good?",NULL,NULL,"2025-11-11 17:36:14.146018+00"
4885,"1570959519","5183845073","How old im 18",NULL,NULL,"2025-11-11 17:44:22.92137+00"
4887,"5183845073","1570959519","Hope u dont count me as old 😭😭",NULL,NULL,"2025-11-11 17:44:45.627722+00"
4888,"1570959519","5183845073","Not bad u hot?",NULL,NULL,"2025-11-11 17:44:46.197705+00"
4891,"5183845073","1570959519","Yeah",NULL,NULL,"2025-11-11 17:45:16.631548+00"
4892,"1570959519","5183845073","I just need sum one to make out with.",NULL,NULL,"2025-11-11 17:45:20.609786+00"
4896,"1570959519","5183845073","Whts ur role",NULL,NULL,"2025-11-11 17:45:41.368702+00"
4902,"422805597","6110336587","Girl",NULL,NULL,"2025-11-11 17:46:49.277539+00"
4911,"1570959519","5183845073","Thats hot.",NULL,NULL,"2025-11-11 17:51:19.508402+00"
4918,"829653636","1570959519","Oh hi",NULL,NULL,"2025-11-11 17:53:37.598404+00"
4955,"6272869186","7998357888","Hey",NULL,NULL,"2025-11-11 18:26:36.574142+00"
4964,"7998357888","6272869186","Hi",NULL,NULL,"2025-11-11 18:37:48.453051+00"
4965,"6344107400","1647697220","Hey girl is the story true?",NULL,NULL,"2025-11-11 18:38:06.803089+00"
4971,"6110336587","5275195619","Oww see
Wy don u hv many friends",NULL,NULL,"2025-11-11 18:40:59.568086+00"
5144,"7868086659","7231257941","hana",NULL,NULL,"2025-11-12 08:33:15.640039+00"
197,"7940722669","8436061444","I don't have ur acc",NULL,NULL,"2025-10-10 17:04:25.996607+00"
202,"8436061444","7940722669","Sry abt the typos😭",NULL,NULL,"2025-10-10 17:04:50.643301+00"
2469,"8109112246","6194922788","So why dont we make a movie?",NULL,NULL,"2025-11-05 13:23:08.449835+00"
2476,"8109112246","6194922788","Im ok with it ene 6 killo negn",NULL,NULL,"2025-11-05 13:30:45.940062+00"
2478,"8109112246","6194922788","Esh can I atleast get ur number?",NULL,NULL,"2025-11-05 13:31:15.931091+00"
2481,"6194922788","8109112246","I think Tuesday is a good date",NULL,NULL,"2025-11-05 13:34:43.421795+00"
2498,"6194922788","8109112246","Endewm thinking about it we’re both girliepops cuz what do you mean you don’t want to send a voice… sus asf",NULL,NULL,"2025-11-05 13:54:15.322839+00"
2500,"6194922788","8109112246","Faking it? For who? Nigga I just want to try new things am bored if you are doubting it bye fortunately for me men are everywhere. No pressure btw we can stop chatting.",NULL,NULL,"2025-11-05 13:56:33.534018+00"
2503,"8109112246","6194922788","Ur afraid to send me even voice eko coz ur a man pretending to be girl😒",NULL,NULL,"2025-11-05 14:01:35.219217+00"
2507,"6194922788","8109112246","Nah",NULL,NULL,"2025-11-05 14:05:50.183853+00"
2512,"8109112246","6194922788","Here my username :Happything_s",NULL,NULL,"2025-11-05 14:07:17.278983+00"
2901,"1834543510","1722589537","I received a bunch of messages befetari....who r u?",NULL,NULL,"2025-11-07 20:12:42.281873+00"
2906,"1722589537","1834543510","Accounting",NULL,NULL,"2025-11-07 20:16:33.120259+00"
2922,"1834543510","1722589537","Lemn teyekegn?",NULL,NULL,"2025-11-07 20:28:57.795745+00"
2936,"1722589537","1834543510","Ere zm alsh",NULL,NULL,"2025-11-07 20:36:35.197234+00"
2943,"1834543510","1722589537","Ena benetsa pussy yamrhal ende keldegna.",NULL,NULL,"2025-11-07 20:39:57.021582+00"
2946,"1834543510","2056814277","boy or a girl?",NULL,NULL,"2025-11-07 20:43:20.948651+00"
2962,"1834543510","2056814277","So interestu alesh sex yemadreg malet new.....yet honesh new videowun yemtayiw?",NULL,NULL,"2025-11-07 20:58:06.367882+00"
2963,"2056814277","1834543510","In my room newa",NULL,NULL,"2025-11-07 20:58:35.667402+00"
3228,"762034526","5229975567","Sorry ... I thought your a female from your name",NULL,NULL,"2025-11-08 08:35:24.946288+00"
3387,"8010756289","8178595410","No I want you help so you got the b*tchs Number or maybe Pic",NULL,NULL,"2025-11-08 18:29:03.782974+00"
3408,"8178595410","8010756289","Useful_ting",NULL,NULL,"2025-11-08 18:35:06.956708+00"
3439,"7231257941","1246961688","No I don't have type gen I prefer older they are mature ymr ☺️",NULL,NULL,"2025-11-08 18:54:14.925931+00"
3442,"7231257941","1246961688","It's not crying emoji eko crying=😢",NULL,NULL,"2025-11-08 18:55:34.563843+00"
3495,"1246961688","7231257941","Somebody's brokee😂",NULL,NULL,"2025-11-08 19:21:42.823726+00"
3496,"1246961688","7231257941","Yeahh",NULL,NULL,"2025-11-08 19:21:50.853199+00"
3497,"7231257941","1246961688","Er bakish gambling ema berase gamble alaregim",NULL,NULL,"2025-11-08 19:22:26.781214+00"
3507,"6369586656","5014292785","Damb that's cute ngl",NULL,NULL,"2025-11-08 19:27:37.497571+00"
3508,"6369586656","5014292785","I guess you're open atleast to express your feelings",NULL,NULL,"2025-11-08 19:27:48.514243+00"
3529,"7231257941","1246961688","Letegna nw beka",NULL,NULL,"2025-11-08 19:40:39.136925+00"
3719,"6110336587","8007600798","Heyy",NULL,NULL,"2025-11-09 07:11:58.676674+00"
3728,"7058103791","1083055872","Lemn terteshew ene alanagrewm",NULL,NULL,"2025-11-09 07:15:41.774592+00"
3729,"6110336587","6566784212","Hyd, everything good?",NULL,NULL,"2025-11-09 07:15:46.700807+00"
3731,"6566784212","6110336587","Thank Good, doung great hbu",NULL,NULL,"2025-11-09 07:16:34.173964+00"
3761,"8007600798","6110336587","🙅‍♀",NULL,NULL,"2025-11-09 07:22:18.241711+00"
3763,"5014292785","6369586656","So how old r u",NULL,NULL,"2025-11-09 07:22:30.751853+00"
4186,"1246961688","1051120004","If there are guys who want to marry በ ተክሊል? I don't think there is in here tho😂",NULL,NULL,"2025-11-09 15:03:21.752722+00"
4204,"1051120004","1246961688","also nope, no siblings wby",NULL,NULL,"2025-11-09 15:25:16.524788+00"
4209,"1246961688","1051120004","Nope never dated, but i want to date😂",NULL,NULL,"2025-11-09 15:31:54.83523+00"
4227,"1051120004","1246961688","Wb your red flags, lets take turns on this lol",NULL,NULL,"2025-11-09 15:48:52.088076+00"
4236,"1051120004","1246961688","u got me yapping",NULL,NULL,"2025-11-09 15:59:22.141965+00"
4239,"1051120004","1246961688","there’s this sense of comfort that being anonymous gives😭",NULL,NULL,"2025-11-09 16:03:23.403682+00"
4240,"1051120004","1246961688","Let’s keep going, 
Another Redflag for me is (this might be controversial) is a girl with too many bodies",NULL,NULL,"2025-11-09 16:04:21.564914+00"
4483,"1115129736","8132883465","Would u mind if we talked like on our main acc",NULL,NULL,"2025-11-10 04:55:01.951601+00"
4484,"8132883465","1115129736","Yeah sorry",NULL,NULL,"2025-11-10 04:55:39.864672+00"
4493,"1115129736","1609398709","Hey mr or ms helicopter",NULL,NULL,"2025-11-10 05:21:27.382917+00"
4496,"6499363352","1441075897","Yea",NULL,NULL,"2025-11-10 05:27:34.287254+00"
4498,"6499363352","1441075897","Its sooo not 
Bezalay i like the anonymity",NULL,NULL,"2025-11-10 05:30:32.587511+00"
4572,"6272869186","1071472901","Hey",NULL,NULL,"2025-11-10 13:31:24.393404+00"
4729,"7699820988","6499363352","Wow no no am not saying that because look am
Trying to find a virgin because am a virgin because i want for both of as to be our 1st time 
And don't know anything",NULL,NULL,"2025-11-11 05:00:06.424461+00"
4730,"6499363352","7699820988","Lol so ur recruiting me to be ur first time sex experience 
Even worse than i thought😭
Ere abat adeb gza",NULL,NULL,"2025-11-11 05:02:08.447662+00"
4733,"7699820988","6499363352","Then you interested",NULL,NULL,"2025-11-11 05:06:38.672502+00"
4864,"2133374158","992176019","Is that so wrong?",NULL,NULL,"2025-11-11 17:20:11.298201+00"
4877,"992176019","2133374158","Of course 
I'm even letting it go right now",NULL,NULL,"2025-11-11 17:41:18.950679+00"
4880,"1570959519","865881783","Yas gn eskahun almetam neber",NULL,NULL,"2025-11-11 17:42:55.508069+00"
4882,"1570959519","5183845073","Bro wassup",NULL,NULL,"2025-11-11 17:43:32.383665+00"
4886,"5183845073","1570959519","24",NULL,NULL,"2025-11-11 17:44:35.274742+00"
4901,"1570959519","5183845073","Gimme ur user lets see if ur ma type and if im urs",NULL,NULL,"2025-11-11 17:46:34.837869+00"
4903,"5183845073","1570959519","Hmm sure but i dont send face pics right awat",NULL,NULL,"2025-11-11 17:47:09.961441+00"
4920,"829653636","1570959519","Are you gay ende",NULL,NULL,"2025-11-11 17:54:37.192263+00"
4921,"1570959519","829653636","Oh what are u?",NULL,NULL,"2025-11-11 17:54:53.437249+00"
4942,"1570959519","5183845073","emr_789",NULL,NULL,"2025-11-11 17:58:38.289819+00"
4945,"6110336587","7460651806","Heyy
Wts goin on, everything good¿",NULL,NULL,"2025-11-11 18:03:09.71316+00"
4947,"5850180859","6110336587","Hello",NULL,NULL,"2025-11-11 18:04:35.613644+00"
4951,"8054428677","399440680","Some are and some are just for attention",NULL,NULL,"2025-11-11 18:15:15.995746+00"
4952,"8054428677","399440680","Why are you asking me this tho",NULL,NULL,"2025-11-11 18:16:48.569546+00"
4959,"8007600798","6110336587","Hi",NULL,NULL,"2025-11-11 18:33:38.642177+00"
4962,"422805597","6110336587","Not in aau
I was tho",NULL,NULL,"2025-11-11 18:35:38.918269+00"
4970,"6344107400","1647697220","You r doing things wrong i think. You should lead him to bed easily",NULL,NULL,"2025-11-11 18:40:52.666009+00"
4980,"6110336587","8007600798","How is lidetaa treating u so far¿",NULL,NULL,"2025-11-11 18:57:40.620327+00"
5145,"528330049","7826484265","Dm me @laflame_11",NULL,NULL,"2025-11-12 08:34:04.930003+00"
5154,"6794069219","7300957726","holla",NULL,NULL,"2025-11-12 09:29:30.473173+00"
5177,"7988209946","1494988153","Noo..actually...am just a random person 

Was scrolling through the comments",NULL,NULL,"2025-11-12 11:01:16.118675+00"
5361,"7623717059","8223038699","I can't sleep 😭",NULL,NULL,"2025-11-12 19:49:56.953975+00"
5363,"7623717059","8223038699","No 
Dormates nachew ahun metew yenechachubegn",NULL,NULL,"2025-11-12 19:51:39.273668+00"
5365,"7623717059","8223038699","Dorm yzeh adelm mtmarew",NULL,NULL,"2025-11-12 19:52:57.284678+00"
5511,"7501176620","6499363352","Ofcourse 😂",NULL,NULL,"2025-11-13 09:31:57.847704+00"
5515,"7501176620","6499363352","What inspired your name ?",NULL,NULL,"2025-11-13 09:33:04.150707+00"
5517,"6499363352","7501176620","Its an inside joke 
That was my name since like g11",NULL,NULL,"2025-11-13 09:37:15.266665+00"
5519,"1246961688","8402831744","Heyy",NULL,NULL,"2025-11-13 09:40:43.021433+00"
5715,"8402831744","1834543510","Hey",NULL,NULL,"2025-11-13 15:17:28.779682+00"
5994,"1722589537","5636401129","Marketing 

What u look on men",NULL,NULL,"2025-11-13 20:36:20.596303+00"
198,"8436061444","7940722669","@xyoxyoz",NULL,NULL,"2025-10-10 17:04:26.07733+00"
203,"7919816582","1751884518","Zm blen date bnadergs",NULL,NULL,"2025-10-10 17:39:33.305286+00"
204,"1751884518","7919816582","Send me ur pic",NULL,NULL,"2025-10-10 18:23:03.021022+00"
205,"7919816582","1751884518","@banana1224 dm me",NULL,NULL,"2025-10-10 18:26:37.823506+00"
206,"1751884518","7919816582","I wanna see ur pic",NULL,NULL,"2025-10-10 18:34:41.66609+00"
207,"855757095","8132883465","Heyy",NULL,NULL,"2025-10-10 18:36:27.627204+00"
208,"8132883465","855757095","Hey 👋",NULL,NULL,"2025-10-10 18:36:49.41252+00"
209,"855757095","8132883465","I relate with your confession and I was hoping we could discuss",NULL,NULL,"2025-10-10 18:37:23.150797+00"
210,"855757095","8132883465","I don't know that many people who agree with me",NULL,NULL,"2025-10-10 18:37:48.608501+00"
211,"855757095","8132883465","Was there a particular reason why you stopped believing?",NULL,NULL,"2025-10-10 18:38:34.275991+00"
212,"8132883465","855757095","Just having no reason to believe 
Mnm prove yemidereg neger atahu",NULL,NULL,"2025-10-10 18:39:49.153641+00"
213,"855757095","8132883465","Have you tried exploring other religions",NULL,NULL,"2025-10-10 18:41:26.146685+00"
214,"855757095","8132883465","Or you just don't believe in any God or gods",NULL,NULL,"2025-10-10 18:41:46.558792+00"
215,"7919816582","1751884518","Eko dm me eza lklshalewa",NULL,NULL,"2025-10-10 18:42:57.634549+00"
216,"8132883465","855757095","I feel like there is no God and I tried to study Quran too and it's more complex than bible 
What about you like what u feel",NULL,NULL,"2025-10-10 18:44:39.397984+00"
217,"1751884518","7919816582","Lemn ezi",NULL,NULL,"2025-10-10 18:46:30.025286+00"
218,"1751884518","7919816582","Eza yene profile ale",NULL,NULL,"2025-10-10 18:46:40.879701+00"
219,"855757095","8132883465","I also feel like there's no God but I'm not completely sure of what I believe in",NULL,NULL,"2025-10-10 18:47:09.289807+00"
220,"855757095","8132883465","Ik for sure I don't believe in Christianity or Islam tho",NULL,NULL,"2025-10-10 18:47:27.750539+00"
221,"855757095","8132883465","I'm still pretending around family tho😭",NULL,NULL,"2025-10-10 18:48:16.905984+00"
222,"7919816582","1751884518","Eko ynura mn chgr alew kaltemechewsh block madreg newa ezo bot eko new des aylm",NULL,NULL,"2025-10-10 18:48:23.958147+00"
223,"1751884518","7919816582","Just lyh",NULL,NULL,"2025-10-10 18:49:00.63102+00"
224,"8132883465","855757095","It's hard ik
Eski contact me
@sol_VIP",NULL,NULL,"2025-10-10 18:51:10.907159+00"
225,"855757095","8132883465","*sigh",NULL,NULL,"2025-10-10 18:52:52.94538+00"
226,"7919816582","1751884518","Comfort slaltesemagn eko new",NULL,NULL,"2025-10-10 18:53:20.15906+00"
227,"1751884518","7919816582","Eshi tellm bout you",NULL,NULL,"2025-10-10 19:08:35.580831+00"
228,"7919816582","1751884518","Sefere selam temari negn 1.70 negn",NULL,NULL,"2025-10-10 19:09:39.584267+00"
229,"1751884518","7919816582","Im in main camp",NULL,NULL,"2025-10-10 19:14:35.571296+00"
230,"7919816582","1751884518","Inbox ney kemr @banana1224",NULL,NULL,"2025-10-10 19:15:38.804495+00"
231,"7919816582","1751884518","Wey kedeberesh ene lmta ngerign username",NULL,NULL,"2025-10-10 19:17:45.89041+00"
232,"855757095","8115373343","Heyy😭",NULL,NULL,"2025-10-10 20:06:10.850196+00"
233,"855757095","8115373343","It took me a week to figure out how the chat works😭",NULL,NULL,"2025-10-10 20:06:35.741081+00"
234,"7919816582","1751884518","Zm alshign eko",NULL,NULL,"2025-10-11 06:02:25.145088+00"
235,"8115373343","855757095","Omg me too😭
But heyyy",NULL,NULL,"2025-10-11 07:05:48.608531+00"
236,"855757095","8115373343","This bot is way too confusing 😭
Text me @heartifiliaFT",NULL,NULL,"2025-10-11 07:40:43.626926+00"
237,"1051999376","6387738491","Heyyyy, z dominator heree🙌",NULL,NULL,"2025-10-11 12:21:12.624796+00"
238,"6387738491","1051999376","Hi",NULL,NULL,"2025-10-11 12:21:57.710295+00"
239,"1051999376","6387738491","Why don't u drop me ur @ nd who knows..",NULL,NULL,"2025-10-11 12:23:51.380971+00"
240,"1051999376","6387738491","Btw u like tall guys?",NULL,NULL,"2025-10-11 12:27:24.281268+00"
241,"6387738491","1051999376","I don't care about his height but i care if he is rich",NULL,NULL,"2025-10-11 12:28:19.01324+00"
242,"1051999376","6387738491","I mean I got car bae..is that enough bae",NULL,NULL,"2025-10-11 12:29:17.833645+00"
243,"6387738491","1051999376","How old are u",NULL,NULL,"2025-10-11 12:29:57.566968+00"
244,"1051999376","6387738491","I mean like old enough to drive you crazy 😏 gn whydo u ask you got an age requirement n shii",NULL,NULL,"2025-10-11 12:33:21.59709+00"
245,"1051999376","6387738491","Alr...22 bae wbu",NULL,NULL,"2025-10-11 12:37:34.331889+00"
246,"6387738491","1051999376","Oh am 23",NULL,NULL,"2025-10-11 12:38:53.195317+00"
247,"6387738491","1051999376","I think it is not gone work",NULL,NULL,"2025-10-11 12:39:09.499275+00"
248,"1051999376","6387738491","Not gone work dym u didn’t even ko gimme a trial period 😏 plus to that I'm gd at changin ppl mind..bb gyal",NULL,NULL,"2025-10-11 12:44:44.656289+00"
249,"6387738491","1051999376","Ok send ur username",NULL,NULL,"2025-10-11 12:45:13.241234+00"
250,"1051999376","6387738491","My snap is xo_yeab nd ma ig is yeab_64 ayoo don't get addicted thoo..🙌",NULL,NULL,"2025-10-11 12:50:06.322941+00"
251,"1051999376","6387738491","What abt urs??",NULL,NULL,"2025-10-11 13:39:02.276568+00"
252,"6387738491","1051999376","Snap mayakill",NULL,NULL,"2025-10-11 13:40:31.607204+00"
253,"6387738491","1051999376","I said hi to u look out",NULL,NULL,"2025-10-11 13:40:52.617291+00"
254,"7628715805","5344544294","Hi",NULL,NULL,"2025-10-11 14:15:32.014552+00"
255,"5344544294","7628715805","Heyyy",NULL,NULL,"2025-10-11 14:15:56.532259+00"
256,"7628715805","5344544294","I liked your sense of humor",NULL,NULL,"2025-10-11 14:17:31.560098+00"
257,"7628715805","5344544294","What's your name",NULL,NULL,"2025-10-11 14:19:09.777624+00"
258,"5344544294","7628715805","Never thought I had one, thanks ❤️",NULL,NULL,"2025-10-11 14:23:38.649535+00"
259,"7628715805","5344544294","Well that's the first thing that came to my mind. I don't even know if i fall in love with you or your humor😂",NULL,NULL,"2025-10-11 14:44:26.316585+00"
260,"7628715805","6981232498","Hi",NULL,NULL,"2025-10-11 14:44:41.409894+00"
261,"1115042518","1103065697","anchis submissive boy eyefelegsh aydel mtwyiw😂😂get a life gurl",NULL,NULL,"2025-10-11 16:19:01.709723+00"
262,"1103065697","1115042518","Wow u got me there lowk😔 not anymore though 😋I bagged a cute guy to toy with. Calls me mommy n shit. Life is good🙏🏽",NULL,NULL,"2025-10-11 16:20:46.292827+00"
263,"1115042518","1103065697","yeahh i'm cute tho🥹",NULL,NULL,"2025-10-11 17:01:05.793399+00"
264,"1115042518","1103065697","Tied up and sitting on my face tchyalesh😭❤️if you're wefram demo beka",NULL,NULL,"2025-10-11 17:02:22.546663+00"
265,"1103065697","1115042518","I like how desperate you are. It's cute",NULL,NULL,"2025-10-11 17:05:04.283929+00"
266,"1115042518","1103065697","I'm V. I know iya weird gn negn momiye",NULL,NULL,"2025-10-11 17:06:27.369262+00"
267,"1115042518","1103065697","Nah i wish you fucked me asreshgn momiye while your hands angeten ankot ride btaregign owww",NULL,NULL,"2025-10-11 17:10:40.953311+00"
268,"1103065697","1115042518","You'd like that baby? But I wouldn't let you cut without my permission",NULL,NULL,"2025-10-11 17:19:26.352255+00"
269,"1115042518","1103065697","Yeahh momiyee ታዛዥ ነኝ🥺🙏 youu grinding my d so hard eskemakast dres while you slapping my face if you want malet new",NULL,NULL,"2025-10-11 17:21:23.326668+00"
270,"1103065697","1115042518","Hmm...what if I wanna make you cum again and again till you have tears streaming down your face? Think you can handle that? I like my pretty boys looking pathetic and weak under me",NULL,NULL,"2025-10-11 17:23:03.635009+00"
271,"1115042518","1103065697","I want that eske maleks dres btnejign fr pls stop momi benatshh eskemlsh dres😭",NULL,NULL,"2025-10-11 17:24:50.893064+00"
272,"1115042518","1103065697","Nahh my fantasies is weird tbh i want controlled my momies so badd tftf eyaregu bibedugn hula des ylegnal tbh eskemibekachew dres",NULL,NULL,"2025-10-11 17:31:14.345449+00"
273,"1115042518","1103065697","beterefe endtbejign efelgalew momiye kechalsh btagegnign des ylegnal",NULL,NULL,"2025-10-11 18:18:49.746348+00"
274,"1103065697","1115042518","What's in it for me though? I'm not interested in fucking you and beating you up for no reason. I want you to eat me out till you can't breathe no more. Then maybe I'll consider fucking you.",NULL,NULL,"2025-10-11 18:53:39.393636+00"
275,"1115042518","1103065697","des ylegnal momiye i will do yalshign be mulu",NULL,NULL,"2025-10-11 20:28:08.565209+00"
276,"5269090357","1298762938","hey girlie
im glad you are concious enough to notice the patterns of the red flag which most girls in love don do
stand for yourself eshy nobody is going to come to save you when these boys break your heart into pieces
don let your guard down. i love you demo☺️",NULL,NULL,"2025-10-11 20:30:45.344698+00"
277,"1115042518","1103065697","I eat your ass ebelawalew tseguren chemkesh yzesh metenfes eskiaktegn እስከማለከልክ dres i will lick it what if you squirt it on my face?😭",NULL,NULL,"2025-10-11 20:30:47.25129+00"
278,"1115042518","1103065697","lemme dm you if you want mom🙏",NULL,NULL,"2025-10-11 20:53:31.008581+00"
279,"7457480544","6499363352","I'd really like to get to know you....can I get ur tg username ?",NULL,NULL,"2025-10-12 07:12:07.573587+00"
280,"6499363352","7457480544","Id love to but then whats the point of anonymity",NULL,NULL,"2025-10-12 07:14:45.070976+00"
281,"7457480544","6499363352","Yeah true😁....maybe I just got too curious about the person behind the message",NULL,NULL,"2025-10-12 07:24:50.575517+00"
282,"6499363352","7457480544","What message",NULL,NULL,"2025-10-12 07:29:17.708399+00"
283,"7457480544","6499363352","💬 Wow is this what a mans fyp looks like 
I wonder why?
Oh wait its cuz u engage in zis kinda stuff 
Anyways thats not true except this once cuz if i had a crush on u and saw zis post i would definitely get an ick😀

👤 Other she ⚡︎982 Aura



This one",NULL,NULL,"2025-10-12 07:30:09.460057+00"
284,"6499363352","7457480544","Did u post that",NULL,NULL,"2025-10-12 07:37:14.538355+00"
285,"7457480544","6499363352","Nope",NULL,NULL,"2025-10-12 07:37:59.335056+00"
286,"6499363352","7457480544","Luteal i guess 😭",NULL,NULL,"2025-10-12 07:39:29.205848+00"
287,"1115042518","1103065697","ere ngstua yehone neger beyign lmotbsh new",NULL,NULL,"2025-10-12 07:39:36.468832+00"
288,"6499363352","5189934287","Sorry that was a mistake",NULL,NULL,"2025-10-12 07:49:44.123349+00"
289,"7457480544","6499363352","No worries ..happens to everyone 😭",NULL,NULL,"2025-10-12 07:50:46.786077+00"
290,"6499363352","5189934287","It doesnt 😭😭
Anyways im glad u didnt write that trash",NULL,NULL,"2025-10-12 07:53:49.014557+00"
291,"7795615574","8487387358","Whats up quuer",NULL,NULL,"2025-10-12 09:43:37.471816+00"
292,"8487387358","7795615574","Can I help?",NULL,NULL,"2025-10-12 09:43:47.7366+00"
293,"6977599613","8487387358","Hey there",NULL,NULL,"2025-10-12 09:57:58.124944+00"
294,"6977599613","8487387358","U bi or les?",NULL,NULL,"2025-10-12 09:58:06.548317+00"
295,"6977599613","8487387358","I am from the  new vent",NULL,NULL,"2025-10-12 09:58:36.769123+00"
296,"8487387358","6977599613","Bi. R u a woman?",NULL,NULL,"2025-10-12 09:58:52.56357+00"
297,"6977599613","8487387358","Yes",NULL,NULL,"2025-10-12 09:59:38.373672+00"
298,"6977599613","8487387358","Ever did anything with a man?",NULL,NULL,"2025-10-12 09:59:51.627587+00"
299,"6977599613","8487387358","Or a girl",NULL,NULL,"2025-10-12 09:59:57.333671+00"
300,"8487387358","6977599613","Nope actually",NULL,NULL,"2025-10-12 10:00:29.744398+00"
301,"8487387358","6977599613","Have u",NULL,NULL,"2025-10-12 10:00:32.220281+00"
302,"6977599613","8487387358","I love girls i think  but idk how totry nnd explore",NULL,NULL,"2025-10-12 10:00:41.246377+00"
303,"6977599613","8487387358","with a man yes",NULL,NULL,"2025-10-12 10:00:51.570452+00"
304,"8487387358","6977599613","Same I'm exploring",NULL,NULL,"2025-10-12 10:01:09.298154+00"
305,"6977599613","8487387358","How did u know u are into girls then",NULL,NULL,"2025-10-12 10:01:15.182349+00"
306,"6977599613","8487387358","So u plan on doing things very soon?",NULL,NULL,"2025-10-12 10:01:29.452287+00"
307,"6977599613","8487387358","Do u have friends that r bi or queer lesbian?",NULL,NULL,"2025-10-12 10:01:48.570514+00"
308,"8487387358","6977599613","I don't have that kind of friends",NULL,NULL,"2025-10-12 10:02:08.669764+00"
309,"8487387358","6977599613","And I don't know if I'm into girls I am on a self-discoveration journey how did you know",NULL,NULL,"2025-10-12 10:02:27.865105+00"
310,"6977599613","8487387358","I just tend tp be attracted neger",NULL,NULL,"2025-10-12 10:03:17.907373+00"
311,"6977599613","8487387358","But the thing is i loved getting a head from a man",NULL,NULL,"2025-10-12 10:03:26.641232+00"
312,"6977599613","8487387358","And the idea of a clit rubbing my clit",NULL,NULL,"2025-10-12 10:03:38.98181+00"
313,"6977599613","8487387358","Are we safe talking like this here",NULL,NULL,"2025-10-12 10:04:17.298641+00"
314,"8487387358","6977599613","I don't think so the admin can read I guess so give me your account",NULL,NULL,"2025-10-12 10:06:34.147933+00"
315,"6977599613","8487387358","@UrCatlover",NULL,NULL,"2025-10-12 10:07:06.173432+00"
316,"1115042518","5237102694","So you're telling me your Bi gurl?😭",NULL,NULL,"2025-10-12 10:48:00.119741+00"
317,"5237102694","1115042518","Ofc...🤷‍♂😏",NULL,NULL,"2025-10-12 10:48:51.365864+00"
318,"1115042518","5237102694","F or M?",NULL,NULL,"2025-10-12 10:49:11.661192+00"
319,"5237102694","1115042518","M",NULL,NULL,"2025-10-12 10:49:34.701917+00"
320,"5237102694","1115042518","And u?",NULL,NULL,"2025-10-12 10:49:39.930661+00"
321,"5237102694","1115042518","❓",NULL,NULL,"2025-10-12 10:55:21.191555+00"
322,"1115042518","5237102694","Nahh i'm not gay broski leave me alone.",NULL,NULL,"2025-10-12 11:00:31.466589+00"
323,"5237102694","1115042518","Are you male too?",NULL,NULL,"2025-10-12 11:00:59.107495+00"
324,"1115042518","5237102694","Yeah",NULL,NULL,"2025-10-12 11:01:33.296149+00"
325,"5237102694","1115042518","So you have 2 dicks?",NULL,NULL,"2025-10-12 11:02:23.149726+00"
326,"1115042518","6179841738","So you're telling me you're Bi😭what's the advantage you got fron this tell me pls.",NULL,NULL,"2025-10-12 11:18:40.472047+00"
327,"1115042518","6179841738","Are you a female?",NULL,NULL,"2025-10-12 11:26:40.374336+00"
328,"1115042518","7612540718","Bisexual mehon gn aydebrm koy?😭",NULL,NULL,"2025-10-12 11:48:16.37257+00"
329,"1115042518","7612540718","M or F?",NULL,NULL,"2025-10-12 11:48:20.300762+00"
330,"7612540718","1115042518","F",NULL,NULL,"2025-10-12 11:48:42.98406+00"
331,"1115042518","7612540718","more attract miyaregush gn wend new weys set?",NULL,NULL,"2025-10-12 11:51:11.740066+00"
332,"7612540718","1115042518","Girls obviously",NULL,NULL,"2025-10-12 11:51:35.239792+00"
333,"7612540718","1115042518","What about you",NULL,NULL,"2025-10-12 11:51:39.018859+00"
334,"1115042518","7612540718","I'm Male lol😭 gn beka you guys stsasamu bye ykombgnal i'm not Bisexual tho.i'm straight.😁",NULL,NULL,"2025-10-12 11:52:30.899861+00"
335,"7612540718","1115042518","I knew it and it's nice meeting you sweetheart",NULL,NULL,"2025-10-12 11:53:07.378235+00"
336,"1115042518","7612540718","Nice to meet you too gurlll😁❤️gn i am more into sub boy slsh beka setoch control biyaregugn des ylegnal haha i know its weird gn thats my nature.",NULL,NULL,"2025-10-12 11:54:34.332543+00"
337,"1115042518","7084003937","Your M or F?🙄",NULL,NULL,"2025-10-12 11:55:23.761135+00"
338,"7612540718","1115042518","It's not weird 😕",NULL,NULL,"2025-10-12 11:58:38.310492+00"
339,"1115042518","7612540718","So you try threesome mnamn with your Gf alongside with man malet new",NULL,NULL,"2025-10-12 11:58:38.654098+00"
340,"1115042518","7612540718","Haha gn dom man new mfelgut bzuwn gize aydel",NULL,NULL,"2025-10-12 11:59:32.405896+00"
341,"6179841738","1115042518","I enjoy being participated wch means i like threesome",NULL,NULL,"2025-10-12 12:03:56.78457+00"
342,"1115042518","7612540718","Haha call me when you guys want a boy lol😂",NULL,NULL,"2025-10-12 12:04:57.876691+00"
343,"6179841738","1115042518","R u  a female?",NULL,NULL,"2025-10-12 12:32:12.404674+00"
344,"1115042518","6179841738","Nopeee",NULL,NULL,"2025-10-12 12:36:20.847215+00"
345,"1115042518","6179841738","Wbu",NULL,NULL,"2025-10-12 12:36:21.303342+00"
346,"1115042518","6179841738","Btw i want threesome so bad like u",NULL,NULL,"2025-10-12 12:42:10.562455+00"
347,"6179841738","1115042518","Am a Man too",NULL,NULL,"2025-10-12 12:47:34.248867+00"
348,"710914858","1146932382","Was up there",NULL,NULL,"2025-10-12 14:22:04.077582+00"
349,"710914858","1146932382","*whats up there",NULL,NULL,"2025-10-12 14:22:12.396541+00"
350,"710914858","1146932382","I was wondering what your take is on men that hustle to be rich",NULL,NULL,"2025-10-12 14:22:56.646821+00"
351,"1146932382","710914858","I appreciate people who try i believe i myself am starting from zero because whats my dad fs aint mine though in the end it will be mine i want to strive on my own method and journey so broke background dont matter and i dont mind too ig",NULL,NULL,"2025-10-12 14:23:01.508589+00"
353,"1146932382","710914858","Hey",NULL,NULL,"2025-10-12 14:23:48.97866+00"
1632,"6110336587","5009377468","Wdm",NULL,NULL,"2025-11-04 11:21:13.047613+00"
352,"1146932382","710914858","I appreciate people who try i believe i myself am starting from zero because whats my dad fs aint mine though in the end it will be mine i want to strive on my own method and journey so broke background dont matter and i dont mind too ig",NULL,NULL,"2025-10-12 14:23:24.97688+00"
354,"710914858","1146932382","U copy pasted this kelela chat right😁",NULL,NULL,"2025-10-12 14:23:49.754401+00"
355,"710914858","1146932382","Lets talk in dms",NULL,NULL,"2025-10-12 14:24:01.094031+00"
356,"1146932382","710914858","No i am not understanding thiz anonymous shit",NULL,NULL,"2025-10-12 14:24:05.999958+00"
357,"710914858","1146932382","I think so too,",NULL,NULL,"2025-10-12 14:24:07.943259+00"
358,"1146932382","710914858","Sure",NULL,NULL,"2025-10-12 14:24:10.192506+00"
359,"1146932382","710914858","@Gudmetsiwu",NULL,NULL,"2025-10-12 14:24:27.198171+00"
360,"710914858","1146932382","That way we wont be confused who we r chating with tho mine currently onthe botnis just u",NULL,NULL,"2025-10-12 14:24:37.135525+00"
361,"1146932382","710914858","I was replying to a comments",NULL,NULL,"2025-10-12 14:24:43.011758+00"
362,"1146932382","710914858","@Gudmetsiwu here is my username",NULL,NULL,"2025-10-12 14:24:55.651147+00"
363,"807504058","1146932382","U hv ig right?",NULL,NULL,"2025-10-12 16:41:38.191006+00"
364,"1146932382","807504058","yep",NULL,NULL,"2025-10-12 16:42:08.585329+00"
365,"1146932382","807504058","send me your ig tho",NULL,NULL,"2025-10-12 16:42:54.908265+00"
366,"807504058","1146932382","Am sorry",NULL,NULL,"2025-10-12 16:43:53.144395+00"
367,"807504058","1146932382","_.ronii_._",NULL,NULL,"2025-10-12 16:44:10.703559+00"
368,"807504058","1146932382","Wbt urs ?",NULL,NULL,"2025-10-12 16:44:28.416216+00"
369,"807504058","1146932382","U there?",NULL,NULL,"2025-10-12 16:45:36.578322+00"
370,"1146932382","807504058","wait",NULL,NULL,"2025-10-12 16:52:26.871874+00"
371,"1146932382","807504058","are you Muslim",NULL,NULL,"2025-10-12 16:52:36.45103+00"
372,"807504058","1146932382","Both mam and dad divorced ena dro ke dad gar nw yakoywet mom wechi nbrch so be lijnt esu gar nbrku so ...am open minded bmilw wsejiw gn is it a factor",NULL,NULL,"2025-10-12 17:03:55.272202+00"
373,"807504058","1146932382","Ma life story be achru 🤷🏽‍♂️",NULL,NULL,"2025-10-12 17:16:22.894451+00"
374,"1320397494","7681628337","hello",NULL,NULL,"2025-10-12 20:40:28.397083+00"
375,"7681628337","1320397494","hi",NULL,NULL,"2025-10-12 20:40:43.740087+00"
376,"8162953981","1320397494","Luv from z north tip of the world",NULL,NULL,"2025-10-12 20:42:53.618694+00"
377,"1320397494","8162953981","aight I guess👍....for what tho",NULL,NULL,"2025-10-12 20:43:47.237316+00"
378,"8162953981","1320397494","Temari nesh serategna",NULL,NULL,"2025-10-12 20:44:30.659023+00"
379,"1320397494","8162953981","nigga am a man🙏",NULL,NULL,"2025-10-12 20:45:21.554684+00"
380,"8162953981","1320397494","What man?

Superman
Batman
Ironman
Antman?",NULL,NULL,"2025-10-12 20:46:57.465655+00"
381,"8162953981","1320397494","Tho am ሱሌይman",NULL,NULL,"2025-10-12 20:50:37.785511+00"
382,"1320397494","8162953981",NULL,NULL,"CgACAgQAAxkBAAE6eXNo7BaD6CrXeMs9fBNn9DilDPf9GAACjwMAAn4fPVPCQ1ylkWmjlDYE","2025-10-12 20:58:44.656168+00"
383,"7222244857","7388700051","Hello dude",NULL,NULL,"2025-10-13 11:32:12.709112+00"
384,"7388700051","7222244857","Good wassup",NULL,NULL,"2025-10-13 11:32:27.111361+00"
385,"7222244857","7388700051","Why did u disappear?",NULL,NULL,"2025-10-13 11:32:38.519295+00"
386,"7388700051","7222244857","Class",NULL,NULL,"2025-10-13 11:32:48.722239+00"
387,"7222244857","7388700051","Ow ok.  What dep are u?",NULL,NULL,"2025-10-13 11:33:08.933164+00"
388,"7388700051","7222244857","Arch",NULL,NULL,"2025-10-13 11:33:15.839219+00"
389,"7222244857","7388700051","Rly? Am at lideta too",NULL,NULL,"2025-10-13 11:33:26.246734+00"
390,"7388700051","7222244857","We should meet",NULL,NULL,"2025-10-13 11:33:32.093392+00"
391,"1115042518","8373033343","Hola",NULL,NULL,"2025-10-13 12:54:09.868449+00"
392,"1115042518","1103065697","ngstua tenafkeshal😭satbejign altewshm",NULL,NULL,"2025-10-13 13:09:11.18109+00"
393,"1115042518","1103065697","tseguren yzesh pussyshn endtabeyign efelgalew enatye",NULL,NULL,"2025-10-13 13:12:01.060624+00"
394,"8373033343","1115042518","Hey",NULL,NULL,"2025-10-13 13:16:54.508921+00"
395,"1103065697","1115042518","Drop your @ and maybe I'll consider it",NULL,NULL,"2025-10-13 13:21:15.470884+00"
396,"1115042518","1103065697","@henesi16",NULL,NULL,"2025-10-13 13:56:10.795203+00"
397,"1115042518","8373033343","M or F?",NULL,NULL,"2025-10-13 13:57:07.539023+00"
398,"1115042518","1103065697","Dm me mommy",NULL,NULL,"2025-10-13 13:58:22.611284+00"
399,"8373033343","1115042518","So straight forward anyways f why did you ask tho",NULL,NULL,"2025-10-13 14:41:14.607518+00"
400,"1115042518","8373033343","you're bisexual ryt?",NULL,NULL,"2025-10-13 14:41:43.309708+00"
401,"8373033343","1115042518","So straight forward again",NULL,NULL,"2025-10-13 15:03:37.008765+00"
402,"8373033343","1115042518","Lemme ask you",NULL,NULL,"2025-10-13 15:03:43.023252+00"
403,"8373033343","1115042518","You a m or f",NULL,NULL,"2025-10-13 15:03:55.717647+00"
404,"1115042518","8373033343","M😭",NULL,NULL,"2025-10-13 15:30:39.322911+00"
405,"1115042518","8373033343","If you have Girlfriend . We can fuck threesome enatye",NULL,NULL,"2025-10-13 15:32:30.356255+00"
406,"1115042518","8373033343","Wanna threesome ? Kefelegsh malete new i'm cute tho",NULL,NULL,"2025-10-13 15:35:01.900689+00"
407,"8373033343","1115042518","Eski koy lemme ask her",NULL,NULL,"2025-10-13 15:44:59.045144+00"
408,"1115042518","8373033343","Haye",NULL,NULL,"2025-10-13 15:45:40.766809+00"
409,"1115042518","8373033343","Haha if both of you want tied me up and riding me till my eyes eskemialeksu dres endezam tchlalachu haha",NULL,NULL,"2025-10-13 15:48:48.144243+00"
410,"8373033343","1115042518","Your pic lemanegnawm she is not online",NULL,NULL,"2025-10-13 15:53:54.004091+00"
411,"1115042518","8373033343","@henesi16 dm me",NULL,NULL,"2025-10-13 16:10:44.656908+00"
412,"1115042518","8373033343","???",NULL,NULL,"2025-10-13 16:31:28.931052+00"
413,"8373033343","1115042518","Nvr mind beka kefelek ke wend gar lagenagnek",NULL,NULL,"2025-10-13 16:54:59.781749+00"
414,"1115042518","8373033343","Sijemer wend neh lol gay arekegn ende man fta fta",NULL,NULL,"2025-10-13 16:59:58.930933+00"
415,"8373033343","1115042518","Ok whatever",NULL,NULL,"2025-10-13 17:17:18.881334+00"
416,"8373033343","1115042518","Believe wat u want",NULL,NULL,"2025-10-13 17:17:30.95896+00"
417,"1115042518","8373033343","yet campus nesh gb",NULL,NULL,"2025-10-13 17:19:57.482735+00"
418,"1115042518","699103879","mnew ye 🐈 seb'awi mebt temuagach negn alsh/k ቀበጥ",NULL,NULL,"2025-10-13 17:25:12.070632+00"
419,"699103879","1115042518","I'm just jobless right now not ቀበጥ... do u really hate cats tho?",NULL,NULL,"2025-10-13 17:27:05.95491+00"
420,"1115042518","699103879","wef altelam gn minakesut mnamn neger ena demo the mother eat her ሙጭሊትስ ena beka yastelugnal dro neberen bet",NULL,NULL,"2025-10-13 17:28:32.382843+00"
421,"699103879","1115042518","I didn't know they were called ሙጭሊት😂 
Wsham eko ynakesal demo they eat their muchlits if they think that they couldn't give them enough care",NULL,NULL,"2025-10-13 17:31:05.597311+00"
422,"1115042518","699103879","lol betam mwedat dmet neberech dro merz belta motech ena keza behuala neberun ግምትትት yalu dmetoch ahun beka ayastelugnm alwedachewmn mehal lay negn hehe",NULL,NULL,"2025-10-13 17:33:25.423655+00"
423,"699103879","1115042518","I also had a kitten. I made a video playing with her and calling her እህቴ (i am an only child) then my mom saw the video and cried then told people. After sometime the kitten died but i acted nonchalant.... i really love cats but my mom wouldn't let me have because i might get attached😭",NULL,NULL,"2025-10-13 17:38:18.962511+00"
424,"1115042518","699103879","Oww enatye ayzosh thats heartbreaking yk enkuan sew our attachments with animals is something else egziabhern ayzosh wdua the only daughter(sure you're F😁) for your family. Hope this year will enlighten you and fruitful endemihon asbalew",NULL,NULL,"2025-10-13 17:43:07.154441+00"
425,"1115042518","699103879","mn dep nesh",NULL,NULL,"2025-10-13 17:43:11.952385+00"
426,"1115042518","699103879","yetenrekeshw",NULL,NULL,"2025-10-13 17:43:37.97478+00"
427,"1115042518","699103879","i mean yetemerekshw",NULL,NULL,"2025-10-13 17:43:47.974948+00"
428,"699103879","1115042518","I'm here to trauma dump not to get to know each other😂",NULL,NULL,"2025-10-13 17:48:02.010422+00"
429,"1115042518","699103879","Haha eshi beka gurl yme😁",NULL,NULL,"2025-10-13 17:49:36.430017+00"
430,"699103879","1115042518","Yme🤜🤛",NULL,NULL,"2025-10-13 17:51:50.717504+00"
431,"7919816582","6499363352","Can i get ur username",NULL,NULL,"2025-10-14 03:24:49.268455+00"
432,"6499363352","7919816582","Im afraid not 
I cant comment freely if someone knows my identity",NULL,NULL,"2025-10-14 03:28:55.568179+00"
433,"7919816582","6499363352","Are ene chgr yelebgnm yefelegshwn mawrat tchialesh plus ezi profilshn meqeyerm tchialesh",NULL,NULL,"2025-10-14 03:41:48.167816+00"
434,"6499363352","7919816582","I dont want to change my profile
Can i ask why tho did i say smtn mean abt ur post?",NULL,NULL,"2025-10-14 03:57:28.401287+00"
435,"7919816582","6499363352","Are post adrge adelem guadegna felge new",NULL,NULL,"2025-10-14 03:58:56.993139+00"
436,"6499363352","7919816582","Ok cool",NULL,NULL,"2025-10-14 04:33:13.494646+00"
437,"7919816582","6499363352","Ena mn bye search ladrg",NULL,NULL,"2025-10-14 04:35:30.555881+00"
438,"5662709983","1760862707","Heyvdude?",NULL,NULL,"2025-10-14 06:58:07.862557+00"
439,"1760862707","5662709983","Hey",NULL,NULL,"2025-10-14 06:58:29.441458+00"
440,"6499363352","7919816582","Im sorry i cant give u😭",NULL,NULL,"2025-10-14 08:02:54.136698+00"
441,"7919816582","6499363352","Fuck u",NULL,NULL,"2025-10-14 08:06:41.434637+00"
442,"6499363352","7919816582","Rly 
Tnx 🫶🏾",NULL,NULL,"2025-10-14 10:25:22.702386+00"
443,"7919816582","6499363352","Eshi",NULL,NULL,"2025-10-14 10:49:07.792634+00"
444,"1051999376","1751884518","Wazuppp u hav commented abt height right..",NULL,NULL,"2025-10-14 10:57:59.81715+00"
445,"1751884518","1051999376","Wsg",NULL,NULL,"2025-10-14 11:02:24.200233+00"
446,"8436061444","7691494441","This a man or a lady hey there tho",NULL,NULL,"2025-10-14 12:38:45.536521+00"
447,"8436061444","7691494441","??",NULL,NULL,"2025-10-14 12:39:56.080812+00"
448,"7691494441","8436061444","Hey to u too I'm a women from which comment section did u find me",NULL,NULL,"2025-10-14 12:40:12.98055+00"
449,"8436061444","7691494441","I just wondered  getting to know amber lol",NULL,NULL,"2025-10-14 12:42:02.093595+00"
450,"7691494441","8436061444","Well I'm a regular aau student nothing special r u a women",NULL,NULL,"2025-10-14 12:43:06.532099+00"
451,"8436061444","7691494441","Do i have to be a women",NULL,NULL,"2025-10-14 12:45:26.284969+00"
452,"8436061444","7691494441","I am not",NULL,NULL,"2025-10-14 12:45:29.448708+00"
453,"8436061444","7691494441","Cool same here",NULL,NULL,"2025-10-14 12:45:39.279921+00"
454,"8436061444","7691494441","Is it allowed to like get to know u",NULL,NULL,"2025-10-14 12:46:05.047186+00"
455,"8436061444","7691494441","I just want to know addis sewoch.... and stuff",NULL,NULL,"2025-10-14 12:46:25.057552+00"
456,"7691494441","8436061444","No 😁",NULL,NULL,"2025-10-14 12:47:25.352211+00"
457,"8436061444","7691494441","Chekensh🥺",NULL,NULL,"2025-10-14 12:47:38.381952+00"
458,"8436061444","7691494441","If it helps change ur mined",NULL,NULL,"2025-10-14 12:48:01.684393+00"
459,"8436061444","7691494441","*mind",NULL,NULL,"2025-10-14 12:48:10.65662+00"
460,"7691494441","8436061444","No wait I was just saying that u don't have to be a women",NULL,NULL,"2025-10-14 12:48:51.366931+00"
461,"8436061444","7691494441","Ohh amber eshii",NULL,NULL,"2025-10-14 12:49:11.714101+00"
462,"8436061444","7691494441","i got it wrong",NULL,NULL,"2025-10-14 12:49:19.353745+00"
463,"8436061444","7691494441","Ur username please",NULL,NULL,"2025-10-14 12:49:25.50256+00"
464,"7691494441","8436061444","I don't have one 😁",NULL,NULL,"2025-10-14 12:49:53.695179+00"
465,"8436061444","7691494441","Get one keza melisesh atifiw sound fair",NULL,NULL,"2025-10-14 12:50:19.297894+00"
466,"8436061444","7691494441","@ambres",NULL,NULL,"2025-10-14 12:51:04.059723+00"
467,"8436061444","7691494441","I just got one for u lol",NULL,NULL,"2025-10-14 12:51:09.991079+00"
468,"8436061444","7691494441","@Amebrs",NULL,NULL,"2025-10-14 12:51:34.478166+00"
469,"8436061444","7691494441","Typo this is wrong",NULL,NULL,"2025-10-14 12:51:42.988431+00"
470,"8436061444","7691494441","Use this:   @Amebrs",NULL,NULL,"2025-10-14 12:51:58.743086+00"
471,"8436061444","7691494441","Its being read prolly thats why I wanted a dm talk",NULL,NULL,"2025-10-14 12:53:36.450933+00"
472,"1051999376","1751884518","I'm gddd wbu",NULL,NULL,"2025-10-14 15:14:51.608558+00"
473,"754688541","5014292785","Hi hi",NULL,NULL,"2025-10-15 03:54:29.793632+00"
474,"1051999376","1751884518","??",NULL,NULL,"2025-10-15 05:49:59.260879+00"
475,"7352497559","5014292785","Gudefela",NULL,NULL,"2025-10-15 07:43:58.847853+00"
476,"703138365","5220837501","Yo",NULL,NULL,"2025-10-15 15:32:30.255252+00"
477,"703138365","5130529877","Yo",NULL,NULL,"2025-10-15 15:32:51.49197+00"
478,"5220837501","703138365","bro h r u ?",NULL,NULL,"2025-10-15 16:06:38.511093+00"
479,"703138365","5130529877","AM GOOD WHO R U",NULL,NULL,"2025-10-15 16:07:23.051686+00"
480,"855757095","7919816582","Heyy",NULL,NULL,"2025-10-15 18:34:46.703243+00"
481,"7919816582","855757095","Hey",NULL,NULL,"2025-10-15 18:35:24.500358+00"
482,"855757095","7919816582","You're a reader right?",NULL,NULL,"2025-10-15 18:35:51.03353+00"
483,"855757095","7919816582","What genre do you mostly read",NULL,NULL,"2025-10-15 18:35:57.549328+00"
484,"7919816582","855757095","Spy",NULL,NULL,"2025-10-15 18:36:22.953044+00"
485,"855757095","7919816582","What's that😭",NULL,NULL,"2025-10-15 18:37:10.632652+00"
486,"7919816582","855757095","Yeslela metsehaft",NULL,NULL,"2025-10-15 18:38:07.247227+00"
487,"855757095","7919816582","Can you give me some examples",NULL,NULL,"2025-10-15 18:38:57.334372+00"
488,"7919816582","855757095","@hakunamatata1224 dm me",NULL,NULL,"2025-10-15 18:40:01.384637+00"
489,"1687141840","8399229432","hello",NULL,NULL,"2025-10-15 19:21:40.689001+00"
490,"8399229432","1687141840","Hey 👋",NULL,NULL,"2025-10-15 19:22:33.393974+00"
491,"1687141840","8399229432","how u doin'",NULL,NULL,"2025-10-15 19:26:21.982524+00"
492,"8399229432","1687141840","Doin' great, how u feelin'",NULL,NULL,"2025-10-15 19:26:58.064795+00"
493,"1687141840","8399229432","cool here",NULL,NULL,"2025-10-15 19:28:43.164706+00"
494,"1687141840","8399229432","so you do lve books, huH?",NULL,NULL,"2025-10-15 19:29:05.471394+00"
495,"8399229432","1687141840","Great,

Yes, ofc reading them 😁",NULL,NULL,"2025-10-15 19:30:33.282347+00"
496,"1687141840","8399229432","ur fav, pls?",NULL,NULL,"2025-10-15 19:31:16.361674+00"
497,"8399229432","1687141840","in which genre?",NULL,NULL,"2025-10-15 19:34:05.767519+00"
498,"1687141840","8399229432","i would go with psychology",NULL,NULL,"2025-10-15 19:36:06.308179+00"
499,"8399229432","1687141840","I don't have that much experience in reading many books, but I would say ""Man's search for meaning"" is great i am reading it now",NULL,NULL,"2025-10-15 19:41:57.005043+00"
500,"1687141840","8399229432","yeah that's greatest of all time - i could say that",NULL,NULL,"2025-10-15 19:43:02.527528+00"
501,"8399229432","1687141840","Oh, you read it?",NULL,NULL,"2025-10-15 19:44:01.843032+00"
502,"1687141840","8399229432","actually it was audiobook",NULL,NULL,"2025-10-15 19:45:36.248039+00"
503,"1687141840","8399229432","i hate this shit, u can talk to me @grateful_boy",NULL,NULL,"2025-10-15 19:49:42.412547+00"
504,"8399229432","1687141840","Yeah, same here",NULL,NULL,"2025-10-15 19:50:05.555374+00"
505,"7724848115","5092379124","Can you explain more cus I think we're kinda misunderstanding eachother 
Let me begin
I'm saying that it's okay for girls to look at men's butt just like we look at theirs",NULL,NULL,"2025-10-15 19:59:42.292202+00"
506,"5092379124","7724848115","Okay for example their ass has a nice shape and big size while ours don't they wear ass revealing clothes while we don't even during sex u'll pound theirs and i think it's natural but the other way around nah nahh",NULL,NULL,"2025-10-15 20:07:32.650029+00"
507,"7724848115","5092379124","Ok just think about it we get to see and get boners by their butts,boobs,face and thighs, isn't fair if they are least get something to get excited by",NULL,NULL,"2025-10-15 20:10:09.87011+00"
508,"5092379124","7724848115","Yeah they can also get aroused by seeing our face, chest, arm, shoulder, dick and by hearing our voices but i don't think they'll get aroused by looking at butt idk there might be some expetionally weird girls",NULL,NULL,"2025-10-15 20:17:00.805669+00"
509,"7724848115","5092379124","Everyone has a kink so yup",NULL,NULL,"2025-10-15 20:26:26.986922+00"
510,"6160727207","8132883465","hey",NULL,NULL,"2025-10-16 16:16:24.585005+00"
511,"8132883465","6160727207","Hey drop ur user eski",NULL,NULL,"2025-10-16 16:17:17.514229+00"
512,"6160727207","8132883465","M/F",NULL,NULL,"2025-10-16 16:17:42.133156+00"
513,"8132883465","6160727207","E😳",NULL,NULL,"2025-10-16 16:17:59.914696+00"
514,"6160727207","8132883465","male or female?",NULL,NULL,"2025-10-16 16:18:14.613046+00"
515,"8132883465","6160727207","Female",NULL,NULL,"2025-10-16 16:18:29.145968+00"
530,"619337522","7679369663","ayo",NULL,NULL,"2025-10-16 16:33:42.155311+00"
516,"6160727207","8132883465","i am male so we can't swap",NULL,NULL,"2025-10-16 16:18:55.099206+00"
527,"619337522","7679369663","not sure tho",NULL,NULL,"2025-10-16 16:31:37.015201+00"
533,"7679369663","619337522","@blue_sunchips",NULL,NULL,"2025-10-16 16:34:42.660818+00"
534,"7679369663","619337522",NULL,"CAACAgQAAxkBAAE9LDFo8R6jqL7Zc4s6n7j9v9ebp5BGPAACFRgAApbWSFEUeBnuxT5UYzYE",NULL,"2025-10-16 16:34:44.018839+00"
2470,"8109112246","6194922788","Huh?",NULL,NULL,"2025-11-05 13:23:54.573823+00"
2482,"8109112246","6194922788","Just to be ur real female...",NULL,NULL,"2025-11-05 13:34:58.635842+00"
2483,"6194922788","8109112246","Mata or ken? How bout the spot?",NULL,NULL,"2025-11-05 13:35:11.645236+00"
2484,"6194922788","8109112246","Okay ask me to say a word and I will be voice",NULL,NULL,"2025-11-05 13:35:27.867021+00"
2494,"7606466781","8096821340","@kbhesien dm me",NULL,NULL,"2025-11-05 13:45:03.552463+00"
2509,"6194922788","8109112246","I sent you a voice 3 fucking times eko",NULL,NULL,"2025-11-05 14:06:10.748484+00"
2515,"6194922788","8109112246","Okayy I am going to search for your username",NULL,NULL,"2025-11-05 14:12:02.649301+00"
2648,"8333529926","5906429938","Heyy
Wanna hv fun?☺️",NULL,NULL,"2025-11-06 17:56:27.32311+00"
2654,"8333529926","788646678","U M or f",NULL,NULL,"2025-11-06 18:31:07.018704+00"
2667,"8109112246","8333529926","Im M wbu?",NULL,NULL,"2025-11-06 19:12:33.621156+00"
2671,"5906429938","756628801","Hey I'm the guy that said the fat thing it's been on my head I'm soo funking sorry please please I'm regrating it and I would like to get to now you what do you say",NULL,NULL,"2025-11-06 19:41:37.287921+00"
2746,"8333529926","8132883465","Heyyy 
I will give u everything a girl would give i fr
u can hv fun like u can do anything that u would do to a girl
Fr like u can enjoy urself like by touchin ma bodies nd lickin  ma di** nd everything yk am more sensitive than a woman fr

I will give u everything nd u can enjoy urself 
I will finger u nd lick ur pussy in everything from under nd with foreplay

Don't doubt ur feelings?
Just lets meet nd u will see💋💋",NULL,NULL,"2025-11-07 06:42:15.177968+00"
2908,"5670238240","8437573540","Hi",NULL,NULL,"2025-11-07 20:17:16.934727+00"
2917,"1722589537","1834543510","Okay sex mtwed kehone lakilng",NULL,NULL,"2025-11-07 20:24:01.273314+00"
2925,"1722589537","1834543510","So silkuan",NULL,NULL,"2025-11-07 20:30:34.576048+00"
2935,"1722589537","1834543510","Snte lilaklsh",NULL,NULL,"2025-11-07 20:35:06.72075+00"
2941,"1834543510","1722589537","Snt tkeflaleh?",NULL,NULL,"2025-11-07 20:38:32.033797+00"
2954,"1834543510","2056814277","Ke meche jemro new porn mayet yejemershiw?",NULL,NULL,"2025-11-07 20:47:51.928868+00"
2961,"2056814277","1834543510","Elalew",NULL,NULL,"2025-11-07 20:57:00.525395+00"
2970,"1834543510","2056814277","So endet eskahun sex aladeregshim bye new",NULL,NULL,"2025-11-07 21:01:19.754619+00"
2975,"1834543510","2056814277","Nope.....gn first reasonun endnawkew bye new",NULL,NULL,"2025-11-07 21:04:21.017692+00"
2977,"1834543510","2056814277","wendochn lemekreb almokershim?....like signs mnamn bemasayet?",NULL,NULL,"2025-11-07 21:06:17.282061+00"
2981,"1834543510","2056814277","So how wendoch endezih aynet neger aytew endet zm lilush chalu...kostara mnamn nesh",NULL,NULL,"2025-11-07 21:10:55.755079+00"
3229,"5229975567","762034526","alr",NULL,NULL,"2025-11-08 09:06:40.221404+00"
3388,"8178595410","8010756289","So u wanna send me those bitches number?🥹",NULL,NULL,"2025-11-08 18:29:58.245453+00"
3396,"8178595410","8010756289","So maniye ahun lakelegna mn tetebikalek😭😭😭😭",NULL,NULL,"2025-11-08 18:32:02.798037+00"
3409,"8178595410","8010756289","Contact me on the username above now",NULL,NULL,"2025-11-08 18:35:21.224181+00"
3419,"6369586656","5014292785","Anyway how are you doing",NULL,NULL,"2025-11-08 18:39:59.364706+00"
3420,"7231257941","1246961688","Ow sorry ☺️  let's talk on chat send ur username",NULL,NULL,"2025-11-08 18:40:02.04371+00"
3426,"6422496097","7388700051","What’s up, you requested to chat with me but this is my second account",NULL,NULL,"2025-11-08 18:44:11.140318+00"
3443,"7231257941","1246961688","20 negn
Dorm alesh",NULL,NULL,"2025-11-08 18:55:47.961319+00"
3457,"1246961688","7231257941","Where's your dorm",NULL,NULL,"2025-11-08 19:01:44.614026+00"
3462,"7231257941","1246961688","Let's talk on chat",NULL,NULL,"2025-11-08 19:03:25.826397+00"
3464,"7231257941","1246961688","I told u I don't believe this bot😁",NULL,NULL,"2025-11-08 19:04:32.306749+00"
3488,"1246961688","7231257941","Siyamrk yekral",NULL,NULL,"2025-11-08 19:17:44.572091+00"
3494,"7231257941","1246961688","Are u gen",NULL,NULL,"2025-11-08 19:21:13.1807+00"
3500,"1834543510","6272869186","hello",NULL,NULL,"2025-11-08 19:23:53.428852+00"
3502,"6369586656","5014292785","Lmao kelal ende temechtognal becha😂",NULL,NULL,"2025-11-08 19:26:27.236602+00"
3505,"5014292785","6369586656","Yes why?",NULL,NULL,"2025-11-08 19:26:47.714148+00"
3721,"6110336587","8007600798","Wanna hv fun😊",NULL,NULL,"2025-11-09 07:13:35.626937+00"
3722,"8007600798","6110336587","Nahhh",NULL,NULL,"2025-11-09 07:14:04.01521+00"
3723,"6110336587","8007600798","Ur age nd campus?",NULL,NULL,"2025-11-09 07:14:57.883328+00"
3735,"8178595410","5740594639","Ru male or female?",NULL,NULL,"2025-11-09 07:17:42.577202+00"
3749,"6110336587","6566784212","So, wt uni r u i?",NULL,NULL,"2025-11-09 07:20:04.071563+00"
3750,"5740594639","8178595410","Yeah",NULL,NULL,"2025-11-09 07:20:14.779657+00"
3765,"6110336587","8007600798","Why",NULL,NULL,"2025-11-09 07:22:43.57351+00"
4187,"1051120004","1246961688","i mean aytefam but its probably rare…and who knew there were this many atheists in there",NULL,NULL,"2025-11-09 15:06:13.612581+00"
4201,"1051120004","1246961688","Not like that, i’m just extremely tolerating when it comes to her enji  not regardless of how i feel, gn be teklil megabat isn’t that big of a deal considering i might go with it myself even if she didn’t push it so",NULL,NULL,"2025-11-09 15:23:08.780661+00"
4486,"1441075897","8132883465","hey there👋 i was wondering if we could talk mnamn 😭",NULL,NULL,"2025-11-10 05:11:49.278362+00"
4489,"1441075897","8132883465","you r my type then😅",NULL,NULL,"2025-11-10 05:16:50.943462+00"
4499,"1441075897","6499363352","okay okay i get it hooo😅",NULL,NULL,"2025-11-10 05:32:12.625728+00"
4503,"8285615528","8132883465","Hey",NULL,NULL,"2025-11-10 05:37:18.661447+00"
4504,"8132883465","1441075897","Hey💋",NULL,NULL,"2025-11-10 05:37:26.438848+00"
4505,"1441075897","6499363352","helloooow😅 will you share ur username i mean its kinda weird chatting with bot ena iik it's also weird to ask for ur username,😭😭",NULL,NULL,"2025-11-10 05:39:07.054828+00"
4573,"1751867906","1609398709","I got one thing to say i sent that request by accident😭 i ain’t got nothin to say fr😭",NULL,NULL,"2025-11-10 13:43:20.176654+00"
4738,"7952047594","1570959519","Send me your username if u want to talk with me",NULL,NULL,"2025-11-11 05:23:45.862103+00"
4865,"1570959519","829653636","??",NULL,NULL,"2025-11-11 17:22:33.91407+00"
5152,"7231257941","7868086659","Its okay i can do what u asked 😌 why block ? 😁 lets talk",NULL,NULL,"2025-11-12 08:46:27.33659+00"
5171,"7680965813","6110336587","Oh thought you were a girl my bad.",NULL,NULL,"2025-11-12 10:53:27.034418+00"
5174,"6110336587","8362956563","Heyy",NULL,NULL,"2025-11-12 10:56:52.599755+00"
5175,"7680965813","6110336587","I'm a guy...",NULL,NULL,"2025-11-12 10:57:27.631729+00"
5179,"6110336587","7191883532","Heyy",NULL,NULL,"2025-11-12 11:01:53.255045+00"
5362,"8223038699","7623717059","Okay 😅 that's weird tho. I was surprised when u say u are going to cuz the time was too early.",NULL,NULL,"2025-11-12 19:50:54.322293+00"
5523,"1246961688","8402831744","I mean I'm not looking for your help😂 just wanted to chat",NULL,NULL,"2025-11-13 09:45:55.659699+00"
5525,"8363986202","8132883465","Hey ,filagot ebalalhu metewawek enchilaln",NULL,NULL,"2025-11-13 09:47:32.234704+00"
5720,"8402831744","1834543510","I just read ur comment leza nw and u sounded like a women
And I wondered like is it that easy for people to do that like doesn’t it feel weird?? No offense demo",NULL,NULL,"2025-11-13 15:19:20.975218+00"
5721,"1834543510","8402831744","Wend neh?",NULL,NULL,"2025-11-13 15:20:04.520833+00"
5737,"8151671672","1115042518","Bye",NULL,NULL,"2025-11-13 15:30:43.194004+00"
5740,"1115042518","1834543510","I'm Here😍",NULL,NULL,"2025-11-13 15:32:30.381115+00"
5743,"7597536347","5229975567","Hi",NULL,NULL,"2025-11-13 15:35:15.993835+00"
5744,"8402831744","1834543510","Idk it might be wrong but I feel h/;(& and it’s weird tbh gn alakim",NULL,NULL,"2025-11-13 15:39:07.252297+00"
5747,"5229975567","7597536347","i have a girlfriend",NULL,NULL,"2025-11-13 15:40:23.444694+00"
5749,"7597536347","5229975567","Thank u",NULL,NULL,"2025-11-13 15:40:38.804509+00"
517,"8132883465","6160727207","Am a man bro I said only for male eko",NULL,NULL,"2025-10-16 16:19:27.998954+00"
518,"6160727207","8132883465","my bad i didn't see it",NULL,NULL,"2025-10-16 16:20:11.364572+00"
519,"619337522","7679369663","wait wha i thought i could send dms directly tf",NULL,NULL,"2025-10-16 16:20:49.631249+00"
520,"8132883465","6160727207","Eko can u send ur username",NULL,NULL,"2025-10-16 16:21:25.011689+00"
521,"619337522","7679369663","fuck ass bot",NULL,NULL,"2025-10-16 16:21:26.378198+00"
522,"6160727207","8132883465","@unique_6724",NULL,NULL,"2025-10-16 16:23:40.177178+00"
523,"6160727207","5014292785","gudfella endet neshlegn",NULL,NULL,"2025-10-16 16:29:19.023319+00"
524,"7679369663","619337522","😭was confused too",NULL,NULL,"2025-10-16 16:30:51.921144+00"
525,"619337522","7679369663","gang ik from somewhere",NULL,NULL,"2025-10-16 16:31:28.773753+00"
526,"619337522","7679369663","i think",NULL,NULL,"2025-10-16 16:31:34.060712+00"
528,"7679369663","619337522","Same 
Ik someone who talks like this",NULL,NULL,"2025-10-16 16:33:31.100968+00"
529,"7679369663","619337522","Way too familiar",NULL,NULL,"2025-10-16 16:33:35.813876+00"
531,"619337522","7679369663","whats ur @",NULL,NULL,"2025-10-16 16:33:51.308706+00"
2472,"8109112246","6194922788","No movie alalkum girl...a move nw yalkush?",NULL,NULL,"2025-11-05 13:25:33.412825+00"
2480,"6194922788","8109112246","Uk it’s not needed tf are you gonna do with my number?",NULL,NULL,"2025-11-05 13:34:22.204672+00"
2493,"7606466781","8096821340","leave your username",NULL,NULL,"2025-11-05 13:43:30.678842+00"
2649,"8333529926","856677581","Heyy
Wann hv fun?☺️",NULL,NULL,"2025-11-06 17:58:11.364273+00"
2661,"7388700051","6499363352","what do u think about the surge of outsiders to our a",NULL,NULL,"2025-11-06 18:58:25.752824+00"
2747,"5213764043","5014292785","Hey",NULL,NULL,"2025-11-07 08:15:31.637233+00"
2910,"1834543510","1722589537","Ena pussy ጠምቶህ new?",NULL,NULL,"2025-11-07 20:17:59.128018+00"
2928,"1834543510","1722589537","What's ur name?",NULL,NULL,"2025-11-07 20:32:16.881415+00"
2940,"1722589537","1834543510","Awo ur friend lakilng if she likes sex",NULL,NULL,"2025-11-07 20:38:06.467654+00"
2956,"1834543510","2056814277","Like mayet bcha new weys masturbatem tadergiyalesh?",NULL,NULL,"2025-11-07 20:49:42.658446+00"
3230,"5272321269","1730816223","Are u M/F? I need relationship advice",NULL,NULL,"2025-11-08 09:31:57.370913+00"
3389,"8178595410","8010756289","Ru owner of the confession above?",NULL,NULL,"2025-11-08 18:30:13.818848+00"
3390,"8010756289","8178595410","Nahh",NULL,NULL,"2025-11-08 18:30:24.037754+00"
3391,"8010756289","8178595410","Yuppp",NULL,NULL,"2025-11-08 18:30:31.285578+00"
3393,"8010756289","8178595410","Gonna find you another one?😏",NULL,NULL,"2025-11-08 18:31:00.799145+00"
3395,"8010756289","8178595410","Yes",NULL,NULL,"2025-11-08 18:31:38.037617+00"
3406,"7231257941","1246961688","Hi",NULL,NULL,"2025-11-08 18:34:24.749194+00"
3724,"6110321042","6063243083","Heyy",NULL,NULL,"2025-11-09 07:15:10.053094+00"
3734,"6110336587","8007600798","Ur Gender",NULL,NULL,"2025-11-09 07:17:29.855887+00"
3736,"5740594639","8178595410","Female you?",NULL,NULL,"2025-11-09 07:17:58.039418+00"
3748,"8178595410","5740594639","Ok thanks for u honesty!",NULL,NULL,"2025-11-09 07:19:51.952005+00"
3762,"6369586656","5014292785","I mean you are right",NULL,NULL,"2025-11-09 07:22:27.278001+00"
4188,"549672248","1609398709","Ena atawerignm?",NULL,NULL,"2025-11-09 15:06:15.93783+00"
4488,"8132883465","1441075897","Ykrbh I'm not good person 😭",NULL,NULL,"2025-11-10 05:15:06.587409+00"
4575,"356250788","1834543510","Hey",NULL,NULL,"2025-11-10 13:54:21.218258+00"
4740,"1568889911","829653636","Chicken😭 i almost cracked a laygh in class bruv",NULL,NULL,"2025-11-11 05:29:04.788776+00"
4868,"865881783","1570959519","you r not getting the msgs im confused?",NULL,NULL,"2025-11-11 17:34:08.335453+00"
4878,"6110336587","1221140370","Am well too
well, Ur gender, campus nd interest😊",NULL,NULL,"2025-11-11 17:42:06.847712+00"
4881,"1570959519","865881783","How old r u",NULL,NULL,"2025-11-11 17:43:03.667573+00"
4893,"5183845073","1570959519","Whats ur role?",NULL,NULL,"2025-11-11 17:45:26.7678+00"
4897,"5183845073","1570959519","Bot",NULL,NULL,"2025-11-11 17:45:46.169072+00"
4913,"1570959519","5183845073","Im just a slim white mf",NULL,NULL,"2025-11-11 17:52:09.6751+00"
4916,"5183845073","1570959519","What as in how",NULL,NULL,"2025-11-11 17:52:52.171411+00"
4925,"5183845073","1570959519","So u dont mind that am chubby",NULL,NULL,"2025-11-11 17:55:20.62191+00"
4950,"399440680","8054428677","I’m sorry but is every thing that people write on this bot real",NULL,NULL,"2025-11-11 18:13:36.547577+00"
4958,"6110336587","5275195619","U m or f",NULL,NULL,"2025-11-11 18:33:22.629163+00"
5153,"6794069219","7300957726","Holla",NULL,NULL,"2025-11-12 09:26:27.162145+00"
5162,"7680965813","6110336587","I'm a guy btw",NULL,NULL,"2025-11-12 10:35:41.585509+00"
5178,"6110336587","1221140370","Sup",NULL,NULL,"2025-11-12 11:01:23.166751+00"
5364,"8223038699","7623717059","Ow, I don't have a dorm so I don't know how it feels.",NULL,NULL,"2025-11-12 19:52:34.603504+00"
5372,"8223038699","7623717059","Chatting",NULL,NULL,"2025-11-12 20:00:21.610464+00"
5373,"7623717059","8223038699","OK",NULL,NULL,"2025-11-12 20:00:35.96045+00"
5376,"8223038699","7623717059","@TheClown3 talk to me with this account 😅",NULL,NULL,"2025-11-12 20:02:11.131773+00"
5377,"8274317025","466664482","Hey",NULL,NULL,"2025-11-12 20:06:07.452231+00"
5526,"5886466655","1246961688","He is 24, and yea definitely, we grew up in church together",NULL,NULL,"2025-11-13 10:16:40.768836+00"
5724,"8402831744","1834543510","Awo malet am still v and see people talk like this ena I wondered leza nw am a freshman man wanted to to know
Aydebrishima?",NULL,NULL,"2025-11-13 15:22:41.066831+00"
5730,"8402831744","1834543510","Look everyone in my community and house think that am just a little girl with only good thoughts like ye betekristian lij bilew but sometimes I really doubt that I have a boyfriend and he is a deacon he is very kind gentle and respects my boundaries and never touches me and I like that about him but recently idk why but I wanna get touched even laid ik it’s betam weird where this came from gn Beka I do and wanted to ask what it feels like is it pleasing as everyone says??",NULL,NULL,"2025-11-13 15:28:07.060078+00"
5738,"1115042518","8151671672","Hehe you bi?😭",NULL,NULL,"2025-11-13 15:30:57.013805+00"
5997,"6110336587","466664482","Heyy",NULL,NULL,"2025-11-13 20:41:42.151037+00"
6002,"6110336587","451257119","Heyy",NULL,NULL,"2025-11-13 20:48:33.919161+00"
6111,"6499363352","6110336587","Whaaat?",NULL,NULL,"2025-11-14 05:10:52.824454+00"
6117,"6110336587","6499363352","Come on

Y do u doubt ur feelings 
No one will judge u
This is ur non judgement spot😊",NULL,NULL,"2025-11-14 05:21:19.879231+00"
6119,"6499363352","6110336587","Ebakh abat adeb gza",NULL,NULL,"2025-11-14 05:23:26.885252+00"
6120,"6110336587","1609398709","Heyy
Wanna hv fun😊",NULL,NULL,"2025-11-14 05:23:51.944787+00"
6132,"6960656347","6110336587","No thanks i have bf",NULL,NULL,"2025-11-14 05:36:41.225697+00"
6141,"6960656347","1469773444","Selam",NULL,NULL,"2025-11-14 05:50:24.412342+00"
6156,"1781787035","1469773444","im a man too😂",NULL,NULL,"2025-11-14 05:55:06.484974+00"
6164,"1781787035","1469773444","computer science",NULL,NULL,"2025-11-14 06:03:37.906689+00"
6165,"1469773444","1781787035","I am software engineering",NULL,NULL,"2025-11-14 06:04:17.316139+00"
6222,"7675001152","955679410","Are you in AAU???",NULL,NULL,"2025-11-14 11:10:45.120432+00"
532,"619337522","7679369663","just to check dw i dont bite",NULL,NULL,"2025-10-16 16:34:09.370944+00"
535,"6179841738","7647636604","I saw a comment of u "" talk to me"" like shy girl... ላወራሽ ዝግጁ ነኝ",NULL,NULL,"2025-10-16 19:49:37.901551+00"
536,"7647636604","6179841738","Okay",NULL,NULL,"2025-10-16 20:17:57.350031+00"
537,"6179841738","7647636604","LEOLION369,  come on Dm",NULL,NULL,"2025-10-16 20:19:45.727847+00"
538,"6179841738","7647636604","Im waiting for u& u....",NULL,NULL,"2025-10-16 20:23:14.034026+00"
539,"1115042518","7627824015","What do you got from fucking gurls koy?",NULL,NULL,"2025-10-16 20:24:44.520276+00"
540,"1115042518","7647636604","What do you got from fucking gurls koy?",NULL,NULL,"2025-10-16 20:40:07.428706+00"
541,"7795615574","5359690831","Hey,",NULL,NULL,"2025-10-17 07:53:32.469504+00"
542,"7795615574","5359690831","Talk to him yalkush negn",NULL,NULL,"2025-10-17 07:53:44.186522+00"
543,"5359690831","7795615574","Hi",NULL,NULL,"2025-10-17 07:53:52.94328+00"
544,"7795615574","5359690831","Leave me ur user name ena we can figure smthing out",NULL,NULL,"2025-10-17 07:53:58.618388+00"
545,"7795615574","5359690831","What year is he?",NULL,NULL,"2025-10-17 07:54:02.543213+00"
546,"5359690831","7795615574","@taytay_16",NULL,NULL,"2025-10-17 07:55:08.284849+00"
547,"7795615574","5359690831","Dmed ya",NULL,NULL,"2025-10-17 07:55:38.945586+00"
548,"571568870","6142542468","Hey how you doin
I want to buy the tiktok account you have",NULL,NULL,"2025-10-17 10:41:50.520462+00"
549,"6142542468","571568870","Im good tnx 
Yea sure u can",NULL,NULL,"2025-10-17 10:42:22.36764+00"
550,"571568870","6142542468","For how much you sellin and how much followers, following and likes are there",NULL,NULL,"2025-10-17 10:44:16.193359+00"
551,"571568870","7225517972","Hey how you doin
I want to buy the tiktok account you have",NULL,NULL,"2025-10-17 12:59:47.57421+00"
552,"7225517972","571568870","Hello

Which one
Ena how much is your budget",NULL,NULL,"2025-10-17 13:41:21.741458+00"
553,"5237102694","5014292785","Hey gudefela how u doin 🥹",NULL,NULL,"2025-10-17 14:00:28.94723+00"
554,"5237102694","950703820","Hey gilr how sup",NULL,NULL,"2025-10-17 14:16:12.166547+00"
555,"950703820","5237102694","Hey, which one was your confession",NULL,NULL,"2025-10-17 15:20:33.262643+00"
556,"5237102694","950703820","I think it's about finding relationship",NULL,NULL,"2025-10-17 15:23:54.854798+00"
557,"950703820","5237102694","there are a lot of confessions like that😂",NULL,NULL,"2025-10-17 15:26:06.055052+00"
558,"5237102694","950703820","So do u mind if we get know 1 another...do u hv aguy?",NULL,NULL,"2025-10-17 15:30:02.925674+00"
559,"950703820","5237102694","nahhh man i can't, if you want any educational related stuff let me know",NULL,NULL,"2025-10-17 15:35:20.943168+00"
560,"5237102694","950703820","What do you mean girl...🥹",NULL,NULL,"2025-10-17 15:35:50.158693+00"
561,"5237102694","950703820","Do u hv a guy?",NULL,NULL,"2025-10-17 15:36:03.036764+00"
562,"571568870","7225517972","I would like to know the price of the 1k and the 10k",NULL,NULL,"2025-10-17 15:36:36.772175+00"
563,"950703820","5237102694","i thought you started the chat after reading a comment and needed a help",NULL,NULL,"2025-10-17 15:41:13.377315+00"
564,"950703820","5237102694","no",NULL,NULL,"2025-10-17 15:41:19.454654+00"
565,"5237102694","950703820","So why do u ignore me...dont u need any guy?",NULL,NULL,"2025-10-17 15:43:26.79181+00"
566,"5237102694","950703820","Eski let me see the text",NULL,NULL,"2025-10-17 15:43:41.561502+00"
567,"950703820","5237102694","nope , no i don't any",NULL,NULL,"2025-10-17 15:46:48.429947+00"
568,"5237102694","950703820","Esh sle mndnw mtfelegew?",NULL,NULL,"2025-10-17 15:47:36.618053+00"
569,"950703820","5237102694","i have commented on more than 10 confessions idk",NULL,NULL,"2025-10-17 15:48:03.071949+00"
570,"950703820","5237102694","Health and wealth😂",NULL,NULL,"2025-10-17 15:48:25.231904+00"
571,"7225517972","571568870","Bale 1000 700 birr
10k 5000",NULL,NULL,"2025-10-17 15:49:02.599227+00"
572,"5237102694","950703820","Gn bf lmnnw matfelegew?🥹🥹🥹",NULL,NULL,"2025-10-17 15:49:28.185038+00"
573,"5237102694","950703820","😭😭😂",NULL,NULL,"2025-10-17 15:49:40.272971+00"
574,"950703820","5237102694","begizew yemetal and i know now is not the time",NULL,NULL,"2025-10-17 15:53:04.112627+00"
575,"950703820","5237102694","wby",NULL,NULL,"2025-10-17 15:53:10.986757+00"
576,"5237102694","950703820","Appreciate you fr!!👏👏👏",NULL,NULL,"2025-10-17 15:53:50.703833+00"
577,"5237102694","950703820","Are you 2nd year?",NULL,NULL,"2025-10-17 15:54:07.857555+00"
578,"5237102694","950703820","It's not about magbat...it's just chill together,share our feelings tho😏",NULL,NULL,"2025-10-17 15:54:58.734548+00"
579,"950703820","5237102694","4th",NULL,NULL,"2025-10-17 16:03:41.980501+00"
580,"5237102694","950703820","Still 4th and dont hv aguy??...or ur kidding me😤🙄",NULL,NULL,"2025-10-17 16:04:30.318403+00"
581,"950703820","5237102694","chill with the wrong people will drain you",NULL,NULL,"2025-10-17 16:04:31.93303+00"
582,"5237102694","950703820","Yea ofc i know that",NULL,NULL,"2025-10-17 16:04:53.251823+00"
583,"5237102694","950703820","But you can just close and see their intentions 🤷‍♂",NULL,NULL,"2025-10-17 16:05:19.477777+00"
584,"950703820","5237102694","i don't want too, people hv their own priorities",NULL,NULL,"2025-10-17 16:06:07.91967+00"
585,"5237102694","950703820","Ok can I get ur ig...",NULL,NULL,"2025-10-17 16:06:38.995652+00"
586,"950703820","5237102694","i did and i didn't like it",NULL,NULL,"2025-10-17 16:07:03.023148+00"
587,"950703820","5237102694","nope",NULL,NULL,"2025-10-17 16:07:08.429422+00"
588,"5237102694","950703820","If then I dont force and I respect ur priorities tho😊",NULL,NULL,"2025-10-17 16:07:18.901965+00"
589,"5237102694","950703820","Can i know the reason?",NULL,NULL,"2025-10-17 16:07:33.75732+00"
590,"950703820","5237102694","thank you",NULL,NULL,"2025-10-17 16:07:40.63188+00"
591,"950703820","5237102694","cause i would like to remain anonymous",NULL,NULL,"2025-10-17 16:08:15.047844+00"
592,"5237102694","950703820","This is the worst decision why u deduct other guys with the 1 u did😭😭😭",NULL,NULL,"2025-10-17 16:08:34.954304+00"
593,"5237102694","950703820","Hv u still got ur v card?",NULL,NULL,"2025-10-17 16:09:32.405361+00"
594,"950703820","5237102694","because it is the same pattern, same questions, same disrespect. May God be with you goodbye.",NULL,NULL,"2025-10-17 16:13:18.874245+00"
595,"5237102694","950703820","Hv I dis respected you 😭😭😭😭when?",NULL,NULL,"2025-10-17 16:14:30.148954+00"
596,"5703576013","7732498367","Hi",NULL,NULL,"2025-10-17 16:39:46.11554+00"
597,"571568870","7225517972","Snt like and watch time alaw",NULL,NULL,"2025-10-17 16:40:03.759965+00"
598,"5703576013","7732498367","Hi",NULL,NULL,"2025-10-17 16:41:21.398316+00"
599,"7732498367","5703576013","Hey",NULL,NULL,"2025-10-17 16:41:40.381512+00"
600,"5703576013","7732498367","I really needed some one to talk to",NULL,NULL,"2025-10-17 16:42:36.909538+00"
601,"7732498367","5703576013","Send me ur @",NULL,NULL,"2025-10-17 16:43:30.551663+00"
602,"5703576013","7732498367","I don't have that i don't know how to make one",NULL,NULL,"2025-10-17 16:45:22.606586+00"
603,"7732498367","5703576013","Mine is isandro_0",NULL,NULL,"2025-10-17 16:46:14.354905+00"
604,"5703576013","7732498367","I couldn't find it do you have another",NULL,NULL,"2025-10-17 16:46:41.222846+00"
605,"7225517972","571568870","Ay bado nw",NULL,NULL,"2025-10-17 16:47:28.846807+00"
606,"5703576013","7732498367","I just made mine it's Zx98qw",NULL,NULL,"2025-10-17 16:51:21.928557+00"
607,"571568870","7225517972","Enda followers becha mn wagaw alaw ena bado kahone price astekakel ena legezah",NULL,NULL,"2025-10-17 17:04:13.060719+00"
608,"7225517972","571568870","Ere aykensm bro",NULL,NULL,"2025-10-17 17:34:24.763616+00"
609,"571568870","7225517972","eshi melkam meshet",NULL,NULL,"2025-10-17 17:37:46.025623+00"
610,"6142542468","571568870","Idk how much im sellin it has 8k followers and like 400 likes it was a business page but im deleting all the posts",NULL,NULL,"2025-10-17 18:09:39.876498+00"
611,"571568870","6142542468","Can I see it
Tell me the account name",NULL,NULL,"2025-10-17 19:27:04.193736+00"
612,"629782812","7388700051","Bees in the trap",NULL,NULL,"2025-10-18 12:54:26.868193+00"
613,"7388700051","629782812","It's beez",NULL,NULL,"2025-10-18 12:55:29.680338+00"
614,"629782812","7388700051","Thanks for the correction king",NULL,NULL,"2025-10-18 13:06:25.706651+00"
615,"7388700051","629782812","I got u",NULL,NULL,"2025-10-18 13:07:02.546288+00"
616,"6333691485","7758177630","Hi  , i wanna get dorm at 4k form proctors , send me ur number",NULL,NULL,"2025-10-20 11:39:05.959702+00"
617,"7758177630","6333691485","Wend or set?",NULL,NULL,"2025-10-20 11:56:59.758506+00"
618,"6333691485","7758177630","Set",NULL,NULL,"2025-10-20 11:57:29.958216+00"
619,"7758177630","6333691485","4 kilo migegn aymeslegnm ahun lay, 6 kilo new mihomew most likely...",NULL,NULL,"2025-10-20 12:00:43.386002+00"
620,"6333691485","7758177630","Esti please try",NULL,NULL,"2025-10-20 12:56:28.825325+00"
621,"6333691485","7758177630","Im willing to pay",NULL,NULL,"2025-10-20 12:56:29.853528+00"
622,"6333691485","7758177630","@Hilwa_09 text me",NULL,NULL,"2025-10-20 12:57:59.272549+00"
623,"8373033343","7679369663","Rice mask tutorial",NULL,NULL,"2025-10-20 17:31:13.244503+00"
624,"8373033343","7084003937","Wutete endistekakel felege nbr",NULL,NULL,"2025-10-20 17:42:36.999687+00"
625,"7084003937","8373033343","Dm argign",NULL,NULL,"2025-10-20 17:43:25.760738+00"
626,"7084003937","8373033343","@Michealmore",NULL,NULL,"2025-10-20 17:48:23.993847+00"
627,"7084003937","8373033343","/privacy",NULL,NULL,"2025-10-21 08:26:26.800624+00"
628,"8373033343","7084003937","??",NULL,NULL,"2025-10-21 11:17:39.723858+00"
629,"1815638450","6815529351","Hey",NULL,NULL,"2025-10-21 18:27:31.970587+00"
630,"6815529351","1815638450","Sup",NULL,NULL,"2025-10-21 18:27:41.399303+00"
631,"1815638450","6815529351","How u doing",NULL,NULL,"2025-10-21 18:27:55.33102+00"
632,"8178595410","7231257941","Hey sup",NULL,NULL,"2025-10-21 18:59:48.737498+00"
633,"7231257941","8178595410","Hi there are make or female😁",NULL,NULL,"2025-10-21 19:00:47.918782+00"
634,"8178595410","7231257941","I'm male and u?😊",NULL,NULL,"2025-10-21 19:01:14.785285+00"
635,"7231257941","8178595410","I am male brother have nice time😂",NULL,NULL,"2025-10-21 19:02:11.335131+00"
636,"8178595410","7231257941","Tf😭😭😭 really?",NULL,NULL,"2025-10-21 19:02:52.728121+00"
637,"7231257941","8178595410","Ymr nw bak",NULL,NULL,"2025-10-21 19:03:13.576009+00"
638,"8109112246","5014292785","Hey girl...can i ask u only 1 question?",NULL,NULL,"2025-10-21 19:05:18.479987+00"
639,"8109112246","5014292785","Do u mind?",NULL,NULL,"2025-10-21 20:14:17.328048+00"
640,"6367489225","5014292785","Hey",NULL,NULL,"2025-10-21 21:51:06.335014+00"
641,"5014292785","6367489225","Hi",NULL,NULL,"2025-10-21 21:51:41.561117+00"
642,"6367489225","5014292785","Didn't expect that u will reply honestly... Btw I am Abel... Can we get to know each other?",NULL,NULL,"2025-10-21 21:52:29.937762+00"
643,"5014292785","6367489225","Okay sure",NULL,NULL,"2025-10-21 21:52:39.908083+00"
644,"6367489225","5014292785","I can't expect u to tell me ur name 🤦🏻‍♂️... Well if that will make u comfortable that's okay with me.",NULL,NULL,"2025-10-21 21:54:11.135939+00"
645,"6367489225","5014292785","But talking here feels unnatural. I don't mind a fake profile but text me in this account and we can talk comfortably. I would love to know u more. 
@abela_hz",NULL,NULL,"2025-10-21 21:55:19.14225+00"
646,"6367489225","5014292785","@abel_hz",NULL,NULL,"2025-10-21 21:55:55.238544+00"
647,"5405718080","896207190","Hey broski",NULL,NULL,"2025-10-22 03:34:02.253593+00"
648,"8345240157","1103065697","Hey Dear, I am down to be ur submissive obedient boy",NULL,NULL,"2025-10-22 07:02:24.33287+00"
649,"8345240157","1103065697","I thought ur into femdom..",NULL,NULL,"2025-10-22 07:06:16.103227+00"
650,"7388700051","7897386358","Help",NULL,NULL,"2025-10-22 09:31:15.471908+00"
651,"6344107400","6499363352","How did u even remember that?",NULL,NULL,"2025-10-22 11:03:02.071904+00"
652,"6499363352","6344107400","Bruh ur Shakespeare's inspo 
(in a vile way)",NULL,NULL,"2025-10-22 11:05:13.681042+00"
653,"6344107400","6499363352","I wrote that like a year or two minamn ago. But it was real. U a girl?",NULL,NULL,"2025-10-22 11:06:24.461177+00"
654,"6499363352","6344107400","Why repost it then 
Use this talent for s good cause 😭",NULL,NULL,"2025-10-22 11:08:25.976043+00"
655,"6344107400","6499363352","I use it eko. Do you love literature?",NULL,NULL,"2025-10-22 11:08:55.674974+00"
656,"6499363352","6344107400","Not much 
I used to write for highschool classes i was actually good at it too but im easily distracted so i got bored",NULL,NULL,"2025-10-22 11:11:06.559731+00"
657,"6344107400","6499363352","Are you a girl?",NULL,NULL,"2025-10-22 11:11:51.557444+00"
658,"6499363352","6344107400","Ya",NULL,NULL,"2025-10-22 11:11:59.497928+00"
659,"6499363352","6344107400","Anyways i hope u write bigger better things in the future",NULL,NULL,"2025-10-22 11:12:17.278832+00"
660,"6344107400","6499363352","May I see urs tho?",NULL,NULL,"2025-10-22 11:12:33.212743+00"
661,"6344107400","6499363352","Anything u wrote?",NULL,NULL,"2025-10-22 11:12:40.76979+00"
662,"6344107400","6499363352","Hey Gudfela",NULL,NULL,"2025-10-22 11:13:09.117451+00"
663,"6499363352","6344107400","The last time i wrote was like 2 yrs ago idk if i can find it",NULL,NULL,"2025-10-22 11:13:12.181103+00"
664,"6499363352","6344107400","If i do tho i'll send it to u",NULL,NULL,"2025-10-22 11:13:20.221551+00"
665,"6344107400","6499363352","Well I can show u some but we gotta go out of this bot",NULL,NULL,"2025-10-22 11:13:46.126699+00"
666,"6499363352","6344107400","Nahhh i comment freely cuz ts is anonymous",NULL,NULL,"2025-10-22 11:14:14.912741+00"
667,"6499363352","6344107400","Gudefela??",NULL,NULL,"2025-10-22 11:14:40.283296+00"
668,"6344107400","6499363352","It will be anonymous until you want to know more about me.",NULL,NULL,"2025-10-22 11:15:01.775136+00"
669,"6344107400","6499363352","Yeah gudefela",NULL,NULL,"2025-10-22 11:15:09.777096+00"
670,"6344107400","6499363352","People are engaging more",NULL,NULL,"2025-10-22 11:15:17.939148+00"
671,"6344107400","6499363352","And everyone things I just copied",NULL,NULL,"2025-10-22 11:15:32.301842+00"
672,"6344107400","6499363352","Yidebral",NULL,NULL,"2025-10-22 11:15:45.748656+00"
673,"6499363352","6344107400","Im not gudefela uk that right",NULL,NULL,"2025-10-22 11:16:20.326608+00"
674,"6499363352","6344107400","Lol did u mean to hit her up😭",NULL,NULL,"2025-10-22 11:16:34.837826+00"
675,"6344107400","6499363352","Hey who?",NULL,NULL,"2025-10-22 11:16:41.79103+00"
676,"6499363352","6344107400","I meam u could have edited it",NULL,NULL,"2025-10-22 11:16:45.675161+00"
677,"6344107400","6499363352","Haha baksh kenekash yikeral beka I don’t want to lie",NULL,NULL,"2025-10-22 11:17:37.491032+00"
678,"6344107400","6499363352","Yeah I was talking to her too but I am not good at bots",NULL,NULL,"2025-10-22 11:18:05.19402+00"
679,"6344107400","6499363352","She is the one who thought I copied from someone else",NULL,NULL,"2025-10-22 11:20:00.659822+00"
680,"6344107400","6499363352","Anyways girl if you wanna talk more you have to dm me.",NULL,NULL,"2025-10-22 11:21:27.917214+00"
681,"6344107400","6499363352","@paralexix here is my account let me talk to her now beka",NULL,NULL,"2025-10-22 11:22:39.14917+00"
682,"6344107400","5014292785","Hey girl",NULL,NULL,"2025-10-22 11:23:09.455975+00"
683,"6344107400","5014292785","Anchi gudfela",NULL,NULL,"2025-10-22 11:26:02.74324+00"
684,"6344107400","5014292785","That post was mine",NULL,NULL,"2025-10-22 11:26:18.814352+00"
685,"5014292785","6344107400","Ena mn lerdah",NULL,NULL,"2025-10-22 11:29:09.309543+00"
686,"6344107400","5014292785","Ere yemireda yirdash",NULL,NULL,"2025-10-22 11:29:25.527868+00"
687,"5014292785","6344107400","Amen",NULL,NULL,"2025-10-22 11:29:35.698357+00"
688,"6344107400","5014292785","Mn lirdash ene",NULL,NULL,"2025-10-22 11:29:38.846554+00"
689,"6344107400","5014292785","Haha amen",NULL,NULL,"2025-10-22 11:29:44.91094+00"
690,"5014292785","6344107400","Mnm",NULL,NULL,"2025-10-22 11:29:45.483316+00"
691,"6344107400","5014292785","You are famous here",NULL,NULL,"2025-10-22 11:29:53.446723+00"
692,"5014292785","6344107400","I know",NULL,NULL,"2025-10-22 11:29:59.065701+00"
693,"6344107400","5014292785","How old are u tho",NULL,NULL,"2025-10-22 11:30:22.678045+00"
694,"5014292785","6344107400","Why",NULL,NULL,"2025-10-22 11:30:29.469568+00"
695,"6344107400","5014292785","Just to know",NULL,NULL,"2025-10-22 11:30:34.323379+00"
696,"6344107400","5014292785","To have a reference",NULL,NULL,"2025-10-22 11:30:40.388877+00"
697,"6344107400","5014292785","That who I am talking with",NULL,NULL,"2025-10-22 11:30:46.491805+00"
698,"5014292785","6344107400","21",NULL,NULL,"2025-10-22 11:31:52.674675+00"
699,"6344107400","5014292785","My god",NULL,NULL,"2025-10-22 11:31:56.409848+00"
700,"6344107400","5014292785","Fr?",NULL,NULL,"2025-10-22 11:31:58.645637+00"
701,"6344107400","5014292785","Betam felfela nesha endee",NULL,NULL,"2025-10-22 11:32:33.016308+00"
702,"6344107400","5014292785","U sure u r only 21?",NULL,NULL,"2025-10-22 11:32:50.900963+00"
703,"5014292785","6344107400","Sent meseyeh nbr",NULL,NULL,"2025-10-22 11:32:53.753424+00"
704,"6344107400","5014292785","Ay beka at least 25 minamn or 24",NULL,NULL,"2025-10-22 11:33:10.209018+00"
879,"5014292785","6356474261","Why",NULL,NULL,"2025-10-25 12:14:23.001595+00"
705,"6344682126","1760862707","You told me that 500etb was the standard for this thing. Do you know a place/places in general?",NULL,NULL,"2025-10-22 11:33:17.519775+00"
712,"6344107400","5014292785","Ay tidenegchalesh",NULL,NULL,"2025-10-22 11:41:07.123008+00"
713,"6344107400","5014292785","What kind of men do you like ekuyochish weys more older man?",NULL,NULL,"2025-10-22 11:41:49.914016+00"
2475,"6194922788","8109112246","I don’t think this is needed but when we are together and I say no to anything it means NO!",NULL,NULL,"2025-11-05 13:30:39.41775+00"
2650,"8333529926","8072898920","Heyy
Wanna hv fun😊",NULL,NULL,"2025-11-06 18:11:09.412182+00"
2656,"8333529926","788646678","Good
Hv fun",NULL,NULL,"2025-11-06 18:32:55.318379+00"
2660,"7984980757","7973649446","Yes?",NULL,NULL,"2025-11-06 18:53:50.2509+00"
2748,"346320754","1222542336","I was asking who you? but ur right I should’ve said hello
Yoo-hoo 😉",NULL,NULL,"2025-11-07 08:53:21.854896+00"
2911,"1722589537","1834543510","A lot",NULL,NULL,"2025-11-07 20:18:15.372866+00"
2912,"1834543510","1722589537","Should i give u my friend's nō",NULL,NULL,"2025-11-07 20:19:30.439529+00"
2916,"1834543510","1722589537","r u a girl?",NULL,NULL,"2025-11-07 20:22:13.23622+00"
2939,"1834543510","1722589537","Temelseh metah?",NULL,NULL,"2025-11-07 20:37:23.148954+00"
2948,"1834543510","2056814277","name?",NULL,NULL,"2025-11-07 20:43:57.253546+00"
2951,"2056814277","1834543510","19",NULL,NULL,"2025-11-07 20:45:22.336992+00"
2969,"2056814277","1834543510","Ay bzum adelem",NULL,NULL,"2025-11-07 21:00:56.87131+00"
3231,"1570959519","7277297826","Hi",NULL,NULL,"2025-11-08 10:15:32.035307+00"
3392,"8178595410","8010756289","So how could u help me?🤧",NULL,NULL,"2025-11-08 18:30:43.721728+00"
3416,"1246961688","7231257941","Oh, I'm a girl, does a guy text you "" heyy""😂",NULL,NULL,"2025-11-08 18:38:44.256877+00"
3453,"411388600","8359698550","Good too... sup",NULL,NULL,"2025-11-08 18:58:44.580785+00"
3459,"7231257941","1246961688","4kilo",NULL,NULL,"2025-11-08 19:02:46.566542+00"
3473,"8359698550","411388600","Who’s you",NULL,NULL,"2025-11-08 19:13:29.860072+00"
3476,"411388600","8359698550","Stranger...🙄",NULL,NULL,"2025-11-08 19:14:26.593444+00"
3481,"8359698550","411388600","Ikr",NULL,NULL,"2025-11-08 19:15:02.328361+00"
3483,"7231257941","1246961688","Are u going to celebrate it if for me😂",NULL,NULL,"2025-11-08 19:15:25.230217+00"
3510,"7231257941","1246961688","But u can enjoy it more on private chat 😔",NULL,NULL,"2025-11-08 19:32:03.287+00"
3517,"1246961688","7231257941","2 more",NULL,NULL,"2025-11-08 19:36:26.395672+00"
3540,"7773846469","8312458446","hey",NULL,NULL,"2025-11-08 19:59:49.219263+00"
3541,"8312458446","7773846469","Hello",NULL,NULL,"2025-11-08 20:00:41.003696+00"
3725,"7058103791","1924682462","Can you share wht u said u wanna share here pls",NULL,NULL,"2025-11-09 07:15:14.626407+00"
4189,"1246961688","1051120004","Yeah it's gets wild the pedos, the gays.. never knew they were this many",NULL,NULL,"2025-11-09 15:09:40.130735+00"
4217,"1051120004","1246961688","i don’t really have a type tbh, as long as i find you attractive and our personalities click thats about it",NULL,NULL,"2025-11-09 15:38:06.423531+00"
4220,"1767733168","6110336587","Hy",NULL,NULL,"2025-11-09 15:42:56.146516+00"
4229,"1051120004","1246961688","Is it a red flag if a guy can’t cook, willing to do so but just can’t cook?",NULL,NULL,"2025-11-09 15:52:06.209555+00"
4490,"1441075897","6499363352","hey there👋 i was wondering if we could talk mnamn 😭",NULL,NULL,"2025-11-10 05:17:39.708277+00"
4500,"1441075897","6499363352","which campus r u in",NULL,NULL,"2025-11-10 05:32:24.523875+00"
4501,"6499363352","1441075897","Embi alnagerm😭",NULL,NULL,"2025-11-10 05:34:31.586815+00"
4576,"356250788","5397367435","Hey",NULL,NULL,"2025-11-10 13:55:09.290876+00"
4578,"356250788","5397367435","Selam M or F",NULL,NULL,"2025-11-10 14:09:55.944906+00"
4743,"829653636","1568889911","Well it was nice meeting you I guess",NULL,NULL,"2025-11-11 05:34:09.344952+00"
4746,"1570959519","865881783","Send urs",NULL,NULL,"2025-11-11 06:01:36.920889+00"
4747,"1570959519","865881783","First year lol wbu",NULL,NULL,"2025-11-11 06:01:42.930225+00"
4749,"6110336587","370668833","Ur gender, campus nd interest¿",NULL,NULL,"2025-11-11 06:02:38.520644+00"
4869,"865881783","1570959519","i have been sending eko",NULL,NULL,"2025-11-11 17:34:16.781783+00"
4873,"6110336587","8496749643","Hey, wts goin on, everything good¿",NULL,NULL,"2025-11-11 17:37:07.490327+00"
5156,"6794069219","7300957726","shhd",NULL,NULL,"2025-11-12 09:31:50.086016+00"
5366,"8223038699","7623717059","Yeah, I don't want to have one. I can't deal with it.",NULL,NULL,"2025-11-12 19:53:21.273006+00"
5370,"8223038699","7623717059","We may see each other after knowing each other",NULL,NULL,"2025-11-12 19:58:23.502892+00"
5379,"466664482","8274317025","Hey",NULL,NULL,"2025-11-12 20:11:29.129936+00"
5380,"8274317025","466664482","I think your comment about cheating amazed me.",NULL,NULL,"2025-11-12 20:28:51.608818+00"
5527,"7948131858","8262150907","It looks like latin name 😁 ... male or female",NULL,NULL,"2025-11-13 10:28:50.02528+00"
5535,"6870565233","8487387358","How can I get those books? Please help me out 🥺
Doestosvesky",NULL,NULL,"2025-11-13 10:36:21.532606+00"
5731,"1115042518","1834543510","Heyyy",NULL,NULL,"2025-11-13 15:28:27.004414+00"
5736,"1115042518","8151671672","M u?",NULL,NULL,"2025-11-13 15:30:26.584597+00"
5741,"1834543510","8402831744","Eko flagotsh sex madreg new wey gurl?",NULL,NULL,"2025-11-13 15:34:36.844045+00"
5998,"5636401129","1722589537","Oww cool , what abt ur dep then

That's what I want tbh , u like short girls or tall ones?",NULL,NULL,"2025-11-13 20:43:08.19669+00"
6112,"6110336587","1436892288","Ur gender, campus nd interest¿",NULL,NULL,"2025-11-14 05:11:21.178658+00"
6223,"7563130272","385008472","Yes?",NULL,NULL,"2025-11-14 11:40:00.886281+00"
706,"6344107400","5014292785","I posted that vent long  ago eko how do you remember it",NULL,NULL,"2025-10-22 11:35:27.526205+00"
707,"5014292785","6344107400","I don't remember it. Awkewalew mech alku",NULL,NULL,"2025-10-22 11:37:10.519833+00"
708,"6344107400","5014292785","How do you know it is copy paste then",NULL,NULL,"2025-10-22 11:38:01.772799+00"
710,"6344107400","5014292785","So alascheniksh",NULL,NULL,"2025-10-22 11:39:53.775881+00"
718,"6344107400","5014292785","How old is ur preference tho?",NULL,NULL,"2025-10-22 11:45:09.592506+00"
719,"6344107400","5014292785","Girl I gotta go now. Talk to u later",NULL,NULL,"2025-10-22 11:47:53.536929+00"
2486,"6194922788","8109112246","Well my pussy can’t be replicated in real life so you are good.",NULL,NULL,"2025-11-05 13:36:18.366982+00"
2487,"8109112246","6194922788","Ok esh say im real girl be voice",NULL,NULL,"2025-11-05 13:36:18.915888+00"
2651,"6110336587","7541294991","Heyy
U M or F",NULL,NULL,"2025-11-06 18:14:59.305054+00"
2658,"346320754","1222542336","You who 👀",NULL,NULL,"2025-11-06 18:45:44.078568+00"
2668,"5906429938","8333529926","Ya always",NULL,NULL,"2025-11-06 19:12:48.951276+00"
2749,"1222542336","346320754","It is I, mee hee lol",NULL,NULL,"2025-11-07 08:59:42.375498+00"
2750,"346320754","1222542336","Can I get ur username and we can go Wee haa 😅",NULL,NULL,"2025-11-07 09:01:22.283514+00"
2752,"346320754","1222542336","gocebew , here u go",NULL,NULL,"2025-11-07 09:03:24.415239+00"
2754,"6490842744","5014292785","H",NULL,NULL,"2025-11-07 09:35:19.563277+00"
2760,"5014292785","6490842744","Hana wbu?",NULL,NULL,"2025-11-07 09:43:30.823503+00"
2767,"8178595410","333933994","Hey",NULL,NULL,"2025-11-07 10:16:37.838536+00"
2775,"8178595410","333933994","Mtak kehone adera tell me...",NULL,NULL,"2025-11-07 10:19:02.745826+00"
2778,"8178595410","333933994","Just ezi temar hona balege yehonech",NULL,NULL,"2025-11-07 10:19:38.231528+00"
2781,"8178595410","333933994","Bruh why silent?🙄",NULL,NULL,"2025-11-07 10:25:58.890442+00"
2915,"1834543510","1722589537","Endeza neger?",NULL,NULL,"2025-11-07 20:22:13.147341+00"
2920,"1834543510","1722589537","Ena for my friend...yalayehutn sew lastewawkat ende",NULL,NULL,"2025-11-07 20:26:24.629002+00"
2929,"1722589537","1834543510","Dag",NULL,NULL,"2025-11-07 20:32:24.081953+00"
2945,"1834543510","8178595410","Heyy",NULL,NULL,"2025-11-07 20:41:32.117109+00"
2947,"2056814277","1834543510","Girl",NULL,NULL,"2025-11-07 20:43:36.555677+00"
3232,"1570959519","7277297826","R u gay how old r u",NULL,NULL,"2025-11-08 10:15:52.841383+00"
3241,"989574457","1760862707","Hi",NULL,NULL,"2025-11-08 10:32:08.448292+00"
3394,"8178595410","8010756289","Ru fr...",NULL,NULL,"2025-11-08 18:31:22.541123+00"
3403,"8178595410","8010756289","Ru boy or female?",NULL,NULL,"2025-11-08 18:33:47.891152+00"
3404,"8010756289","8178595410","Yechikuan",NULL,NULL,"2025-11-08 18:33:49.449993+00"
3405,"8010756289","8178595410","Male",NULL,NULL,"2025-11-08 18:33:56.82499+00"
3414,"5014292785","6369586656","Hi",NULL,NULL,"2025-11-08 18:38:27.890182+00"
3421,"1246961688","7231257941","Before that, I want to chat with you more on here",NULL,NULL,"2025-11-08 18:41:12.27391+00"
3449,"411388600","8359698550","How u doin",NULL,NULL,"2025-11-08 18:57:19.832469+00"
3450,"8359698550","411388600","Good n u",NULL,NULL,"2025-11-08 18:57:35.44111+00"
3451,"7231257941","1246961688","I have",NULL,NULL,"2025-11-08 18:58:04.823488+00"
3456,"7231257941","1246961688","Btw what is ur name",NULL,NULL,"2025-11-08 19:01:19.973725+00"
3467,"1246961688","7231257941","Stop pressuring me😂😂 you gave me your username so I can talk to you even if the bot crashes",NULL,NULL,"2025-11-08 19:07:11.271285+00"
3475,"466664482","1252034666","Why?",NULL,NULL,"2025-11-08 19:14:06.041371+00"
3490,"1246961688","7231257941","Bruhh are you psychic",NULL,NULL,"2025-11-08 19:19:59.503122+00"
3499,"5014292785","6369586656","Yeah they hated it😂I guess I struck a nerve",NULL,NULL,"2025-11-08 19:22:54.788981+00"
3511,"1246961688","7231257941","Your so bent on this",NULL,NULL,"2025-11-08 19:33:05.501347+00"
3512,"7231257941","1246961688","Esh beka yihe bot crash karege eza bet mexalishalow eshi kezan enaweralen",NULL,NULL,"2025-11-08 19:34:26.762299+00"
3514,"7231257941","1246961688","Yenante bet nwa weys dorm nesh ezam kohne mexalow 😁",NULL,NULL,"2025-11-08 19:35:29.514586+00"
3537,"1834543510","6272869186","24",NULL,NULL,"2025-11-08 19:51:21.454729+00"
3551,"7773846469","8312458446","i would say from your weirdest confession.",NULL,NULL,"2025-11-08 20:08:45.727463+00"
3578,"1834543510","6272869186","Ahh ጠምቶህ new?",NULL,NULL,"2025-11-08 20:22:14.947989+00"
3598,"6272869186","6692034060","I wanted to ask a question",NULL,NULL,"2025-11-08 20:41:13.838876+00"
3603,"1834543510","6272869186","5K tkeflaleh?",NULL,NULL,"2025-11-08 20:43:18.787255+00"
3726,"6110336587","6566784212","Heyy",NULL,NULL,"2025-11-09 07:15:16.49659+00"
3759,"5740594639","8178595410","Yes",NULL,NULL,"2025-11-09 07:22:09.789192+00"
4190,"1246961688","1051120004","Btw what's your take on my confession or question, do you want to..",NULL,NULL,"2025-11-09 15:11:23.673501+00"
4202,"1246961688","1051120004","Do you have siblings?",NULL,NULL,"2025-11-09 15:23:49.097749+00"
4494,"6499363352","1441075897","Heyyy",NULL,NULL,"2025-11-10 05:25:57.77573+00"
4502,"1441075897","6499363352","hee weregna😭 here is my username @jah397 it this makes yo safe😭😭",NULL,NULL,"2025-11-10 05:35:53.514796+00"
4509,"6499363352","1441075897","Omg tnx 
Ppl are mean when u say no to giving usernames",NULL,NULL,"2025-11-10 05:42:00.962468+00"
4511,"1441075897","6499363352","i thought i was declined not the username 😭😅",NULL,NULL,"2025-11-10 05:43:12.817077+00"
4577,"1834543510","356250788","Hey",NULL,NULL,"2025-11-10 14:02:17.432675+00"
4744,"1568889911","829653636","Same",NULL,NULL,"2025-11-11 05:37:06.087054+00"
4890,"1570959519","5183845073","Depends on u looks cuz im young 18 is young😭",NULL,NULL,"2025-11-11 17:45:08.345975+00"
4909,"5183845073","1570959519","Am not slim",NULL,NULL,"2025-11-11 17:51:06.378351+00"
4910,"5183845073","1570959519","Kind of chubby",NULL,NULL,"2025-11-11 17:51:11.275006+00"
4912,"1570959519","5183845073","Pls lemme see u",NULL,NULL,"2025-11-11 17:51:58.830042+00"
4926,"829653636","1570959519","And not surprised",NULL,NULL,"2025-11-11 17:55:25.403654+00"
4927,"829653636","1570959519","Can't a brother like both",NULL,NULL,"2025-11-11 17:55:35.517755+00"
4928,"1570959519","829653636","Im bi too",NULL,NULL,"2025-11-11 17:55:44.457226+00"
4930,"829653636","1570959519","Oh",NULL,NULL,"2025-11-11 17:55:53.410869+00"
4931,"1570959519","829653636","But men had me weak",NULL,NULL,"2025-11-11 17:55:57.982128+00"
4934,"829653636","1570959519","Over text ofc",NULL,NULL,"2025-11-11 17:56:14.143667+00"
4938,"1570959519","829653636","emr_789",NULL,NULL,"2025-11-11 17:56:38.484006+00"
4943,"1570959519","5183845073","Text me",NULL,NULL,"2025-11-11 17:59:49.392491+00"
5157,"1606816319","5194677184","Hiiii",NULL,NULL,"2025-11-12 10:29:18.770257+00"
5159,"6110321042","7623717059","Hey",NULL,NULL,"2025-11-12 10:31:13.821857+00"
5160,"6110336587","7680965813","Heyy, wts goin on, everything good?",NULL,NULL,"2025-11-12 10:31:24.146897+00"
5168,"7194619401","7963453467","Send me ur user name",NULL,NULL,"2025-11-12 10:51:05.351524+00"
5185,"7222244857","7388700051","Nice",NULL,NULL,"2025-11-12 11:08:55.684759+00"
5186,"7988209946","1494988153","Well..i agreed with some of ur opinions.ppl now a days claim to be open minded until they know u are on the contrary side of their ideology...We lack logic and reasoning ig ... personally I think that we don't have to bound our selves in some'ism' kind of ideology,since opinioñs are not dogmatic.

Bcha I don wanna get u bored that's it....I just loved some of ur stances",NULL,NULL,"2025-11-12 11:09:28.603712+00"
5367,"7623717059","8223038699","Yeah it's boring . But it's good if you have a real friend .",NULL,NULL,"2025-11-12 19:54:52.817056+00"
5528,"7501176620","6499363352","People called you other she ?",NULL,NULL,"2025-11-13 10:29:43.724306+00"
5530,"7501176620","6499363352","I had a different name before this but I can't remember 


It was something retarded though fs 😂",NULL,NULL,"2025-11-13 10:30:07.032058+00"
5543,"6499363352","7501176620","Why is it sad
I like the name",NULL,NULL,"2025-11-13 10:44:51.038797+00"
5555,"7501176620","6499363352","I be getting LMSYD kinda texts 😂",NULL,NULL,"2025-11-13 10:50:22.073433+00"
5559,"8487387358","6870565233","Tell u what",NULL,NULL,"2025-11-13 10:52:58.945896+00"
5561,"6499363352","7501176620","Yes like why the hell do u think i aint usin my name 
ANONYMITY !!!!",NULL,NULL,"2025-11-13 10:54:05.174053+00"
5563,"6499363352","7501176620","Wshetammmm ur lyiiiing
😳",NULL,NULL,"2025-11-13 10:54:31.932378+00"
5732,"1834543510","8402831744","Esu endanchi smet new yemiwesenew",NULL,NULL,"2025-11-13 15:29:48.600568+00"
5742,"5229975567","7597536347","sup",NULL,NULL,"2025-11-13 15:34:53.454578+00"
709,"6344107400","5014292785","Anyways you are a kid I am shimagle I guess compared to you",NULL,NULL,"2025-10-22 11:39:43.733887+00"
711,"5014292785","6344107400","Sent neh",NULL,NULL,"2025-10-22 11:40:23.03695+00"
714,"5014292785","6344107400","30 sent neh",NULL,NULL,"2025-10-22 11:43:01.078641+00"
715,"6344107400","5014292785","Haha",NULL,NULL,"2025-10-22 11:43:10.722338+00"
716,"6344107400","5014292785","Someone is trying to look smart here",NULL,NULL,"2025-10-22 11:43:31.273554+00"
717,"6344107400","5014292785","R u 21 gn?",NULL,NULL,"2025-10-22 11:44:18.429913+00"
720,"1377944646","5924560478","Heyy",NULL,NULL,"2025-10-22 12:53:23.580964+00"
721,"6344107400","5014292785","Hey girl",NULL,NULL,"2025-10-22 13:46:57.040538+00"
722,"5014292785","6344107400","Hi",NULL,NULL,"2025-10-22 14:10:12.781792+00"
723,"6344107400","5014292785","How are you",NULL,NULL,"2025-10-22 14:10:29.198549+00"
724,"5014292785","6344107400","Alw",NULL,NULL,"2025-10-22 14:12:14.301371+00"
725,"6344107400","5014292785","How was ur day",NULL,NULL,"2025-10-22 14:12:54.594329+00"
726,"6344107400","6499363352","Hey girl",NULL,NULL,"2025-10-22 14:17:35.811293+00"
727,"6499363352","6344107400","Hey girly",NULL,NULL,"2025-10-22 14:19:06.274215+00"
728,"6344107400","6499363352","Haha now I am girly",NULL,NULL,"2025-10-22 14:19:19.695954+00"
729,"6499363352","6344107400","Sorry",NULL,NULL,"2025-10-22 14:37:34.901178+00"
730,"6344107400","6499363352","I am not girly tho",NULL,NULL,"2025-10-22 14:38:32.115377+00"
731,"6499363352","6344107400","Ok sorry",NULL,NULL,"2025-10-22 14:39:55.133021+00"
732,"6344107400","6499363352","So who should I call u",NULL,NULL,"2025-10-22 14:40:30.707318+00"
733,"6499363352","6344107400","Other she",NULL,NULL,"2025-10-22 14:41:09.902149+00"
734,"6344107400","6499363352","Haha no no name",NULL,NULL,"2025-10-22 14:41:30.028389+00"
735,"641739565","6332613822","Bro are you second year?",NULL,NULL,"2025-10-22 14:44:14.463162+00"
736,"6499363352","6344107400","Nah",NULL,NULL,"2025-10-22 14:44:21.710192+00"
737,"6344107400","6499363352","I am Yonas tho",NULL,NULL,"2025-10-22 14:59:28.368025+00"
738,"6499363352","6344107400","Its anonymous for a reason😭",NULL,NULL,"2025-10-22 15:00:05.755154+00"
739,"6344107400","6499363352","There are million yonas in this country but I don’t care if you know me demo",NULL,NULL,"2025-10-22 15:01:14.827386+00"
740,"6344107400","6499363352","U here",NULL,NULL,"2025-10-22 16:43:36.435731+00"
741,"6499363352","6344107400","Yea",NULL,NULL,"2025-10-22 16:44:37.343964+00"
742,"6344107400","6499363352","So how was ur day",NULL,NULL,"2025-10-22 16:44:49.224775+00"
743,"6499363352","6344107400","Normal",NULL,NULL,"2025-10-22 16:44:58.365332+00"
744,"6499363352","6344107400","Which campus u at",NULL,NULL,"2025-10-22 16:45:04.143196+00"
745,"6344107400","6499363352","I am not in campus anymore",NULL,NULL,"2025-10-22 16:45:23.882091+00"
746,"6499363352","6344107400","🙄 ohhhhh rly 
Wow ok",NULL,NULL,"2025-10-22 16:46:00.171764+00"
747,"6344107400","6499363352","Yeah which campus are u",NULL,NULL,"2025-10-22 16:46:32.128229+00"
748,"6344107400","6499363352","It’s been awhile since I finished school actually",NULL,NULL,"2025-10-22 16:48:36.919504+00"
749,"6499363352","6344107400","So ur old",NULL,NULL,"2025-10-22 16:48:59.167957+00"
750,"6499363352","6344107400","Got that",NULL,NULL,"2025-10-22 16:49:04.155912+00"
751,"6499363352","6344107400","Whachu doin here then",NULL,NULL,"2025-10-22 16:49:10.581602+00"
752,"6344107400","6499363352","I am old yeah",NULL,NULL,"2025-10-22 16:49:49.20304+00"
753,"6344107400","6499363352","Just refreshing memories",NULL,NULL,"2025-10-22 16:50:04.756394+00"
754,"6499363352","6344107400","Cool",NULL,NULL,"2025-10-22 16:50:10.287337+00"
755,"6344107400","6499363352","You will not leave when u leave my dear",NULL,NULL,"2025-10-22 16:50:20.128076+00"
756,"6499363352","6344107400","What",NULL,NULL,"2025-10-22 16:50:33.306+00"
757,"6344107400","6499363352","Gibi",NULL,NULL,"2025-10-22 16:51:16.286518+00"
758,"6344107400","6499363352","Yinafkal",NULL,NULL,"2025-10-22 16:52:22.133879+00"
759,"6499363352","6344107400","I dont think i will",NULL,NULL,"2025-10-22 16:52:52.296318+00"
760,"6344107400","6499363352","Which year r u now",NULL,NULL,"2025-10-22 16:53:13.739085+00"
761,"6499363352","6344107400","2",NULL,NULL,"2025-10-22 16:53:41.84629+00"
762,"6344107400","6499363352","Mn dept",NULL,NULL,"2025-10-22 16:53:57.813304+00"
763,"6499363352","6344107400","Nahh i aint sayn that",NULL,NULL,"2025-10-22 16:54:18.498985+00"
764,"6344107400","6499363352","Bcha 2nd yr honesh new yemereresh",NULL,NULL,"2025-10-22 16:54:38.997208+00"
765,"6499363352","6344107400","Yep",NULL,NULL,"2025-10-22 16:57:18.199508+00"
766,"6344107400","6499363352","Chill you will never get these years back",NULL,NULL,"2025-10-22 16:58:12.382922+00"
767,"6344107400","6499363352","Life will be even harder after gibi",NULL,NULL,"2025-10-22 16:58:26.19909+00"
768,"6499363352","6344107400","Bettee being w cocky ahh teens",NULL,NULL,"2025-10-22 16:59:18.828093+00"
769,"6344107400","6499363352","Yeah yeah I know esuma",NULL,NULL,"2025-10-22 17:00:22.457874+00"
770,"6344107400","6499363352","But plan for business minamn if you are good in business",NULL,NULL,"2025-10-22 17:00:37.860397+00"
771,"6344107400","6499363352","Learn as much as you can",NULL,NULL,"2025-10-22 17:00:46.936495+00"
772,"6344107400","6499363352","prepare for life while you are there",NULL,NULL,"2025-10-22 17:01:04.904238+00"
773,"6499363352","6344107400","Yea i guess its better than beinf butchered by life so i'll enjoy while i can",NULL,NULL,"2025-10-22 17:01:35.687934+00"
774,"6344107400","6499363352","Yeah",NULL,NULL,"2025-10-22 17:01:55.929058+00"
775,"6344107400","6499363352","In the mean time u gotta live",NULL,NULL,"2025-10-22 17:02:09.187057+00"
776,"6344107400","6499363352","Enjoy ur time even now",NULL,NULL,"2025-10-22 17:02:16.500523+00"
777,"6499363352","6344107400","Ok tnx",NULL,NULL,"2025-10-22 17:05:53.473659+00"
778,"6344107400","6499363352","Do you have a bf?",NULL,NULL,"2025-10-22 17:06:05.480602+00"
779,"6499363352","6344107400","No why",NULL,NULL,"2025-10-22 17:06:27.095004+00"
780,"6344107400","6499363352","Get one",NULL,NULL,"2025-10-22 17:06:34.061329+00"
781,"6499363352","6344107400","NEVER",NULL,NULL,"2025-10-22 17:06:40.790155+00"
782,"6344107400","6499363352","Mn eyeserash new",NULL,NULL,"2025-10-22 17:06:40.879778+00"
783,"6344107400","6499363352","How old ru",NULL,NULL,"2025-10-22 17:06:44.544836+00"
784,"6499363352","6344107400","Romania",NULL,NULL,"2025-10-22 17:07:04.734857+00"
785,"6344107400","6499363352","What?",NULL,NULL,"2025-10-22 17:07:20.80858+00"
786,"6499363352","6344107400","Its a meme look it up",NULL,NULL,"2025-10-22 17:07:30.603567+00"
787,"6344107400","6499363352","Send me esti",NULL,NULL,"2025-10-22 17:08:17.1511+00"
788,"6499363352","6344107400","Just search how old are u romania in tiktok 
U old people are so easily tires",NULL,NULL,"2025-10-22 17:09:01.829817+00"
789,"6344107400","6499363352","Haha 😆",NULL,NULL,"2025-10-22 17:09:17.43745+00"
790,"6344107400","6499363352","Haha so 21?",NULL,NULL,"2025-10-22 17:10:59.212388+00"
791,"6499363352","6344107400","No",NULL,NULL,"2025-10-22 17:14:50.577774+00"
792,"6344107400","6499363352","Algebagnm baksh",NULL,NULL,"2025-10-22 17:15:00.649546+00"
793,"6344107400","6499363352","How old r u I am romania",NULL,NULL,"2025-10-22 17:15:10.85028+00"
794,"6344107400","6499363352","Wtf is that",NULL,NULL,"2025-10-22 17:15:13.784875+00"
795,"6160727207","6892367093","where's the trade group at?",NULL,NULL,"2025-10-22 17:36:03.851565+00"
796,"855757095","7439766390","Hi",NULL,NULL,"2025-10-22 17:46:24.119141+00"
797,"7439766390","855757095","Selam",NULL,NULL,"2025-10-22 17:54:27.660245+00"
798,"7439766390","855757095","Selam",NULL,NULL,"2025-10-22 17:54:34.276455+00"
799,"855757095","7439766390","There's a tutoring job if you're interested",NULL,NULL,"2025-10-22 17:55:33.179548+00"
800,"855757095","7439766390","I thought it might be helpful for you",NULL,NULL,"2025-10-22 17:55:48.049065+00"
801,"7439766390","855757095","ere eshi ds ylegnal betam",NULL,NULL,"2025-10-22 17:56:21.189558+00"
802,"855757095","7439766390","https://docs.google.com/forms/d/e/1FAIpQLSfWWdCqSayzAFyyPy7sZ9pgpuWgnLWGzK2TsWLWKbltcWEHFw/viewform?usp=header",NULL,NULL,"2025-10-22 17:56:59.515126+00"
803,"855757095","7439766390","Apply on this",NULL,NULL,"2025-10-22 17:57:07.270104+00"
804,"855757095","7439766390","I also work bezi demo since you're smart aykebdhm",NULL,NULL,"2025-10-22 17:57:25.109342+00"
805,"7439766390","855757095","like ahun magegnet chlalw sera",NULL,NULL,"2025-10-22 17:59:14.841277+00"
806,"855757095","7439766390","Wedyawunu latagegn tchlaleh",NULL,NULL,"2025-10-22 18:00:14.699008+00"
807,"855757095","7439766390","Gn tnsh ketagesk yimetal",NULL,NULL,"2025-10-22 18:00:34.46756+00"
808,"855757095","7439766390","Dorm newa mtnorew? Rak bil chigir alew?",NULL,NULL,"2025-10-22 18:00:53.421216+00"
809,"7439766390","855757095","It's depends, betam kalrake it's okay",NULL,NULL,"2025-10-22 18:08:22.068102+00"
810,"7439766390","855757095","Eshi ere",NULL,NULL,"2025-10-22 18:08:49.231199+00"
811,"855757095","7439766390","Apply ena you can ask me anything you'd like",NULL,NULL,"2025-10-22 18:12:51.531118+00"
812,"855757095","7439766390","@HeartifiliaFT",NULL,NULL,"2025-10-22 18:13:19.4594+00"
813,"855757095","7032013638","Heyy",NULL,NULL,"2025-10-22 18:18:38.874822+00"
814,"7032013638","855757095","Hi",NULL,NULL,"2025-10-22 18:19:17.807214+00"
815,"7032013638","855757095","Hi",NULL,NULL,"2025-10-22 18:19:27.628924+00"
816,"855757095","7032013638","What's up",NULL,NULL,"2025-10-22 18:20:13.626086+00"
817,"855757095","7032013638","Did you get to create the community you were talking about",NULL,NULL,"2025-10-22 18:20:29.337922+00"
818,"7032013638","855757095","I just opened a grp yesterday. I plan on building it.",NULL,NULL,"2025-10-22 18:21:05.453171+00"
819,"7032013638","855757095","So u send me ur usernamr",NULL,NULL,"2025-10-22 18:21:47.810738+00"
820,"7032013638","855757095","Dm, i need ur acc",NULL,NULL,"2025-10-22 18:22:11.161623+00"
821,"855757095","7032013638","@HeartifiliaFT",NULL,NULL,"2025-10-22 18:22:20.924152+00"
822,"5713614056","6634362515","Howdy",NULL,NULL,"2025-10-23 09:23:07.370193+00"
823,"5713614056","6634362515","Ur responses are kinda sharp...it hurts man",NULL,NULL,"2025-10-23 09:23:19.915539+00"
824,"6634362515","5713614056","Ik",NULL,NULL,"2025-10-23 09:23:31.023213+00"
825,"6634362515","5713614056","That's the point",NULL,NULL,"2025-10-23 09:23:37.157902+00"
826,"8109112246","5014292785","We will share a dinner soon",NULL,NULL,"2025-10-23 13:53:34.890598+00"
827,"5014292785","8109112246","Ymn dinner",NULL,NULL,"2025-10-23 13:53:45.581114+00"
828,"8109112246","5014292785","Just get dinner,drunk and enjoy😉",NULL,NULL,"2025-10-23 13:54:20.0902+00"
829,"5014292785","5237102694","Who r u?",NULL,NULL,"2025-10-23 13:54:30.180112+00"
830,"5237102694","5014292785","What do u mean?",NULL,NULL,"2025-10-23 13:54:58.163688+00"
831,"5014292785","5237102694","Who am I speaking to",NULL,NULL,"2025-10-23 13:55:09.344601+00"
832,"5237102694","5014292785","Just random guy in 6 killo...hope ur here to and wonder if I can get some",NULL,NULL,"2025-10-23 13:55:50.586763+00"
833,"5014292785","5237102694","Get some what",NULL,NULL,"2025-10-23 13:56:13.645952+00"
834,"8109112246","5014292785","Do u Mind?",NULL,NULL,"2025-10-23 13:56:16.124525+00"
835,"5237102694","5014292785","Some time from u...cls yizen",NULL,NULL,"2025-10-23 13:57:00.252607+00"
836,"5014292785","5237102694","Jezba",NULL,NULL,"2025-10-23 13:57:09.786376+00"
837,"5014292785","5237102694","Do u think u r talking to a prostitute",NULL,NULL,"2025-10-23 13:57:40.506157+00"
838,"5237102694","5014292785","Why tho😢😳😳",NULL,NULL,"2025-10-23 13:57:47.983384+00"
839,"5237102694","5014292785","Not like that just balefew lijoch endezi siyaregu ayiche nw",NULL,NULL,"2025-10-23 13:58:28.411563+00"
840,"5014292785","5237102694","Mn seyaregu",NULL,NULL,"2025-10-23 13:58:41.080039+00"
841,"5237102694","5014292785","Eza 5 killo jerba yalew bar hido siyasnanu,...",NULL,NULL,"2025-10-23 13:59:56.801866+00"
842,"5237102694","5014292785","Enam body counte snt meselesh...",NULL,NULL,"2025-10-23 14:02:46.281547+00"
843,"8109112246","5014292785","Mn alsh ?",NULL,NULL,"2025-10-23 14:03:16.062094+00"
844,"6170475301","7231257941","hello",NULL,NULL,"2025-10-23 15:17:18.831049+00"
845,"7231257941","6170475301","Hello",NULL,NULL,"2025-10-23 15:19:06.37963+00"
846,"666702479","8132883465","What r the online tasks bruh",NULL,NULL,"2025-10-23 19:50:14.217379+00"
847,"6692034060","7032013638","I came across your user name on aau confessions comment section discussing the desire to create aau atheist/ agnostic group. I consider myself as an agnostic and want to join such groups.",NULL,NULL,"2025-10-23 20:53:58.056207+00"
848,"7032013638","6692034060","Send me ur user name I've already created one...",NULL,NULL,"2025-10-23 20:54:46.611409+00"
849,"6692034060","7032013638","Thank you!
@courageousnigga",NULL,NULL,"2025-10-23 20:55:21.937237+00"
850,"7032013638","6692034060","I hope u're not a tracker. I've said things which could led to stoning 😭😁😂",NULL,NULL,"2025-10-23 20:55:31.18168+00"
851,"6692034060","7032013638","Oh no brah😆😆",NULL,NULL,"2025-10-23 20:55:52.242537+00"
852,"7032013638","6692034060","Tf is wiz Ur story",NULL,NULL,"2025-10-23 20:56:23.049508+00"
853,"7032013638","6692034060","I'll add u😁",NULL,NULL,"2025-10-23 20:56:56.668453+00"
854,"8105323981","666702479","Man what kind of wild things u talkin about??",NULL,NULL,"2025-10-24 07:30:34.750703+00"
855,"7032013638","6634362515","https://t.me/+WGbuax5fQ0pkNWU0",NULL,NULL,"2025-10-24 07:59:39.174809+00"
856,"7032013638","6634362515","U an atheist right?",NULL,NULL,"2025-10-24 08:00:05.762923+00"
857,"1712195775","5647903240","👋 hi, are u an atheist?",NULL,NULL,"2025-10-24 08:02:41.62012+00"
858,"5647903240","1712195775","No",NULL,NULL,"2025-10-24 08:03:33.215158+00"
859,"7032013638","6634362515","👋hi... U an atheist. right?",NULL,NULL,"2025-10-24 08:03:43.91897+00"
860,"1712195775","5647903240","Alr, sry 2 bother u?",NULL,NULL,"2025-10-24 08:08:34.474874+00"
861,"1712195775","5647903240","Confession #2756

For muslims especially women like why are u people still muslim and even worse why are u defending it? Like I've tried to listen to muslim scholars and debates and honestly islam is really a fucked up dangerous ideology for freedom, social progress 
... overall for development like what do u mean mohammed married a 6 year old and 🍇 her at 9(he was 50+ degmo) and he had 12 wives and promises more( something like 72 ) in heaven, it even allowed slavery and he raped and allowed raping slaves and also it gave men the right to beat wives who refuse sex(seriously this is fucked up) , a woman’s testimony is treated as half a man’s and inheritance laws give male heirs twice the share of female heirs, thieves can be punished by having their hands cut off (as if thieves had it easy like im not defending stealing but cutting their hands is straight ድድብና) and adultery is punished by stoning(another ድድብና) leaving islam and blasphemy carry death penalties(and yeah islamic countries still allows that according to sharia law), Muslim men can marry christian or jewish women but muslim women are barred from marrying non muslim men(is this the equality u guys gave for women), Free Muslims can’t be enslaved but non muslims could be,  drinking alcohol can mean 40–80 lashes(again drinking is bad but violence is worse) and these aren’t the only fucked up things i saw ur imams say like  there are many more examples  and it’s no wonder most countries see islamic law as backward and u can all it “Islamophobia” if you want but people should wake up and if your religion is true, defend it without attacking others also for girls only why do u guys wear hijab like even if it's not mandatory why do u think ur allah ordered it

#Religion #Mental
I thought u might be atheist...",NULL,NULL,"2025-10-24 08:09:38.150607+00"
862,"6634362515","7032013638","I mostly identify as an agnostic.. but yes",NULL,NULL,"2025-10-24 08:34:09.795238+00"
863,"7032013638","6634362515","I see... bro I'm building an atheist and agnostic community. I opened a grp ts week, so join and help us get more members...
https://t.me/+WGbuax5fQ0pkNWU0",NULL,NULL,"2025-10-24 09:33:25.842363+00"
864,"7205880436","7388700051","Hey",NULL,NULL,"2025-10-24 14:06:29.400297+00"
865,"7388700051","7205880436","halo",NULL,NULL,"2025-10-24 14:52:36.881526+00"
866,"8178595410","5799933418","Ru male or female?",NULL,NULL,"2025-10-24 16:46:32.859509+00"
867,"5799933418","8178595410","Male .
what the?",NULL,NULL,"2025-10-24 16:48:11.57852+00"
868,"8178595410","5799933418","Ur male ...so he used ur anus🤕🥹",NULL,NULL,"2025-10-24 16:50:01.70227+00"
869,"8178595410","5799933418","Im female i could help that nbr eko 😞🤕",NULL,NULL,"2025-10-24 16:50:11.19609+00"
870,"5799933418","8178595410","Then help 
Give me your..",NULL,NULL,"2025-10-24 16:53:52.679257+00"
871,"5924560478","1377944646","Hay sry I didn't know how this bot worked",NULL,NULL,"2025-10-24 19:02:19.467347+00"
872,"5924560478","1377944646","How did u say you gonna help again?",NULL,NULL,"2025-10-24 19:24:51.805057+00"
873,"8178595410","7293631010","Hey selam ru freshman? M/f?",NULL,NULL,"2025-10-25 11:19:12.615513+00"
874,"8327870332","5014292785","why are you in this bot 24 7",NULL,NULL,"2025-10-25 11:23:05.717811+00"
875,"5014292785","8327870332","Not only in this bot. I'm just chronically online",NULL,NULL,"2025-10-25 11:23:30.454654+00"
876,"6356474261","5014292785","Hey there",NULL,NULL,"2025-10-25 12:08:17.47077+00"
877,"5014292785","6356474261","Hi",NULL,NULL,"2025-10-25 12:09:51.578588+00"
878,"6356474261","5014292785","Send me ur tg account",NULL,NULL,"2025-10-25 12:11:13.691395+00"
880,"6634362515","5713614056","Bonjour",NULL,NULL,"2025-10-25 15:32:23.738217+00"
881,"6634362515","5713614056","/confess",NULL,NULL,"2025-10-25 16:25:26.623544+00"
882,"8141527168","6692034060","So here u are",NULL,NULL,"2025-10-25 19:24:25.105154+00"
883,"8141527168","6692034060","i'm not sure if i send it or 
Anyways talk to me if u get the message",NULL,NULL,"2025-10-25 19:26:00.85278+00"
884,"6692034060","8141527168","Which message? I am already talking with you. Contact u with @Oceaneyes556. Right?",NULL,NULL,"2025-10-25 19:27:22.499189+00"
885,"8141527168","6692034060","Ow yes",NULL,NULL,"2025-10-25 19:28:14.544054+00"
886,"6499363352","7388700051","Hey 
Jst a question if i follow u does it mean i get notified whenever u comment😀",NULL,NULL,"2025-10-26 09:24:36.186052+00"
887,"7388700051","6499363352","I guess yeah. You'll get ur daily wisdom dose",NULL,NULL,"2025-10-26 09:28:01.417031+00"
888,"6499363352","7388700051","But i say a bunch of things i dont everyone to keep up w 😭
Nvm tnx",NULL,NULL,"2025-10-26 09:29:07.439893+00"
889,"7388700051","6499363352","I followed u cuz it will be easy to attack u",NULL,NULL,"2025-10-26 09:32:48.509966+00"
890,"6499363352","7388700051","Attack ?
U wanna attack me",NULL,NULL,"2025-10-26 09:36:15.419685+00"
891,"7388700051","6499363352","Ja",NULL,NULL,"2025-10-26 09:37:01.821656+00"
892,"6499363352","7388700051","Heh
Omo why do u wanna attack me
Did i say smtn mean to u",NULL,NULL,"2025-10-26 09:39:14.098207+00"
893,"7388700051","6499363352","It's in my nature to attack the weak",NULL,NULL,"2025-10-26 09:41:05.913259+00"
894,"6499363352","7388700051","Me u n gudefela need too have a meeting on how to councel this generation clearly we are the wise fathers",NULL,NULL,"2025-10-26 09:44:09.077688+00"
895,"7388700051","6499363352","Are u implying a threesome or I'm reading the room wrong",NULL,NULL,"2025-10-26 09:47:32.101546+00"
896,"6499363352","7388700051","Uk what 
Have a good day the confessions are already traumatic enough",NULL,NULL,"2025-10-26 09:49:18.756669+00"
897,"7388700051","6499363352","😂😂I'm playin",NULL,NULL,"2025-10-26 09:50:16.979385+00"
898,"6499363352","7388700051","U better be",NULL,NULL,"2025-10-26 09:56:48.67651+00"
899,"7388700051","6499363352","Gday",NULL,NULL,"2025-10-26 10:04:01.062238+00"
900,"1115042518","8487387358","han🥲class jemerachu",NULL,NULL,"2025-10-26 12:56:28.267216+00"
901,"8487387358","1115042518","Man neh",NULL,NULL,"2025-10-26 12:57:10.562687+00"
902,"1115042518","8487387358","Hehe your sub boy lbelsh😂anchima andun tebseshal kfu🥹",NULL,NULL,"2025-10-26 12:58:09.109078+00"
903,"7388700051","6499363352","did u solve the scavenger hunt thing??",NULL,NULL,"2025-10-26 14:11:23.395016+00"
904,"6499363352","7388700051","Wait im not even playing the game
Is there a link mnamn join ladrg",NULL,NULL,"2025-10-26 14:11:58.138723+00"
905,"7388700051","6499363352","how do u have 100 points tadiya?",NULL,NULL,"2025-10-26 14:14:02.011742+00"
906,"7388700051","6499363352","there is a 5k games button in the bot now. and it has the first clue",NULL,NULL,"2025-10-26 14:14:29.629993+00"
907,"6499363352","7388700051","I have some connections here and there😉",NULL,NULL,"2025-10-26 14:14:47.460528+00"
908,"6499363352","7388700051","Lene almetalgnm",NULL,NULL,"2025-10-26 14:15:05.201515+00"
909,"6499363352","7388700051","Smama whats the hint u were given",NULL,NULL,"2025-10-26 14:19:20.798437+00"
910,"7388700051","6499363352","🔎 Scavenger Hunt

Every secret has a beginning… Find where it all started. The first words ever spoken hold your first clue its out there for everybody to see",NULL,NULL,"2025-10-26 14:19:34.549086+00"
911,"6499363352","7388700051","And u can get 100 points by reading there privacy info i jst was reading it this morning ena when u finish u can claim the points",NULL,NULL,"2025-10-26 14:20:29.987773+00"
912,"6499363352","7388700051","Omg smae clue mn yhon",NULL,NULL,"2025-10-26 14:20:38.575991+00"
913,"7388700051","6499363352","i solved it",NULL,NULL,"2025-10-26 14:21:32.303546+00"
914,"7388700051","6499363352","i thought u did too",NULL,NULL,"2025-10-26 14:21:37.468794+00"
915,"6499363352","7388700051","No i didnt",NULL,NULL,"2025-10-26 14:21:43.81003+00"
916,"7388700051","6499363352","and was surprised that u maybe solved it",NULL,NULL,"2025-10-26 14:22:01.070691+00"
917,"7388700051","6499363352","i did",NULL,NULL,"2025-10-26 14:22:20.250702+00"
918,"6499363352","7388700051","No i jst read the rules version updates mnamn",NULL,NULL,"2025-10-26 14:22:25.297331+00"
919,"6499363352","7388700051","How do u type in ur answer for the scavenger hunt",NULL,NULL,"2025-10-26 14:25:00.791058+00"
920,"7388700051","6499363352","u dont type. its like a clue that leads to another clue mnamn then at the end u will get a link then u will win",NULL,NULL,"2025-10-26 14:26:09.04759+00"
921,"6499363352","7388700051","Ee aw aw i jst found clue 2 😀
Im so confused where does everyone decide who they are",NULL,NULL,"2025-10-26 14:27:35.067116+00"
922,"6499363352","7388700051","I found clue 3 yeaaay",NULL,NULL,"2025-10-26 14:28:30.379375+00"
923,"6499363352","7388700051","Man why u still got 50 points i told u there is a hunt for a free point its in the menu",NULL,NULL,"2025-10-26 14:31:50.230228+00"
924,"6499363352","7388700051","U need to help me out",NULL,NULL,"2025-10-26 14:38:00.015691+00"
925,"7388700051","6499363352","yetu gar nesh ahun",NULL,NULL,"2025-10-26 14:40:52.039514+00"
926,"7388700051","6499363352","what does the clue say?",NULL,NULL,"2025-10-26 14:41:01.508158+00"
927,"6499363352","7388700051","Replying to:

CLUE 4: Before five came three.Go back to the joy we shared then, the answer’s watching from the top right.",NULL,NULL,"2025-10-26 14:41:05.611509+00"
928,"7388700051","6499363352","like there is a msg (image) posted when the channel reached 3k",NULL,NULL,"2025-10-26 14:41:50.312541+00"
929,"7388700051","6499363352","look there",NULL,NULL,"2025-10-26 14:41:56.257299+00"
930,"6499363352","7388700051","Uk what nvm",NULL,NULL,"2025-10-26 14:43:24.688017+00"
931,"6499363352","7388700051","Clue 5 is even confusing",NULL,NULL,"2025-10-26 14:43:36.270016+00"
932,"6499363352","7388700051","Oh wait its the description😭",NULL,NULL,"2025-10-26 14:44:23.13359+00"
933,"6499363352","7388700051","/privacy",NULL,NULL,"2025-10-26 14:44:45.95217+00"
934,"7388700051","6499363352","i think u won accidentaly😂",NULL,NULL,"2025-10-26 14:45:00.865511+00"
935,"6499363352","7388700051","Yes 😭",NULL,NULL,"2025-10-26 14:45:05.943548+00"
936,"6499363352","7388700051","I feel like stupid person😭",NULL,NULL,"2025-10-26 14:45:16.631636+00"
937,"6499363352","7388700051","Yale flagote ashenefku 
And u knew but u didnt say anything😭",NULL,NULL,"2025-10-26 14:45:41.052438+00"
938,"7388700051","6499363352","damn nd i tot u were smart",NULL,NULL,"2025-10-26 14:45:54.0855+00"
939,"6499363352","7388700051","U literally gave me 1 hint i did it on my own",NULL,NULL,"2025-10-26 14:46:46.521547+00"
940,"7388700051","6499363352","u couldnt solve it w out ma help so..",NULL,NULL,"2025-10-26 14:50:04.267817+00"
941,"6499363352","7388700051","But i did tho 
I did it without knowing there was a game",NULL,NULL,"2025-10-26 14:50:24.783373+00"
942,"7388700051","6499363352","thats luck😭 why would u even read /privacy",NULL,NULL,"2025-10-26 14:51:51.509047+00"
943,"6499363352","7388700051","Idk i was just trying to see if they had a loophole we didnt know so they were tring to get our info mnamn 
Bcha i decided at 8 in the morning",NULL,NULL,"2025-10-26 14:55:36.53058+00"
944,"6499363352","5095946794","I feel bad i gotta tell u what the clue means girly",NULL,NULL,"2025-10-26 15:39:26.642782+00"
945,"6499363352","5095946794","Check their post when they had 3k subs",NULL,NULL,"2025-10-26 15:39:48.772378+00"
946,"5095946794","6499363352","I found clue 6 before clue 5 when i went to the bio
But thanks",NULL,NULL,"2025-10-26 15:41:36.601763+00"
947,"5095946794","6499363352","I found clue 6 before clue 5 when i went to the bio
But thanks",NULL,NULL,"2025-10-26 15:41:52.074648+00"
948,"5095946794","6499363352","Did you find the 7th clue? 
What is invisible hidden in plain sight?????",NULL,NULL,"2025-10-26 16:05:43.522739+00"
949,"6499363352","5095946794","Its on the bot menu 
Go to the privacy info",NULL,NULL,"2025-10-26 16:11:30.580167+00"
950,"5095946794","6499363352","/privacy",NULL,NULL,"2025-10-26 16:11:51.218008+00"
951,"5095946794","6499363352","Thank you🙏
I kept sending messages by accident.",NULL,NULL,"2025-10-26 16:13:21.526055+00"
952,"6499363352","5095946794","Its ok",NULL,NULL,"2025-10-26 16:18:07.154039+00"
953,"8425643190","1103065697","Hey",NULL,NULL,"2025-10-27 15:55:49.423488+00"
954,"8425643190","1103065697","Selam nw😊",NULL,NULL,"2025-10-27 16:01:01.276695+00"
955,"8425643190","1103065697","You don’t have to raise your voice — I already know who’s in charge😁

Rizz from ur sincerely 😁",NULL,NULL,"2025-10-27 16:21:33.30307+00"
956,"5237102694","6499363352","Hello",NULL,NULL,"2025-10-28 03:45:46.495698+00"
957,"6499363352","5237102694","Hey",NULL,NULL,"2025-10-28 04:10:21.887157+00"
958,"5237102694","6499363352","Can i get ur ig",NULL,NULL,"2025-10-28 04:16:47.685162+00"
959,"6499363352","5237102694","I dont use ig",NULL,NULL,"2025-10-28 04:25:08.38109+00"
992,"957328380","5014292785","Hello gude if thats how ppl makolamet u here😅",NULL,NULL,"2025-10-28 12:12:10.723229+00"
993,"5014292785","957328380","They don't lol",NULL,NULL,"2025-10-28 12:12:42.449275+00"
994,"957328380","5014292785","Oh beka I will kezare buhala idk why but I like all ur comments I think that became my hobby what should I do😭",NULL,NULL,"2025-10-28 12:13:40.101265+00"
995,"5014292785","957328380","Ere bakeh hehe I think you should keep on liking",NULL,NULL,"2025-10-28 12:17:20.48874+00"
996,"957328380","5014292785","Eshii aleka😭",NULL,NULL,"2025-10-28 12:39:49.730986+00"
997,"5014292785","957328380","Why do u like me tho",NULL,NULL,"2025-10-28 12:41:11.664839+00"
998,"957328380","5014292785","Idk I like your humor it's unique",NULL,NULL,"2025-10-28 12:46:13.317527+00"
999,"8143776031","5010994956","Hello",NULL,NULL,"2025-10-28 14:33:19.987219+00"
1000,"8143776031","5010994956","You requested to chat earlier, whats up?",NULL,NULL,"2025-10-28 14:33:33.175267+00"
1001,"5014292785","5786382261","Hey 👋",NULL,NULL,"2025-10-28 15:55:11.506921+00"
1002,"5786382261","5014292785","Hey",NULL,NULL,"2025-10-28 15:55:33.329431+00"
1003,"5786382261","5014292785","The legendary gudefela 😭",NULL,NULL,"2025-10-28 15:55:44.664366+00"
1004,"5014292785","5786382261","Just wanted to let u know I like ur comments.",NULL,NULL,"2025-10-28 15:56:04.786297+00"
1005,"5786382261","5014292785","i’m honored",NULL,NULL,"2025-10-28 15:56:28.869171+00"
1006,"5786382261","5014292785","you too",NULL,NULL,"2025-10-28 15:56:31.092779+00"
1007,"5786382261","5014292785","wait which in particular",NULL,NULL,"2025-10-28 15:56:40.095562+00"
1008,"5014292785","5786382261","Just most of ur opinions",NULL,NULL,"2025-10-28 15:56:53.829434+00"
1009,"5786382261","5014292785","pick one i comment a lot",NULL,NULL,"2025-10-28 15:58:41.480936+00"
1010,"5014292785","5786382261","Like the one about love being transactional.",NULL,NULL,"2025-10-28 16:03:51.066193+00"
1011,"5014292785","5786382261","Sentegna amet neh",NULL,NULL,"2025-10-28 16:03:58.510228+00"
1012,"5786382261","5014292785","2nd",NULL,NULL,"2025-10-28 16:10:03.955492+00"
1013,"5786382261","5014292785","you?",NULL,NULL,"2025-10-28 16:10:05.560358+00"
1014,"5014292785","5786382261","3rd",NULL,NULL,"2025-10-28 16:10:27.457938+00"
1015,"5786382261","5014292785","i thought you’d be much older",NULL,NULL,"2025-10-28 16:11:38.307691+00"
1016,"5014292785","5786382261","Hehe why?",NULL,NULL,"2025-10-28 16:11:59.201007+00"
1017,"5014292785","5786382261","Do I sound wise 😂😭",NULL,NULL,"2025-10-28 16:12:08.135649+00"
1018,"5786382261","5014292785","yes betam 😭",NULL,NULL,"2025-10-28 16:15:01.436242+00"
1019,"5786382261","5014292785","interesting that you agreed with my comment on love being transactional",NULL,NULL,"2025-10-28 16:16:09.375664+00"
1020,"5014292785","5786382261","I mean it doesn't have to be transactional",NULL,NULL,"2025-10-28 16:16:32.423508+00"
1021,"5014292785","5786382261","And yeah u r right the author was talking about how it has become transactional.",NULL,NULL,"2025-10-28 16:17:12.827912+00"
1022,"5014292785","5786382261","Anyway yet campus neh",NULL,NULL,"2025-10-28 16:17:21.914439+00"
1023,"5786382261","5014292785","commerce",NULL,NULL,"2025-10-28 16:18:10.391347+00"
1024,"5786382261","5014292785","u?",NULL,NULL,"2025-10-28 16:18:13.642652+00"
1025,"5014292785","5786382261","Sefere selam😭",NULL,NULL,"2025-10-28 16:19:00.823667+00"
1026,"5786382261","5014292785","fucking hell 😭",NULL,NULL,"2025-10-28 16:19:38.087406+00"
1027,"5786382261","5014292785","eza min ale sijemer",NULL,NULL,"2025-10-28 16:19:45.618473+00"
1028,"5786382261","5014292785","i have no idea about the campus",NULL,NULL,"2025-10-28 16:19:57.423487+00"
1029,"5014292785","5786382261","It's a health campus",NULL,NULL,"2025-10-28 16:20:48.621381+00"
1030,"5014292785","5786382261","And yeah the sefer is hell",NULL,NULL,"2025-10-28 16:20:56.09944+00"
1031,"5786382261","5014292785","ironic",NULL,NULL,"2025-10-28 16:21:15.521562+00"
1032,"5786382261","5014292785","ayzon",NULL,NULL,"2025-10-28 16:21:25.681539+00"
1033,"5786382261","5014292785","u there?",NULL,NULL,"2025-10-28 16:23:58.082444+00"
1034,"5786382261","5014292785","i accidentally left 😭",NULL,NULL,"2025-10-28 16:24:04.91569+00"
1035,"5014292785","5786382261","Ya still here",NULL,NULL,"2025-10-28 16:24:46.33426+00"
1036,"5786382261","5014292785","so you a med student",NULL,NULL,"2025-10-28 16:25:19.970555+00"
1037,"5014292785","5786382261","Yes",NULL,NULL,"2025-10-28 16:25:27.225442+00"
1038,"5014292785","5786382261","Wbu",NULL,NULL,"2025-10-28 16:25:28.420985+00"
1039,"5786382261","5014292785","logistics",NULL,NULL,"2025-10-28 16:25:40.521658+00"
1040,"5786382261","5014292785","tuff",NULL,NULL,"2025-10-28 16:25:43.270761+00"
1041,"5786382261","5014292785","how is it",NULL,NULL,"2025-10-28 16:25:47.925009+00"
1042,"5014292785","5786382261","Well it is very demanding you would probably see my comments there crying about it LOL",NULL,NULL,"2025-10-28 16:26:09.617411+00"
1043,"5786382261","5014292785","flegeshw new med",NULL,NULL,"2025-10-28 16:26:31.481682+00"
1044,"5786382261","5014292785","in this economy??",NULL,NULL,"2025-10-28 16:26:38.048485+00"
1045,"5014292785","5786382261","Yes I love the science  I'm very passionate about it it's just that you have to be diligent and I think I lack that",NULL,NULL,"2025-10-28 16:27:15.482279+00"
1046,"5014292785","5786382261","How old r u btw",NULL,NULL,"2025-10-28 16:27:23.822539+00"
1047,"5786382261","5014292785","we are not in a country that rewards passion just saying",NULL,NULL,"2025-10-28 16:28:26.271831+00"
1048,"5786382261","5014292785","i’m really young 😭",NULL,NULL,"2025-10-28 16:28:48.577247+00"
1049,"5786382261","5014292785","guess",NULL,NULL,"2025-10-28 16:28:51.532948+00"
1050,"5014292785","5786382261","18?",NULL,NULL,"2025-10-28 16:29:57.78171+00"
1051,"5786382261","5014292785","just turned 19 like 3 days ago",NULL,NULL,"2025-10-28 16:30:33.018706+00"
1052,"5786382261","5014292785","hbu",NULL,NULL,"2025-10-28 16:30:38.508459+00"
1053,"5014292785","5786382261","Am I a pedo😭lol",NULL,NULL,"2025-10-28 16:31:47.479006+00"
1054,"5014292785","5786382261","21",NULL,NULL,"2025-10-28 16:31:52.654227+00"
1055,"5786382261","5014292785","mtsm everyone is older than me 😭",NULL,NULL,"2025-10-28 16:33:07.411673+00"
1056,"5786382261","5014292785","i’m snitching",NULL,NULL,"2025-10-28 16:33:18.193777+00"
1057,"5014292785","5786382261","😂 to who",NULL,NULL,"2025-10-28 16:34:51.199361+00"
1058,"5786382261","5014292785","idk police",NULL,NULL,"2025-10-28 16:35:42.308096+00"
1059,"5014292785","5786382261","😂😂imma be ur sis dw",NULL,NULL,"2025-10-28 16:37:29.913633+00"
1060,"5786382261","5014292785","crazy",NULL,NULL,"2025-10-28 16:39:40.707994+00"
1061,"5014292785","5786382261","Why",NULL,NULL,"2025-10-28 16:41:13.965981+00"
1062,"5014292785","5786382261","Already got siblings?",NULL,NULL,"2025-10-28 16:41:22.224524+00"
1063,"5786382261","5014292785","mhm",NULL,NULL,"2025-10-28 16:46:13.532645+00"
1064,"5786382261","5014292785","one sister and little brother",NULL,NULL,"2025-10-28 16:46:22.594023+00"
1065,"5786382261","5014292785","anchis",NULL,NULL,"2025-10-28 16:47:19.41148+00"
1066,"5014292785","5786382261","And talak ehet alechegn",NULL,NULL,"2025-10-28 16:48:22.850229+00"
1067,"5786382261","5014292785","last child nesha",NULL,NULL,"2025-10-28 16:49:11.250939+00"
1068,"5014292785","5786382261","Yes Antes",NULL,NULL,"2025-10-28 16:51:00.393267+00"
1069,"5786382261","5014292785","middle",NULL,NULL,"2025-10-28 16:57:40.632303+00"
1070,"5014292785","5786382261","Middle child zemetegna nachew yebalal",NULL,NULL,"2025-10-28 17:02:19.220213+00"
1071,"5786382261","5014292785","betam true",NULL,NULL,"2025-10-28 17:03:12.502989+00"
1072,"5014292785","5786382261","Neh ende ere atmeslem",NULL,NULL,"2025-10-28 17:03:34.75925+00"
1073,"5786382261","5014292785","and last children are spoilt demo i know from my brother",NULL,NULL,"2025-10-28 17:03:37.155013+00"
1074,"5786382261","5014292785","i am yemr",NULL,NULL,"2025-10-28 17:03:46.305963+00"
1075,"5786382261","5014292785","if i really warm up to someone im a little talkative gin doesn’t happen much",NULL,NULL,"2025-10-28 17:04:24.047491+00"
1076,"5014292785","5786382261","Ene I'm not spoiled tho",NULL,NULL,"2025-10-28 17:04:30.546039+00"
1077,"5786382261","5014292785","sure… 😏",NULL,NULL,"2025-10-28 17:06:22.138669+00"
1078,"5786382261","5014292785","at least they are bossy mnamn",NULL,NULL,"2025-10-28 17:06:42.663057+00"
1633,"7977727953","8178595410","Yeah",NULL,NULL,"2025-11-04 11:22:07.871404+00"
1079,"5014292785","5786382261","Nope I am not that either",NULL,NULL,"2025-10-28 17:06:57.825575+00"
1081,"5786382261","5014292785","i mean what do you want",NULL,NULL,"2025-10-28 17:08:51.561824+00"
1084,"5014292785","5786382261","Ya I'm here",NULL,NULL,"2025-10-28 17:13:37.720365+00"
2489,"8109112246","6194922788","....??",NULL,NULL,"2025-11-05 13:37:32.737595+00"
2501,"6194922788","8109112246","I didn’t at first…",NULL,NULL,"2025-11-05 13:57:04.189201+00"
2504,"8109112246","6194922788","Esh dersoshal? ...voice likeshalew",NULL,NULL,"2025-11-05 14:02:55.292218+00"
2510,"8109112246","6194922788","Ymr mnm ngr almetam...enem 1 likesh nbr gn botu ayfekedem",NULL,NULL,"2025-11-05 14:06:50.441395+00"
2511,"8109112246","6194922788","So be telegram lakelegn begeta!!!!!!!",NULL,NULL,"2025-11-05 14:07:01.181008+00"
2514,"8109112246","6194922788","Any response?",NULL,NULL,"2025-11-05 14:11:11.588411+00"
2652,"8333529926","788646678","Heyy",NULL,NULL,"2025-11-06 18:30:14.060184+00"
2657,"788646678","8333529926","lol",NULL,NULL,"2025-11-06 18:33:03.419+00"
2751,"1222542336","346320754","Wouldn't it be better if you give me yours?",NULL,NULL,"2025-11-07 09:01:58.432586+00"
2964,"1834543510","2056814277","So dorm attekemim malet new?",NULL,NULL,"2025-11-07 20:59:21.038444+00"
2972,"1834543510","2056814277","what about ur face.....preety nesh weys",NULL,NULL,"2025-11-07 21:02:03.878725+00"
2980,"2056814277","1834543510","Ya shapey negn",NULL,NULL,"2025-11-07 21:09:55.074564+00"
2983,"1834543510","2056814277","Okay so ur intention mndnew....porn ur first sex meche bihon des yilshal like ahun lay yehine sew biteyksh yemadreg flagotu alesh?",NULL,NULL,"2025-11-07 21:13:59.941269+00"
2986,"1834543510","2056814277","like what type of megbabat....keza sew gar just sex new yemtfelgiw weys r/nship wust megbatm tfelgiyalesh",NULL,NULL,"2025-11-07 21:16:15.704413+00"
3008,"1834543510","2056814277","If u need habeshan llklsh eko new",NULL,NULL,"2025-11-07 21:45:26.166233+00"
3012,"1834543510","2056814277","@Mitmitaa17 
Dm",NULL,NULL,"2025-11-07 21:49:35.521418+00"
3013,"2056814277","1834543510","?",NULL,NULL,"2025-11-07 21:52:10.704771+00"
3016,"2056814277","1834543510","Nahh",NULL,NULL,"2025-11-07 21:53:13.187934+00"
3021,"1834543510","2056814277","Eshi wude",NULL,NULL,"2025-11-07 21:55:31.467651+00"
3023,"2056814277","1834543510","Boy neh ende",NULL,NULL,"2025-11-07 22:00:26.212925+00"
3024,"1834543510","2056814277","Engdih ermshn awuchi enem endanchiw yetetemahugn negn😂",NULL,NULL,"2025-11-07 22:01:17.050829+00"
3233,"7277297826","1570959519","I'm 21",NULL,NULL,"2025-11-08 10:16:01.422397+00"
3239,"7277297826","1570959519","Bruh fuck off",NULL,NULL,"2025-11-08 10:17:38.347128+00"
3398,"8010756289","8178595410","You have to wait",NULL,NULL,"2025-11-08 18:32:55.39459+00"
3400,"8178595410","8010756289","Pic malet?",NULL,NULL,"2025-11-08 18:33:12.964744+00"
3417,"5014292785","6369586656","Y u laughing",NULL,NULL,"2025-11-08 18:38:51.429978+00"
3455,"7231257941","1246961688","Cuz management is given FBE and commerce ena commerce demo dorm yelam so probably FBE yohnal bye nwa",NULL,NULL,"2025-11-08 19:00:33.074504+00"
3461,"7231257941","1246961688","Firaol",NULL,NULL,"2025-11-08 19:03:00.853184+00"
3493,"7231257941","1246961688","Fund argegn ena jemeralow",NULL,NULL,"2025-11-08 19:21:08.798143+00"
3520,"7231257941","1246961688","Or alem bank😂",NULL,NULL,"2025-11-08 19:37:03.161749+00"
3539,"1834543510","6272869186","r u a boy?",NULL,NULL,"2025-11-08 19:55:05.413286+00"
3561,"6272869186","1834543510","Let's talk in private?",NULL,NULL,"2025-11-08 20:12:21.690434+00"
3575,"6272869186","1834543510","😂I'm a virgin gn when I'm reading i like/ prefer hard sex minamn uk, idk if that is normal, what do yoh think?",NULL,NULL,"2025-11-08 20:20:25.197878+00"
3577,"7773846469","8312458446","😞 oh damn it, oh well. alright then. 🙂",NULL,NULL,"2025-11-08 20:22:11.351278+00"
3580,"8312458446","7773846469","Good luck",NULL,NULL,"2025-11-08 20:22:40.294783+00"
3586,"6272869186","1834543510","Esu ayasasbsh I have a 9inch pipe. I'll make her vibrat and shake electric ende yazat",NULL,NULL,"2025-11-08 20:29:42.981508+00"
3592,"6272869186","1834543510","Yalshiwn ekeflalew",NULL,NULL,"2025-11-08 20:36:15.378209+00"
3607,"6692034060","6272869186","That exacerbates it",NULL,NULL,"2025-11-08 20:45:50.145969+00"
3609,"6692034060","6272869186","I'm not into this.",NULL,NULL,"2025-11-08 20:46:35.321941+00"
3610,"6272869186","6692034060","If you don't mind can you please tell me what girls like ?",NULL,NULL,"2025-11-08 20:47:06.271023+00"
3611,"6692034060","6272869186","We need a man that makes emotionally safe. Humor is also a spicy",NULL,NULL,"2025-11-08 20:48:06.264271+00"
3614,"6692034060","6272869186","I don't like sext sewuye",NULL,NULL,"2025-11-08 20:49:02.063509+00"
3615,"6272869186","6692034060","If I paid you ill take my V card?",NULL,NULL,"2025-11-08 20:50:13.284316+00"
3618,"1834543510","1924682462","Heyy",NULL,NULL,"2025-11-08 20:52:58.304772+00"
3730,"8178595410","5740594639","Hello",NULL,NULL,"2025-11-09 07:16:24.270052+00"
3737,"8178595410","5740594639","Im M",NULL,NULL,"2025-11-09 07:18:08.856438+00"
3738,"8178595410","5740594639","What ru looking for?",NULL,NULL,"2025-11-09 07:18:17.471675+00"
3741,"5740594639","8178595410","Experience",NULL,NULL,"2025-11-09 07:18:35.17741+00"
3744,"6566784212","6110336587","Meron 20",NULL,NULL,"2025-11-09 07:19:07.682306+00"
3747,"549672248","5740594639","Can we talk ?",NULL,NULL,"2025-11-09 07:19:44.66172+00"
3753,"549672248","5740594639","@efam21",NULL,NULL,"2025-11-09 07:20:40.080808+00"
3754,"6063243083","6110321042","What's up",NULL,NULL,"2025-11-09 07:20:40.61907+00"
3757,"8178595410","5740594639","Have u contacted me?",NULL,NULL,"2025-11-09 07:21:59.058388+00"
4191,"1051120004","1246961688","ikr lmao be careful out there 😭",NULL,NULL,"2025-11-09 15:13:13.701559+00"
4192,"1051120004","1246961688","also yes its not like i have a choice either ways since my mom keeps saying i have to get married be teklil",NULL,NULL,"2025-11-09 15:13:48.22457+00"
4199,"1051120004","1246961688","i’m unsure of marriage right now to be honest, i think it’s too early to be thinking about that. the thing is IF i decide to get married ik she’ll be on my ass be teklil kalhone bla😂.
but rn i really don’t know, guess this is my time if i decide to have fun but so far nothing",NULL,NULL,"2025-11-09 15:21:42.831304+00"
4205,"1246961688","1051120004","I'm definitely dating to marry, but I don't know if I can call myself religious rn, but I hope I can improve my relationships with God better in the future",NULL,NULL,"2025-11-09 15:28:28.552672+00"
4226,"1051120004","1246961688","I don’t like unappreciative women, like uk when they’re like “as he should” and the “bare minimum” stuff
I believe the more appreciate a woman is, it pushes the man to do more so thats one",NULL,NULL,"2025-11-09 15:48:28.703289+00"
4230,"1051120004","1246961688","Chores is okay but if we’re talking about the traditional marriage where the man is out working and the girl is a stay at home, do you still think the man should do chores",NULL,NULL,"2025-11-09 15:53:17.378192+00"
4233,"1246961688","1051120004","Do you want traditional marriage?",NULL,NULL,"2025-11-09 15:56:13.366833+00"
4234,"1051120004","1246961688","All reasonable tbh",NULL,NULL,"2025-11-09 15:56:22.752913+00"
4497,"1441075897","6499363352","okay then😃 will you share ur username i mean its kinda weird chating with bot😅",NULL,NULL,"2025-11-10 05:29:28.072344+00"
4579,"1568889911","7656863576","Sup",NULL,NULL,"2025-11-10 14:57:19.346397+00"
4748,"370668833","6110336587","Hey",NULL,NULL,"2025-11-11 06:01:47.113528+00"
4895,"1570959519","5183845073","Anything atp",NULL,NULL,"2025-11-11 17:45:35.95644+00"
4898,"1570959519","5183845073","Well yeah suck dick kissing everything",NULL,NULL,"2025-11-11 17:45:56.810896+00"
4929,"1570959519","829653636","Bi curious",NULL,NULL,"2025-11-11 17:55:48.336575+00"
4933,"1570959519","829653636","Text me in private",NULL,NULL,"2025-11-11 17:56:11.141927+00"
4935,"829653636","1570959519","Send me your account",NULL,NULL,"2025-11-11 17:56:19.424432+00"
4937,"1570959519","829653636","Pleaseee do",NULL,NULL,"2025-11-11 17:56:33.225031+00"
4941,"5183845073","1570959519","Give me ue username",NULL,NULL,"2025-11-11 17:58:28.9261+00"
4946,"6110336587","5850180859","Heyy",NULL,NULL,"2025-11-11 18:04:17.465788+00"
4969,"5275195619","6110336587","watchin anime stuff playyin games i dont have many friends though",NULL,NULL,"2025-11-11 18:40:11.403708+00"
4974,"1647697220","6344107400","nah i aint gonna expose myself .. tell me here",NULL,NULL,"2025-11-11 18:44:21.16858+00"
4975,"6344107400","1647697220","Expose?",NULL,NULL,"2025-11-11 18:44:58.761599+00"
4981,"8007600798","6110336587","Umm good",NULL,NULL,"2025-11-11 19:07:21.446642+00"
5163,"6110336587","8262150907","Heyy",NULL,NULL,"2025-11-12 10:41:12.008919+00"
1080,"5014292785","5786382261","R we gonna keep on talking ezi lay weyes👀",NULL,NULL,"2025-10-28 17:07:12.11735+00"
2495,"8109112246","6194922788","I think ur faking!",NULL,NULL,"2025-11-05 13:48:55.05838+00"
2502,"8109112246","6194922788","Nah.... so why dont we makeout today?",NULL,NULL,"2025-11-05 14:00:58.673389+00"
2505,"6194922788","8109112246","Currently I am on my period so I want to kill myself plus bet negn next week nw dorm megebaw",NULL,NULL,"2025-11-05 14:04:16.907039+00"
2653,"788646678","8333529926","Sup",NULL,NULL,"2025-11-06 18:30:22.69576+00"
2655,"788646678","8333529926","Men nga",NULL,NULL,"2025-11-06 18:31:49.11445+00"
2662,"7388700051","6499363352","*what do u think about the surge of outsiders to our sacred place?",NULL,NULL,"2025-11-06 18:58:38.351359+00"
2753,"346320754","1222542336","@gocebew or like this",NULL,NULL,"2025-11-07 09:08:59.339679+00"
2759,"6490842744","5014292785","So what is your name....or do you wanna stay anonymous",NULL,NULL,"2025-11-07 09:42:18.757708+00"
2770,"333933994","8178595410","Boy 

Wbu?",NULL,NULL,"2025-11-07 10:17:47.611995+00"
2776,"333933994","8178595410","Ayzon",NULL,NULL,"2025-11-07 10:19:08.322593+00"
2785,"1103065697","1136410666","Drop your @ bby",NULL,NULL,"2025-11-07 11:05:18.034682+00"
2984,"1834543510","2056814277","Weys porn mayet metewun bcha new yemtfelgiw",NULL,NULL,"2025-11-07 21:14:20.966161+00"
3234,"1570959519","7277297826","R u hot",NULL,NULL,"2025-11-08 10:16:34.425974+00"
3235,"7277297826","1570959519","Got fat ass",NULL,NULL,"2025-11-08 10:16:44.945978+00"
3399,"8010756289","8178595410","I need a pic first",NULL,NULL,"2025-11-08 18:33:00.789474+00"
3401,"8178595410","8010756289","Ye man?",NULL,NULL,"2025-11-08 18:33:25.479003+00"
3412,"7231257941","1246961688","Nothing brother",NULL,NULL,"2025-11-08 18:36:28.241207+00"
3424,"1246961688","7231257941","Does the bot steal you chats often😂",NULL,NULL,"2025-11-08 18:43:27.493389+00"
3428,"1246961688","7231257941","And yeah I am wbu",NULL,NULL,"2025-11-08 18:47:55.204969+00"
3436,"1246961688","7231257941","You're younger😂 3rd",NULL,NULL,"2025-11-08 18:51:16.610743+00"
3732,"8007600798","6110336587","19 lideta",NULL,NULL,"2025-11-09 07:16:42.262522+00"
3733,"5740594639","8178595410","👋",NULL,NULL,"2025-11-09 07:16:53.118049+00"
3739,"1083055872","7058103791","😅😅",NULL,NULL,"2025-11-09 07:18:20.689138+00"
3742,"5229975567","7058103791","I'm not a girl 
but 
doing great. hby",NULL,NULL,"2025-11-09 07:18:36.171199+00"
3746,"5740594639","8178595410","Sex obviously",NULL,NULL,"2025-11-09 07:19:32.053753+00"
3755,"8178595410","5740594639","Username:Useful_ting",NULL,NULL,"2025-11-09 07:20:49.20316+00"
3758,"8333529926","8359698550","Heyy",NULL,NULL,"2025-11-09 07:22:05.168142+00"
3764,"6566784212","6110336587","What aby what’s your age and name",NULL,NULL,"2025-11-09 07:22:37.269401+00"
4193,"1246961688","1051120004","But you have a choice or are you a mama's boy😂",NULL,NULL,"2025-11-09 15:15:26.919518+00"
4194,"1609398709","549672248","??",NULL,NULL,"2025-11-09 15:15:32.991561+00"
4197,"1246961688","1051120004","Let's say your mom told you it's fine if you don't marry be teklik, what would you do? Would you wait or have fun",NULL,NULL,"2025-11-09 15:19:19.10573+00"
4200,"1246961688","1051120004","Ig yeah, you're right we're young",NULL,NULL,"2025-11-09 15:23:04.910696+00"
4212,"1051120004","1246961688","Never dated as well",NULL,NULL,"2025-11-09 15:33:06.50466+00"
4506,"6499363352","1441075897","Ik its weird so i have to decline sorrrry😭",NULL,NULL,"2025-11-10 05:39:36.858487+00"
4580,"1570959519","7277297826","Bro😭",NULL,NULL,"2025-11-10 16:11:36.637408+00"
4750,"370668833","6110336587","Am a male AAU graduate, not in campus now, interested in girls",NULL,NULL,"2025-11-11 06:08:06.541817+00"
4904,"1570959519","5183845073","Well u def have experience i dont lol and we need to know eachothers face soo",NULL,NULL,"2025-11-11 17:47:54.437137+00"
4906,"5183845073","1570959519","I dont do face unless am comfortable enough",NULL,NULL,"2025-11-11 17:49:14.924104+00"
4919,"1570959519","829653636","I don remember u i think u blocked me😭",NULL,NULL,"2025-11-11 17:54:09.83361+00"
4922,"1570959519","829653636","Y u suprised lol",NULL,NULL,"2025-11-11 17:54:58.232586+00"
4923,"829653636","1570959519","I'm bi",NULL,NULL,"2025-11-11 17:55:11.058226+00"
4978,"6110336587","422805597","So wer r u now? R u in addis or smthg
Nd ur age
Respectfully tho😊😅",NULL,NULL,"2025-11-11 18:48:34.460747+00"
4995,"422805597","6110336587","As long as you're not a serial killer",NULL,NULL,"2025-11-11 19:59:50.525481+00"
4996,"1055900924","992176019","i actually transferred to another uni this year cuz of some circumstances, why'd you ask",NULL,NULL,"2025-11-11 20:00:26.154054+00"
5012,"6110336587","8421592857","Heyy",NULL,NULL,"2025-11-11 20:37:51.365031+00"
5013,"422805597","6110336587","Sure mr anonymous",NULL,NULL,"2025-11-11 20:38:51.989721+00"
5014,"422805597","6110336587","Just said hi",NULL,NULL,"2025-11-11 20:39:15.787235+00"
5015,"865881783","1570959519","23 u",NULL,NULL,"2025-11-11 20:44:03.988702+00"
5164,"1924682462","6110336587","im good wbu",NULL,NULL,"2025-11-12 10:44:50.83406+00"
5166,"7988209946","1494988153","Hey....I just like ur opinions on that one post (regarding to politics)😭idk why I am telling u this",NULL,NULL,"2025-11-12 10:49:09.332403+00"
5180,"1494988153","7988209946","Okay  feel free .. tell me which one do u like?",NULL,NULL,"2025-11-12 11:02:57.668264+00"
5183,"7222244857","7388700051","Hi",NULL,NULL,"2025-11-12 11:08:33.467871+00"
5368,"8223038699","7623717059","I kinda have real friends but they're all online. Dorm really sucks I need privacy",NULL,NULL,"2025-11-12 19:55:54.634788+00"
5369,"7623717059","8223038699","Can we see each other ?",NULL,NULL,"2025-11-12 19:57:05.760368+00"
5371,"7623717059","8223038699","How can we know e a r",NULL,NULL,"2025-11-12 19:59:44.856118+00"
5378,"6762656767","1353305650","Ru interested in the dom thing?",NULL,NULL,"2025-11-12 20:06:29.962714+00"
5381,"466664482","8274317025","It did? So you believe in loyalty relationship lay?",NULL,NULL,"2025-11-12 20:45:26.097114+00"
5529,"7501176620","6499363352","Well it's simple to catchy and  i like sex",NULL,NULL,"2025-11-13 10:29:56.80359+00"
5531,"6499363352","7501176620","A teacher did😭
She had the worst grammar God bless her heart",NULL,NULL,"2025-11-13 10:32:12.008118+00"
5550,"1211607170","8402831744","Me personally i stopped dating or getting to know to people cause like its a waste at this point tbh. i am know waiting for my arranged marriage cause my way ain't working😭",NULL,NULL,"2025-11-13 10:48:10.310786+00"
5551,"6499363352","7501176620","Yea they saved my number as other she mnamn so i jst became other she",NULL,NULL,"2025-11-13 10:48:28.954397+00"
5565,"5886466655","1246961688","Btw actually you're the very first person 😂, I haven't talked with anyone.",NULL,NULL,"2025-11-13 10:58:20.656044+00"
5569,"7264966208","8487387358","Heyy,",NULL,NULL,"2025-11-13 11:05:16.51688+00"
5573,"7264966208","8487387358","@QuixoticIllusion",NULL,NULL,"2025-11-13 11:06:53.622916+00"
5750,"1834543510","8402831744","Porn tayalesh ende?",NULL,NULL,"2025-11-13 15:41:23.62624+00"
6007,"451257119","6110336587","FBE",NULL,NULL,"2025-11-13 20:53:00.580463+00"
6013,"5636401129","1722589537","Idk maybe 6in 
What's urs size",NULL,NULL,"2025-11-13 20:56:58.444848+00"
6027,"6110336587","451257119","Then wer good",NULL,NULL,"2025-11-13 21:01:04.538976+00"
6028,"451257119","6110336587","your not even honest",NULL,NULL,"2025-11-13 21:01:50.070476+00"
6040,"6038939849","1469773444","I have a friend called Orion and though u were her sorry",NULL,NULL,"2025-11-13 21:06:00.621475+00"
6042,"1722589537","5636401129","And also your major",NULL,NULL,"2025-11-13 21:06:54.030263+00"
6056,"6110336587","451257119","Take ur bras off now",NULL,NULL,"2025-11-13 21:16:24.204555+00"
6063,"6110336587","451257119","U okay?

Now fuckin from the back
Do u like it?",NULL,NULL,"2025-11-13 21:23:46.03814+00"
6069,"6110336587","451257119","Wr can i find u tmrw now
Its on me dw😊",NULL,NULL,"2025-11-13 21:28:45.449808+00"
6115,"7412135899","7383239990","Heyy",NULL,NULL,"2025-11-14 05:19:45.241555+00"
6124,"6499363352","6110336587","Why do u wanna know
😃🔫",NULL,NULL,"2025-11-14 05:30:07.416333+00"
6135,"6499363352","6110336587","Yes
 I HATE MY NAMEEE",NULL,NULL,"2025-11-14 05:38:48.784588+00"
6150,"1781787035","1469773444","why?",NULL,NULL,"2025-11-14 05:53:08.877791+00"
6157,"1781787035","1469773444","there is nothing i can help u wit",NULL,NULL,"2025-11-14 05:55:10.099575+00"
1082,"5014292785","5786382261","What's ur username?tg",NULL,NULL,"2025-10-28 17:09:39.502256+00"
1087,"5014292785","5786382261","@exodus138",NULL,NULL,"2025-10-28 17:14:48.426303+00"
2496,"8109112246","6194922788","Eski prove lakelegn biyesh emb alsh eko😏",NULL,NULL,"2025-11-05 13:49:21.586598+00"
2497,"6499363352","8363986202","U a girl",NULL,NULL,"2025-11-05 13:50:20.357338+00"
2499,"8109112246","6194922788","You're doubting that im a man?😒😒",NULL,NULL,"2025-11-05 13:55:20.375561+00"
2659,"1222542336","346320754","It was supposed to be read as yoo-hoo as in hello",NULL,NULL,"2025-11-06 18:47:38.821355+00"
2663,"8109112246","8333529926","Hey sup",NULL,NULL,"2025-11-06 19:06:37.372613+00"
2755,"6490842744","5014292785","Hi",NULL,NULL,"2025-11-07 09:35:26.209119+00"
2780,"8178595410","333933994","Ngregna😏😢",NULL,NULL,"2025-11-07 10:21:29.174207+00"
2991,"1834543510","2056814277","alebeleza r/nshipn asbesh kehone yann neger yemtjemriw ltgoji tchiyalesh",NULL,NULL,"2025-11-07 21:25:45.074752+00"
2992,"2056814277","1834543510","Okay thanks",NULL,NULL,"2025-11-07 21:25:55.469097+00"
3236,"1570959519","7277297826","So u bottom",NULL,NULL,"2025-11-08 10:17:00.076063+00"
3238,"1570959519","7277297826","Is ur face cute",NULL,NULL,"2025-11-08 10:17:26.329254+00"
3407,"8178595410","8010756289","Ena pic chgr ylm It doesn't matter to me...just send me her username?",NULL,NULL,"2025-11-08 18:34:31.026527+00"
3422,"7231257941","1246961688","I don't believe this bot it may steal our chat☺️",NULL,NULL,"2025-11-08 18:42:11.708326+00"
3433,"1246961688","7231257941","What year are you",NULL,NULL,"2025-11-08 18:50:25.23766+00"
3444,"411388600","8359698550","Hey",NULL,NULL,"2025-11-08 18:55:55.357764+00"
3446,"8359698550","411388600","Hey",NULL,NULL,"2025-11-08 18:57:01.599067+00"
3472,"7231257941","1246961688","😂😂😂 er anche gen",NULL,NULL,"2025-11-08 19:13:20.54193+00"
3479,"1252034666","466664482","Why? We just talked aydel? To send u his pic... not sendng it over a random bot... obviously",NULL,NULL,"2025-11-08 19:14:59.226481+00"
3482,"8359698550","411388600","Tg user?",NULL,NULL,"2025-11-08 19:15:09.456069+00"
3485,"1246961688","7231257941","Should I?",NULL,NULL,"2025-11-08 19:16:28.533057+00"
3503,"5014292785","6369586656","Thanks",NULL,NULL,"2025-11-08 19:26:36.717226+00"
3523,"1246961688","7231257941","Ahun kalkachew West new",NULL,NULL,"2025-11-08 19:38:21.724109+00"
3528,"5014292785","6369586656","A lot. Yekereb gn the long one about submission",NULL,NULL,"2025-11-08 19:40:35.021425+00"
3530,"1246961688","7231257941","Kay goodnight",NULL,NULL,"2025-11-08 19:40:54.327234+00"
3534,"6272869186","1834543510","Are you a M or F?",NULL,NULL,"2025-11-08 19:44:23.983682+00"
3566,"1834543510","6272869186","I don't want that.",NULL,NULL,"2025-11-08 20:15:20.40774+00"
3584,"6272869186","1834543510","Eshi efelgalew gn she hayleyaw yemtwed kehone",NULL,NULL,"2025-11-08 20:26:33.269526+00"
3587,"1834543510","6272869186","Snt tkeflaleh",NULL,NULL,"2025-11-08 20:30:38.655607+00"
3601,"6692034060","6272869186","Are you a guy?",NULL,NULL,"2025-11-08 20:42:54.215054+00"
3605,"6272869186","6692034060","That's the problem I don't wanna fuck i just like talking about sex like sexting",NULL,NULL,"2025-11-08 20:44:35.019241+00"
3752,"8007600798","6110336587","F",NULL,NULL,"2025-11-09 07:20:32.778023+00"
3760,"6369586656","5014292785","You got a point",NULL,NULL,"2025-11-09 07:22:17.430083+00"
4195,"1246961688","1051120004","Respect to mon tho",NULL,NULL,"2025-11-09 15:16:20.6039+00"
4213,"1051120004","1246961688","That’s so cool imagine having a twin",NULL,NULL,"2025-11-09 15:33:27.815896+00"
4214,"1051120004","1246961688","even tho yall dont look alike lol",NULL,NULL,"2025-11-09 15:34:10.633936+00"
4221,"1767733168","6943659764","Yo",NULL,NULL,"2025-11-09 15:43:23.755711+00"
4231,"1246961688","1051120004","Where there's a will, there a way😂 it's not a red flag if he can't cook I mean I barely can cook but hey I'm learning so he can too beye asebalew",NULL,NULL,"2025-11-09 15:55:26.506125+00"
4242,"1246961688","1051120004","Mine would be inconsiderate people, like only think about yourself in situations",NULL,NULL,"2025-11-09 16:07:11.186979+00"
4507,"8285615528","8132883465","Hey tsedi",NULL,NULL,"2025-11-10 05:40:23.050991+00"
4581,"1570959519","7277297826","Text me im thirsty and v💔",NULL,NULL,"2025-11-10 16:11:48.684849+00"
4583,"1570959519","8072898920","Hi",NULL,NULL,"2025-11-10 16:15:06.000378+00"
4586,"1570959519","1940613654","Hi why didnt u tect me back😭😭💔and block me",NULL,NULL,"2025-11-10 16:25:17.381803+00"
4751,"370668833","6110336587","You?",NULL,NULL,"2025-11-11 06:10:40.891115+00"
4917,"1570959519","5183845073","I mean i aint that black malete new bro be frfr",NULL,NULL,"2025-11-11 17:53:33.579268+00"
4924,"1570959519","829653636","Bro be so fr now",NULL,NULL,"2025-11-11 17:55:20.169349+00"
5165,"6110336587","1924682462","Doin good
Wt r u studying kidi? Nd the wch campus r u in?",NULL,NULL,"2025-11-12 10:46:43.065295+00"
5176,"7680965813","6110336587","Wanna talk privately or?",NULL,NULL,"2025-11-12 10:57:40.663338+00"
5374,"7623717059","8223038699","How are u looking .handsome /ugly",NULL,NULL,"2025-11-12 20:01:14.117552+00"
5375,"7623717059","8223038699","I think ur not larger than me",NULL,NULL,"2025-11-12 20:01:56.350764+00"
5532,"6499363352","7501176620","I mean good for at least u like smtng",NULL,NULL,"2025-11-13 10:32:43.469379+00"
5751,"1767733168","6801439185","Awo you can talk if ur boy or girl doesn’t matter mnawraw nw miwesnew enji",NULL,NULL,"2025-11-13 15:43:23.148928+00"
5753,"6196465621","1453651578","Hey",NULL,NULL,"2025-11-13 15:59:59.727465+00"
5763,"466664482","8274317025","Hmm which one do you prefer ante",NULL,NULL,"2025-11-13 16:34:09.365474+00"
5772,"8274317025","466664482","I don't know really... But I was wondering about your department.",NULL,NULL,"2025-11-13 16:44:04.636285+00"
5777,"7623717059","5791864925","👌",NULL,NULL,"2025-11-13 16:45:42.666795+00"
5800,"2144552661","6499363352","😅r you mimicking me",NULL,NULL,"2025-11-13 17:32:53.59388+00"
5808,"1568889911","8487387358","And abt her... i hv no clue",NULL,NULL,"2025-11-13 17:36:55.248832+00"
5809,"6499363352","2144552661","Drop ur @",NULL,NULL,"2025-11-13 17:37:01.45181+00"
5811,"6499363352","2144552661","@Bobbyhasgotahobby",NULL,NULL,"2025-11-13 17:39:20.214839+00"
5817,"8210097157","7547849911","Here is my user name
@Junascer",NULL,NULL,"2025-11-13 17:50:10.847665+00"
5821,"6619071192","5183845073","Hi",NULL,NULL,"2025-11-13 18:08:24.88181+00"
5834,"6619071192","5183845073","I feel like another boy might wanna talk to her cuz she is fresh and i don't want that",NULL,NULL,"2025-11-13 18:12:26.743822+00"
5839,"6619071192","5183845073","Well ur a senior so u were a fresh",NULL,NULL,"2025-11-13 18:13:15.921284+00"
5845,"5183845073","6619071192","Ok no pro",NULL,NULL,"2025-11-13 18:15:19.386109+00"
5849,"5183845073","6619071192","Goood hbu",NULL,NULL,"2025-11-13 18:17:54.608928+00"
5861,"7501176620","797847663","Hey there",NULL,NULL,"2025-11-13 18:25:25.068277+00"
5863,"797847663","7501176620","Hii",NULL,NULL,"2025-11-13 18:25:38.886647+00"
5866,"6619071192","1491873649","Idk just wanted to ask about aau i don't know where i got u from",NULL,NULL,"2025-11-13 18:26:40.849299+00"
5867,"6619071192","1491873649","I am grade 12",NULL,NULL,"2025-11-13 18:26:49.778517+00"
6037,"6110336587","451257119","Gn Ur bein ma Homework
Plz tell me
Don u see am beggin ende😭

Ur interest",NULL,NULL,"2025-11-13 21:05:02.117248+00"
6041,"451257119","6110336587","like you said its homework",NULL,NULL,"2025-11-13 21:06:49.654173+00"
6046,"6110336587","451257119","Are U alone right now 
Nd wt r you wearing☺️",NULL,NULL,"2025-11-13 21:09:47.403279+00"
6066,"1722589537","5636401129","What do u  like to do when it comes sexually",NULL,NULL,"2025-11-13 21:26:19.96569+00"
6116,"6499363352","6110336587","Egzio meharene 
Ere wedya bel",NULL,NULL,"2025-11-14 05:20:02.373903+00"
6118,"6110336587","6960656347","Sup",NULL,NULL,"2025-11-14 05:21:45.948948+00"
6128,"6110336587","6499363352","Ur name nd age",NULL,NULL,"2025-11-14 05:33:54.681979+00"
6129,"6499363352","6110336587","Wendm alem tew gn tew 
Why would i tell u that",NULL,NULL,"2025-11-14 05:34:17.511186+00"
6133,"1767733168","6801439185","Waiting ekoo ….",NULL,NULL,"2025-11-14 05:38:15.434341+00"
6134,"6110336587","6960656347","I said fun
Not smthg related w ur bf
Like talkin, chillin nd hvin meaningful experiences nd all like as besties if You wanna",NULL,NULL,"2025-11-14 05:38:43.652732+00"
6137,"6110336587","6499363352","Just guessing",NULL,NULL,"2025-11-14 05:39:38.548852+00"
6167,"1469773444","1781787035","Sntenga amet nesh",NULL,NULL,"2025-11-14 06:04:42.265933+00"
6171,"1781787035","1469773444","u?",NULL,NULL,"2025-11-14 06:04:59.603913+00"
1083,"5786382261","5014292785","gudefela u der?",NULL,NULL,"2025-10-28 17:13:27.748248+00"
1085,"5786382261","5014292785","give me your username instead",NULL,NULL,"2025-10-28 17:14:05.015234+00"
2508,"8109112246","6194922788","Esh send ur voice...I only want to sure thats ur girl eko ymr🤧😒😏",NULL,NULL,"2025-11-05 14:05:52.107014+00"
2664,"8333529926","8109112246","Heyy",NULL,NULL,"2025-11-06 19:09:38.135933+00"
2665,"8109112246","8333529926","Ru boy or girl?",NULL,NULL,"2025-11-06 19:10:11.688187+00"
2666,"8333529926","8109112246","U first?",NULL,NULL,"2025-11-06 19:11:55.985876+00"
2673,"5906429938","756628801","Hey come on talk to me @Mewoooo67 this my account",NULL,NULL,"2025-11-06 19:56:27.142114+00"
2756,"5014292785","6490842744","Can I help?",NULL,NULL,"2025-11-07 09:37:34.226227+00"
2761,"6490842744","5014292785","Bini",NULL,NULL,"2025-11-07 09:43:52.507801+00"
2777,"8178595410","333933994","Takalek?",NULL,NULL,"2025-11-07 10:19:18.26283+00"
2782,"333933994","8178595410","Bro leben tebashiw alakem sry",NULL,NULL,"2025-11-07 10:30:13.11868+00"
2997,"1834543510","2056814277","So should i give user name?",NULL,NULL,"2025-11-07 21:31:44.038202+00"
2999,"1834543510","2056814277","yaw bzu gize akababish yale sew kehone embi mnamn kalesh ashamed slemthogni new ene user name llakilish yalkush",NULL,NULL,"2025-11-07 21:35:14.690216+00"
3006,"1834543510","2056814277","and what type of porn gn yemtayiw?",NULL,NULL,"2025-11-07 21:42:37.150494+00"
3007,"2056814277","1834543510","None of ur business girl",NULL,NULL,"2025-11-07 21:44:33.586128+00"
3015,"1834543510","2056814277","Remove yadergewal inbox ney",NULL,NULL,"2025-11-07 21:52:58.282305+00"
3018,"2056814277","1834543510","Idk",NULL,NULL,"2025-11-07 21:53:55.638725+00"
3025,"1834543510","2056814277","What do u think...enketl weys...",NULL,NULL,"2025-11-07 22:01:38.243996+00"
3028,"1834543510","8178595410","Why u leave it?",NULL,NULL,"2025-11-07 22:05:54.891882+00"
3237,"7277297826","1570959519","Yeah",NULL,NULL,"2025-11-08 10:17:09.812198+00"
3240,"1570959519","7277297826","Fuck u",NULL,NULL,"2025-11-08 10:17:48.662473+00"
3448,"1246961688","7231257941","Wbu",NULL,NULL,"2025-11-08 18:57:11.585569+00"
3463,"1246961688","7231257941","I'm comfortable here aren't you?",NULL,NULL,"2025-11-08 19:04:11.12418+00"
3474,"7231257941","1246961688","I happy to know u eshi",NULL,NULL,"2025-11-08 19:13:30.576215+00"
3518,"6369586656","5014292785","Which one was it tho",NULL,NULL,"2025-11-08 19:36:41.434316+00"
3524,"7231257941","1246961688","Er bakish 😁",NULL,NULL,"2025-11-08 19:38:53.288038+00"
3545,"8312458446","7773846469","I could yes you can trust me but a wierdo would say that too...anywho chill I ain't a wierdo",NULL,NULL,"2025-11-08 20:04:53.163301+00"
3548,"8312458446","7773846469","I will send you my confession and you will judge by yourself",NULL,NULL,"2025-11-08 20:07:32.278323+00"
3560,"8312458446","7773846469","Gender reavel pls",NULL,NULL,"2025-11-08 20:11:44.148298+00"
3766,"6110336587","6566784212","Henok 20",NULL,NULL,"2025-11-09 07:23:12.500739+00"
3770,"6110336587","6566784212","6 kilo",NULL,NULL,"2025-11-09 07:24:45.829327+00"
3776,"6110336587","6566784212","Kay then
Today tbh i don hv any money



Lets meet nd hv fun, wdt?😊",NULL,NULL,"2025-11-09 07:26:24.991742+00"
3781,"6110336587","6566784212","As ur wish
It can be everything☺️",NULL,NULL,"2025-11-09 07:27:21.849089+00"
3806,"8362956563","8178595410","Huh?",NULL,NULL,"2025-11-09 07:47:49.657053+00"
3808,"8178595410","8362956563","Ru male or female?",NULL,NULL,"2025-11-09 07:48:40.599745+00"
4196,"1051120004","1246961688","i mean yeah i do but LOWKEY mama’s boy😂😂",NULL,NULL,"2025-11-09 15:17:30.798941+00"
4208,"1051120004","1246961688","Nicee, older or younger",NULL,NULL,"2025-11-09 15:30:33.986749+00"
4210,"1246961688","1051120004","Wby",NULL,NULL,"2025-11-09 15:31:58.677436+00"
4211,"1246961688","1051120004","My brother is the oldest, and my sister is my twin, and no, we don't look alike😂",NULL,NULL,"2025-11-09 15:32:37.202917+00"
4223,"1246961688","1051120004","Or should I ask your red flags?",NULL,NULL,"2025-11-09 15:44:42.583994+00"
4252,"1051120004","1246961688","another one is i lowkey get jealous asf so idk maybe not too many guy friends lol, but that might be a reach and maybe its something i have to fix from my side",NULL,NULL,"2025-11-09 16:13:06.48211+00"
4508,"1441075897","6499363352","i mean it's alright you dont have to be sorry",NULL,NULL,"2025-11-10 05:41:00.79486+00"
4510,"8399186649","8132883465","Hey how u doin",NULL,NULL,"2025-11-10 05:42:52.729507+00"
4582,"1570959519","7277297826","Hi",NULL,NULL,"2025-11-10 16:14:03.170159+00"
4587,"2133374158","8312458446","Hey",NULL,NULL,"2025-11-10 16:29:50.115311+00"
4752,"992176019","797847663","ሰላም",NULL,NULL,"2025-11-11 09:08:34.414565+00"
4753,"797847663","992176019","Hey",NULL,NULL,"2025-11-11 09:09:01.921967+00"
4757,"797847663","992176019","Oh bet I'm in pharmacy",NULL,NULL,"2025-11-11 09:11:14.589139+00"
4758,"992176019","797847663","Nice, cool major.",NULL,NULL,"2025-11-11 09:11:34.895161+00"
4762,"797847663","992176019","19",NULL,NULL,"2025-11-11 09:16:46.483856+00"
4766,"797847663","992176019","Damn I heard electrical is hard",NULL,NULL,"2025-11-11 09:17:35.061437+00"
4767,"992176019","797847663","Yeah but they say money good after",NULL,NULL,"2025-11-11 09:20:02.683652+00"
4768,"992176019","797847663","So why not you know",NULL,NULL,"2025-11-11 09:20:09.813906+00"
4932,"829653636","1570959519","Wanna experiment tonight",NULL,NULL,"2025-11-11 17:56:06.545069+00"
4939,"829653636","1570959519","Texted you luv",NULL,NULL,"2025-11-11 17:57:14.273111+00"
4940,"1570959519","5183845073","Ok",NULL,NULL,"2025-11-11 17:57:22.48458+00"
4949,"6110336587","422805597","Heyy smthg wrong",NULL,NULL,"2025-11-11 18:10:37.693525+00"
4961,"6110336587","5275195619","Ur campus, major nd interest",NULL,NULL,"2025-11-11 18:35:06.370143+00"
4967,"5275195619","6110336587","yeahh",NULL,NULL,"2025-11-11 18:38:42.666318+00"
4976,"6344107400","1647697220","For real tho you are too young for this ena u need guidance",NULL,NULL,"2025-11-11 18:45:55.146811+00"
5167,"6110336587","7680965813","Nd am girl",NULL,NULL,"2025-11-12 10:50:41.342738+00"
5182,"6110336587","1924682462","Henok",NULL,NULL,"2025-11-12 11:08:24.601524+00"
5189,"7460651806","8333529926","Wsp",NULL,NULL,"2025-11-12 11:12:24.125862+00"
5382,"8274317025","466664482","Yes... With out any doubts... In relationship anidu expectation loyalty new... I don't know how to maintain relationship without expectations...",NULL,NULL,"2025-11-12 21:09:19.836554+00"
5533,"7574726989","5014292785","Hi",NULL,NULL,"2025-11-13 10:35:18.969793+00"
5553,"7501176620","6499363352","""People don't seem to grasp the idea of the mask"" አለ ሸረሪት man",NULL,NULL,"2025-11-13 10:49:31.907108+00"
5554,"7501176620","6499363352","If you like it who am I to judge",NULL,NULL,"2025-11-13 10:50:00.387604+00"
5560,"7264966208","8487387358","Hii",NULL,NULL,"2025-11-13 10:54:01.490436+00"
5752,"6801439185","1767733168","Malet?
am a girl Actually andd we can be friends if you want",NULL,NULL,"2025-11-13 15:47:35.17346+00"
5760,"466664482","8274317025","Yeah I was doing some assignments",NULL,NULL,"2025-11-13 16:30:47.801136+00"
6038,"1722589537","5636401129","Tell me your desire",NULL,NULL,"2025-11-13 21:05:11.865708+00"
6126,"6110336587","6499363352","I just wanaa take U to a date😂",NULL,NULL,"2025-11-14 05:31:45.720504+00"
6127,"6499363352","6110336587","No tnx",NULL,NULL,"2025-11-14 05:32:48.853166+00"
6131,"6110336587","6499363352","Just curious
Mn nw are u ashamed of ur name",NULL,NULL,"2025-11-14 05:35:33.430405+00"
6140,"1469773444","6960656347","Hey Selam",NULL,NULL,"2025-11-14 05:49:00.728762+00"
6143,"1469773444","1781787035","Endet nesh neh",NULL,NULL,"2025-11-14 05:50:26.239101+00"
6149,"1469773444","1781787035","Why we not taik out of this hot",NULL,NULL,"2025-11-14 05:52:57.506203+00"
6152,"1469773444","1781787035","Yeah I am alone mnamn",NULL,NULL,"2025-11-14 05:54:20.255118+00"
6161,"6960656347","1469773444","Okay cool text me ur username",NULL,NULL,"2025-11-14 05:57:32.844429+00"
6168,"1781787035","1469773444","neh 😂",NULL,NULL,"2025-11-14 06:04:50.391291+00"
1086,"5786382261","5014292785","i don’t have one",NULL,NULL,"2025-10-28 17:14:10.202657+00"
1088,"8333529926","1835875563","Hey",NULL,NULL,"2025-10-29 08:05:47.152581+00"
1089,"1835875563","8333529926","Hi",NULL,NULL,"2025-10-29 08:06:02.527196+00"
1090,"8333529926","1835875563","Can u send me ur tg username",NULL,NULL,"2025-10-29 08:06:34.072189+00"
1091,"1835875563","8333529926","Sure,  @s4rina_0",NULL,NULL,"2025-10-29 08:08:51.957162+00"
1092,"855757095","710914858","Hey",NULL,NULL,"2025-10-29 09:04:06.855913+00"
1093,"710914858","855757095","/privacy",NULL,NULL,"2025-10-29 10:11:06.1886+00"
1094,"710914858","855757095","Hey",NULL,NULL,"2025-10-29 10:11:39.634128+00"
1095,"855757095","710914858","Heyy",NULL,NULL,"2025-10-29 11:15:36.330658+00"
1096,"855757095","710914858","How're you",NULL,NULL,"2025-10-29 11:15:39.861343+00"
1097,"710914858","855757095","Am fine",NULL,NULL,"2025-10-29 12:13:24.813322+00"
1098,"710914858","855757095","Who is this",NULL,NULL,"2025-10-29 12:13:31.649127+00"
1099,"5505407559","6499363352","hi",NULL,NULL,"2025-10-29 12:14:47.945956+00"
1100,"6499363352","5505407559","Hey",NULL,NULL,"2025-10-29 12:16:30.153283+00"
1101,"5505407559","6499363352","can i ask you ur name",NULL,NULL,"2025-10-29 12:19:37.048756+00"
1102,"6499363352","5505407559","I cant tell u that 
Im sooo sorry",NULL,NULL,"2025-10-29 12:32:26.142674+00"
1103,"1199863915","957328380","Heyy",NULL,NULL,"2025-10-29 18:24:58.436977+00"
1104,"957328380","1199863915","Man lebel",NULL,NULL,"2025-10-29 18:25:11.726181+00"
1105,"1199863915","957328380","Your mom",NULL,NULL,"2025-10-29 18:25:23.393819+00"
1106,"957328380","1199863915",NULL,"CAACAgQAAxkBAAFPRappAlweD6oacWv99JgI0znej33dXQACgA4AAjC78VO1rWUxCEKH_TYE",NULL,"2025-10-29 18:25:35.85164+00"
1107,"957328380","5014292785","Last time I ended the chat seasion and forgot my chat was private I thought u ghosted me",NULL,NULL,"2025-10-29 18:29:59.918534+00"
1108,"5014292785","957328380","Oh I see",NULL,NULL,"2025-10-29 18:54:18.071321+00"
1109,"957328380","5014292785","Yea my bad hope u have a great night gude 😄",NULL,NULL,"2025-10-29 19:03:37.253732+00"
1110,"957328380","5014292785","Yea my bad hope u have a great night gude 😄",NULL,NULL,"2025-10-29 19:06:20.387293+00"
1111,"7531904484","6692034060","Hi, how're u doin?",NULL,NULL,"2025-10-29 20:15:36.106387+00"
1112,"6692034060","7531904484","doing great. and u",NULL,NULL,"2025-10-29 20:17:04.318965+00"
1113,"7531904484","6692034060","Same goes for me.",NULL,NULL,"2025-10-29 20:17:35.902797+00"
1114,"6692034060","7531904484","you wanna chat more? like u requested me",NULL,NULL,"2025-10-29 20:18:58.150027+00"
1115,"7531904484","6692034060","Yeah well that was the case. I hope u don't mind",NULL,NULL,"2025-10-29 20:19:51.15035+00"
1116,"6692034060","7531904484","I don't dude.",NULL,NULL,"2025-10-29 20:21:02.605981+00"
1117,"6692034060","7531904484","have u got my username?",NULL,NULL,"2025-10-29 20:21:26.503222+00"
1118,"7531904484","6692034060","@Aria4life123",NULL,NULL,"2025-10-29 20:22:24.160417+00"
1119,"6692034060","7531904484","sure",NULL,NULL,"2025-10-29 20:22:53.294171+00"
1120,"6060179344","6692034060","Hi",NULL,NULL,"2025-10-30 17:10:59.130553+00"
1121,"6692034060","6060179344","Can we talk to each other inbox?",NULL,NULL,"2025-10-30 17:11:38.605899+00"
1122,"6060179344","6692034060","Hmm not yet",NULL,NULL,"2025-10-30 17:12:10.515062+00"
1123,"6060179344","6692034060","Let's chat here first",NULL,NULL,"2025-10-30 17:12:41.152376+00"
1124,"6692034060","6060179344","You said you're a childfree woman. I want get to know you. Can we?",NULL,NULL,"2025-10-30 17:13:51.177008+00"
1125,"6060179344","6692034060","Ya sure",NULL,NULL,"2025-10-30 17:14:02.584612+00"
1126,"6692034060","6060179344","send me ur @",NULL,NULL,"2025-10-30 17:14:32.835119+00"
1127,"6060179344","6692034060","Not yet, let's chat thru here first. These messages are only visible to us, right?",NULL,NULL,"2025-10-30 17:15:39.914831+00"
1128,"6692034060","6060179344","Yeah, but I don't like this experience for unknown reason",NULL,NULL,"2025-10-30 17:17:28.922315+00"
1129,"6060179344","6692034060","I don't feel comfortable giving you my @ yet",NULL,NULL,"2025-10-30 17:21:02.407228+00"
1130,"6692034060","6060179344","You think I am gonna hack you or what?",NULL,NULL,"2025-10-30 17:21:43.974452+00"
1131,"6060179344","6692034060","No bruh 😭 what's the problem if we chat here",NULL,NULL,"2025-10-30 17:22:20.224886+00"
1132,"6692034060","6060179344","okay let's talk i just didn't feel it here yk.",NULL,NULL,"2025-10-30 17:23:55.968082+00"
1133,"6692034060","6060179344","what do u study?",NULL,NULL,"2025-10-30 17:24:13.736361+00"
1134,"6060179344","6692034060","Chemical engineering. U?",NULL,NULL,"2025-10-30 17:24:36.497469+00"
1135,"6060179344","6692034060","Also, how old are you",NULL,NULL,"2025-10-30 17:24:55.527769+00"
1136,"6692034060","6060179344","I am civil eng 2nd year. 23 yrs old",NULL,NULL,"2025-10-30 17:25:27.756886+00"
1137,"6692034060","6060179344","wbu",NULL,NULL,"2025-10-30 17:25:30.038468+00"
1138,"6060179344","6692034060","I;",NULL,NULL,"2025-10-30 17:25:51.344558+00"
1139,"6060179344","6692034060","*I'm 19",NULL,NULL,"2025-10-30 17:26:00.618066+00"
1140,"6060179344","6692034060","2nd year",NULL,NULL,"2025-10-30 17:26:09.501857+00"
1141,"6692034060","6060179344","Are you sure about not having kids?",NULL,NULL,"2025-10-30 17:26:52.835684+00"
1142,"6060179344","6692034060","100%. I've always known I wasn't gonna be a mom. Although my family won't be happy when they find out 😭",NULL,NULL,"2025-10-30 17:28:08.810988+00"
1143,"6060179344","6692034060","I'm curious, how come you don't want kids? This is the first time I heard this from an Ethiopian man",NULL,NULL,"2025-10-30 17:29:11.017694+00"
1144,"6692034060","6060179344","It was because of the way I was raised.",NULL,NULL,"2025-10-30 17:30:24.383053+00"
1145,"6692034060","6060179344","where are u from?",NULL,NULL,"2025-10-30 17:30:29.689861+00"
1146,"6060179344","6692034060","How were you raised?",NULL,NULL,"2025-10-30 17:30:49.451924+00"
1147,"6060179344","6692034060","I'm from Addis",NULL,NULL,"2025-10-30 17:31:00.303696+00"
1148,"6060179344","6692034060","Hbu",NULL,NULL,"2025-10-30 17:31:06.39767+00"
1149,"6060179344","6692034060","Also, what is your religion?",NULL,NULL,"2025-10-30 17:31:17.165688+00"
1150,"6692034060","6060179344","I'm from wellega",NULL,NULL,"2025-10-30 17:31:29.562665+00"
1151,"6692034060","6060179344","I'm an atheist",NULL,NULL,"2025-10-30 17:31:40.008036+00"
1152,"6060179344","6692034060","Same, I'm an atheist",NULL,NULL,"2025-10-30 17:32:06.971869+00"
1153,"6060179344","6692034060","Do your family know?",NULL,NULL,"2025-10-30 17:32:23.01968+00"
1154,"6692034060","6060179344","kinda. they know that I am skeptic
what about urs",NULL,NULL,"2025-10-30 17:33:01.120022+00"
1155,"6060179344","6692034060","They don't know, I won't tell them anytime soon",NULL,NULL,"2025-10-30 17:33:43.409921+00"
1156,"6692034060","6060179344","what's their religion?",NULL,NULL,"2025-10-30 17:33:59.916285+00"
1157,"6060179344","6692034060","Orthodox",NULL,NULL,"2025-10-30 17:34:14.461456+00"
1158,"6060179344","6692034060","hbu",NULL,NULL,"2025-10-30 17:34:19.020212+00"
1159,"6692034060","6060179344","mine are protestants.",NULL,NULL,"2025-10-30 17:34:44.993705+00"
1160,"6692034060","6060179344","what's your type?",NULL,NULL,"2025-10-30 17:34:57.655079+00"
1161,"6060179344","6692034060","I don't have a specific type, gn I like a man who works out and is smart. Also nice clean teeth and a decent hairline. Also we must match at least a little bit on hobbies and interests",NULL,NULL,"2025-10-30 17:38:10.059762+00"
1162,"6060179344","6692034060","How about you?",NULL,NULL,"2025-10-30 17:38:21.475745+00"
1163,"6060179344","6692034060","Also, what are your interests?",NULL,NULL,"2025-10-30 17:38:32.249735+00"
1164,"6692034060","6060179344","I'm sorry. i am 168, normal hairline, not worked out yet (although i am considering it). teeth? oh no

what about personality? party animal?",NULL,NULL,"2025-10-30 17:43:22.672662+00"
1165,"6692034060","6060179344","i mean 168 cm long",NULL,NULL,"2025-10-30 17:45:14.444228+00"
1166,"6060179344","6692034060","168 is good (I'm 157 cm), I'm NOT a party animal, an ideal way of spending my time is watching a movie/anime, reading books/manga or drawing. I'm laid back, I don't do gym either (although I'll start next week)",NULL,NULL,"2025-10-30 17:50:12.81604+00"
1167,"6692034060","6060179344","what kind of behavior do you hate from people?
i hate people who expect perfection and judge

I always try to be a decent person. I very much value openness",NULL,NULL,"2025-10-30 17:57:09.005033+00"
1168,"6060179344","6692034060","I hate judgmental people, people who talk behind people's backs all the time, people who are mean for no reason and people who lie for no reason at all. I had a friend who did that (lying), never again. Also, people whose intentions aren't pure",NULL,NULL,"2025-10-30 18:03:11.777192+00"
1169,"6060179344","6692034060","I also try to be decent, at the very least treat people with basic decency",NULL,NULL,"2025-10-30 18:04:12.623359+00"
1170,"6692034060","6060179344","That's great

what about comparison?",NULL,NULL,"2025-10-30 18:05:01.80695+00"
1176,"6692034060","6060179344","That's great. Yhunlsh. But do you mind about your partner not having a degree? I am kinda sure I will be a virtual worker based in portugal.",NULL,NULL,"2025-10-30 18:16:09.693254+00"
1179,"6692034060","6060179344","I'm sorry ... sis",NULL,NULL,"2025-10-30 18:19:55.172593+00"
2516,"8109112246","6194922788","Ok thanks tho...im waiting for u",NULL,NULL,"2025-11-05 14:12:31.426333+00"
2522,"826378948","8333529926","Who are u✋️ I'm confused",NULL,NULL,"2025-11-05 15:41:51.705232+00"
2669,"8109112246","8333529926","??",NULL,NULL,"2025-11-06 19:13:37.779226+00"
2670,"8109112246","8333529926","Hey dont u gonna tell me?",NULL,NULL,"2025-11-06 19:16:36.831613+00"
2757,"6490842744","5014292785","Just a chat could be awesome ...if its ok",NULL,NULL,"2025-11-07 09:38:22.267688+00"
3001,"1834543510","2056814277","so enadrg btyiw eshi yilshal r u sure?",NULL,NULL,"2025-11-07 21:36:48.060848+00"
3003,"1834543510","2056814277","Okay go girl good luck ....if u want gn other guy tell me i will send u.....or anchim user nameshn share lkeshlgn behone menged endtaweru adergalehu",NULL,NULL,"2025-11-07 21:39:18.185642+00"
3004,"2056814277","1834543510","Atasbi",NULL,NULL,"2025-11-07 21:39:49.731273+00"
3242,"7597536347","957328380","Hi",NULL,NULL,"2025-11-08 10:59:25.532178+00"
3253,"7597536347","957328380","Ke AAU?",NULL,NULL,"2025-11-08 11:03:53.049965+00"
3257,"7597536347","957328380","Let's have fun together then🥰",NULL,NULL,"2025-11-08 11:05:03.4417+00"
3460,"1246961688","7231257941","And your name?",NULL,NULL,"2025-11-08 19:02:50.861332+00"
3469,"7231257941","1246961688","Weyzerit selam beka say ""Hi"" if u don't like writing the word""hi"" just paste this ""Hi firaol yane ..endet nek""😂",NULL,NULL,"2025-11-08 19:10:13.244802+00"
3477,"6369586656","5014292785","The guy who said smtn bout broke women n stuff mnamn the shi from tiktok literally 😭",NULL,NULL,"2025-11-08 19:14:50.529474+00"
3478,"1246961688","7231257941","Same
Btw when is your birthday",NULL,NULL,"2025-11-08 19:14:55.166381+00"
3480,"8359698550","411388600","😂😂😂",NULL,NULL,"2025-11-08 19:15:00.3801+00"
3484,"411388600","8359698550","@Davo2",NULL,NULL,"2025-11-08 19:16:05.898567+00"
3491,"6369586656","5014292785","Yea ende they tripled lol quadrupled on you for that comment lol crazy stuff",NULL,NULL,"2025-11-08 19:20:03.155786+00"
3504,"6369586656","5014292785","You have confessions here ende?",NULL,NULL,"2025-11-08 19:26:37.448898+00"
3519,"7231257941","1246961688","Hayat, summit",NULL,NULL,"2025-11-08 19:36:49.991531+00"
3527,"7231257941","1246961688","Chance lemasadeg eko nw 2 yexerawut 😁",NULL,NULL,"2025-11-08 19:40:30.647195+00"
3533,"6369586656","5014292785","Ere I'm down feel free debrognal I got nothing better to do",NULL,NULL,"2025-11-08 19:44:06.349724+00"
3542,"8312458446","7773846469","Man lebel",NULL,NULL,"2025-11-08 20:01:16.403268+00"
3543,"7773846469","8312458446","you've got an aura point of 4. should i trust? 🤔",NULL,NULL,"2025-11-08 20:02:30.00614+00"
3565,"8312458446","7773846469","Nahhh just want to make sure you'r gender",NULL,NULL,"2025-11-08 20:14:31.791766+00"
3571,"6272869186","1834543510","Enawra new enje",NULL,NULL,"2025-11-08 20:18:06.68337+00"
3572,"8312458446","7773846469","Oupss I am not the best fit for you",NULL,NULL,"2025-11-08 20:18:14.711816+00"
3767,"6110336587","6566784212","Wt uni are u in then?",NULL,NULL,"2025-11-09 07:23:25.677032+00"
3769,"6566784212","6110336587","Which campus u in?",NULL,NULL,"2025-11-09 07:23:58.851262+00"
3777,"6566784212","6110336587","Have fun=?",NULL,NULL,"2025-11-09 07:26:45.288488+00"
3782,"6566784212","6110336587","Everything? What did you aim for first",NULL,NULL,"2025-11-09 07:27:37.020451+00"
3786,"5014292785","6369586656","Wef mnm alayehum 😂",NULL,NULL,"2025-11-09 07:28:07.682416+00"
3812,"6110336587","5532928129","Heyy",NULL,NULL,"2025-11-09 07:51:32.493713+00"
3816,"8312458446","316768897","🙏thanks",NULL,NULL,"2025-11-09 07:58:30.740745+00"
3838,"6369586656","8132883465","Lmao too forward😭?",NULL,NULL,"2025-11-09 08:21:43.669841+00"
3876,"797847663","6369586656","I'm 19",NULL,NULL,"2025-11-09 08:40:20.561973+00"
3877,"6369586656","797847663","Ende I wanna know who confessed here fr😭",NULL,NULL,"2025-11-09 08:40:38.79634+00"
4198,"1246961688","1051120004","Mama's boy in a way you would do everything she says regardless of how that makes you feel?",NULL,NULL,"2025-11-09 15:21:30.456013+00"
4203,"1051120004","1246961688","what about you tho whats your perspective like on dating to marry or dating to have fun, also i’m guessing you’re religious right",NULL,NULL,"2025-11-09 15:25:06.36141+00"
4235,"1051120004","1246961688","All depends on the girl i’m okay with getting out there and providing but if she wants to be a career girl then that’s fine too. 
At the end of the day a marriage/relationship is between two people so its difficult to make up your mind prior to even having a partner cause they might want something different and that’ll result in a conflict",NULL,NULL,"2025-11-09 15:59:10.868224+00"
4245,"1051120004","1246961688","in relationships bcha sayhon generally",NULL,NULL,"2025-11-09 16:08:18.025617+00"
4246,"1246961688","1051120004","Yes, in general",NULL,NULL,"2025-11-09 16:09:02.280602+00"
4253,"1246961688","1051120004","So having guy friends in general is a red flag for you?",NULL,NULL,"2025-11-09 16:14:45.782278+00"
4258,"1051120004","1246961688","Here’s a question for you, do you think a boy and a girl can’t be best friends",NULL,NULL,"2025-11-09 16:22:18.1165+00"
4263,"1246961688","1051120004","I actually live a boring life, I don't have hobbies but would love to change that and yours",NULL,NULL,"2025-11-09 16:35:39.123775+00"
4279,"1051120004","1246961688","keeps going",NULL,NULL,"2025-11-09 16:42:39.886676+00"
4281,"1246961688","1051120004","Your loweky a weeb a😂",NULL,NULL,"2025-11-09 16:43:20.343813+00"
4290,"1246961688","1051120004","Like I don't have favourites",NULL,NULL,"2025-11-09 16:45:18.351165+00"
4299,"1051120004","1246961688","but i really like playboi carti",NULL,NULL,"2025-11-09 16:47:10.251816+00"
4336,"1051120004","1246961688","Tbh i dont actively go out trying to meet people so maybe thats why. i had 3 attempts tho and all went wrong and ever since i lowkey lost interest",NULL,NULL,"2025-11-09 17:47:22.028694+00"
4340,"1246961688","1051120004","Same as you, I'm not looking. I was unapproachable asf then but now ig I'm open to it, tho I could be guarded",NULL,NULL,"2025-11-09 17:54:46.583806+00"
4347,"6286671588","855757095","Yah i did",NULL,NULL,"2025-11-09 18:39:40.806177+00"
4512,"6499363352","1441075897","No no jst the user name",NULL,NULL,"2025-11-10 06:06:39.561209+00"
4514,"6499363352","1441075897","I didnt think u were ugly or handsome 
For all it matters i dont care",NULL,NULL,"2025-11-10 06:13:21.883641+00"
4515,"1441075897","6499363352","ok but you dont have to be mean",NULL,NULL,"2025-11-10 06:14:08.094277+00"
4518,"6499363352","1441075897","Other she 
Thats my name",NULL,NULL,"2025-11-10 06:32:43.092889+00"
4519,"1441075897","6499363352","what does it mean koy😂",NULL,NULL,"2025-11-10 06:43:04.624389+00"
4584,"1570959519","8071673501","Hi",NULL,NULL,"2025-11-10 16:15:56.061143+00"
4754,"992176019","797847663","I know ppl don't open with this question much but what's your major",NULL,NULL,"2025-11-11 09:09:47.680155+00"
4756,"992176019","797847663","I just joined this last week but if you're not comfortable 
That's fine",NULL,NULL,"2025-11-11 09:10:50.442683+00"
4763,"992176019","797847663","Oh cool, I'm 20",NULL,NULL,"2025-11-11 09:17:05.20386+00"
4770,"797847663","992176019","Oh really I didnt know there were a lot of jobs with that",NULL,NULL,"2025-11-11 09:31:19.465578+00"
4772,"445853117","6499363352","Hello",NULL,NULL,"2025-11-11 09:33:38.664574+00"
4773,"6499363352","445853117","Hey",NULL,NULL,"2025-11-11 09:44:33.549016+00"
4954,"6110336587","8007600798","Heyy",NULL,NULL,"2025-11-11 18:19:39.297911+00"
5169,"7194619401","7963453467","What are u waiting for",NULL,NULL,"2025-11-12 10:51:49.784555+00"
5184,"7388700051","7222244857","Hello",NULL,NULL,"2025-11-12 11:08:47.171774+00"
5187,"8333529926","7460651806","Heyy",NULL,NULL,"2025-11-12 11:11:14.113096+00"
5188,"8333529926","5806772573","Heyy",NULL,NULL,"2025-11-12 11:12:13.402753+00"
5383,"466664482","8274317025","Yeah you can't maintain any relationship without the basics",NULL,NULL,"2025-11-12 21:24:04.709999+00"
5534,"5014292785","7574726989","Hey",NULL,NULL,"2025-11-13 10:35:44.13034+00"
5538,"7501176620","6499363352","Ayiiii that's sad",NULL,NULL,"2025-11-13 10:43:07.352146+00"
5562,"6499363352","7501176620","Nooo 
I dont like it u do not me wth",NULL,NULL,"2025-11-13 10:54:15.314119+00"
1171,"6060179344","6692034060","Comparison about what?",NULL,NULL,"2025-10-30 18:05:39.877573+00"
1172,"6692034060","6060179344","do you like to compare people?",NULL,NULL,"2025-10-30 18:05:59.903038+00"
1175,"6060179344","6692034060","That actually might be a dealbreaker. I plan on getting my masters abroad, maybe in America and then hopefully living there",NULL,NULL,"2025-10-30 18:11:49.494021+00"
1178,"6692034060","6060179344","Yarglsh.... If you plan on going to USA, you will easily such guys.",NULL,NULL,"2025-10-30 18:19:47.374493+00"
2517,"466664482","477462298","So do you know him?",NULL,NULL,"2025-11-05 14:38:17.843658+00"
2519,"8333529926","7773846469","Heyy, wt is goin on?
everything good?",NULL,NULL,"2025-11-05 15:40:41.751982+00"
2530,"8333529926","826378948","Ofc am a guy😊",NULL,NULL,"2025-11-05 15:47:29.633679+00"
2533,"7773846469","8333529926","yup, all good. with u?",NULL,NULL,"2025-11-05 15:50:52.692891+00"
2540,"8333529926","7773846469","Its Obvious
Ur age, gender nd interest",NULL,NULL,"2025-11-05 16:23:08.412854+00"
2672,"5906429938","756628801","It's just that you got it wrong I really wane get to now you I'm series",NULL,NULL,"2025-11-06 19:42:48.805609+00"
2758,"5014292785","6490842744","Okay",NULL,NULL,"2025-11-07 09:40:27.989478+00"
2766,"8178595410","1794187848","Im still talking u eko",NULL,NULL,"2025-11-07 10:04:54.316358+00"
3005,"1834543510","2056814277","Eshi wude melsun etebkalehu.",NULL,NULL,"2025-11-07 21:40:36.326741+00"
3017,"1834543510","2056814277","Why?",NULL,NULL,"2025-11-07 21:53:30.445474+00"
3029,"1834543510","5531789930","Yup",NULL,NULL,"2025-11-07 22:08:51.612133+00"
3030,"5531789930","1834543510","here is the thing am guy but am soo deep in the rabbit hole i need help",NULL,NULL,"2025-11-07 22:09:56.052341+00"
3032,"1834543510","372919521","Fine and u?",NULL,NULL,"2025-11-07 22:14:46.916488+00"
3243,"7597536347","957328380","Hi",NULL,NULL,"2025-11-08 11:00:25.016197+00"
3259,"7597536347","957328380","Np",NULL,NULL,"2025-11-08 11:06:02.499074+00"
3266,"6149607586","7414421121","R  u   f?",NULL,NULL,"2025-11-08 11:14:06.356611+00"
3532,"6272869186","1834543510","Hey",NULL,NULL,"2025-11-08 19:43:52.335655+00"
3535,"1834543510","6272869186","F",NULL,NULL,"2025-11-08 19:45:13.880782+00"
3544,"6272869186","1834543510","Ya",NULL,NULL,"2025-11-08 20:04:20.397954+00"
3546,"8312458446","7773846469","Actually I am a wierdo just not that type of wierdo",NULL,NULL,"2025-11-08 20:05:09.943379+00"
3550,"8312458446","7773846469","But first got to know where you find me",NULL,NULL,"2025-11-08 20:08:13.238597+00"
3553,"1834543510","6272869186","Yeah",NULL,NULL,"2025-11-08 20:09:57.619051+00"
3554,"8312458446","7773846469","Yeah weird ryt",NULL,NULL,"2025-11-08 20:10:28.035507+00"
3558,"7773846469","8312458446","too weird for you actually.",NULL,NULL,"2025-11-08 20:11:05.31101+00"
3559,"8312458446","7773846469","We will see that",NULL,NULL,"2025-11-08 20:11:18.894774+00"
3570,"1834543510","6272869186","Eshi lsmak awura",NULL,NULL,"2025-11-08 20:17:51.059512+00"
3574,"7773846469","8312458446","why not? 🤔",NULL,NULL,"2025-11-08 20:19:52.229591+00"
3576,"8312458446","7773846469","I am a straight man I get why the confession led you that way tho",NULL,NULL,"2025-11-08 20:21:34.47461+00"
3581,"7773846469","8312458446","thanks 🙂",NULL,NULL,"2025-11-08 20:23:03.403398+00"
3589,"1834543510","6272869186","Yabath ersha meseleh ende bel nkaw",NULL,NULL,"2025-11-08 20:32:49.963242+00"
3591,"6272869186","1834543510","Ehen nen yahel beyiy.
Eyagelabet sisetat degemey asbelatalew. Leza yemejemeriyaw gifeya ayasasbim",NULL,NULL,"2025-11-08 20:34:33.848675+00"
3594,"6692034060","6272869186","F",NULL,NULL,"2025-11-08 20:40:39.716851+00"
3626,"1834543510","1887284229","Hey",NULL,NULL,"2025-11-08 20:58:25.632083+00"
3768,"6566784212","6110336587","Microlink",NULL,NULL,"2025-11-09 07:23:43.352912+00"
3783,"5014292785","6369586656","Yes",NULL,NULL,"2025-11-09 07:27:46.630539+00"
3791,"6566784212","6110336587","Picture",NULL,NULL,"2025-11-09 07:30:35.575439+00"
3795,"6110336587","6566784212","@verrolll",NULL,NULL,"2025-11-09 07:31:59.268942+00"
3849,"6369586656","8132883465","Wait come on",NULL,NULL,"2025-11-09 08:26:30.139164+00"
3852,"6960656347","8333529926","No thanks i have bf",NULL,NULL,"2025-11-09 08:27:52.525186+00"
3861,"797847663","6369586656","I'm chilling",NULL,NULL,"2025-11-09 08:33:28.432534+00"
3863,"8359698550","8333529926","U  jus blocked me bihhh",NULL,NULL,"2025-11-09 08:35:01.84596+00"
3880,"8333529926","6960656347","Kay kay

Close ur eyes nd take a deep breath 
Nd then imagine that nthng was happened 
Nd restart ur mind😊😂

then wer good",NULL,NULL,"2025-11-09 08:41:51.776121+00"
3888,"1924682462","7058103791","hi",NULL,NULL,"2025-11-09 08:46:25.180782+00"
3889,"797847663","6369586656","Ere its ain't that bad plus I do it for dumb ass niggas🙂‍↕️",NULL,NULL,"2025-11-09 08:46:55.568912+00"
3892,"6369586656","797847663","Your comments becha they make my day😭",NULL,NULL,"2025-11-09 08:48:01.29652+00"
3921,"8359698550","8333529926","Tg user?",NULL,NULL,"2025-11-09 09:05:30.297376+00"
3924,"8178595410","5740594639","Did I bothered u?",NULL,NULL,"2025-11-09 09:18:33.427309+00"
3947,"6110336587","6272869186","Heyy",NULL,NULL,"2025-11-09 09:40:55.311278+00"
3954,"6566784212","8333529926","Hello",NULL,NULL,"2025-11-09 09:44:58.634146+00"
3956,"7386771058","8333529926","Hby",NULL,NULL,"2025-11-09 09:45:15.010686+00"
3964,"7386771058","8333529926","19 6killo",NULL,NULL,"2025-11-09 09:51:31.984693+00"
4218,"1246961688","1051120004","So what do you consider attractive",NULL,NULL,"2025-11-09 15:39:50.954418+00"
4219,"1051120004","1246961688","i can only tell when i see😂",NULL,NULL,"2025-11-09 15:42:33.293513+00"
4224,"1051120004","1246961688","yes that’s more interesting",NULL,NULL,"2025-11-09 15:45:49.58409+00"
4225,"7231257941","1246961688","Weyzerit",NULL,NULL,"2025-11-09 15:46:23.067694+00"
4513,"1441075897","6499363352","okay😊  hope we'll get to know well ee ena demo dont image me as some mndn new mibalew askeyyami sew😭 I'm ann okay guy",NULL,NULL,"2025-11-10 06:11:17.939111+00"
4585,"1570959519","8071673501","??",NULL,NULL,"2025-11-10 16:18:39.330008+00"
4755,"797847663","992176019","Shi I dont know if I can tell you a lot people hate me in the channel",NULL,NULL,"2025-11-11 09:10:22.817793+00"
4957,"5275195619","6110336587","hola",NULL,NULL,"2025-11-11 18:31:37.09924+00"
4968,"6110336587","5275195619","Ur interest",NULL,NULL,"2025-11-11 18:39:36.485035+00"
5170,"1494988153","7988209946","Hey thanks  ..  😄 r u the witch girl?",NULL,NULL,"2025-11-12 10:52:47.89533+00"
5181,"1924682462","6110336587","whats ur name btw",NULL,NULL,"2025-11-12 11:07:40.814254+00"
5384,"8274317025","466664482","What about you?",NULL,NULL,"2025-11-12 21:27:46.807711+00"
5536,"7574726989","5014292785","How u doing",NULL,NULL,"2025-11-13 10:38:23.260194+00"
5540,"8402831744","1211607170","Hi, saw ur comment on my post
Do u feel that way both today relationships I mean I feel like that as well but don’t know how to get over it?",NULL,NULL,"2025-11-13 10:43:21.045547+00"
5548,"6499363352","7501176620","Sameee 
Hoes be askin me who i am im like 'u think im gonna do that??'",NULL,NULL,"2025-11-13 10:47:47.890563+00"
5549,"8402831744","1211607170","/help",NULL,NULL,"2025-11-13 10:48:06.277204+00"
5564,"8487387358","6870565233","Heyy",NULL,NULL,"2025-11-13 10:54:57.051834+00"
5571,"8487387358","7264966208","Hey",NULL,NULL,"2025-11-13 11:05:48.675291+00"
5754,"7963453467","1273058201","Hey i was reading ur comments about rimjob fetish i wanna give to u more plsssss i want u to sit on my face",NULL,NULL,"2025-11-13 16:08:02.09258+00"
5766,"8274317025","466664482","I was just thinking the whole day",NULL,NULL,"2025-11-13 16:36:05.441684+00"
5767,"7597964581","1246961688","Hello. The admin just told me its unblocked lol",NULL,NULL,"2025-11-13 16:39:17.142304+00"
5768,"466664482","8274317025","Hmm I think it's early for that tho😂 I mean you'd know my name and more if I give you",NULL,NULL,"2025-11-13 16:40:38.229424+00"
5774,"5791864925","7623717059","saw your hi message from comments 😉",NULL,NULL,"2025-11-13 16:44:38.93112+00"
5775,"7623717059","5791864925","Ya",NULL,NULL,"2025-11-13 16:45:18.910242+00"
5781,"8274317025","466664482","👍Okay",NULL,NULL,"2025-11-13 16:47:42.122946+00"
5797,"8487387358","1568889911","And wth is even thigh sex bruh",NULL,NULL,"2025-11-13 17:27:21.71701+00"
5802,"2144552661","6499363352","You're fake asf",NULL,NULL,"2025-11-13 17:33:58.307548+00"
5818,"338250980","1146651318","Ende beza lay demo wend rasu kurategna set new chase mareg new miwedew , so just be cool yk vibe mnamn",NULL,NULL,"2025-11-13 17:56:24.641479+00"
5832,"6619071192","5183845073","Ok like talk to her or smth",NULL,NULL,"2025-11-13 18:11:22.209658+00"
5850,"6619071192","7247123310","Good",NULL,NULL,"2025-11-13 18:18:05.853359+00"
5858,"1634777884","8210097157","I’m good are u girl or boy ?",NULL,NULL,"2025-11-13 18:20:07.000962+00"
5860,"8210097157","1634777884","U?",NULL,NULL,"2025-11-13 18:20:49.294269+00"
1173,"6060179344","6692034060","Eh no. I mean I know when I like one person over another but I don't go out of my way to compare",NULL,NULL,"2025-10-30 18:07:23.748791+00"
1174,"6692034060","6060179344","what about educational status? i mean It's inevitable Civil at some point and start freelancing full-time. Do you mind about that?",NULL,NULL,"2025-10-30 18:10:43.60463+00"
1177,"6060179344","6692034060","A degree is necessary I'm afraid",NULL,NULL,"2025-10-30 18:17:11.314421+00"
1180,"6872457299","558918331","Bnvg",NULL,NULL,"2025-10-30 18:51:06.797183+00"
1181,"6060179344","6692034060","Don't be sorry.  It's a factor you can't control. I'm glad we tried",NULL,NULL,"2025-10-30 19:02:34.438051+00"
1182,"6692034060","6060179344","I am glad too. You seem to be a clever girl. Wish you all the best!",NULL,NULL,"2025-10-30 19:05:33.699887+00"
1183,"8318502636","7795615574","Hi my name is michael and i a 4th year student and i'm incredibly lonely because of my introverted persona i like music and movies may sound sadistic but they are the only thing that i truly enjoy in this life even though there are things i wish to do in this life so yeah that's mostly about it .tell me about yourself",NULL,NULL,"2025-10-31 19:46:05.564448+00"
1184,"7795615574","7032013638","You an admin there",NULL,NULL,"2025-10-31 20:01:48.664797+00"
1185,"7032013638","7795615574","Why do u ask?",NULL,NULL,"2025-10-31 20:02:09.553519+00"
1186,"7795615574","7032013638","Was wondering why u suggested the group",NULL,NULL,"2025-10-31 20:02:46.90735+00"
1187,"7795615574","7032013638","Prefer chating in dms than this bot tbh",NULL,NULL,"2025-10-31 20:03:06.901178+00"
1188,"7032013638","7795615574","I thought u were bored, so i wana get u hyped...",NULL,NULL,"2025-10-31 20:03:19.735274+00"
1189,"7032013638","7795615574","Alr... dm the owner. It's me.",NULL,NULL,"2025-10-31 20:03:41.90835+00"
1190,"6110336587","1760862707","Hey",NULL,NULL,"2025-11-01 04:48:08.670825+00"
1191,"6110336587","1760862707","Hey",NULL,NULL,"2025-11-01 05:02:34.418405+00"
1192,"6110336587","1198287475","Hey",NULL,NULL,"2025-11-01 05:03:00.254972+00"
1193,"6110336587","6444601776","Hey",NULL,NULL,"2025-11-01 05:05:19.059862+00"
1194,"1198287475","6110336587","Sup",NULL,NULL,"2025-11-01 05:05:39.833837+00"
1195,"1760862707","6110336587","Hey",NULL,NULL,"2025-11-01 05:06:12.47113+00"
1196,"6444601776","6110336587","Hey",NULL,NULL,"2025-11-01 05:06:46.101457+00"
1197,"6110336587","6444601776","How's it goin?",NULL,NULL,"2025-11-01 05:07:29.981341+00"
1198,"5662709983","1760862707","Hey",NULL,NULL,"2025-11-01 05:07:54.481478+00"
1199,"1760862707","6110336587","Pis",NULL,NULL,"2025-11-01 05:08:06.588022+00"
1200,"6444601776","6110336587","Its goin good😂",NULL,NULL,"2025-11-01 05:08:07.64827+00"
1201,"6110336587","6444601776","😂😂 can u send me ur tg username if u don mind",NULL,NULL,"2025-11-01 05:10:00.550947+00"
1202,"6444601776","6110336587","U ar a girl right",NULL,NULL,"2025-11-01 05:10:36.95591+00"
1203,"6110336587","6444601776","Nah nah",NULL,NULL,"2025-11-01 05:11:02.090467+00"
1204,"6444601776","6110336587","Then no😔",NULL,NULL,"2025-11-01 05:11:28.443813+00"
1205,"6110336587","6444601776","Lets talk, nd share fun stuffs
Hope you will enjoy it fr
Like lets make our connection our safest nd comfort spot",NULL,NULL,"2025-11-01 05:12:21.133302+00"
1206,"6444601776","6110336587","Why would u want that",NULL,NULL,"2025-11-01 05:13:17.33945+00"
1207,"6444601776","6110336587","Now i have it share to her",NULL,NULL,"2025-11-01 05:13:51.100285+00"
1208,"6110336587","6444601776","Just to get out of borin life
Yk after We do our stuffs like our things 
We cn chat, talk nd all
Like to do all good stuffs w u nd share them w u",NULL,NULL,"2025-11-01 05:16:07.784775+00"
1209,"6444601776","6110336587","Do u think that can get u out of ur boring life",NULL,NULL,"2025-11-01 05:17:35.366281+00"
1210,"6110336587","6444601776","May be
Gn like to share something meaningful experiences to get the most out of life☺️
Like a non judgement spot yk
Just makin fun with lots of things",NULL,NULL,"2025-11-01 05:19:51.064682+00"
1211,"6444601776","6110336587","Its good but like meeting or knowing peoples from online makes me uncomfortable",NULL,NULL,"2025-11-01 05:21:48.839057+00"
1212,"6110336587","6444601776","Aha gotcha😂
Don't worry no pressure
I will come straight like with ma honest personality
Nthng fake, deceive here, am here to connect someone who values me yk cares abt me
nd I value u too nd care bt ur thing",NULL,NULL,"2025-11-01 05:25:58.53589+00"
1213,"6110336587","6444601776","U scared what if its fake, right?😂",NULL,NULL,"2025-11-01 05:27:13.032005+00"
1214,"6444601776","6110336587","I am a man",NULL,NULL,"2025-11-01 05:27:22.381852+00"
1215,"6444601776","6110336587","No what if u ar creepy😭",NULL,NULL,"2025-11-01 05:27:32.85291+00"
1216,"6110336587","6444601776","Nah nah
Im like am easy goin nd a little bit in between extrovert nd introvert
I will ve fun w someone whom i find interesting, playful just good w sense of humor",NULL,NULL,"2025-11-01 05:31:03.514993+00"
1217,"6444601776","6110336587","Good sense of humor like me",NULL,NULL,"2025-11-01 05:31:59.815506+00"
1218,"6110336587","6444601776","Yeah😂
If uve it, then we r good☺️
Once i got a spot interesting nd safest nd comfortable, am really playful nd all",NULL,NULL,"2025-11-01 05:33:25.296719+00"
1219,"6444601776","6110336587","Alright",NULL,NULL,"2025-11-01 05:35:11.21636+00"
1220,"6110336587","6444601776","So We r good now😂
Ahuns Miss detective , can i ve ur tg username?😏",NULL,NULL,"2025-11-01 05:38:11.280667+00"
1221,"6444601776","6110336587","Mr detective dont u want a guy friend",NULL,NULL,"2025-11-01 05:39:01.803315+00"
1222,"6110336587","6444601776","Kay, that's good actually if ur good nd playful",NULL,NULL,"2025-11-01 05:40:07.205198+00"
1223,"6444601776","6110336587","Gay gay",NULL,NULL,"2025-11-01 05:40:22.1221+00"
1224,"6110336587","1760862707","How u doin?",NULL,NULL,"2025-11-01 05:41:20.585227+00"
1225,"6444601776","6110336587","Am kidding ante",NULL,NULL,"2025-11-01 05:41:48.026266+00"
1226,"6110336587","1760862707","So who r u then?
nd what r u? Im like ur gender",NULL,NULL,"2025-11-01 05:43:12.331987+00"
1227,"6444601776","6110336587","I leavethechat unintentianally",NULL,NULL,"2025-11-01 05:47:41.85107+00"
1228,"6110336587","1760862707","Its okay
U can't escape from me😂",NULL,NULL,"2025-11-01 05:49:36.048498+00"
1229,"6110336587","1760862707","??
Now tbh just wanna experience stuffs w funny girls
They r like good at it especially if she is playful, teasin nd all
I just wanna see how is it goin",NULL,NULL,"2025-11-01 05:51:16.643083+00"
1230,"1760862707","6110336587","No , bruh . I am getting message from 3 people😂 and then I donno how to reply for each",NULL,NULL,"2025-11-01 05:51:18.805995+00"
1231,"1760862707","6110336587","God😂😂  I am confused , can u tell me ur nickname , please?",NULL,NULL,"2025-11-01 05:52:15.774102+00"
1232,"6110336587","1760862707","Perry😂",NULL,NULL,"2025-11-01 05:56:06.752023+00"
1233,"1760862707","6110336587","Tf ? I don't even know this nickname still😂😂

Anyways let's get to know each other",NULL,NULL,"2025-11-01 05:58:49.271784+00"
1234,"6110336587","1760862707","Guess if they all accepted ur chat request, a singl message will reach out to all😂",NULL,NULL,"2025-11-01 05:59:01.779609+00"
1235,"1760862707","6110336587","U r not kidding , right?😂🤨🤨🤨

I just asked one girl 😂",NULL,NULL,"2025-11-01 05:59:48.59322+00"
1236,"6110336587","1760862707","Kay then
Gn u m or f 
to make things clear😂 im like am M",NULL,NULL,"2025-11-01 06:00:07.799028+00"
1237,"8333529926","5405718080","Hey",NULL,NULL,"2025-11-01 06:02:24.839207+00"
1238,"6110336587","6155445620","/confess",NULL,NULL,"2025-11-01 06:04:12.240975+00"
1239,"6110336587","6444601776","Its okay
U can't escape from me😂",NULL,NULL,"2025-11-01 06:04:52.933055+00"
1240,"6110336587","6444601776","??
Now tbh just wanna experience stuffs w funny girls
They r like good at it especially if she is playful, teasin nd all
I just wanna see how is it goin",NULL,NULL,"2025-11-01 06:05:07.442054+00"
1241,"6110336587","7795615574","Heyy",NULL,NULL,"2025-11-01 06:05:30.660429+00"
1242,"6444601776","6110336587","U think am funny",NULL,NULL,"2025-11-01 06:07:26.565196+00"
1243,"7795615574","6110336587","Heyy",NULL,NULL,"2025-11-01 06:08:20.287174+00"
1244,"7795615574","6110336587","Tell me a little bit abt",NULL,NULL,"2025-11-01 06:08:34.906577+00"
1245,"7795615574","6110336587","U",NULL,NULL,"2025-11-01 06:08:36.146041+00"
1246,"7795615574","6110336587","Descriptions from age to gender to.major and interests",NULL,NULL,"2025-11-01 06:08:51.797228+00"
1247,"5405718080","8333529926","How're you doing?",NULL,NULL,"2025-11-01 06:09:26.516598+00"
1636,"6110336587","5009377468","Wdym",NULL,NULL,"2025-11-04 11:22:45.044576+00"
1248,"6110336587","6444601776","Guess nd ur a little bit curious
Nd love that honestly
nd ur so annoyin😂",NULL,NULL,"2025-11-01 06:10:47.692109+00"
1249,"6444601776","6110336587","Yes i am😂",NULL,NULL,"2025-11-01 06:11:41.208262+00"
1250,"8178595410","6444601776","Hello",NULL,NULL,"2025-11-01 06:12:38.675184+00"
1251,"8178595410","6444601776","Ru m/f?",NULL,NULL,"2025-11-01 06:12:49.076822+00"
1252,"6110336587","7795615574","Oh ma Gosh that's a lot😂
Eski lemme try
Am M, 20 nd BAIS
ND i really love havin fun like w anything like talkin, tryin new things, Watchin a movie together nd adventurous stuffs
Im like am good😂",NULL,NULL,"2025-11-01 06:14:24.733779+00"
1253,"6110336587","6444601776","Then that's good actually😂
Tell me a lil abt urself like ur age, gender, major nd interests",NULL,NULL,"2025-11-01 06:17:30.653576+00"
1254,"8333529926","5405718080","Doin well, how abt u, everything good?",NULL,NULL,"2025-11-01 06:18:30.542854+00"
1255,"8333529926","529129628","Heyyy",NULL,NULL,"2025-11-01 06:20:18.399121+00"
1259,"6444601776","6110336587","Just send me ur username i think its better to confess there😂",NULL,NULL,"2025-11-01 06:24:47.333052+00"
1260,"8333529926","529129628","Am m actually
Ur chillin at least😂 that's good tbf",NULL,NULL,"2025-11-01 06:25:07.293223+00"
1261,"6110336587","6444601776","Sure then
Yea its good to vent on reliable spot at least😂
@Vineesaaa",NULL,NULL,"2025-11-01 06:29:00.399124+00"
2518,"8333529926","826378948","Heyy, wt is goin on?
everything good?",NULL,NULL,"2025-11-05 15:40:21.065862+00"
2521,"8333529926","826378948","I just said, hyd?",NULL,NULL,"2025-11-05 15:41:25.739742+00"
2523,"8333529926","1940613654","Heyy, wt is goin on?
everything good?",NULL,NULL,"2025-11-05 15:42:05.653189+00"
2525,"1940613654","8333529926","Yeah, everything is almost nice.",NULL,NULL,"2025-11-05 15:43:03.274844+00"
2531,"1940613654","8333529926","Gender I don't know 
Age 22 
Interested in music, science and movies.",NULL,NULL,"2025-11-05 15:48:15.752274+00"
2535,"8333529926","7773846469","Same here",NULL,NULL,"2025-11-05 16:05:06.227174+00"
2537,"7773846469","8333529926","what?",NULL,NULL,"2025-11-05 16:19:47.73737+00"
2538,"8333529926","826378948","Is there smthg prblm with am guy",NULL,NULL,"2025-11-05 16:22:19.995853+00"
2539,"7606466781","6555318648","@kbhesien dm me",NULL,NULL,"2025-11-05 16:22:31.07313+00"
2553,"7877688414","1103065697","@Nochoe",NULL,NULL,"2025-11-05 18:46:56.592107+00"
2555,"7877688414","1103065697","💬 Phew, I honestly thought I was delusional for wanting a dominant girl. I’m tall and considered very attractive, but still, there’s something about craving a woman’s control and wanting to fully satisfy her that really draws me in. It’s not just about attraction — it’s the feeling of giving up power that excites me. I’ve even learned about findom — financial domination — where submission goes beyond the emotional and becomes part of a lifestyle or relationship dynamic but still cant find a girl who is into it ...so can we talk please 🙏",NULL,NULL,"2025-11-05 18:51:40.341161+00"
2674,"8109112246","8333529926","Why ru not talking tho???",NULL,NULL,"2025-11-06 20:02:27.420414+00"
2762,"5014292785","6490842744","Yet campus?",NULL,NULL,"2025-11-07 09:44:07.743208+00"
2763,"6490842744","5014292785","I am not a stud of aau...",NULL,NULL,"2025-11-07 09:44:32.384907+00"
2764,"6490842744","5014292785","Currently working",NULL,NULL,"2025-11-07 09:44:44.143901+00"
3019,"1834543510","2056814277","its private channels yihe bot slehone forward madreg aychalm leza new",NULL,NULL,"2025-11-07 21:54:34.383458+00"
3020,"2056814277","1834543510","Teyew beka",NULL,NULL,"2025-11-07 21:55:04.421012+00"
3022,"1834543510","2056814277","Gn if i were a boy like endanchi sex adrge balawk endezih tawerign neber?",NULL,NULL,"2025-11-07 21:58:24.282367+00"
3026,"2056814277","1834543510","Anketl",NULL,NULL,"2025-11-07 22:03:02.821359+00"
3027,"1834543510","2056814277","Why?😂",NULL,NULL,"2025-11-07 22:03:17.877592+00"
3244,"957328380","7597536347","Hi",NULL,NULL,"2025-11-08 11:00:31.501156+00"
3245,"7597536347","957328380","Send your username",NULL,NULL,"2025-11-08 11:00:51.688125+00"
3252,"957328380","7597536347","Drop out",NULL,NULL,"2025-11-08 11:03:26.30312+00"
3260,"957328380","7597536347","Are u a boy?",NULL,NULL,"2025-11-08 11:06:19.77185+00"
3264,"7597536347","957328380","Actually you are lying you are not boy",NULL,NULL,"2025-11-08 11:08:38.431598+00"
3555,"7773846469","8312458446","not really",NULL,NULL,"2025-11-08 20:10:39.100839+00"
3556,"7773846469","8312458446","at least not for me.",NULL,NULL,"2025-11-08 20:10:45.041671+00"
3564,"7773846469","8312458446","😐 gender reveal? whatchu mean? you into boys too?",NULL,NULL,"2025-11-08 20:13:38.93847+00"
3582,"6272869186","1834543510","Ere aydelem, I had offers gn i kile when sex if like hard and loud like when she cums betedegagam non stop like when she is loud and stuff. 
If that makes sense",NULL,NULL,"2025-11-08 20:24:36.030603+00"
3583,"1834543510","6272869186","so tfelgaeh atfelgm new yelakuh?",NULL,NULL,"2025-11-08 20:25:47.29871+00"
3771,"6566784212","6110336587","Oh nice",NULL,NULL,"2025-11-09 07:25:00.984615+00"
3772,"6110336587","6566784212","Is it in Addis or smthg
Im ur uni is kinda new, ryt?",NULL,NULL,"2025-11-09 07:25:14.201312+00"
3773,"8007600798","6110336587","Why would i meet you??",NULL,NULL,"2025-11-09 07:25:42.721699+00"
3775,"6369586656","5014292785","Freshman lol 18 hby",NULL,NULL,"2025-11-09 07:26:14.757282+00"
3780,"6369586656","5014292785","3rd year?",NULL,NULL,"2025-11-09 07:27:16.064674+00"
3787,"6110336587","6566784212","Like to meet Up nd hang out",NULL,NULL,"2025-11-09 07:28:46.718097+00"
3788,"6566784212","6110336587","Can u see you",NULL,NULL,"2025-11-09 07:29:01.286104+00"
3801,"7058103791","1924682462",". . .",NULL,NULL,"2025-11-09 07:41:37.612279+00"
3802,"6369586656","5014292785","Yea you seem like a wise one",NULL,NULL,"2025-11-09 07:46:30.373866+00"
3809,"6369586656","5014292785","Things you say ena what you say I literally felt like damn she's me just a girl😭",NULL,NULL,"2025-11-09 07:49:15.398519+00"
3821,"8312458446","316768897","hello",NULL,NULL,"2025-11-09 08:03:31.024537+00"
3827,"8178595410","8362956563","Huh???",NULL,NULL,"2025-11-09 08:13:36.899266+00"
3831,"8333529926","6960656347","Ur age, campus nd interest?",NULL,NULL,"2025-11-09 08:16:27.357764+00"
3834,"6369586656","8132883465","Hey",NULL,NULL,"2025-11-09 08:19:30.913401+00"
3836,"6369586656","8132883465","How are you?",NULL,NULL,"2025-11-09 08:19:53.014339+00"
3837,"316768897","8312458446","Hello indeed",NULL,NULL,"2025-11-09 08:20:10.442759+00"
3839,"6960656347","8333529926","18, SSC, programming pharmacy digital marketing literature",NULL,NULL,"2025-11-09 08:21:49.115528+00"
3840,"6960656347","8333529926","Wbu",NULL,NULL,"2025-11-09 08:22:00.614908+00"
3844,"6960656347","8333529926","Same? How so?",NULL,NULL,"2025-11-09 08:24:21.882701+00"
3847,"6369586656","7277297826","Hey",NULL,NULL,"2025-11-09 08:25:47.9201+00"
3848,"8333529926","6960656347","Like Our interests

Gn like where can i find u today like to hv fun?",NULL,NULL,"2025-11-09 08:26:17.656074+00"
3851,"8312458446","316768897","Hello man lebel",NULL,NULL,"2025-11-09 08:27:14.249992+00"
3857,"6369586656","7277297826","Wait you're a guy?",NULL,NULL,"2025-11-09 08:31:59.403032+00"
3858,"6960656347","8333529926","I am happy were i am. I hope u find what your looking for from another girl",NULL,NULL,"2025-11-09 08:32:05.649575+00"
3859,"7277297826","6369586656","Yeah aren't you a girl?",NULL,NULL,"2025-11-09 08:32:19.086136+00"
3872,"6369586656","797847663","Anyway that's cool how old r u tho?",NULL,NULL,"2025-11-09 08:39:53.481759+00"
3873,"8333529926","6960656347","I get it nd Ur right

Gn don't u gimme a chance eee😊
Just one chance nd lemme prove it to u☺️",NULL,NULL,"2025-11-09 08:40:06.493756+00"
3874,"316768897","8312458446","I rebuke to be called a man ew no offense",NULL,NULL,"2025-11-09 08:40:08.704551+00"
3895,"797847663","6369586656","Wait you a girl or a guy",NULL,NULL,"2025-11-09 08:50:33.651848+00"
3913,"8333529926","1201804003","Heyy",NULL,NULL,"2025-11-09 08:57:20.566269+00"
3916,"8333529926","1201804003","Ur age nd campus?",NULL,NULL,"2025-11-09 09:00:57.625205+00"
3925,"8333529926","5734175919","Heyy",NULL,NULL,"2025-11-09 09:25:38.32474+00"
3927,"5734175919","8333529926","How are u doin",NULL,NULL,"2025-11-09 09:26:52.386757+00"
3942,"5734175919","8333529926","?",NULL,NULL,"2025-11-09 09:36:12.297442+00"
3949,"6110336587","5740594639","Heyy",NULL,NULL,"2025-11-09 09:42:22.578517+00"
3953,"8333529926","6566784212","Heyy",NULL,NULL,"2025-11-09 09:44:51.594821+00"
3997,"6369586656","8362956563","Heyy",NULL,NULL,"2025-11-09 10:32:39.476673+00"
4004,"8333529926","7460651806","Heyy",NULL,NULL,"2025-11-09 10:37:24.337527+00"
4516,"6499363352","1441075897","Im not mean😭",NULL,NULL,"2025-11-10 06:23:56.757563+00"
4759,"797847663","992176019","It is",NULL,NULL,"2025-11-11 09:11:59.493821+00"
1256,"6444601776","6110336587","U want me to tell u all this things at once 😂",NULL,NULL,"2025-11-01 06:20:19.89535+00"
1257,"5405718080","8333529926","It's good, just chilling as usual. Are you male or female?",NULL,NULL,"2025-11-01 06:23:12.330051+00"
1258,"6110336587","6444601776","Yeah, why not😂
Im like I can't know u just cuz u tell me those stuffs
Guess ur scared what if am known, don't be scared amn't fortuneteller😂",NULL,NULL,"2025-11-01 06:23:36.10476+00"
1262,"8333529926","5405718080","Am m actually
Ur chillin at least😂 that's good tbf",NULL,NULL,"2025-11-01 06:36:43.892223+00"
1263,"1760862707","6110336587","am M bro 😂😂😂",NULL,NULL,"2025-11-01 06:42:47.441772+00"
1264,"6155445620","6110336587","Hi",NULL,NULL,"2025-11-01 06:46:28.54123+00"
1265,"6110336587","6155445620","Hey stranger, how is it goin?",NULL,NULL,"2025-11-01 06:50:15.159388+00"
1266,"6110336587","1609398709","Hey daisy
How u doin",NULL,NULL,"2025-11-01 07:04:17.703551+00"
1267,"5405718080","8333529926","Goodness I thought you were a girl",NULL,NULL,"2025-11-01 07:04:22.929902+00"
1268,"1609398709","6110336587","hi anon im doing great",NULL,NULL,"2025-11-01 07:07:27.949884+00"
1269,"6110336587","1609398709","Good",NULL,NULL,"2025-11-01 07:12:13.338666+00"
1270,"1609398709","6110336587","good",NULL,NULL,"2025-11-01 07:19:16.065966+00"
1271,"8333529926","5405718080","Ur cooked then😁",NULL,NULL,"2025-11-01 07:31:22.356088+00"
1272,"8178595410","1609398709","Hey yo sup",NULL,NULL,"2025-11-01 07:33:21.212553+00"
1273,"1609398709","8178595410","hi hu",NULL,NULL,"2025-11-01 08:13:13.900606+00"
1274,"6110336587","529129628","Hey, how u doin?",NULL,NULL,"2025-11-01 08:26:46.806529+00"
1275,"8333529926","7413384637","Hey bombastic, hyd buddy?",NULL,NULL,"2025-11-01 18:46:38.369755+00"
1276,"7413384637","8333529926","hey how u",NULL,NULL,"2025-11-01 18:47:44.750665+00"
1277,"8333529926","7413384637","Am good
I really really miss ya, u sweet😍""",NULL,NULL,"2025-11-01 18:48:30.587198+00"
1278,"7413384637","8333529926","huh",NULL,NULL,"2025-11-01 18:52:16.52937+00"
1279,"7413384637","8333529926","why are u talking to me",NULL,NULL,"2025-11-01 18:52:29.46118+00"
1280,"8333529926","7413384637","Cuz I wanted to talkin to U
U seem a lit bit sexy just a little bit, which is good actually☺️",NULL,NULL,"2025-11-01 18:54:09.197193+00"
1281,"7413384637","8333529926","ewww",NULL,NULL,"2025-11-01 18:55:37.758034+00"
1282,"7413384637","8333529926","get a life bro",NULL,NULL,"2025-11-01 18:58:32.576607+00"
1283,"8333529926","7647636604","Hey siana, hyd buddy?",NULL,NULL,"2025-11-01 18:59:49.267319+00"
1284,"8333529926","7413384637","Thanks i will then",NULL,NULL,"2025-11-01 19:00:59.280958+00"
1285,"7647636604","8333529926","Hello, am fine",NULL,NULL,"2025-11-01 19:03:17.020887+00"
1286,"8333529926","7647636604","Am good😂
I really really miss ya, u sweet😍",NULL,NULL,"2025-11-01 19:04:46.413808+00"
1287,"7647636604","8333529926","You're a man right",NULL,NULL,"2025-11-01 19:09:21.046981+00"
1288,"7647636604","8333529926","Tbh I am obsessed with girls",NULL,NULL,"2025-11-01 19:09:36.996971+00"
1289,"8333529926","7647636604","Am obsessed w u then
I find u like sexy nd attractive",NULL,NULL,"2025-11-01 19:11:03.147618+00"
1290,"7647636604","8333529926","Send me ur di**",NULL,NULL,"2025-11-01 19:12:22.142317+00"
1291,"8333529926","7647636604","Come on private",NULL,NULL,"2025-11-01 19:13:01.225622+00"
1292,"8333529926","7647636604","Umma fuck u as hell
With oral se* nd everything u want 

Am gonna squeeze ur titties, am gonna kiss ur pussy
U wanted to be touched ur pussy
Am gonna feed u ma di** as u want
Am gonna fuck u fuck u like a dog, at the back asf
Stright
I wannna hold u ur ass, fu** ur ass
Come on",NULL,NULL,"2025-11-01 19:27:20.179172+00"
1293,"7773846469","6458234898","hey",NULL,NULL,"2025-11-01 22:13:19.900294+00"
1294,"6458234898","7773846469","Hey",NULL,NULL,"2025-11-01 22:13:36.623387+00"
1295,"7773846469","6458234898","how's you?",NULL,NULL,"2025-11-01 22:14:09.911429+00"
1296,"6458234898","7773846469","Fine man you?",NULL,NULL,"2025-11-01 22:14:55.150317+00"
1297,"7773846469","6458234898","cool. me is fine as well. whatchu doin up this late?",NULL,NULL,"2025-11-01 22:16:01.688515+00"
1298,"6458234898","7773846469","Nothing really watching reels never expected ethio telecom to be the first one to say happy birth day but it made my night with free internet",NULL,NULL,"2025-11-01 22:17:56.264054+00"
1299,"6458234898","7773846469","You?",NULL,NULL,"2025-11-01 22:18:06.517232+00"
1300,"7773846469","6458234898","what? for real? it's your birthday? 😱",NULL,NULL,"2025-11-01 22:19:52.264924+00"
1301,"6458234898","7773846469","Times flies by what are you doing rn ?",NULL,NULL,"2025-11-01 22:21:09.381357+00"
1302,"7773846469","6458234898","woah, happy birthday though ma guy 🤗",NULL,NULL,"2025-11-01 22:23:27.438236+00"
1303,"7773846469","6458234898","me i've picked up this bad habit of staying up very late. i'm now trying to sleep, but i can't.",NULL,NULL,"2025-11-01 22:23:58.550156+00"
1304,"6458234898","7773846469","Thanks man and ya at some point it starts to intervene with your life by making you so tired all day",NULL,NULL,"2025-11-01 22:25:26.432061+00"
1305,"6458234898","7773846469","You freshman?",NULL,NULL,"2025-11-01 22:25:34.037045+00"
1306,"7773846469","6458234898","nah, i'm 3rd year. you?",NULL,NULL,"2025-11-01 22:26:36.881046+00"
1307,"6458234898","7773846469","Ohh i am fresh are you in main campus or?",NULL,NULL,"2025-11-01 22:26:58.001176+00"
1308,"7773846469","6458234898","what?! oh wow. i didn't think you were a freshman. gee, alright. that means you younger than me 😭.",NULL,NULL,"2025-11-01 22:29:48.229108+00"
1309,"6458234898","7773846469","You are literally an unc man😭 so which department are you in",NULL,NULL,"2025-11-01 22:30:18.550629+00"
1310,"7773846469","6458234898","😭 omg, i can't believe this. i'm in biomed eng.",NULL,NULL,"2025-11-01 22:31:24.08024+00"
1311,"6458234898","7773846469","No wonder you can't sleep You are already experiencing nightmares in your day to day life",NULL,NULL,"2025-11-01 22:36:32.694489+00"
1312,"7773846469","6458234898","nah, the department isn't bad. i actually really love it.",NULL,NULL,"2025-11-01 22:38:31.841793+00"
1313,"7773846469","6458234898","if you don't love it, it might not be for you. but if you love it, it's a pretty amazing one.",NULL,NULL,"2025-11-01 22:38:58.471028+00"
1314,"6458234898","7773846469","Well glad you are enjoying it",NULL,NULL,"2025-11-01 22:39:37.925056+00"
1315,"7773846469","6458234898","yeah, what do you want to join by the way?",NULL,NULL,"2025-11-01 22:43:17.988363+00"
1316,"6458234898","7773846469","Well i was think of law but now i am leaning more into logistics and supply chain management do you have any recommendations",NULL,NULL,"2025-11-01 22:44:54.917515+00"
1317,"7773846469","6458234898","ah, so you're doing a social sciences degree?",NULL,NULL,"2025-11-01 22:45:29.749207+00"
1318,"6458234898","7773846469","Ya natural is NOT for the weak and i am the weakest solder god can have",NULL,NULL,"2025-11-01 22:46:31.065215+00"
1319,"7773846469","6458234898","nah, i wouldn't last a week in social sciences classes 😄. it's just different. some like ns, some like ss.",NULL,NULL,"2025-11-01 22:49:05.243393+00"
1320,"7773846469","6458234898","i don't have recommendations for you on the department though, i know nothing about that side of the world. 😁",NULL,NULL,"2025-11-01 22:49:31.650954+00"
1321,"6458234898","7773846469","Ya i don't like anything at all i just wanna rest and watch my movies all day but the world doesn't work that way now i gotta get j*b ughh atleast you were honest tho many habsha people rather get sk8nned alive than saying i don't know",NULL,NULL,"2025-11-01 22:57:19.065899+00"
1322,"1115042518","7647636604","Tell us😭😁",NULL,NULL,"2025-11-02 02:24:58.558333+00"
1323,"8333529926","5946411786","Hey, hyd buddy?",NULL,NULL,"2025-11-02 03:54:05.682019+00"
1324,"8333529926","7049798795","Hey stardust, hyd buddy?",NULL,NULL,"2025-11-02 04:05:38.517768+00"
1325,"7049798795","8333529926","am good thanks 😌 you?",NULL,NULL,"2025-11-02 04:11:46.142097+00"
1326,"8333529926","7049798795","doin well☺️
Mn nw smthg wrong
U seem a lil bit exhausted😭",NULL,NULL,"2025-11-02 04:15:00.993124+00"
1327,"7049798795","8333529926","🫩 ow wow how did you know lol",NULL,NULL,"2025-11-02 04:17:03.678654+00"
1328,"8333529926","7049798795","I just ve this super power
Do u wanna try it😂",NULL,NULL,"2025-11-02 04:18:39.637134+00"
1329,"8333529926","7049798795","Endie endie don be like this eh☺️
I just felt it like its all over read on ur text that ur lowkey not okay😌",NULL,NULL,"2025-11-02 04:30:29.546179+00"
1330,"7049798795","8333529926","😂 hell sure I wanna try it",NULL,NULL,"2025-11-02 04:34:39.740095+00"
2229,"7686939779","8333529926","Heyyy",NULL,NULL,"2025-11-05 04:16:22.618302+00"
1331,"7049798795","8333529926","Lowkey lol but am good thanks 😊",NULL,NULL,"2025-11-02 04:35:14.727289+00"
2520,"826378948","8333529926","Wdym",NULL,NULL,"2025-11-05 15:40:51.786624+00"
2524,"8333529926","826378948","Well u don't know me
Don't be confused tho",NULL,NULL,"2025-11-05 15:42:52.212725+00"
2534,"1940613654","8333529926","Okay, born with a d!ck",NULL,NULL,"2025-11-05 15:51:08.446567+00"
2544,"454739367","7838626961","yeah am good .. waht abt you",NULL,NULL,"2025-11-05 18:38:29.082131+00"
2552,"7231257941","6499363352","Let's talk on chat no other intention just let's be friend username:@Bune77",NULL,NULL,"2025-11-05 18:46:48.285378+00"
2675,"8109112246","7679369663","Hey sup",NULL,NULL,"2025-11-06 20:14:18.506452+00"
2765,"6490842744","5014292785","So you just wanna fuck cumpus student?",NULL,NULL,"2025-11-07 09:50:21.146106+00"
2771,"8178595410","333933994","Tekeka bidataam😂😂",NULL,NULL,"2025-11-07 10:17:58.897931+00"
2773,"333933994","8178595410","Mnw komebh?",NULL,NULL,"2025-11-07 10:18:35.273991+00"
2774,"8178595410","333933994","Awo ymr🤧🤧",NULL,NULL,"2025-11-07 10:18:46.094115+00"
2786,"1136410666","1103065697","@yeab_sira7",NULL,NULL,"2025-11-07 11:06:31.543986+00"
3034,"1570959519","829653636","Hi",NULL,NULL,"2025-11-08 02:20:37.620482+00"
3246,"957328380","7597536347","Who are you",NULL,NULL,"2025-11-08 11:01:07.367112+00"
3250,"7597536347","957328380","Where are from?",NULL,NULL,"2025-11-08 11:03:03.049601+00"
3263,"7597536347","957328380","Ok",NULL,NULL,"2025-11-08 11:08:02.929119+00"
3563,"6272869186","1834543510","Nothing let's talk, and hopefully we'll have fun chatting",NULL,NULL,"2025-11-08 20:13:38.822355+00"
3774,"6566784212","6110336587","It’s well known tbh located at piyassa",NULL,NULL,"2025-11-09 07:25:48.621344+00"
3778,"5014292785","6369586656","Damn well I'm ur mama then",NULL,NULL,"2025-11-09 07:26:59.049331+00"
3784,"6369586656","5014292785","Belew so you've seen a lot of gibi life then ere I need help 😭",NULL,NULL,"2025-11-09 07:27:52.573704+00"
3785,"6369586656","5014292785","6kilo?",NULL,NULL,"2025-11-09 07:28:00.201792+00"
3790,"6110336587","6566784212","Wdym",NULL,NULL,"2025-11-09 07:30:27.013091+00"
3793,"6110336587","6566784212","Lets me to private chat",NULL,NULL,"2025-11-09 07:31:07.11749+00"
3800,"8178595410","8362956563","??",NULL,NULL,"2025-11-09 07:41:24.338769+00"
3810,"5014292785","6369586656","Lmao so u like it when I insult ppl huh",NULL,NULL,"2025-11-09 07:49:38.369968+00"
3814,"316768897","8312458446","Ngl I like your confession",NULL,NULL,"2025-11-09 07:56:34.862086+00"
3823,"8178595410","8362956563","Just I wanna try it would u gonna help🥹",NULL,NULL,"2025-11-09 08:04:52.172532+00"
3824,"8178595410","8362956563","Ru male or female?",NULL,NULL,"2025-11-09 08:05:00.347912+00"
4232,"1246961688","1051120004","Traditional marriage where he works and the girl is staying at home, I don't think it's mandatory for him to do chores, but obv would appreciate some help sometimes",NULL,NULL,"2025-11-09 15:55:47.466909+00"
4517,"1441075897","6499363352","i was gonna ask ur name gn keza ...😅",NULL,NULL,"2025-11-10 06:28:56.557021+00"
4588,"1940613654","1570959519","What? Where did I block u? 😅.....",NULL,NULL,"2025-11-10 16:36:36.67575+00"
4594,"1570959519","1940613654","Are u gay or st8 tho?",NULL,NULL,"2025-11-10 16:53:19.611695+00"
4605,"2133374158","8312458446","Can't we do it here?",NULL,NULL,"2025-11-10 16:57:21.709518+00"
4607,"1570959519","1940613654","But its ur choice lol",NULL,NULL,"2025-11-10 16:57:35.45662+00"
4618,"1940613654","1570959519","Ya life is big about other things other than sx",NULL,NULL,"2025-11-10 17:00:30.506019+00"
4760,"797847663","992176019","Wbu",NULL,NULL,"2025-11-11 09:12:01.897204+00"
4765,"992176019","797847663","I'm trying electrical Engineering",NULL,NULL,"2025-11-11 09:17:14.66655+00"
4769,"992176019","797847663","Is pharmacy too bad?",NULL,NULL,"2025-11-11 09:20:19.220781+00"
4960,"5275195619","6110336587","f",NULL,NULL,"2025-11-11 18:33:43.388847+00"
4966,"6110336587","5275195619","So wer r u now? Im like r u in Addi s right now",NULL,NULL,"2025-11-11 18:38:24.595745+00"
4977,"6110336587","5275195619","So, Ur graduated nd workin on ur major
That's good tbh

F**k friends
Leave em, they r a**😊😅",NULL,NULL,"2025-11-11 18:45:55.61205+00"
5172,"6110336587","7680965813","Wt r u tho
U m or f",NULL,NULL,"2025-11-12 10:54:16.098524+00"
5173,"6110336587","8007600798","Heyy",NULL,NULL,"2025-11-12 10:55:19.134292+00"
5385,"7572925260","829653636","Hey",NULL,NULL,"2025-11-13 01:47:09.418436+00"
5395,"829653636","7572925260","A bit older I see",NULL,NULL,"2025-11-13 01:48:52.674414+00"
5397,"7572925260","829653636","Enkilf endet alwesedehm",NULL,NULL,"2025-11-13 01:49:20.125389+00"
5398,"829653636","7572925260","I'm always up usually",NULL,NULL,"2025-11-13 01:49:40.445172+00"
5402,"7572925260","829653636","Mil ayche new",NULL,NULL,"2025-11-13 01:51:20.597893+00"
5403,"829653636","7572925260","Oh the guy who was watching gay porn too much",NULL,NULL,"2025-11-13 01:51:37.028992+00"
5404,"7572925260","829653636","Kind of",NULL,NULL,"2025-11-13 01:51:50.298435+00"
5406,"7572925260","829653636","Mayet sayhon.....",NULL,NULL,"2025-11-13 01:52:46.540117+00"
5407,"829653636","7572925260","Yea keep going",NULL,NULL,"2025-11-13 01:53:04.868985+00"
5408,"7572925260","829653636","Be lijnete....did somethings",NULL,NULL,"2025-11-13 01:53:15.511617+00"
5409,"829653636","7572925260","Okay",NULL,NULL,"2025-11-13 01:53:25.042073+00"
5410,"7572925260","829653636","Enaaaaa",NULL,NULL,"2025-11-13 01:53:35.369263+00"
5411,"829653636","7572925260","Mabye we should exchange accounts to talk better",NULL,NULL,"2025-11-13 01:53:44.18668+00"
5537,"7574726989","5014292785","Can I dm u",NULL,NULL,"2025-11-13 10:38:49.160782+00"
5544,"6499363352","7501176620","Lol yea",NULL,NULL,"2025-11-13 10:45:39.009354+00"
5545,"7501176620","6499363352","You couldn't get the to stop ?",NULL,NULL,"2025-11-13 10:45:41.599577+00"
5547,"7501176620","6499363352","Sexaddict is a good cover for that manner",NULL,NULL,"2025-11-13 10:46:59.608054+00"
5552,"6499363352","7501176620","Btw dont ppl hit u up always",NULL,NULL,"2025-11-13 10:48:35.264086+00"
5585,"8262150907","7948131858","Faaa..so ur also men shit bruh I thought a girl was amazed by my nickname and texting me...how do you not see the emoji after my name it's dude eko",NULL,NULL,"2025-11-13 12:19:52.420898+00"
5610,"7597964581","1246961688","Everything is good, how about you? Nice to meet you",NULL,NULL,"2025-11-13 13:47:48.434684+00"
5612,"1246961688","7597964581","Yeah, it's nice to meet you. What's your name?",NULL,NULL,"2025-11-13 13:50:55.572906+00"
5755,"7050798852","797847663","1 last question how about frend with benefits?",NULL,NULL,"2025-11-13 16:23:34.253985+00"
5758,"466664482","8274317025","Good to know😂",NULL,NULL,"2025-11-13 16:30:32.722698+00"
5769,"466664482","8274317025","Really? That's cutee. Why were you thinking about that",NULL,NULL,"2025-11-13 16:41:31.574941+00"
5771,"5791864925","7623717059","hey",NULL,NULL,"2025-11-13 16:43:56.865659+00"
5786,"8151671672","2144552661","Are u male",NULL,NULL,"2025-11-13 17:09:37.904195+00"
5815,"8210097157","7547849911","Hey",NULL,NULL,"2025-11-13 17:48:32.181289+00"
5823,"6619071192","5183845073","Wat up bruh",NULL,NULL,"2025-11-13 18:08:46.430644+00"
5843,"6619071192","5183845073","K",NULL,NULL,"2025-11-13 18:14:42.011529+00"
5852,"1146651318","338250980","Ofcourse😊",NULL,NULL,"2025-11-13 18:18:36.649299+00"
6049,"451257119","6110336587","ask yourself",NULL,NULL,"2025-11-13 21:12:20.333912+00"
6051,"6110336587","451257119","I asked
Wt r u wearing right now?",NULL,NULL,"2025-11-13 21:13:07.024498+00"
6054,"451257119","6110336587","dream on",NULL,NULL,"2025-11-13 21:14:44.653491+00"
6057,"5636401129","1722589537","I'm in ASTU",NULL,NULL,"2025-11-13 21:18:24.205552+00"
6065,"6110336587","451257119","Tell me
I wil go easy ln you
Oh babe, urs is sooo sweet
Damn now am pullin ur hair from the back
Nd fuckin fuckin nd fuckin u with dogy style
Omg babe",NULL,NULL,"2025-11-13 21:25:36.38772+00"
6136,"6110336587","6499363352","Is it
አሰገደች😂",NULL,NULL,"2025-11-14 05:39:26.242604+00"
6148,"6960656347","1469773444","Aright",NULL,NULL,"2025-11-14 05:52:34.795382+00"
6158,"1469773444","1781787035","Never mind about sex but what class r u",NULL,NULL,"2025-11-14 05:55:39.544145+00"
1332,"8333529926","7049798795","U sure? Most ppl can't handle ma kinda power😂
Its really dangerous for normal ppl
i won be responsible if smthg wrong happens😁",NULL,NULL,"2025-11-02 04:39:20.394225+00"
1333,"8333529926","7049798795","Glad that ur good now😊",NULL,NULL,"2025-11-02 04:40:15.974501+00"
1334,"7049798795","8333529926","😂normal ppl? You calling yourself abnormal is diabolical",NULL,NULL,"2025-11-02 05:24:34.642616+00"
1335,"7049798795","8333529926","Try me then",NULL,NULL,"2025-11-02 05:24:40.839535+00"
1336,"8333529926","7049798795","Diabolical?  Nah just exceptionally interesting😏
Like i just use ma power on ppl who can handle it... like u😂",NULL,NULL,"2025-11-02 05:39:19.527472+00"
1337,"8333529926","7049798795","Kay then
Sit down nd take a meditaiting position, close ur eyes nd try to block outside noises from internalizin to ur mind
nd
Take a deep breath, remember ur alone in this world nd stay a lil bit

Then...😊",NULL,NULL,"2025-11-02 05:48:35.835604+00"
1338,"7049798795","8333529926","Then what",NULL,NULL,"2025-11-02 05:51:14.18898+00"
1339,"7049798795","8333529926","One moment u say I can't handle it next you say I can 😂 sure",NULL,NULL,"2025-11-02 05:51:59.395735+00"
1340,"8333529926","7049798795","just do what i said
Did u finish it?",NULL,NULL,"2025-11-02 05:55:29.556628+00"
1341,"8333529926","7049798795","Cuz 1stly i thought ur lame😂
But then i doubted nd checked it out again then, guess wt? ma superpower were wrong😁 
nd now i rly find u special😏",NULL,NULL,"2025-11-02 05:58:25.92092+00"
1342,"7049798795","8333529926","Ouch 🫩 lame????",NULL,NULL,"2025-11-02 06:05:35.014836+00"
1343,"7049798795","8333529926","😂if I closed my eyes and meditate I won't cone and see this",NULL,NULL,"2025-11-02 06:05:59.431738+00"
1344,"8333529926","7049798795","Jeez i said lame😂 ma bad
Gn ur good now ur sweet😊",NULL,NULL,"2025-11-02 06:09:07.011392+00"
1345,"8333529926","7049798795","So which means ur not doin what i said😂
Ayesh that's why i said its rly dangerous😊
I thought u could hamdle it😂?",NULL,NULL,"2025-11-02 06:11:15.331698+00"
1346,"6110336587","1198287475","Hyd buddy?",NULL,NULL,"2025-11-02 06:18:24.004562+00"
1347,"8333529926","7795615574","Hey, hyd buddy?",NULL,NULL,"2025-11-02 06:35:46.812802+00"
1348,"7795615574","8333529926","hey, Am good, how abt u?
tell me abt u and which comment ur from,  ke gender to a few details",NULL,NULL,"2025-11-02 06:37:06.078546+00"
1349,"7795615574","7277297826","Hey there, what ur definition of hb?",NULL,NULL,"2025-11-02 06:39:47.107457+00"
1350,"8333529926","7795615574","Doin well
Am m tbh
nd one moment on ur confession u said i think u said am lonely nd i wanna get out of it
What abt u?",NULL,NULL,"2025-11-02 06:41:32.620207+00"
1351,"7049798795","8333529926","Wait alright😂 I can handle it but fine leave it be I will let u hv it",NULL,NULL,"2025-11-02 07:00:11.283953+00"
1352,"7795615574","8054428677","Hey there, what is ur definition of hb?",NULL,NULL,"2025-11-02 07:06:32.968234+00"
1353,"7795615574","8054428677","Silsh I lowkey know but i wanna hear yr side of it",NULL,NULL,"2025-11-02 07:18:21.113923+00"
1354,"8333529926","7049798795","Kay then
Ve u heard some kinda voices like a whisper said
Let this superpower rise nd..... flow into this girl😂
She is a lil bit annoyin....but all good😊


Now open ur eye widely😂
take a photo of it nd send it to me
We hv to stare each other so that it fully works😏😁",NULL,NULL,"2025-11-02 07:20:05.455071+00"
1355,"8054428677","7795615574","Ayyo broski that was jus a joke chill out",NULL,NULL,"2025-11-02 07:30:16.120264+00"
1356,"7795615574","8054428677","Am chiill dont worry lol",NULL,NULL,"2025-11-02 07:33:31.050435+00"
1357,"6110336587","756628801","Heyy, wt is goin on? Everything good?",NULL,NULL,"2025-11-02 08:06:34.832114+00"
1358,"8333529926","7647636604","Where u goin
U di**head",NULL,NULL,"2025-11-02 08:12:26.873778+00"
1359,"448028959","955679410","I requested your chat after seeing this cool comment of yours ""seen the movies myltiple times heard audio book multiple times reqd the physical books nultipe time and i mean also the cursed child play book, played the games evn hogwarts legacy so yeah"" as a dedicated HP fan and a gaming enthusiast I couldn't let it pass, if you are interested in talking further drop ur username ✌",NULL,NULL,"2025-11-02 08:22:44.62293+00"
1360,"7049798795","8333529926","Well I did not expect that ending lol",NULL,NULL,"2025-11-02 08:27:47.50971+00"
1361,"8333529926","7049798795","Well am a good author then😂
Cuz ur expectation doesn't match with the actual endin lol
What were u expectin tho?",NULL,NULL,"2025-11-02 08:30:48.350514+00"
1362,"7049798795","8333529926","Nothing tbh 😂 and definitely not that",NULL,NULL,"2025-11-02 08:33:02.147724+00"
1363,"8333529926","7049798795","Gn, what was r u feelin
am all ears
am tryna so bad to get u out of those bad states

But guess it turns out ain't succeeded may be i will try harder in the future😊",NULL,NULL,"2025-11-02 08:33:36.607778+00"
1364,"8333529926","7049798795","How do ya see the endin tho?

Does it make me a bad author😂",NULL,NULL,"2025-11-02 08:35:16.543617+00"
1365,"1198287475","6110336587","not much wbt u?",NULL,NULL,"2025-11-02 08:36:10.464541+00"
1366,"8333529926","5011355321","Hey, wt goin on?
Everything good?",NULL,NULL,"2025-11-02 08:36:51.578566+00"
1367,"6110336587","1198287475","Doin well actually
Just chillin around on ma bed watchin some yt videos nd movies",NULL,NULL,"2025-11-02 08:38:56.913789+00"
1368,"6110336587","1198287475","Mn nw smthg wrong u seem a lil bit exhausted😌",NULL,NULL,"2025-11-02 08:39:43.500834+00"
1369,"1198287475","6110336587","yea but i'm wondering when did i accept a private chat",NULL,NULL,"2025-11-02 08:41:03.764336+00"
1370,"7049798795","8333529926","Nah you are good😂",NULL,NULL,"2025-11-02 08:42:36.61375+00"
1371,"1198287475","6110336587","are you the one who left the chat earlier?",NULL,NULL,"2025-11-02 08:44:14.937864+00"
1372,"6110336587","1198287475","Hahaha
Lucky u.... now u end up w me here
Wanna talk in private",NULL,NULL,"2025-11-02 08:44:15.705874+00"
1373,"1198287475","6110336587","well seems like i don't have a choice",NULL,NULL,"2025-11-02 08:45:13.482986+00"
1374,"6110336587","1198287475","Idk may be Tbh i don remember
Guess fate decided😊",NULL,NULL,"2025-11-02 08:45:14.406796+00"
1375,"1198287475","6110336587","since you said u're on ya bed watching movies and shit i'm assuming a girl i'm i right?",NULL,NULL,"2025-11-02 08:46:48.913756+00"
1376,"6110336587","1198287475","Y do u say that",NULL,NULL,"2025-11-02 08:47:19.302799+00"
1377,"6110336587","1198287475","Nah, actually am M😭",NULL,NULL,"2025-11-02 08:47:36.595396+00"
1378,"5011355321","8333529926","Yeah, what’s up?",NULL,NULL,"2025-11-02 08:47:43.346241+00"
1379,"1198287475","6110336587","cuz i'm watching a movie too but NOT on ma bed😂",NULL,NULL,"2025-11-02 08:48:11.979807+00"
1380,"8333529926","7049798795","Thanks
Eyadenanekshgn bicha balhone😂",NULL,NULL,"2025-11-02 08:48:51.772096+00"
1381,"6110336587","1198287475","So what if u come on ma bed nd watch a movie together😂

But on one condition there can't be touch like each other😂
Unless i would say don't come😊",NULL,NULL,"2025-11-02 08:50:36.990244+00"
1382,"8333529926","7049798795","am all ears tho
What were u feelin? 
Lemme hear it if u don't mind😊

like ydebrewal blesh kehone 
Bo worries i hv like this big ear betam were mesmat ewedalehu😂

Tbh i find u well expressive nd smart on this confession💯 which is good actually😊",NULL,NULL,"2025-11-02 08:53:14.862669+00"
1383,"1198287475","6110336587","ow i knew it i knew u was a simp 😂 
fuck i was simping too but ended up with a man smh",NULL,NULL,"2025-11-02 08:53:49.555163+00"
1384,"6110336587","1198287475","So, ur a man or what😂",NULL,NULL,"2025-11-02 08:56:58.226209+00"
1385,"1198287475","6110336587","nigga ofc i'm a man the fact that you asked means u go both ways💀",NULL,NULL,"2025-11-02 08:58:40.372329+00"
1386,"6110336587","1198287475","Never man, ur mistaken😭",NULL,NULL,"2025-11-02 09:17:26.055799+00"
1387,"7049798795","8333529926","What was I feeling?",NULL,NULL,"2025-11-02 09:29:52.148017+00"
1388,"8333529926","5011355321","Doin good
U seem a lil cheerful
Like ur vibe is good😊",NULL,NULL,"2025-11-02 09:52:10.266625+00"
1389,"8333529926","7049798795","Now, we r tryna be teasin😭
Idk may be off",NULL,NULL,"2025-11-02 09:53:34.914693+00"
1390,"5011355321","8333529926","Thanks twin",NULL,NULL,"2025-11-02 09:59:08.127908+00"
1392,"8333529926","6499363352","Hey, hyd?",NULL,NULL,"2025-11-02 10:05:29.972379+00"
1462,"7049798795","8333529926","Heyyyyy there 😆welcome ☺️☺️ it's good to have you here",NULL,NULL,"2025-11-03 02:08:26.842783+00"
1391,"8333529926","5011355321","So what r u up to now? A lio bit curious

Im like that guy the dark skinned one in 5 kilo is ur cousin, right?
Ena u was like u should approach him😂
Ena i was thikin of approaching u like talkin to u nd havin fun w u
U seem good nd find u well expressive which is good actually😊",NULL,NULL,"2025-11-02 10:02:21.098073+00"
1393,"5011355321","8333529926","How’d yk I’m that girl tho",NULL,NULL,"2025-11-02 10:07:49.179912+00"
1394,"8333529926","5011355321","Ive this superpower😂
Wanna try it😊",NULL,NULL,"2025-11-02 10:10:03.201058+00"
2526,"826378948","8333529926","Well i am",NULL,NULL,"2025-11-05 15:43:38.300859+00"
2532,"8333529926","1940613654","How come u don know ur gender?

Just tell me",NULL,NULL,"2025-11-05 15:49:10.881375+00"
2543,"7838626961","454739367","Hi, you good??",NULL,NULL,"2025-11-05 18:38:00.525612+00"
2545,"457325288","7231257941","Hello",NULL,NULL,"2025-11-05 18:38:39.112713+00"
2551,"6499363352","7231257941","Hey",NULL,NULL,"2025-11-05 18:45:13.677258+00"
2676,"6499363352","7388700051","What are u talkin abt😀",NULL,NULL,"2025-11-07 00:29:36.863572+00"
2768,"333933994","8178595410","Hey baby boo",NULL,NULL,"2025-11-07 10:16:44.848328+00"
3035,"1570959519","5010994956","Hi",NULL,NULL,"2025-11-08 02:21:11.785669+00"
3036,"1570959519","8178595410","Hi",NULL,NULL,"2025-11-08 02:21:58.86084+00"
3247,"7597536347","957328380","Am kirubel  student from AAI",NULL,NULL,"2025-11-08 11:01:49.77356+00"
3248,"7597536347","957328380","Aau",NULL,NULL,"2025-11-08 11:01:52.821026+00"
3579,"1834543510","6272869186","Sew lagenagnh?",NULL,NULL,"2025-11-08 20:22:28.626458+00"
3585,"1834543510","6272869186","Endeza aynet neger nech my friend.....gn kechalkat new b/c ur a virgin",NULL,NULL,"2025-11-08 20:27:41.779409+00"
3588,"6272869186","1834543510","Sint tekefleyalech new enhi, I was once offered to fuck this girl. Ye feres jela eko new yemisetat. Aydelem leswa let 2 sew yibekal",NULL,NULL,"2025-11-08 20:32:00.252926+00"
3597,"6692034060","6272869186","BUT why",NULL,NULL,"2025-11-08 20:41:04.093443+00"
3599,"6692034060","6272869186","you can",NULL,NULL,"2025-11-08 20:41:21.875258+00"
3606,"6272869186","6692034060","Why gn, I have a ye feres jela",NULL,NULL,"2025-11-08 20:45:19.16455+00"
3612,"6272869186","6692034060","Like do girls like soft or hard sex? 30 dekika bekoy des yelachual wey?",NULL,NULL,"2025-11-08 20:48:08.518411+00"
3621,"6692034060","6272869186","go to 22 massage and spa",NULL,NULL,"2025-11-08 20:53:50.188926+00"
3623,"1834543510","1924682462","@Mitmitaaa17",NULL,NULL,"2025-11-08 20:54:20.770212+00"
3644,"1834543510","1924682462","Eshi forget abt that.....i'm a boy btw flagotu kalesh lick ladrglsh",NULL,NULL,"2025-11-08 21:38:09.977249+00"
3646,"1834543510","1924682462","Anchii...",NULL,NULL,"2025-11-08 21:47:53.222245+00"
3779,"5014292785","6369586656","I'm 21",NULL,NULL,"2025-11-09 07:27:02.854651+00"
3797,"6110321042","6063243083","How u doinn",NULL,NULL,"2025-11-09 07:37:20.931783+00"
3803,"6369586656","5014292785","Which is rare these days",NULL,NULL,"2025-11-09 07:46:53.462007+00"
3807,"8178595410","8362956563","Yet gebi nesh?",NULL,NULL,"2025-11-09 07:48:02.37228+00"
3815,"6566784212","6110336587","I’m virgin bruh I don’t have any intentions of losing it this young okay?",NULL,NULL,"2025-11-09 07:57:12.010294+00"
3818,"8333529926","6960656347","Heyy",NULL,NULL,"2025-11-09 08:01:18.670857+00"
3822,"7058103791","8178595410","ምንድነው ለኔም ብለሽ የጠየቅሽው",NULL,NULL,"2025-11-09 08:04:14.876464+00"
3830,"8333529926","6960656347","Am good too",NULL,NULL,"2025-11-09 08:16:00.965866+00"
3832,"8178595410","8362956563","Any response im gonna leave the chat,",NULL,NULL,"2025-11-09 08:18:46.293358+00"
3856,"6369586656","797847663","I'm good im good how bout u",NULL,NULL,"2025-11-09 08:31:30.699452+00"
3864,"7277297826","6369586656","You a guy?",NULL,NULL,"2025-11-09 08:35:23.984531+00"
3882,"6369586656","797847663","Confessions mnamn on that channel",NULL,NULL,"2025-11-09 08:42:35.205701+00"
3886,"6369586656","1924682462","Hey",NULL,NULL,"2025-11-09 08:43:28.902291+00"
3891,"6369586656","797847663","Uff I'm safe I'm safe 😂",NULL,NULL,"2025-11-09 08:47:29.584594+00"
3896,"6499363352","8333529926","No tnx",NULL,NULL,"2025-11-09 08:50:50.38526+00"
3898,"6369586656","797847663","Guy ofc",NULL,NULL,"2025-11-09 08:51:19.149844+00"
3899,"6369586656","797847663","Lol hby",NULL,NULL,"2025-11-09 08:51:24.290945+00"
3900,"797847663","6369586656","I'm just surprised cause pretty sure more than half the men on that channel hate me😭",NULL,NULL,"2025-11-09 08:52:18.686886+00"
3914,"1201804003","8333529926","Hey",NULL,NULL,"2025-11-09 08:58:13.375977+00"
3917,"1201804003","8333529926","But am in another ununiverseiverse",NULL,NULL,"2025-11-09 09:01:48.484021+00"
4237,"1246961688","1051120004","Yeah I agree",NULL,NULL,"2025-11-09 16:00:26.992718+00"
4238,"1246961688","1051120004","It's nice to yap a😂",NULL,NULL,"2025-11-09 16:00:28.474561+00"
4243,"1051120004","1246961688","guess it’s reasonable for me then",NULL,NULL,"2025-11-09 16:07:17.235944+00"
4256,"1246961688","1051120004","Oh then same for me. Idk but maybe I could be the jealous type too😂 Ig it all comes to trust, if I trust you I don't think I would care but who knows",NULL,NULL,"2025-11-09 16:17:59.506078+00"
4264,"1051120004","1246961688","lowkey same but i like to play basketball and play video games",NULL,NULL,"2025-11-09 16:37:14.314025+00"
4280,"1051120004","1246961688","Wb music",NULL,NULL,"2025-11-09 16:42:46.490845+00"
4283,"1051120004","1246961688","i had a phase in 2020",NULL,NULL,"2025-11-09 16:43:48.812887+00"
4285,"1246961688","1051120004","So you WERE🫵😂",NULL,NULL,"2025-11-09 16:44:29.198315+00"
4287,"8178595410","8132883465","Contact me on my telegram username below",NULL,NULL,"2025-11-09 16:44:56.779949+00"
4291,"1051120004","1246961688","😂😂WERE",NULL,NULL,"2025-11-09 16:45:28.311728+00"
4295,"1246961688","1051120004","Or",NULL,NULL,"2025-11-09 16:46:32.425755+00"
4307,"1051120004","1246961688","Yess haven’t been listening to him much these days tho",NULL,NULL,"2025-11-09 16:49:29.407003+00"
4317,"1051120004","1246961688","Yess and it feels so real, its actually pretty cool",NULL,NULL,"2025-11-09 17:02:44.069293+00"
4318,"1246961688","1051120004","You can do whatever you want in your dreams?",NULL,NULL,"2025-11-09 17:03:43.610553+00"
4319,"1246961688","1051120004","Is it like entering another world?",NULL,NULL,"2025-11-09 17:04:08.384673+00"
4330,"1246961688","1051120004","You wanna hear my embarrassing story? I wrote someone a love letter when I was 14 with a shabby paper ofc, and he rejected me too",NULL,NULL,"2025-11-09 17:32:18.15755+00"
4520,"6499363352","1441075897","Enja",NULL,NULL,"2025-11-10 06:54:39.812088+00"
4589,"2133374158","8312458446","Talk to me enji",NULL,NULL,"2025-11-10 16:44:36.18322+00"
4606,"1570959519","1940613654","Nope lol",NULL,NULL,"2025-11-10 16:57:30.726679+00"
4610,"1940613654","1570959519","Okay 😅",NULL,NULL,"2025-11-10 16:58:26.085774+00"
4611,"1570959519","1940613654","Lol",NULL,NULL,"2025-11-10 16:58:38.180967+00"
4619,"2133374158","8312458446","Send me your username then",NULL,NULL,"2025-11-10 17:00:32.240007+00"
4621,"1940613654","1570959519","Okay",NULL,NULL,"2025-11-10 17:01:19.010485+00"
4622,"1570959519","1940613654","Ok",NULL,NULL,"2025-11-10 17:01:35.449686+00"
4761,"992176019","797847663","How old are you again?",NULL,NULL,"2025-11-11 09:13:56.836397+00"
4973,"6344107400","1647697220","Well @paralexix is my username say hi there",NULL,NULL,"2025-11-11 18:42:50.125759+00"
5190,"8333529926","7460651806","Wanna know oral s**😊",NULL,NULL,"2025-11-12 11:15:14.257828+00"
5207,"1697011899","8333529926","Ofc defar hoo",NULL,NULL,"2025-11-12 11:54:50.195086+00"
5210,"8333529926","1697011899","Sorry tho😂😂
I wasn't expect it
I thought we were good",NULL,NULL,"2025-11-12 11:55:44.848918+00"
5213,"8333529926","1697011899","So r u in
Wch campus r u in tho",NULL,NULL,"2025-11-12 11:57:19.645159+00"
5386,"829653636","7572925260","Hey",NULL,NULL,"2025-11-13 01:47:25.203307+00"
5394,"7572925260","829653636","25",NULL,NULL,"2025-11-13 01:48:42.892164+00"
5396,"7572925260","829653636","Yeah",NULL,NULL,"2025-11-13 01:49:04.174488+00"
5400,"829653636","7572925260","Did I reply to your comment or confession ende",NULL,NULL,"2025-11-13 01:50:00.506877+00"
5401,"7572925260","829653636","Yelela sew confesion lay ...dm I can help u",NULL,NULL,"2025-11-13 01:51:05.792513+00"
5405,"829653636","7572925260","Do you have a similar problem",NULL,NULL,"2025-11-13 01:52:17.830101+00"
5412,"7572925260","829653636","Sure send me ur username",NULL,NULL,"2025-11-13 01:54:06.970143+00"
5539,"1246961688","8402831744","Actually, i read one of your confessions. But see, I don't like talking in private chat unless I feel comfortable with you",NULL,NULL,"2025-11-13 10:43:20.504299+00"
5568,"7501176620","6499363352","That's why i made my bio",NULL,NULL,"2025-11-13 11:01:25.690394+00"
1395,"8333529926","5011355321","Ende mnw
Don't be amazed its just like I found u in the comment section

Like u said u should approach him nd really like u said that
Im bka i kept imagining abt u, ur good tbh",NULL,NULL,"2025-11-02 10:16:40.203357+00"
1396,"5237102694","650462012","Yo chill",NULL,NULL,"2025-11-02 10:20:13.954214+00"
1397,"6499363352","8333529926","Im good hbu",NULL,NULL,"2025-11-02 10:29:49.132126+00"
1398,"7795615574","1201360478","Hi, ur username lakilign we can talk",NULL,NULL,"2025-11-02 12:20:31.673085+00"
1399,"1201360478","7795615574","Bemn?",NULL,NULL,"2025-11-02 12:21:13.355553+00"
1400,"7795615574","1201360478","Exihu gar nigerign",NULL,NULL,"2025-11-02 12:22:24.738291+00"
1401,"7795615574","1201360478","Telegram",NULL,NULL,"2025-11-02 12:22:28.610056+00"
1402,"999212136","1201360478","Can you  send me your @ ?",NULL,NULL,"2025-11-02 12:23:51.507526+00"
1403,"1201360478","7795615574","Send me urs",NULL,NULL,"2025-11-02 12:24:51.701317+00"
1404,"7795615574","1201360478","@Yaaaaaaaaaaaaat",NULL,NULL,"2025-11-02 12:27:18.287392+00"
1405,"8333529926","6499363352","Am good too
Can u send me ur tg username if u don't mind",NULL,NULL,"2025-11-02 13:38:44.540218+00"
1406,"6233075737","7168900029","Hi",NULL,NULL,"2025-11-02 13:47:09.683539+00"
1407,"7049798795","8333529926","Huh 😂 blud Idk what u on but I was fine",NULL,NULL,"2025-11-02 13:49:59.053334+00"
1408,"8266579417","7168900029","Hi bro",NULL,NULL,"2025-11-02 13:52:04.202585+00"
1409,"7168900029","8266579417","Yo wassup",NULL,NULL,"2025-11-02 13:54:52.193059+00"
1410,"8266579417","7168900029","Which campus are you",NULL,NULL,"2025-11-02 13:55:18.242029+00"
1411,"7168900029","8266579417","What's is this interrogation",NULL,NULL,"2025-11-02 13:55:37.71748+00"
1412,"7168900029","8266579417","Fbe ?? Wbu",NULL,NULL,"2025-11-02 13:55:47.161527+00"
1413,"8266579417","7168900029","SSC",NULL,NULL,"2025-11-02 13:56:30.240907+00"
1414,"8266579417","7168900029","Can I get ur username",NULL,NULL,"2025-11-02 13:56:59.780213+00"
1415,"7168900029","8266579417","I have to confess something",NULL,NULL,"2025-11-02 13:59:18.350231+00"
1416,"7168900029","8266579417","I am a women idk if u think I a man",NULL,NULL,"2025-11-02 13:59:32.802805+00"
1417,"8266579417","7168900029","I want woman anyways 😊😍",NULL,NULL,"2025-11-02 14:00:00.553252+00"
1418,"7168900029","8266579417","Eh",NULL,NULL,"2025-11-02 14:01:41.406629+00"
1419,"8266579417","7168900029","😍😊🥰 my queen",NULL,NULL,"2025-11-02 14:02:24.422026+00"
1420,"7168900029","8266579417","I am sorry I can't share mt username idk what will happen at the end of the day",NULL,NULL,"2025-11-02 14:02:28.951943+00"
1421,"8266579417","7168900029","I wanna get u💋😊😍",NULL,NULL,"2025-11-02 14:03:11.721315+00"
1422,"7168900029","8266579417","Share yours and I will dm",NULL,NULL,"2025-11-02 14:06:56.950518+00"
1423,"8333529926","7049798795","Ma bad😭
Sorry if i was mistaken
Can u tell me a lil bit abt u like ur age, gen, major nd hobby",NULL,NULL,"2025-11-02 14:21:19.701741+00"
1424,"8333529926","1730816223","Hey, hyd?
Can u send me ur tg username",NULL,NULL,"2025-11-02 14:22:41.913568+00"
1425,"7049798795","8333529926","Why am I being interrogated 😭",NULL,NULL,"2025-11-02 14:37:05.526179+00"
1426,"8333529926","1730816223","Cuz u seem like a lil professional criminal😂 nd accused of...... takin me away

ur up to no good, i highkey suspect u😊",NULL,NULL,"2025-11-02 14:45:52.550318+00"
1427,"8333529926","7049798795","Cuz u seem like a lil professional criminal😂 nd accused of...... takin me away

ur up to no good, i highkey suspect u😊",NULL,NULL,"2025-11-02 14:46:22.424108+00"
1428,"6499363352","8333529926","Im sorry i cant",NULL,NULL,"2025-11-02 15:04:07.015015+00"
1429,"8333529926","6499363352","Kay then ur ig😂",NULL,NULL,"2025-11-02 15:10:22.795658+00"
1430,"6953908944","999212136","Hi",NULL,NULL,"2025-11-02 15:25:12.783024+00"
1431,"6499363352","8333529926","I dont use that app",NULL,NULL,"2025-11-02 15:27:17.387445+00"
1432,"8266579417","7168900029","@Uuuuuuui8900",NULL,NULL,"2025-11-02 15:29:35.105921+00"
1433,"1730816223","8333529926","heyy  smooth",NULL,NULL,"2025-11-02 16:17:26.969336+00"
1434,"1730816223","8333529926","@prettyflowersah",NULL,NULL,"2025-11-02 16:17:31.002322+00"
1435,"7049798795","8333529926","And obviously have no idea what u r sayin☺️",NULL,NULL,"2025-11-02 16:31:07.623392+00"
1436,"8333529926","1730816223","Glad that ur doin okay
Thanks😊",NULL,NULL,"2025-11-02 16:41:44.144965+00"
1437,"8333529926","7049798795","am just goin w the flow
Guess am bad at jokes😭

Lets talk, nd share fun stuffs
Hope you will enjoy it fr
Like lets make our connection our safest nd comfort spot😊",NULL,NULL,"2025-11-02 16:55:43.65273+00"
1438,"8333529926","7049798795","That's y i did interrogate u",NULL,NULL,"2025-11-02 16:58:27.530245+00"
1439,"8333529926","7049798795","Kay thank u 4 ur time",NULL,NULL,"2025-11-02 17:18:10.952006+00"
1440,"6110336587","5396646037","Hay, What's goin on
everything good?",NULL,NULL,"2025-11-02 17:21:26.229035+00"
1441,"6110336587","579014332","Hay, What's goin on
everything good?",NULL,NULL,"2025-11-02 17:21:46.194478+00"
1442,"7049798795","8333529926","Sure I don't mind fun stuff but it seems like u left so thank you for ur time as well👍",NULL,NULL,"2025-11-02 17:43:56.362952+00"
1443,"5396646037","6110336587","Yeah wby stranger😁",NULL,NULL,"2025-11-02 17:53:57.860469+00"
1444,"6458234898","7277297826","Post nut clarity hitsቨ",NULL,NULL,"2025-11-02 18:22:49.179948+00"
1445,"8333529926","7049798795","well i regreted it, am comin back again😂

Can i get a warm welcome😊",NULL,NULL,"2025-11-02 18:40:22.535097+00"
1446,"6110336587","579014332","Doin well too
Wt are u up to now?
Can u send me ur tg username if u don't mind😊",NULL,NULL,"2025-11-02 18:42:21.412865+00"
1447,"5011355321","8333529926","You’ve never seen me before?",NULL,NULL,"2025-11-02 18:43:30.898042+00"
1448,"6110336587","5396646037","Doin well too
Wt are u up to now?
Can u send me ur tg username if u don't mind😊",NULL,NULL,"2025-11-02 18:47:57.064709+00"
1449,"8333529926","5011355321","Yeah tbh
Gn like sometimes u can create a person on ur mind like u paint them, how do they look like
U can gauge them out of their word cuz their word is their mirror reflection

So from what ive get 
U seem an easygoin w a good sense of humor like w a good vibe🥰
That's wt i get when i tryna paint u😊",NULL,NULL,"2025-11-02 18:52:31.590052+00"
1450,"5011355321","8333529926","Describe what I look like",NULL,NULL,"2025-11-02 19:01:03.259026+00"
1451,"8333529926","5011355321","Ur look?
Am gonna be honest w u here, its really hard😭
So kinda brown skinned nd w a good eyes nd eyebrow w a good smile like the killer one i can say this surely
W a beaitiful hair nd a medium height for women
Gn like ur deadly gorgeous for sure cuz most of the time good things r comin from a good stuff
So like i would say that
Idk its hard tbh",NULL,NULL,"2025-11-02 19:10:03.037875+00"
1452,"5011355321","8333529926","You’re wrong I’m not that girl",NULL,NULL,"2025-11-02 19:33:07.272376+00"
1453,"8333529926","5011355321","gn like beauty is on the eye of a beholder
I like this old proverb

Cuz i really like charmin, plaful nd teasin person like a funny one w a good sense of humor nd facial expression
Especially for ladies, this is really really workin for ladies
Omg i love it fr
No matter how their look is i swear",NULL,NULL,"2025-11-02 19:34:25.095228+00"
1454,"5011355321","8333529926","You have no clue who I am eko",NULL,NULL,"2025-11-02 19:34:46.148499+00"
1455,"5011355321","8333529926","You don’t know anything  bout me",NULL,NULL,"2025-11-02 19:34:57.425159+00"
1456,"8333529926","5011355321","ur right i dunno anythig abt u
Gn like as i told u
U tryna paint someone like out of their thing
Ma bad if am wrong nd then

Lemme hear it if u don mind what kinda look u hv
But tbh i don care abt someone's look cuz i rly like to hv fun w like to share meaningful experiences together",NULL,NULL,"2025-11-02 19:37:37.896185+00"
1457,"5011355321","8333529926","I don’t understand how you could make all these generalizations over a comment I made. I don’t understand how it works I would love to know how it did.",NULL,NULL,"2025-11-02 19:52:05.153996+00"
1458,"8333529926","5011355321","I just felt it
Its like ma gut said that
I found u a lit bit curious too which is good actually",NULL,NULL,"2025-11-02 19:59:16.26927+00"
1459,"5011355321","8333529926","wanna move to chat",NULL,NULL,"2025-11-02 20:15:24.343528+00"
1460,"8333529926","5011355321","Y not? Sure",NULL,NULL,"2025-11-02 20:17:44.435411+00"
1461,"7049798795","8333529926","Yeah sure you can",NULL,NULL,"2025-11-03 02:07:17.514868+00"
1548,"1846368634","6692034060","Heyy",NULL,NULL,"2025-11-04 07:24:18.507032+00"
1463,"8333529926","5011355321","Heyyy
Are u alive right now☺️
Wanna move to chat",NULL,NULL,"2025-11-03 02:11:19.931163+00"
1464,"8333529926","7049798795","Heyyy
Are u alive right now☺️
Glad that am with u on ur side😊
Wanna move to chat",NULL,NULL,"2025-11-03 02:12:34.60745+00"
1465,"7049798795","8333529926","I am alive 😂 lol what u doing at this hour",NULL,NULL,"2025-11-03 02:14:47.780003+00"
1466,"8333529926","7049798795","U were just showin up nd comin over to me😂 nd wakin me up
Now am with u😊",NULL,NULL,"2025-11-03 02:16:29.186028+00"
1467,"8333529926","7049798795","Don't u feel that☺️",NULL,NULL,"2025-11-03 02:19:09.220544+00"
1468,"8333529926","7049798795","Ummma ask u back now? 

Why are u showin up, comin over to me nd wakin me up nf keepin me alive?😊

Why don't u leave me alone😂",NULL,NULL,"2025-11-03 02:39:22.451329+00"
1469,"8333529926","7049798795","Ummma ask u back now? 

Why are u showin up, comin over to me nd wakin me up nf keepin me alive?😊

Why don't u leave me alone😂",NULL,NULL,"2025-11-03 02:42:25.243559+00"
1470,"7049798795","8333529926","I left u alone u decided to come back😂",NULL,NULL,"2025-11-03 02:48:38.519035+00"
1471,"8333529926","7049798795","So which means u won't leave me again😊
Tbh i enjoy ur company asf
Ur good at caring nd welcomin😂",NULL,NULL,"2025-11-03 04:21:10.998097+00"
1472,"8333529926","7049798795","nd thanks for ur welcome ceremony😊
I didn't expect that tbh

So stardust lets talk on tg
@dynamicvida",NULL,NULL,"2025-11-03 04:23:28.993519+00"
1473,"8333529926","7049798795","Like in provate",NULL,NULL,"2025-11-03 04:24:54.871346+00"
1474,"7049798795","8333529926","Ohhh....sure",NULL,NULL,"2025-11-03 04:34:44.668819+00"
1475,"8436061444","7201782013","Hey, what kinda bet are you considering and where?",NULL,NULL,"2025-11-03 06:20:23.577194+00"
1476,"7201782013","8436061444","Send me ur number or social so we can talk bedenb didn't decide yet",NULL,NULL,"2025-11-03 06:27:21.590335+00"
1477,"8436061444","7201782013","@Betkirayy",NULL,NULL,"2025-11-03 06:28:26.466267+00"
1478,"8436061444","7201782013","Had to make up... yaw someone might read this biye new nothing fishy lol",NULL,NULL,"2025-11-03 06:28:47.664896+00"
1479,"8333529926","955679410","Hey kidist, wt is goin on?
Everything good?",NULL,NULL,"2025-11-03 15:46:32.176357+00"
1480,"955679410","8333529926","All good, you",NULL,NULL,"2025-11-03 15:50:31.475754+00"
1481,"8333529926","955679410","am good too
Can u send me ur tg username if u don't mind",NULL,NULL,"2025-11-03 15:55:52.285303+00"
1482,"8333529926","955679410","Lets talk, lets hv fun nd share meaningful experiences together",NULL,NULL,"2025-11-03 15:57:13.03566+00"
1483,"6110336587","5949936801","Hey, wt is goin on?
everything good?",NULL,NULL,"2025-11-03 16:01:14.685341+00"
1484,"5949936801","6110336587","Yeah why",NULL,NULL,"2025-11-03 16:20:02.206204+00"
1485,"6110336587","5949936801","Cuz i wanna talk to u😂",NULL,NULL,"2025-11-03 16:37:06.220163+00"
1486,"6110336587","7191883532","Hey, wt is goin on?
everything good?",NULL,NULL,"2025-11-03 17:18:15.329814+00"
1487,"8178595410","7293631010","Hey sup",NULL,NULL,"2025-11-03 18:02:08.70346+00"
1488,"8178595410","7293631010","Are u the nows girl?",NULL,NULL,"2025-11-03 18:02:40.869941+00"
1489,"7293631010","8178595410","what up?",NULL,NULL,"2025-11-03 18:02:56.090605+00"
1490,"7293631010","8178595410","what?",NULL,NULL,"2025-11-03 18:03:03.301518+00"
1491,"8178595410","7293631010","Ru owner of confession 4100?",NULL,NULL,"2025-11-03 18:03:29.621953+00"
1492,"8178595410","7293631010","??",NULL,NULL,"2025-11-03 18:04:04.973654+00"
1493,"1794187848","8178595410","Can u send me ur username",NULL,NULL,"2025-11-03 18:04:08.867932+00"
1494,"7293631010","8178595410","no",NULL,NULL,"2025-11-03 18:04:11.219827+00"
1495,"8178595410","7293631010","Ok are u male or female?",NULL,NULL,"2025-11-03 18:04:28.543643+00"
1496,"7293631010","8178595410","female",NULL,NULL,"2025-11-03 18:04:53.039542+00"
1497,"8178595410","7293631010","Ok do you wanna talk ,can I share u my username?",NULL,NULL,"2025-11-03 18:05:26.939335+00"
1498,"7293631010","8178595410","why",NULL,NULL,"2025-11-03 18:05:45.763805+00"
1499,"8178595410","7293631010","Just real talks👄",NULL,NULL,"2025-11-03 18:06:09.623969+00"
1500,"7293631010","8178595410","fuck you",NULL,NULL,"2025-11-03 18:06:19.710803+00"
1501,"8178595410","7293631010","Why tho?",NULL,NULL,"2025-11-03 18:06:34.745851+00"
1502,"8178595410","7293631010","We can also go hookup if u want!😊",NULL,NULL,"2025-11-03 18:07:06.283442+00"
1503,"8178595410","7293631010","Deal?",NULL,NULL,"2025-11-03 18:10:19.21869+00"
1504,"8178595410","1794187848","Hello",NULL,NULL,"2025-11-03 18:11:08.068174+00"
1505,"8178595410","1794187848","Ru the owner of confession 4100?",NULL,NULL,"2025-11-03 18:11:23.692451+00"
1506,"8178595410","1794187848","Any response?",NULL,NULL,"2025-11-03 18:15:03.715063+00"
1507,"8178595410","7293631010","Hello",NULL,NULL,"2025-11-03 18:18:01.296563+00"
1508,"8178595410","7293631010","Ru owner of confession 4100?",NULL,NULL,"2025-11-03 18:18:16.290503+00"
1509,"7293631010","8178595410","what the fuck is going on?",NULL,NULL,"2025-11-03 18:18:44.524087+00"
1510,"8178595410","7293631010","What?",NULL,NULL,"2025-11-03 18:19:06.938657+00"
1511,"7293631010","8178595410","i am not the owner, why everybody is sending me messages?",NULL,NULL,"2025-11-03 18:19:31.549712+00"
1512,"8178595410","7293631010","Are you girl?",NULL,NULL,"2025-11-03 18:23:46.592713+00"
1513,"7293631010","8178595410","yes, but how did you get my account?",NULL,NULL,"2025-11-03 18:24:36.314407+00"
1514,"8178595410","7293631010","Just use accepted the request before",NULL,NULL,"2025-11-03 18:26:10.654566+00"
1515,"7293631010","8178595410","wdym",NULL,NULL,"2025-11-03 18:26:30.288852+00"
1516,"8178595410","7293631010","Are u finding a partner?",NULL,NULL,"2025-11-03 18:26:42.898285+00"
1517,"8178595410","7293631010","Im here if tho!",NULL,NULL,"2025-11-03 18:26:59.240825+00"
1518,"7293631010","8178595410","how did you get my account?",NULL,NULL,"2025-11-03 18:27:04.715973+00"
1519,"8178595410","7293631010","I requested you to chat here and u approved me and its okay eko😢",NULL,NULL,"2025-11-03 18:27:46.645537+00"
1520,"7293631010","8178595410","i never did",NULL,NULL,"2025-11-03 18:27:57.983483+00"
1521,"8178595410","7293631010","Really?",NULL,NULL,"2025-11-03 18:28:06.407966+00"
1522,"7293631010","8178595410","yesssssss",NULL,NULL,"2025-11-03 18:28:11.631573+00"
1523,"8178595410","7293631010","Nah u did!",NULL,NULL,"2025-11-03 18:28:19.691852+00"
1524,"7293631010","8178595410","i swear i didn't",NULL,NULL,"2025-11-03 18:28:30.179837+00"
1525,"8178595410","7293631010","Im chatting u from my chat history",NULL,NULL,"2025-11-03 18:28:34.242159+00"
1526,"7293631010","8178595410","just leave me alone",NULL,NULL,"2025-11-03 18:28:49.240896+00"
1527,"8178595410","7293631010","Esh do u open to relationship?",NULL,NULL,"2025-11-03 18:28:52.402239+00"
1528,"7293631010","8178595410","no",NULL,NULL,"2025-11-03 18:29:06.563613+00"
1529,"8178595410","7293631010","Why😢😢😳",NULL,NULL,"2025-11-03 18:29:17.204971+00"
1530,"8178595410","7293631010","Do u hv a guy?",NULL,NULL,"2025-11-03 18:29:24.921073+00"
1531,"7293631010","8178595410","yes",NULL,NULL,"2025-11-03 18:29:46.740214+00"
1532,"8178595410","7293631010","No way",NULL,NULL,"2025-11-03 18:30:03.171674+00"
1533,"7293631010","8178595410","go fuck your self, how do i stop this?",NULL,NULL,"2025-11-03 18:30:24.251061+00"
1534,"8178595410","7293631010","Esh can u find me ur friends username who need a partner pls?",NULL,NULL,"2025-11-03 18:30:34.015592+00"
1535,"8178595410","6444601776","Hello",NULL,NULL,"2025-11-03 18:31:26.878736+00"
1536,"8178595410","6444601776","Are u owner of confession 4100?",NULL,NULL,"2025-11-03 18:31:38.849281+00"
1537,"8178595410","7977727953","Hey sup",NULL,NULL,"2025-11-04 05:31:26.726701+00"
1538,"5949936801","6110336587","😂😂😂 ohhh okay 

Heyy wsg",NULL,NULL,"2025-11-04 06:19:13.86657+00"
1539,"6110336587","5949936801","Everything ia good
R u alive😂",NULL,NULL,"2025-11-04 06:28:18.225028+00"
1540,"5949936801","6110336587","Apparently I am what about still breathing",NULL,NULL,"2025-11-04 06:39:50.336618+00"
1541,"1967468387","1320397494","Yhen channel yekefetew manew owner ??",NULL,NULL,"2025-11-04 06:39:54.423043+00"
1542,"6110336587","5949936801","At least ur breathing😂

Do ya snore when u go to sleep?😂",NULL,NULL,"2025-11-04 06:46:00.253657+00"
1543,"5949936801","6110336587","No I don't even sleep",NULL,NULL,"2025-11-04 06:56:56.897634+00"
1544,"6110336587","5949936801","Wt r u workin on?

Mn ale be enklf enkua btasalfiw😭",NULL,NULL,"2025-11-04 07:09:33.402079+00"
1545,"6692034060","1846368634","Hi",NULL,NULL,"2025-11-04 07:11:09.254544+00"
1546,"5949936801","6110336587","Trying to build pyramids

The job  keeping me up",NULL,NULL,"2025-11-04 07:15:44.828642+00"
1547,"6110336587","5949936801","😂😂😂

Ayy, u better build a bride across Pacific ocean😂",NULL,NULL,"2025-11-04 07:20:16.995485+00"
1549,"5949936801","6110336587","😁😁Thought about it  but I'm afraid of oceans",NULL,NULL,"2025-11-04 07:24:29.548987+00"
1554,"6692034060","1846368634","Yep",NULL,NULL,"2025-11-04 07:45:44.002444+00"
1560,"6110336587","5949936801","Ive partnership w them😂",NULL,NULL,"2025-11-04 08:07:52.409846+00"
2527,"8333529926","1940613654","Ur age, gender nd interest😊",NULL,NULL,"2025-11-05 15:43:53.733975+00"
2528,"8333529926","826378948","Its anonymous right?
I wanna talk to u😅
Then i said heyy
Smthg problem?",NULL,NULL,"2025-11-05 15:44:39.448004+00"
2529,"826378948","8333529926","Are u a guy ?",NULL,NULL,"2025-11-05 15:46:27.525015+00"
2677,"1136410666","1103065697","If u r still interested i wanna be ur sub",NULL,NULL,"2025-11-07 02:27:10.210314+00"
2769,"8178595410","333933994","Ru boy or girl?",NULL,NULL,"2025-11-07 10:17:38.565104+00"
3037,"400568980","6307144522","Dm mk454",NULL,NULL,"2025-11-08 03:32:02.680309+00"
3249,"957328380","7597536347","Am not from aau",NULL,NULL,"2025-11-08 11:02:22.387953+00"
3258,"957328380","7597536347","Am a man bruv",NULL,NULL,"2025-11-08 11:05:18.862605+00"
3262,"957328380","7597536347","Am not in to boys",NULL,NULL,"2025-11-08 11:07:24.106719+00"
3590,"6272869186","1834543510","Eshi sint likfel?",NULL,NULL,"2025-11-08 20:33:29.971296+00"
3596,"6692034060","6272869186","21",NULL,NULL,"2025-11-08 20:40:59.516229+00"
3613,"6272869186","6692034060","A man who tells you minamn new?",NULL,NULL,"2025-11-08 20:48:47.432719+00"
3628,"6272869186","6692034060","No i tought you said 5k for u ?",NULL,NULL,"2025-11-08 20:59:11.874536+00"
3632,"1924682462","411388600","good",NULL,NULL,"2025-11-08 21:09:15.528336+00"
3635,"411388600","1924682462","Can I have ur user 😊",NULL,NULL,"2025-11-08 21:10:27.901953+00"
3637,"411388600","1924682462","Boy",NULL,NULL,"2025-11-08 21:11:14.852452+00"
3639,"1893518889","1924682462","i am m and  my girlfriend gave me some p*** and left the country after one day ena we broke up there gn beka i can get rid of it what should i do nafekegn",NULL,NULL,"2025-11-08 21:21:41.641508+00"
3789,"6369586656","5014292785","Sure😂 ende these confessions cherash eko yanchim alebet I hope it's a normal one becha",NULL,NULL,"2025-11-09 07:29:16.278416+00"
4244,"1246961688","1051120004","Yeah it is😂",NULL,NULL,"2025-11-09 16:07:30.956566+00"
4248,"1246961688","1051120004","Can't",NULL,NULL,"2025-11-09 16:09:55.941375+00"
4250,"1051120004","1246961688","i feel you, i see people around me and i’m just surprised, cause the whole point of a relationship is you’re dating someone you love in hopes to get married and have a family right? i can’t understand how you can be inconsiderate when you’re in love",NULL,NULL,"2025-11-09 16:11:30.402487+00"
4254,"1051120004","1246961688","no no, TOO MANY guy friends.",NULL,NULL,"2025-11-09 16:15:48.126082+00"
4255,"1051120004","1246961688","but again maybe its okay and i might just be the jealous type",NULL,NULL,"2025-11-09 16:16:16.013591+00"
4259,"6943659764","1767733168","Hi",NULL,NULL,"2025-11-09 16:23:40.8697+00"
4260,"1246961688","1051120004","Honestly idk on one side I think they can be like it's possible especially if they're childhood friends but on the other side I'm sure at one point one of them if not both might think the other one more than a friend so it's hard to tell. What do you think",NULL,NULL,"2025-11-09 16:25:49.697655+00"
4269,"1051120004","1246961688","Most girl ik usually go for books or movies rather than anime",NULL,NULL,"2025-11-09 16:39:33.550737+00"
4271,"8132883465","8178595410","Who are u nd what u are lookn for",NULL,NULL,"2025-11-09 16:40:32.384967+00"
4521,"1441075897","6499363352","i gotta make mine other he beka😭",NULL,NULL,"2025-11-10 06:56:16.105654+00"
4590,"8312458446","2133374158","Hello",NULL,NULL,"2025-11-10 16:50:18.57272+00"
4592,"1570959519","1940613654","I thought u did cuz i said i was a boy😭😭",NULL,NULL,"2025-11-10 16:51:52.639999+00"
4598,"2133374158","8312458446","Let's see what you got",NULL,NULL,"2025-11-10 16:56:31.202605+00"
4600,"2133374158","8312458446","I'm wide open",NULL,NULL,"2025-11-10 16:56:37.953166+00"
4601,"1940613654","1570959519","Straight",NULL,NULL,"2025-11-10 16:56:41.403416+00"
4603,"8312458446","2133374158","User name please",NULL,NULL,"2025-11-10 16:57:05.71454+00"
4608,"2133374158","8312458446","Anonymously",NULL,NULL,"2025-11-10 16:57:35.877295+00"
4615,"1570959519","1940613654","U will def hate me",NULL,NULL,"2025-11-10 16:59:48.163222+00"
4616,"8312458446","2133374158","This feels more unsafe. You can make your profile pic phone number etc private",NULL,NULL,"2025-11-10 16:59:55.245409+00"
4764,"992176019","797847663","I don't really believe in drugs, I'll take a cup of tea over pain killers any day of the week",NULL,NULL,"2025-11-11 09:17:10.606734+00"
4984,"1071472901","797847663","Mnew zm alsh 😭😭",NULL,NULL,"2025-11-11 19:09:27.945449+00"
4993,"992176019","1055900924","Which campus u at?",NULL,NULL,"2025-11-11 19:58:58.841662+00"
5002,"6110336587","422805597","Amn't a serial killer tbh
Just a serial hacker if that's okay w U",NULL,NULL,"2025-11-11 20:14:39.197141+00"
5191,"8333529926","466664482","Heyy",NULL,NULL,"2025-11-12 11:18:45.563015+00"
5387,"7572925260","829653636","How r ya?",NULL,NULL,"2025-11-13 01:47:41.035352+00"
5388,"829653636","7572925260","I'm good wbu",NULL,NULL,"2025-11-13 01:47:55.608777+00"
5389,"7572925260","829653636","Good",NULL,NULL,"2025-11-13 01:48:07.106655+00"
5390,"7572925260","829653636","How old r u",NULL,NULL,"2025-11-13 01:48:16.552876+00"
5391,"829653636","7572925260","I'm 20",NULL,NULL,"2025-11-13 01:48:22.679693+00"
5392,"829653636","7572925260","Wbu",NULL,NULL,"2025-11-13 01:48:28.988321+00"
5393,"7572925260","829653636","Cool",NULL,NULL,"2025-11-13 01:48:40.467685+00"
5399,"7572925260","829653636","Ok",NULL,NULL,"2025-11-13 01:49:58.659912+00"
5541,"7501176620","6499363352","""Atleast I like smtng ?"" 😂",NULL,NULL,"2025-11-13 10:43:22.060436+00"
5542,"1246961688","8402831744","But what are you commenting if that's your reaction😂",NULL,NULL,"2025-11-13 10:44:40.146266+00"
5546,"7501176620","6499363352","And also I'm very careful not to give hits of who I really am 


It could seriously affect my life and work",NULL,NULL,"2025-11-13 10:46:28.665522+00"
5557,"1246961688","5886466655","But tell me for how many girls have you gave his account😂",NULL,NULL,"2025-11-13 10:52:26.455434+00"
5566,"5886466655","1246961688","And I think so he do, Shall I share you that?",NULL,NULL,"2025-11-13 10:58:38.101654+00"
5567,"5886466655","1246961688","I don't know how to share it 😂, don't you think its better to talk to him there. I already told him btw",NULL,NULL,"2025-11-13 11:00:06.429288+00"
5576,"7501176620","6499363352","TF then why keep your name if you don't like it ?",NULL,NULL,"2025-11-13 11:15:25.41244+00"
5756,"8274317025","466664482","Are you there?",NULL,NULL,"2025-11-13 16:25:26.119692+00"
5757,"1438008369","7412135899","R u fr like is personality is enough for relationship??",NULL,NULL,"2025-11-13 16:26:31.645062+00"
5770,"8274317025","466664482","Here is my snapchat profile:- https://www.snapchat.com/add/minasielemma?share_id=XBFdqGJnfOI&locale=en-US",NULL,NULL,"2025-11-13 16:43:21.746076+00"
5785,"2144552661","8151671672","Hey pretty lady",NULL,NULL,"2025-11-13 17:09:19.55079+00"
5789,"1568889911","8487387358","There was creepy girl that was stockin me for months and doin this trash pranks",NULL,NULL,"2025-11-13 17:13:22.100602+00"
5810,"2144552661","6499363352","Why don't you",NULL,NULL,"2025-11-13 17:37:19.944406+00"
5822,"5183845073","6619071192","Heyy",NULL,NULL,"2025-11-13 18:08:34.400533+00"
5835,"5183845073","6619071192","Ohh i see",NULL,NULL,"2025-11-13 18:12:40.907295+00"
5853,"8210097157","1634777884","Hey",NULL,NULL,"2025-11-13 18:18:48.762676+00"
5872,"797847663","7501176620","Who and don't say some silly ass shi😭",NULL,NULL,"2025-11-13 18:30:56.864751+00"
5882,"7501176620","797847663","How do you pronounce water ?",NULL,NULL,"2025-11-13 18:57:29.02699+00"
5888,"1146651318","6196465621","Heyyy",NULL,NULL,"2025-11-13 19:04:26.732165+00"
5891,"7501176620","797847663","babes wtf is with this ""😭"" emoji 


You're spamming it like its the secret combo on mortal combats",NULL,NULL,"2025-11-13 19:07:41.238184+00"
5898,"797847663","7501176620","And bro why do I feel like you're such a womanizer",NULL,NULL,"2025-11-13 19:13:32.048586+00"
5906,"7501176620","797847663","What made you suspect me though?",NULL,NULL,"2025-11-13 19:21:20.610715+00"
6050,"6110336587","451257119","Wt kinda questions",NULL,NULL,"2025-11-13 21:12:46.744432+00"
6073,"5636401129","1722589537","I like being on the top the most and I like being licked like every inch of my body and I want long lasting sex bekelalu mefatat aymechegnm",NULL,NULL,"2025-11-13 21:32:38.823899+00"
6074,"5636401129","1722589537","What abt your desires",NULL,NULL,"2025-11-13 21:32:58.532867+00"
1550,"6692034060","1846368634","You good?",NULL,NULL,"2025-11-04 07:26:28.283328+00"
1551,"6110336587","5949936801","Nope😂
That's ma empire no one can hurt U
What if i take u there ende hassab",NULL,NULL,"2025-11-04 07:32:20.031854+00"
1552,"1846368634","6692034060","i'm good, you good?",NULL,NULL,"2025-11-04 07:42:18.104359+00"
1553,"5949936801","6110336587","Who ru captain Jack sparrow?

Tempting but already planned to go to everest",NULL,NULL,"2025-11-04 07:43:00.229187+00"
1555,"6692034060","1846368634","Just wanted to say hi",NULL,NULL,"2025-11-04 07:46:01.739568+00"
1556,"6110336587","5949936801","Everest 😂
I will be sailing solo then😂
I was gonna say we could steal a ship but fine enjoy freezing while I sail into the sunset",NULL,NULL,"2025-11-04 07:49:58.47356+00"
1557,"7737303624","1609398709","Tyyy for the support really appreciat that",NULL,NULL,"2025-11-04 07:53:31.887556+00"
1558,"1609398709","7737303624","which support?",NULL,NULL,"2025-11-04 07:56:49.318896+00"
1559,"5949936801","6110336587","Enjoy the sharks ig",NULL,NULL,"2025-11-04 08:02:48.519503+00"
1561,"6110336587","5949936801","Wannna move to chat😊",NULL,NULL,"2025-11-04 08:09:51.122927+00"
1562,"5949936801","6110336587","Maybe",NULL,NULL,"2025-11-04 08:14:49.088858+00"
1563,"5949936801","6110336587","And I've corporation with wind and snow",NULL,NULL,"2025-11-04 08:15:10.214526+00"
1564,"6110336587","5949936801","So what is we go to everest nd enjoy the view together🥰

nd then to Pacific ocean nd havin fun at the beach nd watchin a gorgeous sunrise nd sunset😊

Mutual benfit😂",NULL,NULL,"2025-11-04 08:22:15.881944+00"
1565,"6110336587","5949936801","Kay then
@dynamicvida",NULL,NULL,"2025-11-04 08:22:46.568024+00"
1566,"8109112246","5014292785","Girl...I fucked 1 girl last night n she said that she gonna kill me ymr what should I do here😬",NULL,NULL,"2025-11-04 08:39:21.569048+00"
1567,"8109112246","7050798852","Hey",NULL,NULL,"2025-11-04 08:42:38.502406+00"
1568,"7050798852","8109112246","Hey , r u lezbo babe 😘",NULL,NULL,"2025-11-04 08:44:59.222437+00"
1569,"7050798852","8109112246","/confess",NULL,NULL,"2025-11-04 08:45:55.663205+00"
1570,"8109112246","7050798852","/confess",NULL,NULL,"2025-11-04 08:46:50.829929+00"
1571,"8109112246","7050798852","Ok...are m/f?",NULL,NULL,"2025-11-04 08:47:09.976207+00"
1572,"7050798852","8109112246","Any lesbo and girl who is bisexual here who want to have one man on ur group hit me up now",NULL,NULL,"2025-11-04 08:47:26.36301+00"
1573,"8109112246","7050798852","Are u boy?",NULL,NULL,"2025-11-04 08:47:55.692793+00"
1574,"7050798852","8109112246","Am m but love u guys",NULL,NULL,"2025-11-04 08:48:25.506294+00"
1575,"8109112246","7050798852","How fuck ur self we only need girl to join us...not any man!",NULL,NULL,"2025-11-04 08:49:15.690163+00"
1576,"7050798852","8109112246","Be group kegebachu in the middle don't forget me",NULL,NULL,"2025-11-04 08:49:18.967683+00"
1577,"8109112246","7050798852","What do u mean to forgot u?",NULL,NULL,"2025-11-04 08:49:46.79156+00"
1578,"7050798852","8109112246","Invite me to ur lesbo sex party",NULL,NULL,"2025-11-04 08:50:33.986286+00"
1579,"8109112246","7050798852","Ur male or female?",NULL,NULL,"2025-11-04 08:50:54.865219+00"
1580,"7050798852","8109112246","Am male wth",NULL,NULL,"2025-11-04 08:51:14.491694+00"
1581,"8333529926","7239352530","Heyyy
I saw u trynna do ur period blood rituals
If u can do it for me plz😂

am gonna give u info abt me😂",NULL,NULL,"2025-11-04 08:51:32.67326+00"
1582,"8109112246","7050798852","We only need girl not man!",NULL,NULL,"2025-11-04 08:51:43.561202+00"
1583,"8333529926","7239352530","Heyyy
I saw u trynna do ur period blood rituals
If u do, do it for me plz😂

am gonna give u info abt me😂",NULL,NULL,"2025-11-04 08:51:54.399386+00"
1584,"7050798852","8109112246","But if u r bisexual I will have u group sex erasu betam fwa aregachuhalew please 🙏",NULL,NULL,"2025-11-04 08:51:58.582768+00"
1585,"8109112246","7050798852","We do have many dildos...no need of urs",NULL,NULL,"2025-11-04 08:52:20.149842+00"
1586,"8109112246","7050798852","Mn dep nek?",NULL,NULL,"2025-11-04 08:52:28.098594+00"
1587,"7050798852","8109112246","Or send me video of u having sex !",NULL,NULL,"2025-11-04 08:53:10.737663+00"
1588,"8109112246","7050798852","No!",NULL,NULL,"2025-11-04 08:54:38.922066+00"
1589,"7239352530","8333529926","Ok then tell me about unself 🙄",NULL,NULL,"2025-11-04 08:54:59.744514+00"
1590,"7239352530","8333529926","Ok then tell me about urself 🙄",NULL,NULL,"2025-11-04 08:55:09.806294+00"
1591,"8109112246","8132883465","Hey...u wanna join us?",NULL,NULL,"2025-11-04 08:55:14.245298+00"
1592,"8132883465","8109112246","Yup",NULL,NULL,"2025-11-04 08:55:21.816777+00"
1593,"8109112246","8132883465","Are u male or female?",NULL,NULL,"2025-11-04 08:55:23.809425+00"
1594,"8333529926","7239352530","What we gonna do eza behuala tho",NULL,NULL,"2025-11-04 08:57:21.972787+00"
1595,"841889605","8189007505","I think i am more freakier and looks innocent than u i bet",NULL,NULL,"2025-11-04 08:57:27.542409+00"
1596,"7239352530","8333529926","Are u male or? 🙄🤔",NULL,NULL,"2025-11-04 08:59:07.368784+00"
1597,"8333529926","7239352530","yeah am M

I was just messin w u 
I know what we gonna do😊",NULL,NULL,"2025-11-04 09:00:25.277121+00"
1598,"7050798852","8109112246","Hey llemnsh echlalew gn lesbian set betam new mwedew be akal staregu bayachu or ene involve btaregugn betam des ylegnal ewnet asrechugn eski",NULL,NULL,"2025-11-04 09:02:34.648158+00"
1599,"8109112246","8132883465","They dont let u join gn i can help u with that in private",NULL,NULL,"2025-11-04 09:03:29.880986+00"
1600,"8109112246","8132883465","Do u hv big ***?",NULL,NULL,"2025-11-04 09:03:46.121654+00"
1601,"7239352530","8333529926","But I don't know what we gonna do🙄 let me know",NULL,NULL,"2025-11-04 09:05:01.733134+00"
1602,"8132883465","8109112246","Male",NULL,NULL,"2025-11-04 09:05:58.523781+00"
1603,"8333529926","7239352530","May be a running race😂",NULL,NULL,"2025-11-04 09:07:16.080358+00"
1604,"8132883465","8109112246","Yeah it's big 
Are u male or female",NULL,NULL,"2025-11-04 09:11:53.189523+00"
1605,"8333529926","7239352530","Wt were u doin that stuff for im like what were u expectin",NULL,NULL,"2025-11-04 09:14:21.278053+00"
1606,"7050798852","8109112246","And group kalachu ye telegram channel video milekek kehon esun eyayehu enkwa erasen larka ye smet guday takiwalesh  be smet lfeneda new ene ga yemimetut setoch endalu chewa zilt nachew or straight hona yemtakiyat set alech ende ene aynet sew mtfelg tebaberign please thank you",NULL,NULL,"2025-11-04 09:44:34.94481+00"
1607,"8109112246","7050798852","Do u hv big ***",NULL,NULL,"2025-11-04 09:46:11.378711+00"
1608,"8109112246","7050798852","If that i can help u",NULL,NULL,"2025-11-04 09:46:20.769456+00"
1609,"841889605","8189007505","I mean if anyone sees me they will never think of that i think like that… i like to make the other persob hornier. Me and my friend even fucked a girl together and he even sucked my d",NULL,NULL,"2025-11-04 10:45:23.225361+00"
1610,"7977727953","8178595410","Wanna get naughty",NULL,NULL,"2025-11-04 10:45:58.996821+00"
1611,"8178595410","7977727953","I want girl like mee too... we have Dillon dont need a man",NULL,NULL,"2025-11-04 10:47:15.439114+00"
1612,"7977727953","8178595410","What",NULL,NULL,"2025-11-04 11:03:50.26121+00"
1613,"7977727953","8178595410","You are girl?",NULL,NULL,"2025-11-04 11:03:57.8698+00"
1614,"8178595410","7977727953","im a girl what about u?",NULL,NULL,"2025-11-04 11:08:07.751898+00"
1615,"6872457299","558918331","Fhj",NULL,NULL,"2025-11-04 11:08:14.962331+00"
1616,"8178595410","7977727953","I need girl👧",NULL,NULL,"2025-11-04 11:11:47.094985+00"
1617,"7977727953","8178595410","Oh",NULL,NULL,"2025-11-04 11:12:19.347903+00"
1618,"7977727953","8178595410","Nevermind",NULL,NULL,"2025-11-04 11:12:22.268287+00"
1619,"7977727953","8178595410","Im a dude",NULL,NULL,"2025-11-04 11:12:26.033448+00"
1620,"8178595410","7977727953","Are u girl?",NULL,NULL,"2025-11-04 11:12:28.882881+00"
1621,"8178595410","7977727953","Really?",NULL,NULL,"2025-11-04 11:12:36.117689+00"
1622,"8178595410","7977727953","Tekeka bidatam...ene set meslogn😭😂",NULL,NULL,"2025-11-04 11:12:53.083765+00"
1623,"7977727953","8178595410","😅",NULL,NULL,"2025-11-04 11:13:53.971252+00"
1624,"7977727953","8178595410","Homos in a different stream",NULL,NULL,"2025-11-04 11:14:04.627931+00"
1625,"8178595410","7977727953","Esh mebedat mtfeleg metak alech?",NULL,NULL,"2025-11-04 11:14:29.654521+00"
1626,"8178595410","7977727953","Pls kalech ngregn ymr betam temtognal...feelingun takalek biye asebalew",NULL,NULL,"2025-11-04 11:15:02.246496+00"
1627,"8189007505","841889605","So U gay?",NULL,NULL,"2025-11-04 11:16:18.941813+00"
1628,"841889605","8189007505","like boobs much to be called that lol
but i dont mind to be honest",NULL,NULL,"2025-11-04 11:17:01.319753+00"
1629,"8189007505","841889605","I mean freaky as in strictly girls and making them addicted",NULL,NULL,"2025-11-04 11:17:55.433644+00"
2536,"8333529926","7773846469","Ur age, gender, nd interest",NULL,NULL,"2025-11-05 16:05:18.089297+00"
2678,"8333529926","7059792329","Heyy",NULL,NULL,"2025-11-07 03:31:01.668558+00"
2679,"7059792329","8333529926","Hey",NULL,NULL,"2025-11-07 03:31:24.540277+00"
2683,"753215699","1731264064","My nigga",NULL,NULL,"2025-11-07 03:37:08.663366+00"
2772,"8178595410","333933994","Sima mebedat mtfeleg set takalek?",NULL,NULL,"2025-11-07 10:18:13.65169+00"
3038,"6048970412","7553206571","Hey, can i help",NULL,NULL,"2025-11-08 04:01:56.949539+00"
3251,"7597536347","957328380","Where are u from?",NULL,NULL,"2025-11-08 11:03:24.258979+00"
3254,"957328380","7597536347","Nah 12 sewedk drop areku",NULL,NULL,"2025-11-08 11:04:14.664548+00"
3593,"6272869186","6692034060","Are u M or F?",NULL,NULL,"2025-11-08 20:40:18.522952+00"
3600,"6272869186","6692034060","If I'm a 23 year old V would girls think I'm weird?",NULL,NULL,"2025-11-08 20:41:53.84915+00"
3602,"6272869186","6692034060","Ya",NULL,NULL,"2025-11-08 20:43:03.815321+00"
3604,"6692034060","6272869186","I donno what others think. But for me yeah",NULL,NULL,"2025-11-08 20:44:05.251361+00"
3608,"6272869186","6692034060","Haha ya, it is 9 inch i swear",NULL,NULL,"2025-11-08 20:46:12.641668+00"
3620,"1887284229","1834543510","Do u wanna talk?",NULL,NULL,"2025-11-08 20:53:49.729639+00"
3624,"6422496097","797847663","Hi",NULL,NULL,"2025-11-08 20:54:23.942976+00"
3625,"1887284229","1834543510","Hey",NULL,NULL,"2025-11-08 20:58:18.398651+00"
3633,"411388600","1924682462","Were u a sex addict",NULL,NULL,"2025-11-08 21:09:45.512555+00"
3634,"1924682462","411388600","yeah ofcourse menw??",NULL,NULL,"2025-11-08 21:10:02.656976+00"
3636,"1924682462","411388600","boy or girl??",NULL,NULL,"2025-11-08 21:11:01.374509+00"
3638,"1924682462","411388600","bye",NULL,NULL,"2025-11-08 21:11:25.604793+00"
3641,"1924682462","1834543510","yeah😳😳 mnw",NULL,NULL,"2025-11-08 21:34:02.572147+00"
3645,"1834543510","1924682462","Akumeshibgnma athejim....awarign enji",NULL,NULL,"2025-11-08 21:40:56.174963+00"
3792,"6369586656","5014292785","Anyway what's your major?",NULL,NULL,"2025-11-09 07:30:47.440963+00"
3794,"6566784212","6110336587","Tg acc?",NULL,NULL,"2025-11-09 07:31:31.719725+00"
3796,"5014292785","6369586656","Ya enema kum ngr nw confess madergew",NULL,NULL,"2025-11-09 07:34:33.682389+00"
3799,"8178595410","8362956563","Yet gebi nesh",NULL,NULL,"2025-11-09 07:40:11.323571+00"
3804,"5014292785","6369586656","Oh rly? What makes u think I am wise?",NULL,NULL,"2025-11-09 07:47:09.936744+00"
3805,"8178595410","8362956563","Hello,",NULL,NULL,"2025-11-09 07:47:34.837232+00"
4247,"1246961688","1051120004","I can get past into a relationship if you're inconsiderate",NULL,NULL,"2025-11-09 16:09:51.569408+00"
4267,"1246961688","1051120004","What kind of games? Oh yeah I like anime too",NULL,NULL,"2025-11-09 16:38:24.519886+00"
4268,"1051120004","1246961688","Really? What are some of your favorite ones",NULL,NULL,"2025-11-09 16:39:17.546119+00"
4286,"8178595410","8132883465","Im male n looking for girl just to talk...ru down for it?",NULL,NULL,"2025-11-09 16:44:36.912496+00"
4308,"1246961688","1051120004","Back then, we're your favourites bts and blackpink?😂",NULL,NULL,"2025-11-09 16:50:03.233027+00"
4312,"1051120004","1246961688","i thought i was niche lol",NULL,NULL,"2025-11-09 16:57:14.027282+00"
4316,"1246961688","1051120004","Ohh so you know you're dreaming when you dream?",NULL,NULL,"2025-11-09 17:01:25.670817+00"
4322,"1246961688","1051120004","So i gotta ask what's the wildest thing you did😂",NULL,NULL,"2025-11-09 17:04:43.122866+00"
4323,"1051120004","1246961688","😭i saw this question coming a mile away",NULL,NULL,"2025-11-09 17:04:58.40892+00"
4333,"1246961688","1051120004","But yeah no shame in that",NULL,NULL,"2025-11-09 17:38:48.812338+00"
4522,"6499363352","1441075897","Nooo😭",NULL,NULL,"2025-11-10 06:58:52.883703+00"
4591,"2133374158","8312458446","Interested in sexting?",NULL,NULL,"2025-11-10 16:50:54.632977+00"
4597,"8312458446","2133374158","Let's make you squirt then ma bish",NULL,NULL,"2025-11-10 16:56:05.325545+00"
4609,"1570959519","1940613654","Im not sayin im gay tho",NULL,NULL,"2025-11-10 16:57:43.25202+00"
4612,"1940613654","1570959519","So u wanna talk to me or??",NULL,NULL,"2025-11-10 16:59:05.218991+00"
4613,"1570959519","1940613654","Bro block me idc i like gurls like actually but im somehow isware idk too i like boys kinda nahh betam idk whts wrong with me bruh",NULL,NULL,"2025-11-10 16:59:24.080313+00"
4771,"797847663","992176019","Pharm is a hard but we're surviving",NULL,NULL,"2025-11-11 09:31:48.772402+00"
4985,"6110336587","422805597","Damn, U should hv said that first

Yk, today am hvin this weird kinda feelin😊😅

Nd i was like wt is wrong, wt is goin on w me lekas i was about to talk to a girl in US😊😁",NULL,NULL,"2025-11-11 19:11:43.289023+00"
5192,"1494988153","7988209946","Actually i don't remember this one but .. are u female or male?",NULL,NULL,"2025-11-12 11:18:59.13534+00"
5194,"7988209946","1494988153","Am a female.....

Did I get the wrong person ende 😭",NULL,NULL,"2025-11-12 11:36:28.967756+00"
5413,"829653636","7572925260","@TheArtist181",NULL,NULL,"2025-11-13 01:54:38.45169+00"
5414,"829653636","7572925260","Text me",NULL,NULL,"2025-11-13 01:54:44.50226+00"
5556,"1246961688","5886466655","Does he have an account in here I would like to talk to him here before jumping to his dms",NULL,NULL,"2025-11-13 10:51:41.873665+00"
5558,"6870565233","8487387358","Please tell me 🙏🙏🙏🙏🙏",NULL,NULL,"2025-11-13 10:52:34.127682+00"
5574,"466664482","1246961688","https://t.me/aau_confessions_bot?start=profile_g0iRug65I1w",NULL,NULL,"2025-11-13 11:11:06.570423+00"
5578,"1246961688","5886466655","It's because I don't like talking in private before knowing what they're like",NULL,NULL,"2025-11-13 11:16:04.891904+00"
5759,"466664482","8274317025","Sure why not",NULL,NULL,"2025-11-13 16:30:39.006779+00"
5762,"8274317025","466664482","Please tell me your department...",NULL,NULL,"2025-11-13 16:33:42.462942+00"
5779,"5791864925","7623717059","send it to me",NULL,NULL,"2025-11-13 16:46:14.537456+00"
5780,"7623717059","5791864925","@Pplfine",NULL,NULL,"2025-11-13 16:46:19.888888+00"
5783,"7092743968","5741313011","Hi",NULL,NULL,"2025-11-13 17:05:04.405691+00"
5784,"5741313011","7092743968","ur story feels like a movie ngl",NULL,NULL,"2025-11-13 17:05:41.872568+00"
5791,"1568889911","8487387358","/confess",NULL,NULL,"2025-11-13 17:15:02.277868+00"
5799,"6499363352","2144552661","Ayo drop ur @",NULL,NULL,"2025-11-13 17:31:08.452814+00"
5820,"1146651318","338250980","Ere I don't care selewendoch I just wanna make friends like ignore ayargugh biyans enji nothing more",NULL,NULL,"2025-11-13 18:04:24.742456+00"
5827,"6619071192","5183845073","U fresh",NULL,NULL,"2025-11-13 18:09:29.722188+00"
5836,"6619071192","5183845073","So is that just rumour or...?",NULL,NULL,"2025-11-13 18:12:41.773899+00"
5838,"5183845073","6619071192","But am not fresh so i dont know",NULL,NULL,"2025-11-13 18:12:55.228656+00"
5855,"7501176620","6499363352","So what you still mad at me ?",NULL,NULL,"2025-11-13 18:19:35.331488+00"
5869,"6499363352","5736956317","Nah??",NULL,NULL,"2025-11-13 18:27:27.204276+00"
5876,"797847663","7501176620","Wait yeah I've seen her but I legit thought she was in the us",NULL,NULL,"2025-11-13 18:36:03.813602+00"
6059,"1722589537","5636401129","What's your sexual desires",NULL,NULL,"2025-11-13 21:18:59.095498+00"
6060,"6110336587","451257119","Heyy",NULL,NULL,"2025-11-13 21:19:14.401523+00"
6139,"6110336587","6499363352","Oww
Belaynesh is so cool😂😂

ችግሩ ur name nd u ቦሌ እና ባሌ

Mention one cxs the defines ur name like makes u superior😂😂",NULL,NULL,"2025-11-14 05:44:42.692218+00"
6155,"1469773444","1781787035","Man us",NULL,NULL,"2025-11-14 05:54:56.659431+00"
6174,"466664482","477462298","Hey",NULL,NULL,"2025-11-14 06:21:47.183772+00"
1630,"6110336587","5009377468","Heyy
Ur gender",NULL,NULL,"2025-11-04 11:18:01.450632+00"
1635,"7977727953","8178595410","Will let u know if I come across",NULL,NULL,"2025-11-04 11:22:33.895601+00"
1646,"8178595410","1609398709","Set nesha?",NULL,NULL,"2025-11-04 11:32:06.109586+00"
1648,"5009377468","6110336587","What do you have with my gender",NULL,NULL,"2025-11-04 11:37:10.755238+00"
1655,"5806772573","8333529926","Every thing is good",NULL,NULL,"2025-11-04 12:19:43.783226+00"
2541,"7231257941","6499363352","Hi",NULL,NULL,"2025-11-05 18:14:39.712113+00"
2680,"8333529926","7059792329","U m or f",NULL,NULL,"2025-11-07 03:32:59.156656+00"
2681,"7059792329","8333529926","Male",NULL,NULL,"2025-11-07 03:33:09.453297+00"
2684,"5756352968","6110336587","Hi",NULL,NULL,"2025-11-07 03:57:04.676857+00"
2685,"6110336587","5756352968","Heyy",NULL,NULL,"2025-11-07 03:57:24.236074+00"
2779,"8178595410","333933994","Mn alk?",NULL,NULL,"2025-11-07 10:20:01.626919+00"
2783,"8178595410","333933994","Eree😂😂",NULL,NULL,"2025-11-07 10:30:37.774859+00"
2784,"8178595410","7214434853","Hey",NULL,NULL,"2025-11-07 10:31:07.094987+00"
3039,"1570959519","7216257437","Hi",NULL,NULL,"2025-11-08 04:02:29.906424+00"
3255,"7597536347","957328380","Yet new mtnoriw?",NULL,NULL,"2025-11-08 11:04:27.515094+00"
3256,"957328380","7597536347","Addis",NULL,NULL,"2025-11-08 11:04:46.276019+00"
3616,"6272869186","6692034060","I'll pay the 5k",NULL,NULL,"2025-11-08 20:51:47.827196+00"
3798,"6110336587","8007600798","Lets hv fun like
Hang out nd to do everything u want😊",NULL,NULL,"2025-11-09 07:38:02.503302+00"
3811,"6369586656","5014292785","The ideas and some of your insults but mostly the ideas",NULL,NULL,"2025-11-09 07:50:37.160294+00"
3817,"6110336587","6566784212","Rly appreciate ur Honesty

Nd prpud of U keepin it till ur age
Nd am V too

Lets go, grind nd grow  I swear if Ur good, am rly good

Like i don hv any intention of that",NULL,NULL,"2025-11-09 08:00:51.095766+00"
3819,"6110336587","6566784212","Nd if U don't want, Dw leave it✌️",NULL,NULL,"2025-11-09 08:02:19.298581+00"
3826,"8333529926","6960656347","Wt is goin on, everything good?",NULL,NULL,"2025-11-09 08:10:36.88853+00"
3828,"6960656347","8333529926","I'm fine wbu",NULL,NULL,"2025-11-09 08:13:48.768751+00"
3833,"8333529926","5906429938","Ur age, gender nd campus like where can i find u?",NULL,NULL,"2025-11-09 08:18:48.360165+00"
3845,"6369586656","797847663","Hey",NULL,NULL,"2025-11-09 08:25:24.752925+00"
3846,"6369586656","7277297826","Hey",NULL,NULL,"2025-11-09 08:25:39.821854+00"
3850,"797847663","6369586656","What's up",NULL,NULL,"2025-11-09 08:27:09.090284+00"
3878,"6369586656","797847663","The crazy shit and all that😭",NULL,NULL,"2025-11-09 08:40:46.103163+00"
3879,"6369586656","797847663","Wait btw you got confessions here too?👀",NULL,NULL,"2025-11-09 08:41:13.289054+00"
3883,"6369586656","797847663","Venting and stuff",NULL,NULL,"2025-11-09 08:43:00.179221+00"
3885,"8333529926","6499363352","Heyy
Wanna hv fun😊",NULL,NULL,"2025-11-09 08:43:12.605992+00"
3887,"6369586656","797847663","Yea your bio speaks for itself ende enenm endatsedbign bye neber when u asked me again😭",NULL,NULL,"2025-11-09 08:45:39.560222+00"
3890,"6960656347","8333529926","One chance is good enough. And also i don't see the value of us chatting any long",NULL,NULL,"2025-11-09 08:47:01.528234+00"
3906,"6369586656","797847663","Well men these days chgr alebachew fr",NULL,NULL,"2025-11-09 08:53:27.989183+00"
4249,"1246961688","1051120004","You have another one right",NULL,NULL,"2025-11-09 16:10:31.292506+00"
4251,"1051120004","1246961688","but dating isn’t even about love anymore so lol",NULL,NULL,"2025-11-09 16:11:44.948972+00"
4257,"1246961688","1051120004","Actually having girl friends is normal but best friend nahh",NULL,NULL,"2025-11-09 16:20:26.859646+00"
4266,"1051120004","1246961688","Oh and anime, sometimes",NULL,NULL,"2025-11-09 16:38:05.629358+00"
4270,"8178595410","8132883465","Can i contact u?",NULL,NULL,"2025-11-09 16:39:59.833951+00"
4272,"1246961688","1051120004","I liked demon slayer, aot, Hunter x Hunter and alot of romance anime",NULL,NULL,"2025-11-09 16:40:44.60372+00"
4273,"1246961688","1051120004","I mean I like movies and book too rarely",NULL,NULL,"2025-11-09 16:41:18.339018+00"
4274,"1051120004","1246961688","Same anime taste then",NULL,NULL,"2025-11-09 16:41:49.566173+00"
4284,"1286629988","1924682462","Hyy how you doing im lio 22 1.66 light skin full birds  and black curly hair im looking girl besties",NULL,NULL,"2025-11-09 16:44:06.182242+00"
4302,"1051120004","1246961688","i USED to, i had a kpop phase too🤦🏽‍♂️😂",NULL,NULL,"2025-11-09 16:47:45.636215+00"
4303,"8178595410","8132883465","Esh help me get 1",NULL,NULL,"2025-11-09 16:47:53.782143+00"
4306,"1051120004","1246961688","😂😂cant deny atp",NULL,NULL,"2025-11-09 16:49:13.630224+00"
4310,"1246961688","1051120004","What else do you like",NULL,NULL,"2025-11-09 16:50:37.794153+00"
4314,"1246961688","1051120004","The song or actually lucid dreams",NULL,NULL,"2025-11-09 17:00:19.241788+00"
4315,"1051120004","1246961688","actual lucid dreams",NULL,NULL,"2025-11-09 17:00:39.044005+00"
4326,"1051120004","1246961688","Most of the times i just fly to places i wanna visit irl, or talk to people i miss so its nothing too crazy. but here is one embarrassing moment. about 3 years ago, i was madly in love with this girl and one day i decided to summon her in my dreams and talk to her but she wasn’t down for a conversation so in hopes of catching her attention and POSSIBLY impress her, i decided to show her i could fly but she was still unimpressed and called me goofy lol, long story short i ended up confessing in my dreams to only get rejected 😭🤦🏽‍♂️",NULL,NULL,"2025-11-09 17:10:24.965297+00"
4332,"1246961688","1051120004","Oh it messed me up it got me questioning my worth😂",NULL,NULL,"2025-11-09 17:38:00.362782+00"
4335,"1246961688","1051120004","Yeahh but why have you never dated before",NULL,NULL,"2025-11-09 17:41:12.283332+00"
4523,"1441075897","6499363352","ende mn chgr alew😂",NULL,NULL,"2025-11-10 07:00:18.775736+00"
4593,"1570959519","1940613654","Dangg bro",NULL,NULL,"2025-11-10 16:52:03.415322+00"
4604,"1940613654","1570959519","U want me to be straight?",NULL,NULL,"2025-11-10 16:57:18.318449+00"
4617,"1940613654","1570959519","Why would I? 😅
And I think ur user name is 
cls_wizz right",NULL,NULL,"2025-11-10 17:00:15.123532+00"
4620,"1570959519","1940613654","emr_789 text me",NULL,NULL,"2025-11-10 17:00:46.448912+00"
4624,"8312458446","2133374158","@Afnanam0609",NULL,NULL,"2025-11-10 17:04:58.246185+00"
4774,"6272869186","402423069","Hey",NULL,NULL,"2025-11-11 10:10:44.706738+00"
4779,"8015378876","1609398709","Be bot enawra new mtyiw?😭",NULL,NULL,"2025-11-11 11:00:26.33444+00"
4800,"5183845073","7247123310","Should we find a place to put it in ?",NULL,NULL,"2025-11-11 11:32:38.206545+00"
4809,"1570959519","865881783","Didnt u ask wht year i am",NULL,NULL,"2025-11-11 12:15:59.405304+00"
4986,"6110336587","422805597","Almost turned into ma 21

It does hv a prblm hvin a difference of months in age


Ere yelewm beygn otherwise Umma call ma Mom nd nag her, why didn't u gimme a birth a year before😅",NULL,NULL,"2025-11-11 19:13:58.849999+00"
4987,"797847663","1071472901","I didn't, idk your account so I can't initiate the convo 😭",NULL,NULL,"2025-11-11 19:20:24.144479+00"
4988,"6110336587","422805597","jk tho😅",NULL,NULL,"2025-11-11 19:22:54.220544+00"
4994,"422805597","6110336587","Oh i dont discriminate with age lol you good",NULL,NULL,"2025-11-11 19:59:40.467026+00"
4998,"1055900924","992176019","and which campus you at",NULL,NULL,"2025-11-11 20:01:42.01161+00"
5193,"8007600798","6110336587","Hi",NULL,NULL,"2025-11-12 11:31:28.134178+00"
5198,"8333529926","1697011899","U m or f",NULL,NULL,"2025-11-12 11:48:22.995701+00"
5199,"1697011899","8333529926","Im a non binary",NULL,NULL,"2025-11-12 11:48:42.380873+00"
5203,"1697011899","8333529926","Umm first Why u wanna know 
And why did u request to contact me?",NULL,NULL,"2025-11-12 11:51:08.810474+00"
5214,"1697011899","8333529926","6 kilo",NULL,NULL,"2025-11-12 11:57:28.118919+00"
5216,"8333529926","1697011899","Wanna talk in private",NULL,NULL,"2025-11-12 11:57:59.986567+00"
5220,"6110336587","1697011899","Heyy",NULL,NULL,"2025-11-12 12:05:45.479704+00"
5232,"7988209946","1494988153","Ight",NULL,NULL,"2025-11-12 12:20:36.400462+00"
5238,"7988209946","1494988153","@Mementoo_mori_i",NULL,NULL,"2025-11-12 12:32:12.3652+00"
5239,"7191883532","6110336587","Hey",NULL,NULL,"2025-11-12 12:34:34.422817+00"
5415,"6794069219","7300957726","hollad",NULL,NULL,"2025-11-13 02:25:09.933453+00"
5570,"6499363352","7501176620","Woaaah 
""Chill kitten whiskers"" would be cool too😭",NULL,NULL,"2025-11-13 11:05:41.515403+00"
6061,"5636401129","1722589537","Wdym",NULL,NULL,"2025-11-13 21:22:27.892779+00"
1631,"5009377468","6110336587","Full state",NULL,NULL,"2025-11-04 11:19:19.319226+00"
1643,"5237102694","650462012","Hey sup",NULL,NULL,"2025-11-04 11:31:08.628967+00"
2542,"7877688414","1103065697","💬 Phew, I honestly thought I was delusional for wanting a dominant girl. I’m tall and considered very attractive, but still, there’s something about craving a woman’s control and wanting to fully satisfy her that really draws me in. It’s not just about attraction — it’s the feeling of giving up power that excites me. I’ve even learned about findom — financial domination — where submission goes beyond the emotional and becomes part of a lifestyle or relationship dynamic but still cant find a girl who is into it ...so can we talk please 🙏",NULL,NULL,"2025-11-05 18:14:54.192326+00"
2682,"8333529926","1711245975","Heyy",NULL,NULL,"2025-11-07 03:33:23.227106+00"
2787,"346320754","1222542336","Yoo-hoo",NULL,NULL,"2025-11-07 11:35:25.791458+00"
3040,"1570959519","8178595410","Text me my user is cls_wizz",NULL,NULL,"2025-11-08 04:03:57.511275+00"
3043,"1570959519","829653636","Text me my user is cls_wizz",NULL,NULL,"2025-11-08 04:05:35.251308+00"
3046,"8178595410","1570959519","Tebeda man 😂😂😂",NULL,NULL,"2025-11-08 04:13:41.229566+00"
3048,"8178595410","1570959519","Simaa",NULL,NULL,"2025-11-08 04:14:04.793612+00"
3049,"1570959519","8178595410","Mn",NULL,NULL,"2025-11-08 04:14:17.059913+00"
3050,"1570959519","8178595410","Mn lesma",NULL,NULL,"2025-11-08 04:15:28.2145+00"
3054,"8178595410","1570959519","Alech?",NULL,NULL,"2025-11-08 04:18:51.994864+00"
3066,"8178595410","1570959519","Koy ante yet gebi nek?",NULL,NULL,"2025-11-08 04:20:57.316671+00"
3073,"1570959519","8178595410","Ende mn agebah ante teyek a agezkuh ahun agezegn🤣",NULL,NULL,"2025-11-08 04:22:27.812688+00"
3080,"8178595410","1570959519","Why lost?",NULL,NULL,"2025-11-08 04:24:12.86742+00"
3081,"1570959519","8178595410","Enem mefelegew temari new",NULL,NULL,"2025-11-08 04:24:18.7122+00"
3092,"1570959519","8178595410","Boy",NULL,NULL,"2025-11-08 04:26:28.940491+00"
3093,"6149607586","7414421121","Hey",NULL,NULL,"2025-11-08 04:26:32.657018+00"
3102,"1570959519","8178595410","Mn?",NULL,NULL,"2025-11-08 04:28:05.042959+00"
3105,"8178595410","1570959519","Kenim matam aallu ?",NULL,NULL,"2025-11-08 04:28:31.542134+00"
3109,"8178595410","1570959519","Birris?",NULL,NULL,"2025-11-08 04:29:52.719349+00"
3110,"1570959519","8178595410","Yaz lemanegnawem uk hoes nachew temariwoch eko",NULL,NULL,"2025-11-08 04:30:15.477611+00"
3118,"1570959519","8178595410","Demo when u said there is plenty of boys where are they?",NULL,NULL,"2025-11-08 04:31:44.25266+00"
3123,"8178595410","1570959519","Ante clubun hedek atakem?",NULL,NULL,"2025-11-08 04:34:04.732589+00"
3127,"8178595410","1570959519","Gay mehon felegek nw?...I can find u dont worry...gn ene slalfelekut nw",NULL,NULL,"2025-11-08 04:36:29.697088+00"
3128,"1570959519","8178595410","Wdym selalfelekut new?",NULL,NULL,"2025-11-08 04:36:52.158918+00"
3261,"7597536347","957328380","Yes",NULL,NULL,"2025-11-08 11:06:55.905747+00"
3265,"957328380","7597536347","I am man SLM means solomon",NULL,NULL,"2025-11-08 11:09:22.429587+00"
3617,"6272869186","6692034060","And you'll teach me bedemb",NULL,NULL,"2025-11-08 20:51:59.7588+00"
3813,"6110336587","6566784212","If relationship isn't working out

Wt if we meet nd just hvin fun like sex

Ummma give U llike with everything u want😊",NULL,NULL,"2025-11-09 07:56:03.659135+00"
3825,"6960656347","8333529926","Hii",NULL,NULL,"2025-11-09 08:07:45.673447+00"
3841,"8178595410","8362956563","Last chance?",NULL,NULL,"2025-11-09 08:22:27.774795+00"
3870,"6369586656","797847663","Hby",NULL,NULL,"2025-11-09 08:38:32.353687+00"
3875,"797847663","6369586656","Damn you talking to everyone on this shi😭",NULL,NULL,"2025-11-09 08:40:10.830259+00"
3884,"797847663","6369586656","Awww hell nah I js get ragebaited so I started commenting 😭",NULL,NULL,"2025-11-09 08:43:06.764083+00"
3902,"797847663","6369586656","And ofc I'm a girl",NULL,NULL,"2025-11-09 08:52:30.251075+00"
3903,"797847663","6369586656","Cause I read them to filth",NULL,NULL,"2025-11-09 08:52:44.046978+00"
3904,"6369586656","797847663","Your counters are generational😂",NULL,NULL,"2025-11-09 08:52:56.673194+00"
3915,"8333529926","1201804003","Wt is goin on, everything good?",NULL,NULL,"2025-11-09 08:58:48.626014+00"
3957,"8333529926","7386771058","At dorm
Trynna get ready to get goin into library",NULL,NULL,"2025-11-09 09:46:34.185146+00"
3965,"7386771058","8333529926","U?",NULL,NULL,"2025-11-09 09:51:43.072664+00"
3968,"7386771058","8333529926","What r u",NULL,NULL,"2025-11-09 09:52:54.768279+00"
3979,"6369586656","8362956563","Just please reply",NULL,NULL,"2025-11-09 10:11:03.762655+00"
3983,"6692034060","6110336587","Hey",NULL,NULL,"2025-11-09 10:21:00.611487+00"
3987,"6692034060","6110336587","DG and u",NULL,NULL,"2025-11-09 10:25:38.97208+00"
4001,"316768897","8312458446","I did",NULL,NULL,"2025-11-09 10:33:25.277441+00"
4005,"7460651806","8333529926","Hey👀",NULL,NULL,"2025-11-09 10:38:36.411709+00"
4009,"8333529926","5522315189","Heyy",NULL,NULL,"2025-11-09 10:40:39.414735+00"
4014,"8333529926","6388524483","Heyy",NULL,NULL,"2025-11-09 10:43:45.962945+00"
4022,"462966491","8333529926","Hii",NULL,NULL,"2025-11-09 10:48:53.076823+00"
4023,"8333529926","462966491","Everything good",NULL,NULL,"2025-11-09 10:49:24.625478+00"
4024,"8333529926","5522315189","Do u hv dorm if not wr can i find u😊",NULL,NULL,"2025-11-09 10:50:04.152044+00"
4261,"1051120004","1246961688","it’s really complicated yk",NULL,NULL,"2025-11-09 16:32:30.091172+00"
4278,"1051120004","1246961688","Naruto, Aot, bleach, jojos, steins gate",NULL,NULL,"2025-11-09 16:42:33.708788+00"
4288,"8178595410","8132883465","Useful_ting",NULL,NULL,"2025-11-09 16:45:00.74457+00"
4292,"1051120004","1246961688","Wow someone who isn’t actually into music like that??",NULL,NULL,"2025-11-09 16:45:45.839209+00"
4294,"1246961688","1051120004","What's your favourite music of genre",NULL,NULL,"2025-11-09 16:46:28.468702+00"
4304,"1246961688","1051120004","Omg you actually were a weeb😂😂",NULL,NULL,"2025-11-09 16:48:22.282836+00"
4309,"1246961688","1051120004","Were",NULL,NULL,"2025-11-09 16:50:07.131969+00"
4524,"533920704","6559312412","yo",NULL,NULL,"2025-11-10 09:49:46.482327+00"
4595,"8312458446","2133374158","Male or female?",NULL,NULL,"2025-11-10 16:55:05.370122+00"
4596,"2133374158","8312458446","Ofc female",NULL,NULL,"2025-11-10 16:55:22.51993+00"
4599,"1570959519","1940613654","Yooo",NULL,NULL,"2025-11-10 16:56:36.860265+00"
4602,"1570959519","1940613654","Good",NULL,NULL,"2025-11-10 16:56:52.280342+00"
4623,"1940613654","1570959519","I am going to leave this chat",NULL,NULL,"2025-11-10 17:01:39.453084+00"
4775,"8015378876","1609398709","Hey hey",NULL,NULL,"2025-11-11 10:57:12.280745+00"
4786,"5183845073","7247123310","How u",NULL,NULL,"2025-11-11 11:12:16.475106+00"
4812,"756628801","1767733168","ya I got that and that is my first question",NULL,NULL,"2025-11-11 13:04:24.902594+00"
4813,"1767733168","756628801","R u boy or girl gn?",NULL,NULL,"2025-11-11 13:04:53.951027+00"
4816,"756628801","1767733168","ya because that is technically your type whether it is based on societal standards, your religion, your parent's early influence, IT IS STILL YOUR TYPE",NULL,NULL,"2025-11-11 13:07:04.300855+00"
4820,"5734175919","5014292785","How is ur day going...",NULL,NULL,"2025-11-11 13:11:24.446914+00"
4821,"5014292785","5734175919","Good man lbl",NULL,NULL,"2025-11-11 13:11:33.755823+00"
4990,"1071472901","797847663","Give me ur no normal mawrat enchlalen wey username wey ig acc",NULL,NULL,"2025-11-11 19:54:58.482949+00"
5195,"1494988153","7988209946","Maybe yea maybe not i don't remember that comment that's why we chat a lot that's why ... i like the confidence tho",NULL,NULL,"2025-11-12 11:39:44.037436+00"
5196,"8333529926","1697011899","Heyy",NULL,NULL,"2025-11-12 11:47:38.36824+00"
5200,"8333529926","1697011899","Wdym",NULL,NULL,"2025-11-12 11:49:02.681691+00"
5416,"6794069219","7300957726","what",NULL,NULL,"2025-11-13 02:27:17.036932+00"
5572,"8487387358","7264966208","Can u give me ur acc ? Aymechem ezi",NULL,NULL,"2025-11-13 11:05:57.680662+00"
5761,"8274317025","466664482","So... communicating in this form is annoying..what is the best way for you to talk? I have ig, snapchat, and also tg😁",NULL,NULL,"2025-11-13 16:33:28.03814+00"
5765,"8274317025","466664482","Let start with Snapchat.. Then we will explore other...",NULL,NULL,"2025-11-13 16:35:39.896911+00"
6062,"6110336587","451257119","Kay then good
Finger urself now

Y do u doubt ur feelings",NULL,NULL,"2025-11-13 21:22:35.337915+00"
6142,"6499363352","6110336587","Bruh i aint telling u my name or anything personal abt me so quit it",NULL,NULL,"2025-11-14 05:50:25.806505+00"
6145,"1781787035","1469773444","dena but what do u want?",NULL,NULL,"2025-11-14 05:51:04.892102+00"
6169,"1781787035","1469773444","wend negn",NULL,NULL,"2025-11-14 06:04:53.301493+00"
1634,"7977727953","8178595410","Gn I dont know no one",NULL,NULL,"2025-11-04 11:22:25.302102+00"
1645,"8178595410","1609398709","Hey sup",NULL,NULL,"2025-11-04 11:32:02.051948+00"
2546,"7838626961","454739367","I'm ok",NULL,NULL,"2025-11-05 18:39:48.030125+00"
2547,"454739367","7838626961","tell me real ...where you fromm",NULL,NULL,"2025-11-05 18:40:05.076239+00"
2558,"454739367","8333529926","male",NULL,NULL,"2025-11-05 19:07:08.975912+00"
2564,"457325288","8333529926","M",NULL,NULL,"2025-11-05 19:14:58.631225+00"
2686,"6110336587","5806772573","Sup",NULL,NULL,"2025-11-07 04:01:20.312351+00"
2788,"6870565233","6305576966","Hey",NULL,NULL,"2025-11-07 11:52:40.761393+00"
2789,"8421592857","6110336587","Hmmm",NULL,NULL,"2025-11-07 11:55:59.719889+00"
3041,"1570959519","7216257437","Text me my user is cls_wizz",NULL,NULL,"2025-11-08 04:04:13.683548+00"
3051,"8178595410","1570959519","Mebedat mtfeleg set temar mtakat akech...wey balege yehonech??",NULL,NULL,"2025-11-08 04:17:25.454011+00"
3267,"1730816223","5272321269","I am F . Go ahead",NULL,NULL,"2025-11-08 13:09:44.912272+00"
3619,"1924682462","1834543510","hey 👏",NULL,NULL,"2025-11-08 20:53:32.959171+00"
3820,"8333529926","8312458446","Heyy",NULL,NULL,"2025-11-09 08:03:14.031103+00"
3867,"6960656347","8333529926","Your first impression is your last impression",NULL,NULL,"2025-11-09 08:37:17.191824+00"
3908,"797847663","6369586656","Appreciate it",NULL,NULL,"2025-11-09 08:54:53.68601+00"
4262,"1051120004","1246961688","what are some of your hobbies",NULL,NULL,"2025-11-09 16:33:51.623034+00"
4275,"1051120004","1246961688","i also fw romance but i don’t let ppl know for the most part lol",NULL,NULL,"2025-11-09 16:42:05.929202+00"
4276,"1246961688","1051120004","What's your favourite?",NULL,NULL,"2025-11-09 16:42:06.989706+00"
4277,"1246961688","1051120004","Right it can get cringey😂",NULL,NULL,"2025-11-09 16:42:25.598393+00"
4282,"1051120004","1246961688","Do NOT call me that😭😭😭",NULL,NULL,"2025-11-09 16:43:36.597053+00"
4525,"430556924","1834543510","Are you shame in ur addiction ?",NULL,NULL,"2025-11-10 10:20:29.085835+00"
4614,"1570959519","1940613654","Wdym by wanna talk arent u st8 wht will we talk abt lol",NULL,NULL,"2025-11-10 16:59:42.464234+00"
4776,"1609398709","8015378876","hey hey",NULL,NULL,"2025-11-11 10:57:43.540815+00"
4782,"1609398709","5932313280","are u the pedophile?",NULL,NULL,"2025-11-11 11:09:39.303124+00"
4792,"7247123310","5183845073","Good good, what's up",NULL,NULL,"2025-11-11 11:25:18.053177+00"
4795,"5183845073","7247123310","#6312",NULL,NULL,"2025-11-11 11:29:29.081618+00"
4804,"5183845073","7247123310","Hmmm where do u think suits it?",NULL,NULL,"2025-11-11 11:35:47.280847+00"
4806,"5183845073","7247123310","Hmmm where do u think suits it?",NULL,NULL,"2025-11-11 11:39:28.890741+00"
4810,"1767733168","756628801","Hey wassup am from that feminism topic about age",NULL,NULL,"2025-11-11 13:03:21.911673+00"
4819,"5014292785","5734175919","Hi",NULL,NULL,"2025-11-11 13:10:26.628434+00"
4825,"6504427565","1051864908","are gay bro ... or are just gay supportive straight guy ( cuz this kind of persons in ethiopia are so rare )",NULL,NULL,"2025-11-11 13:17:39.325266+00"
4829,"756628801","1767733168","Someone whose type is a 35 year old women",NULL,NULL,"2025-11-11 13:22:37.669577+00"
4991,"992176019","1055900924","Yo you a guy right?",NULL,NULL,"2025-11-11 19:58:02.701484+00"
4999,"1055900924","992176019","i don't like playing games bitch.
you text me and i answer back fast so you should do the same",NULL,NULL,"2025-11-11 20:04:21.240704+00"
5000,"1055900924","992176019","last call. i'm coming to adis this or the next weekend if you're interested",NULL,NULL,"2025-11-11 20:11:10.259167+00"
5197,"1697011899","8333529926","Hi",NULL,NULL,"2025-11-12 11:48:02.377067+00"
5201,"1697011899","8333529926","Im a female😁",NULL,NULL,"2025-11-12 11:49:26.017671+00"
5223,"1697011899","6110336587","M, 5kilo,gay",NULL,NULL,"2025-11-12 12:07:09.405097+00"
5233,"6110336587","420765209","Heyy",NULL,NULL,"2025-11-12 12:22:46.096935+00"
5417,"1469773444","6499363352","U r active here",NULL,NULL,"2025-11-13 05:25:57.927143+00"
5575,"7501176620","6499363352","Wild yess 

I even said to one of them ""what if I'm 4'11 and dont have a nose ?"" 

She was like IDC as long as blah blah blah",NULL,NULL,"2025-11-13 11:14:36.270164+00"
5577,"1246961688","5886466655","Did he comment on anything here you can copy link his name.",NULL,NULL,"2025-11-13 11:15:34.7728+00"
5580,"5886466655","1246961688","https://t.me/aau_confessions_bot?start=profile_p-w_4ORDIA0",NULL,NULL,"2025-11-13 11:35:30.873593+00"
5764,"466664482","8274317025","Why😂😂",NULL,NULL,"2025-11-13 16:34:14.043634+00"
5788,"338250980","1146651318","Saw ur post on confessions dont feel bad eshi",NULL,NULL,"2025-11-13 17:12:19.145512+00"
5792,"5791864925","6786193496","send me tg id",NULL,NULL,"2025-11-13 17:16:41.185472+00"
5796,"8487387358","1568889911","Why would she stalk you?",NULL,NULL,"2025-11-13 17:27:06.852089+00"
5814,"7547849911","8210097157","Hey",NULL,NULL,"2025-11-13 17:48:19.671771+00"
5828,"6619071192","5183845073","?",NULL,NULL,"2025-11-13 18:09:34.356834+00"
5844,"6619071192","5183845073","Tnx",NULL,NULL,"2025-11-13 18:15:11.151203+00"
5846,"338250980","1146651318","Can i be ur friend ? 😅",NULL,NULL,"2025-11-13 18:15:38.607007+00"
5847,"6619071192","5183845073","So how's life bro",NULL,NULL,"2025-11-13 18:16:11.263135+00"
5851,"1634777884","8210097157","Hey",NULL,NULL,"2025-11-13 18:18:30.804856+00"
5856,"5736956317","6499363352","User name??",NULL,NULL,"2025-11-13 18:19:42.242259+00"
5857,"338250980","1146651318","@DanielGetachew1",NULL,NULL,"2025-11-13 18:19:50.782645+00"
6067,"6110336587","451257119","Do you like it
Tell me babe

Now ur the one riding me😊
Oh babe ur soooo sweet
Oh ur moan is heaven☺️",NULL,NULL,"2025-11-13 21:26:47.216714+00"
6159,"1781787035","1469773444","wait im getting a phone call",NULL,NULL,"2025-11-14 05:55:55.071813+00"
1637,"7977727953","8178595410","Confession #4259

So, she asked me what kind of girl I'm into. Like a total idiot, I told her, ""Someone like you."" Then she said I'm not her type. Has anyone else been shot down like that? 💔

✨

#Crush #Trauma #Relationship",NULL,NULL,"2025-11-04 11:25:34.790879+00"
1640,"8178595410","7977727953","Mbedat mtfeleg set kalle ahununu lakelegn😔😔",NULL,NULL,"2025-11-04 11:29:47.937767+00"
1641,"7977727953","8178595410","Sure",NULL,NULL,"2025-11-04 11:30:16.385918+00"
1644,"5237102694","650462012","Are u male or female?",NULL,NULL,"2025-11-04 11:31:17.687618+00"
1651,"5009377468","6110336587","👨‍🦱",NULL,NULL,"2025-11-04 11:49:22.011452+00"
2548,"1103065697","7877688414","Drop your @ pretty boy",NULL,NULL,"2025-11-05 18:44:07.989066+00"
2554,"457325288","5014292785","Hello",NULL,NULL,"2025-11-05 18:50:56.494167+00"
2587,"1990620507","8178595410","😂",NULL,NULL,"2025-11-05 20:11:01.289248+00"
2595,"8178595410","1990620507","Enesu chewa nachew ayfelegum meselegn ante ga alut?",NULL,NULL,"2025-11-05 20:16:42.774213+00"
2687,"6110336587","8402831744","Heyy",NULL,NULL,"2025-11-07 04:08:26.802831+00"
2689,"6110336587","8402831744","U first?",NULL,NULL,"2025-11-07 04:10:59.74919+00"
2790,"400568980","7680496063","Hy",NULL,NULL,"2025-11-07 12:14:24.483703+00"
2804,"8178595410","7214434853","Ru boy or girl?",NULL,NULL,"2025-11-07 13:14:15.508599+00"
2805,"7214434853","8178595410","A boy",NULL,NULL,"2025-11-07 13:14:22.833764+00"
3042,"1570959519","5010994956","Text me my user is cls_wizz",NULL,NULL,"2025-11-08 04:04:31.277598+00"
3268,"5272321269","1730816223","Yeteleyaye university nen, we have been 4years (1year together and 3years long distance) now yeteleye bahri eyametach nw selk bzu alemawrat even telgram lay alememls menamn plus ke wend guadegnochua ga mekrarb, befit social media lay post atargm neber ahun dance menamn story targalch. Des aylgnm beyatm alakomchm malt normal nw?",NULL,NULL,"2025-11-08 13:19:02.402819+00"
3622,"1834543510","1924682462","Eshi",NULL,NULL,"2025-11-08 20:53:58.127725+00"
3627,"6272869186","6692034060","What is that?",NULL,NULL,"2025-11-08 20:58:51.968206+00"
3629,"411388600","1924682462","Hi",NULL,NULL,"2025-11-08 21:06:59.566976+00"
3630,"1924682462","411388600","hi",NULL,NULL,"2025-11-08 21:07:13.415249+00"
3631,"411388600","1924682462","How u doin",NULL,NULL,"2025-11-08 21:08:18.566369+00"
3829,"8178595410","8362956563","Why silent?",NULL,NULL,"2025-11-09 08:15:51.32349+00"
3835,"8132883465","6369586656","Hey",NULL,NULL,"2025-11-09 08:19:40.667406+00"
3842,"8333529926","6960656347","20, 6 kilo nd same",NULL,NULL,"2025-11-09 08:23:26.867552+00"
3843,"8132883465","6369586656","Have a good time",NULL,NULL,"2025-11-09 08:23:29.575322+00"
3860,"316768897","8312458446","Mira, hbu?",NULL,NULL,"2025-11-09 08:33:22.754795+00"
3862,"8333529926","6960656347","Kay sorry
Lets start over😊, Ur really a good lady 

Ummm😂, am Henok nd a 3rd year BAIS Student",NULL,NULL,"2025-11-09 08:34:03.138027+00"
3868,"6960656347","8333529926","It was nice meeting you have nice day",NULL,NULL,"2025-11-09 08:38:12.51077+00"
3869,"6369586656","797847663","Yea",NULL,NULL,"2025-11-09 08:38:25.951987+00"
3871,"6369586656","797847663","Shit I wrote that one for someone else😭",NULL,NULL,"2025-11-09 08:39:32.646241+00"
3894,"797847663","6369586656","I'm glad it does, at least someone appreciating the effort",NULL,NULL,"2025-11-09 08:50:19.889813+00"
3905,"6369586656","797847663","Thats what I like😭",NULL,NULL,"2025-11-09 08:53:01.758153+00"
3918,"8333529926","1201804003","Its okay just tell me


Which uni r u in?",NULL,NULL,"2025-11-09 09:02:44.122351+00"
3920,"8333529926","1201804003","Come private
@dynamicvida",NULL,NULL,"2025-11-09 09:03:43.114555+00"
3932,"5734175919","8333529926","Great",NULL,NULL,"2025-11-09 09:30:00.140879+00"
3934,"8333529926","5734175919","Just chillin

Ur gender nd campus?",NULL,NULL,"2025-11-09 09:30:47.234129+00"
3937,"5734175919","8333529926","Am Male",NULL,NULL,"2025-11-09 09:30:54.772685+00"
3938,"5734175919","8333529926","How about u",NULL,NULL,"2025-11-09 09:31:04.195086+00"
4265,"1246961688","1051120004","I actually played basketball for the first time this year😂",NULL,NULL,"2025-11-09 16:37:59.620443+00"
4301,"1051120004","1246961688","aside from the demonic stuff lol",NULL,NULL,"2025-11-09 16:47:16.97455+00"
4334,"1051120004","1246961688","I can only imagine how devastating that was at the time",NULL,NULL,"2025-11-09 17:39:28.650478+00"
4526,"430556924","1834543510","I want talk deeply can drop ur username?",NULL,NULL,"2025-11-10 10:25:21.240373+00"
4625,"1570959519","865881783","Hi",NULL,NULL,"2025-11-10 18:23:06.748836+00"
4777,"5932313280","1609398709","tnx for the advice btw",NULL,NULL,"2025-11-11 10:58:18.359305+00"
4780,"1609398709","5932313280","which advice",NULL,NULL,"2025-11-11 11:02:56.798066+00"
4783,"1609398709","5932313280","why would u say thank u without having a proper reason",NULL,NULL,"2025-11-11 11:10:01.02825+00"
4992,"1055900924","992176019","yeah",NULL,NULL,"2025-11-11 19:58:29.136694+00"
4997,"797847663","1071472901","@nyra5targ you can use this account",NULL,NULL,"2025-11-11 20:00:45.03697+00"
5003,"422805597","6110336587","Ohh fancy 
Whats the largest thing you hacked",NULL,NULL,"2025-11-11 20:15:42.196496+00"
5008,"6110336587","422805597","Told U
Am a serial hacker nd now i can't help it😂",NULL,NULL,"2025-11-11 20:24:04.273429+00"
5202,"8333529926","1697011899","Ur major nd campus😂",NULL,NULL,"2025-11-12 11:49:53.228772+00"
5204,"8333529926","1697011899","Cuzz i want to hv fun w u if u don mind😊",NULL,NULL,"2025-11-12 11:51:55.773316+00"
5418,"1436892288","6110336587","Hey",NULL,NULL,"2025-11-13 05:31:28.598817+00"
5419,"6196465621","7878529257","Who is this?",NULL,NULL,"2025-11-13 05:33:08.491108+00"
5441,"466664482","8274317025","/help",NULL,NULL,"2025-11-13 06:55:37.474005+00"
5442,"6196465621","949804425","How did u get over it bro",NULL,NULL,"2025-11-13 06:55:39.350767+00"
5444,"8274317025","466664482","I'm not that much smart gin lerase ehonalewu😁",NULL,NULL,"2025-11-13 06:57:15.206989+00"
5579,"5886466655","1246961688","on confession 6751 he is the first commenter (Tricky Mind with a ghost emoji)",NULL,NULL,"2025-11-13 11:32:49.33106+00"
5773,"7623717059","5791864925","Hi",NULL,NULL,"2025-11-13 16:44:09.123773+00"
5776,"5791864925","7623717059","can I have your tg",NULL,NULL,"2025-11-13 16:45:25.726929+00"
5795,"5791864925","6786193496","@alwaaays_dnd",NULL,NULL,"2025-11-13 17:24:30.840546+00"
5804,"1568889911","8487387358","Ow my bad i thought i sent it in confession part, so it's kinda doin it with her locking her leg and he putting it and rubbin between them",NULL,NULL,"2025-11-13 17:35:28.935298+00"
5826,"5183845073","6619071192","Sure",NULL,NULL,"2025-11-13 18:09:22.92256+00"
5829,"5183845073","6619071192","No why",NULL,NULL,"2025-11-13 18:09:40.126779+00"
5842,"5183845073","6619071192","I dont yo be honest",NULL,NULL,"2025-11-13 18:14:31.19894+00"
5881,"797847663","7501176620","Yeah like my pronunciation differs from the Ethiopian pronunciation so they just give me words to say idk if that makes sense 😭",NULL,NULL,"2025-11-13 18:52:59.21668+00"
6070,"6110336587","451257119","Ohh fuck fuck fuck

Should i continue like this",NULL,NULL,"2025-11-13 21:30:18.360374+00"
6080,"5636401129","1722589537","To adis? I don't think I can I mean I got no reason to come",NULL,NULL,"2025-11-13 21:45:13.698151+00"
6086,"5636401129","1722589537","Wait I gotta ask this , ik it's weird but   u fully like straight aydel? No homo thing mnamn cuz vents in aau are kinda weird",NULL,NULL,"2025-11-13 21:52:55.1506+00"
6162,"1469773444","6960656347","verge2040",NULL,NULL,"2025-11-14 05:57:43.266129+00"
6166,"1781787035","1469773444","that's nice",NULL,NULL,"2025-11-14 06:04:29.019716+00"
6170,"1781787035","1469773444","4th",NULL,NULL,"2025-11-14 06:04:57.38623+00"
6175,"7477178240","8132883465","@lookupchild",NULL,NULL,"2025-11-14 06:23:59.111305+00"
6184,"7501176620","6499363352","ℹ️ Help",NULL,NULL,"2025-11-14 07:46:37.912999+00"
6185,"7955523987","1834543510","@Beta11234",NULL,NULL,"2025-11-14 07:46:39.443475+00"
6189,"335209060","1834543510","Drop me your user",NULL,NULL,"2025-11-14 08:16:35.844449+00"
1638,"7977727953","8178595410","This you? 💀",NULL,NULL,"2025-11-04 11:25:43.472728+00"
1647,"6110336587","5009377468","I said
Wt is u r gender?
I didn't ask that",NULL,NULL,"2025-11-04 11:33:11.338642+00"
1649,"8178595410","1609398709","Any response?",NULL,NULL,"2025-11-04 11:39:20.197528+00"
1653,"8178595410","1609398709","Im talking u eko🤷‍♂🤷‍♂😡😡😡😡",NULL,NULL,"2025-11-04 12:06:06.007962+00"
1662,"8333529926","5806772573","Then ur campus?
Where can i find u?",NULL,NULL,"2025-11-04 12:28:54.536714+00"
1666,"7168900029","8333529926","Wdym",NULL,NULL,"2025-11-04 12:35:24.124972+00"
1667,"7168900029","8333529926","Bruh I don't know you 😐",NULL,NULL,"2025-11-04 12:35:33.552831+00"
2549,"7231257941","6499363352","Hi☺️",NULL,NULL,"2025-11-05 18:44:59.528565+00"
2550,"6499363352","7231257941","Hey",NULL,NULL,"2025-11-05 18:45:07.423633+00"
2560,"6502408270","8333529926","M",NULL,NULL,"2025-11-05 19:12:42.387856+00"
2568,"8333529926","1092294687","U m or f",NULL,NULL,"2025-11-05 19:28:08.166638+00"
2576,"8333529926","1092294687","Heyyy",NULL,NULL,"2025-11-05 19:39:11.033565+00"
2688,"8402831744","6110336587","Hey are u a man or a woman??",NULL,NULL,"2025-11-07 04:09:09.085057+00"
2691,"8402831744","6110336587","Am a man and u?",NULL,NULL,"2025-11-07 04:12:07.11067+00"
2707,"8333529926","8132883465","M",NULL,NULL,"2025-11-07 04:45:17.285342+00"
2791,"400568980","6307144522","Hy",NULL,NULL,"2025-11-07 12:15:01.259212+00"
3044,"8178595410","1570959519","Ru boy or girl?",NULL,NULL,"2025-11-08 04:11:57.686672+00"
3057,"1570959519","8178595410","Horny asf",NULL,NULL,"2025-11-08 04:19:11.596817+00"
3060,"8178595410","1570959519","Temari hona balege yehonech",NULL,NULL,"2025-11-08 04:19:38.227308+00"
3064,"8178595410","1570959519","Yet akebabi nw esu?",NULL,NULL,"2025-11-08 04:20:46.254028+00"
3065,"1570959519","8178595410","Gerji",NULL,NULL,"2025-11-08 04:20:51.995415+00"
3075,"1570959519","8178595410","No actually im not into that idk honestly",NULL,NULL,"2025-11-08 04:23:17.602349+00"
3091,"8178595410","1570959519","Koy gn set neh or wendi nek just seriously?",NULL,NULL,"2025-11-08 04:26:13.367315+00"
3269,"372919521","5014292785","Miss gudeshfela🤣",NULL,NULL,"2025-11-08 13:25:10.818346+00"
3270,"5014292785","372919521","Yes?",NULL,NULL,"2025-11-08 13:28:16.166899+00"
3279,"1730816223","5272321269","having guy friends and posting isn't techinically terrible as cheating or  abuse would be, but your girl and you have to set the boundaries here l. first figure out what is a no go for you and what you can compromise on and have a serious conversation with her.",NULL,NULL,"2025-11-08 13:56:55.547199+00"
3281,"1730816223","5272321269","But if I am honest with you the over all picture with, the not talking and texting as much as before sounds like she might be losing interest and for her to keep doing it even if you told her you don't like it is low key not fair but long distance is tricky if yall survived 3 years of it chances are there is probably something worth saving   just talk to her openly she might just be busy",NULL,NULL,"2025-11-08 13:58:07.311511+00"
3286,"7163246895","1570959519","Why?",NULL,NULL,"2025-11-08 14:01:31.446727+00"
3293,"7163246895","1570959519","Yh",NULL,NULL,"2025-11-08 14:11:54.277513+00"
3294,"1570959519","7163246895","Why changeee",NULL,NULL,"2025-11-08 14:12:04.016569+00"
3299,"1570959519","7163246895","Yup im into boys gurls turn me on but boys i cant explain",NULL,NULL,"2025-11-08 14:13:24.06771+00"
3302,"1570959519","7163246895","Gimme",NULL,NULL,"2025-11-08 14:13:38.564926+00"
3304,"1570959519","7163246895","Ok see u their",NULL,NULL,"2025-11-08 14:14:08.034817+00"
3640,"1834543510","1924682462","Anchi gn set nesh ergtegna nesh?",NULL,NULL,"2025-11-08 21:33:26.735249+00"
3643,"1834543510","1924682462","Melshilgn enji",NULL,NULL,"2025-11-08 21:36:33.825547+00"
3853,"7277297826","6369586656","Text me here @Ftuy675",NULL,NULL,"2025-11-09 08:29:50.884868+00"
3854,"8333529926","6960656347","Oww i see

U don't seem happy gn
U don't get that satisfaction guess
Yk Its like goin in another world damn the feelin😊",NULL,NULL,"2025-11-09 08:30:05.947025+00"
3865,"8312458446","316768897","Sounds like you're a guy",NULL,NULL,"2025-11-09 08:36:35.513701+00"
3866,"8333529926","8359698550","Y nd wdym?",NULL,NULL,"2025-11-09 08:37:13.975752+00"
4289,"1246961688","1051120004","Umm I'm not thattt into music uk I like what I like",NULL,NULL,"2025-11-09 16:45:03.451832+00"
4293,"1051120004","1246961688","rare to see",NULL,NULL,"2025-11-09 16:45:47.790757+00"
4296,"1051120004","1246961688","tbh i listen to everything",NULL,NULL,"2025-11-09 16:46:44.857155+00"
4297,"8132883465","8178595410","I'm not interested sorry",NULL,NULL,"2025-11-09 16:46:46.122837+00"
4298,"1246961688","1051120004","Do you listen to kpop",NULL,NULL,"2025-11-09 16:46:56.164052+00"
4300,"8178595410","8132883465","Why tho...I just wanna to talk",NULL,NULL,"2025-11-09 16:47:14.287+00"
4305,"1246961688","1051120004","Do you like weekend",NULL,NULL,"2025-11-09 16:48:35.224859+00"
4311,"1051120004","1246961688","not favorites favorites but i used to listen to them but my favorites were straykids",NULL,NULL,"2025-11-09 16:56:55.95108+00"
4321,"5002900222","6110336587","Hey",NULL,NULL,"2025-11-09 17:04:35.350269+00"
4324,"1246961688","1051120004","😂😂😂 ofc I had to ask",NULL,NULL,"2025-11-09 17:05:41.18641+00"
4327,"1051120004","1246961688","fast forward a month later i did it irl and got rejected too lmfao",NULL,NULL,"2025-11-09 17:10:42.510846+00"
4527,"1834543510","430556924","r u a boy?",NULL,NULL,"2025-11-10 10:27:12.045756+00"
4626,"1570959519","542308640","Hi",NULL,NULL,"2025-11-10 18:35:22.96778+00"
4778,"8015378876","1609398709","Drop your @ konjit😔",NULL,NULL,"2025-11-11 10:58:21.101436+00"
4787,"8332818063","5183845073","Hey",NULL,NULL,"2025-11-11 11:12:18.109712+00"
5001,"6110336587","422805597","Nah nah
I didn't say u do discriminate
I said am a lil bit less than ur age😭",NULL,NULL,"2025-11-11 20:13:10.856301+00"
5005,"422805597","6110336587","Lol my trust issues",NULL,NULL,"2025-11-11 20:20:57.331019+00"
5009,"6110336587","422805597","Then wt if i told U

If u don't wanna get hacked nd hurted anymore, Go nd say there heyy like on the acc i did give U earlier  otherwise i won't be responsible for any bad things that happen to U☺️😅

Hope,  U don't definitely wanna get hurted😂",NULL,NULL,"2025-11-11 20:28:32.592706+00"
5011,"6110336587","8007600798","Like to a private chat",NULL,NULL,"2025-11-11 20:34:22.831749+00"
5205,"1697011899","8333529926","Whatttt",NULL,NULL,"2025-11-12 11:52:59.603616+00"
5208,"8333529926","1697011899","Lets meet nd hv funn

Y do u doubt ur feelin😊",NULL,NULL,"2025-11-12 11:54:58.379369+00"
5212,"8333529926","1697011899","I know jesus loves me so much nd 
If it wasn't for jesus christ i wouldn't be here😊
Thank you tho",NULL,NULL,"2025-11-12 11:56:46.419567+00"
5215,"1697011899","8333529926","Send me a pic do i know u",NULL,NULL,"2025-11-12 11:57:42.906538+00"
5217,"1697011899","8333529926","No 😊",NULL,NULL,"2025-11-12 11:58:24.030884+00"
5420,"6499363352","1469773444","Not much",NULL,NULL,"2025-11-13 05:43:02.135996+00"
5430,"466664482","8274317025","Same ofcourse loyalty and respect are not negotiable for me",NULL,NULL,"2025-11-13 06:27:03.86209+00"
5432,"7501176620","6499363352","It's the faxx, I women are not funny",NULL,NULL,"2025-11-13 06:28:11.84098+00"
5433,"7501176620","6499363352","yea I tend to have that effect on people, the hate me at first but eventually the find me irresistible",NULL,NULL,"2025-11-13 06:28:47.410509+00"
5581,"5886466655","1246961688","this one i think",NULL,NULL,"2025-11-13 11:35:34.823914+00"
5582,"1246961688","5886466655","Aight, I got it thanks",NULL,NULL,"2025-11-13 11:38:03.585591+00"
5778,"466664482","8274317025","I said it's early",NULL,NULL,"2025-11-13 16:46:03.122649+00"
5782,"5741313011","7092743968","hey",NULL,NULL,"2025-11-13 17:04:49.63258+00"
5793,"6786193496","5791864925","Can u send me urs I don’t have a @ for some reasons",NULL,NULL,"2025-11-13 17:18:10.221308+00"
5798,"2144552661","6499363352","Ayo drop yo @",NULL,NULL,"2025-11-13 17:30:40.967786+00"
5801,"6499363352","2144552661","Ur mimicking me 
Im so original",NULL,NULL,"2025-11-13 17:33:11.746613+00"
5816,"7547849911","8210097157","U said contact me",NULL,NULL,"2025-11-13 17:49:30.092165+00"
5824,"5183845073","6619071192","Ntn much hbu",NULL,NULL,"2025-11-13 18:08:57.327474+00"
5825,"6619071192","5183845073","Fine can i ask u abt smt",NULL,NULL,"2025-11-13 18:09:15.361425+00"
6072,"6110336587","451257119","@Verrolll

Come on this",NULL,NULL,"2025-11-13 21:32:16.222382+00"
6076,"5636401129","1722589537","Yeahh so we're both like almost into sth same",NULL,NULL,"2025-11-13 21:40:54.79924+00"
6079,"1722589537","5636401129","Mech new mtmechiw",NULL,NULL,"2025-11-13 21:43:38.452863+00"
6085,"1722589537","5636401129","Nege or sat

Ldewl",NULL,NULL,"2025-11-13 21:51:51.403695+00"
1639,"8178595410","7977727953","Bruh...pls help me out",NULL,NULL,"2025-11-04 11:29:26.861313+00"
2556,"5014292785","457325288","Hi",NULL,NULL,"2025-11-05 18:56:12.632265+00"
2567,"1459730751","8333529926","M",NULL,NULL,"2025-11-05 19:25:41.246858+00"
2569,"1092294687","8333529926","Why did u ask?",NULL,NULL,"2025-11-05 19:29:22.518215+00"
2690,"8402831744","6110336587","How should I pronounce u are u a female or a male",NULL,NULL,"2025-11-07 04:11:14.027392+00"
2792,"400568980","8411844354","Hy",NULL,NULL,"2025-11-07 12:15:20.514193+00"
2795,"7813594896","7050798852","🤔",NULL,NULL,"2025-11-07 12:22:08.245332+00"
2798,"7813594896","7050798852","Anonymous will I see  nothing that's not fair nahom u",NULL,NULL,"2025-11-07 12:42:48.731724+00"
3045,"1570959519","8178595410","Boy",NULL,NULL,"2025-11-08 04:12:58.809455+00"
3047,"8178595410","1570959519","Ene set meslogn 😁😁🤷‍♂😁",NULL,NULL,"2025-11-08 04:13:52.268204+00"
3052,"1570959519","8178595410","Lemn ?eyefelek new?",NULL,NULL,"2025-11-08 04:18:25.572449+00"
3271,"1834543510","382471983","Hello",NULL,NULL,"2025-11-08 13:31:16.157891+00"
3275,"1834543510","382471983","Alen selam new?",NULL,NULL,"2025-11-08 13:42:26.548447+00"
3278,"372919521","5014292785","How you doing?",NULL,NULL,"2025-11-08 13:47:00.271352+00"
3642,"1834543510","1924682462","So lemn ye licking gif lakshilgn...less nesh ende?",NULL,NULL,"2025-11-08 21:35:42.190612+00"
3855,"8333529926","8359698550","Wanna hv fun😊",NULL,NULL,"2025-11-09 08:31:19.592019+00"
3881,"797847663","6369586656","Watchu mean like have I confessed?",NULL,NULL,"2025-11-09 08:41:58.267918+00"
3893,"6369586656","797847663","And I hope I'm not one",NULL,NULL,"2025-11-09 08:50:00.224937+00"
3897,"8333529926","6960656347","Kay thank U
I just thought we will be good",NULL,NULL,"2025-11-09 08:51:01.432833+00"
3901,"6369586656","797847663","Lmao why?",NULL,NULL,"2025-11-09 08:52:29.643291+00"
3912,"6369586656","797847663","I mean every man does gn women I can't imagine that 😭",NULL,NULL,"2025-11-09 08:56:13.542143+00"
3929,"6369586656","8362956563","Hey",NULL,NULL,"2025-11-09 09:27:37.365591+00"
3933,"5734175919","8333529926","How are u spending ur sunday",NULL,NULL,"2025-11-09 09:30:08.059942+00"
3935,"5734175919","8333529926","Am Tarekegn and nice to meet u",NULL,NULL,"2025-11-09 09:30:51.664804+00"
3936,"6369586656","8362956563","I'm not gonna judge or anything I don't judge",NULL,NULL,"2025-11-09 09:30:53.475338+00"
3940,"5734175919","8333529926","From TASH",NULL,NULL,"2025-11-09 09:33:04.617538+00"
3941,"5734175919","8333529926","How about u",NULL,NULL,"2025-11-09 09:36:10.193377+00"
3950,"8333529926","7386771058","Hyd",NULL,NULL,"2025-11-09 09:42:29.072214+00"
3967,"8333529926","7386771058","20, 6 kilo",NULL,NULL,"2025-11-09 09:52:27.313614+00"
3973,"8333529926","6566784212","Hyd",NULL,NULL,"2025-11-09 10:01:19.570457+00"
4313,"1051120004","1246961688","for some reason i have this weird obsession with lucid dreams if that counts as a hobby lmaoo",NULL,NULL,"2025-11-09 16:59:01.621311+00"
4528,"430556924","1834543510","Yeah",NULL,NULL,"2025-11-10 10:27:37.863141+00"
4533,"7501176620","5753506007","Your English is trash እስቲ በ አማርኛ አዋራኝ",NULL,NULL,"2025-11-10 11:10:41.042877+00"
4627,"542308640","1570959519","Hey",NULL,NULL,"2025-11-10 18:35:33.755383+00"
4678,"2133374158","411388600","Bdagn",NULL,NULL,"2025-11-10 20:27:45.122654+00"
4781,"5932313280","1609398709","oow forgot u were blaming me for sth i had no clue bout",NULL,NULL,"2025-11-11 11:05:35.647782+00"
4784,"5183845073","7247123310","Hey",NULL,NULL,"2025-11-11 11:11:37.223343+00"
4788,"5932313280","1609398709","i like to preffer my self as the grim reaper 😁😁
jk jk tho .... look am not a p3d0 fr i had no idea she was 17 fr what ever we talked it was me thinking she was 19-20 or sth ... btw i ahve a lil sis that i would die kill n leave for for GOD sake",NULL,NULL,"2025-11-11 11:12:53.734134+00"
4790,"5932313280","1609398709","idk u seemed genuine thats why am thanking u",NULL,NULL,"2025-11-11 11:18:39.810987+00"
4793,"5183845073","7247123310","Ntn much hbu",NULL,NULL,"2025-11-11 11:26:41.159346+00"
4803,"7224776614","7553127484","Hi",NULL,NULL,"2025-11-11 11:35:40.014696+00"
4805,"7553127484","7224776614","Bye",NULL,NULL,"2025-11-11 11:35:48.643653+00"
5004,"6110336587","422805597","Only thing that i hv ever hacked is ma way on someone's DM😅

Just go here @dynamicvida nd u will get urself hacked nd that will be ma largest thing😊😁",NULL,NULL,"2025-11-11 20:20:26.717497+00"
5006,"422805597","6110336587","You dangerous",NULL,NULL,"2025-11-11 20:21:31.006673+00"
5206,"8333529926","1697011899","Smthg wrong",NULL,NULL,"2025-11-12 11:54:16.082954+00"
5219,"5980085144","8333529926","I'm male",NULL,NULL,"2025-11-12 12:01:50.630439+00"
5221,"1697011899","6110336587","Hi",NULL,NULL,"2025-11-12 12:05:51.788534+00"
5222,"6110336587","1697011899","Ur gender, campus nd interest¿",NULL,NULL,"2025-11-12 12:06:44.303307+00"
5225,"6110336587","1697011899","Ur gender, campus nd interest¿",NULL,NULL,"2025-11-12 12:10:26.894528+00"
5421,"7501176620","6499363352","You funny af",NULL,NULL,"2025-11-13 05:51:26.941455+00"
5583,"8262150907","7948131858","Male",NULL,NULL,"2025-11-13 11:39:05.576249+00"
5787,"2144552661","8151671672","Yeah",NULL,NULL,"2025-11-13 17:10:06.689012+00"
5790,"5791864925","6786193496","hey",NULL,NULL,"2025-11-13 17:14:27.545459+00"
5794,"1568889911","8487387358","A brokest sex someone can ever do is thigh sex, lil bro ...can't you even afford a condom or sth😭 
You just there eko ,get the fuck instop making things more complicate than it should be",NULL,NULL,"2025-11-13 17:19:01.622448+00"
5805,"2144552661","6499363352","Drop yo @ and lemme fix it for you my my words and actions are made of glue",NULL,NULL,"2025-11-13 17:35:28.982688+00"
5807,"2144552661","6499363352","Wdym why",NULL,NULL,"2025-11-13 17:36:44.639548+00"
5813,"5791864925","338292689","so kun u a guy or a girl",NULL,NULL,"2025-11-13 17:44:15.904676+00"
5819,"338292689","5791864925","Guy Ur?",NULL,NULL,"2025-11-13 18:04:24.182699+00"
5831,"5183845073","6619071192","Crack her?",NULL,NULL,"2025-11-13 18:10:57.996011+00"
5833,"5183845073","6619071192","I dont understand",NULL,NULL,"2025-11-13 18:11:50.075564+00"
5848,"6619071192","7247123310","Hello",NULL,NULL,"2025-11-13 18:17:20.600393+00"
5854,"8210097157","1634777884","Endet nesh?",NULL,NULL,"2025-11-13 18:18:56.113251+00"
5859,"8210097157","1634777884","Boy",NULL,NULL,"2025-11-13 18:20:45.702154+00"
6075,"1722589537","5636401129","Am dominant i like it rough long lasting am into oral i can do magic i like wild woman who love licking fucking 24/7",NULL,NULL,"2025-11-13 21:35:33.230448+00"
6081,"1722589537","5636401129","Am here now

I want to do it am carving the touch",NULL,NULL,"2025-11-13 21:46:32.429461+00"
6083,"1722589537","5636401129","Mech 

Your phone no",NULL,NULL,"2025-11-13 21:49:52.908538+00"
6087,"1722589537","5636401129","Ewww am straight 😣 never that's disgusting",NULL,NULL,"2025-11-13 21:54:15.153484+00"
6089,"5636401129","1722589537","U might not like this but I don't do bj on the first meeting",NULL,NULL,"2025-11-13 22:11:59.131016+00"
6173,"1781787035","1469773444","negrkuh eko 😂",NULL,NULL,"2025-11-14 06:05:34.261045+00"
1642,"5009377468","6110336587","I can do both",NULL,NULL,"2025-11-04 11:30:25.545262+00"
1650,"6110336587","5009377468","Just tell me
Then we r good",NULL,NULL,"2025-11-04 11:40:13.733926+00"
1652,"6110336587","5009377468","Sorry am man☺️ 
nd i can't do both",NULL,NULL,"2025-11-04 12:03:03.436479+00"
1654,"8333529926","5806772573","Heyyy, wt is goin on?
everything good?",NULL,NULL,"2025-11-04 12:19:18.228349+00"
1656,"8333529926","5806772573","May i know
Ur age, gender, age nd interest?",NULL,NULL,"2025-11-04 12:20:40.243328+00"
1657,"5806772573","8333529926","Tell me bout u first",NULL,NULL,"2025-11-04 12:21:08.572557+00"
1658,"8333529926","5806772573","am M nd 20
Then Go ahead",NULL,NULL,"2025-11-04 12:22:12.768168+00"
1659,"5806772573","8333529926","Am F nd 22",NULL,NULL,"2025-11-04 12:22:31.800685+00"
1660,"8333529926","5806772573","Ur interest?",NULL,NULL,"2025-11-04 12:23:13.595332+00"
1661,"5806772573","8333529926","Yes I am",NULL,NULL,"2025-11-04 12:23:23.567926+00"
1663,"8333529926","7168900029","Heyyy, wt is goin on?
everything good?",NULL,NULL,"2025-11-04 12:30:30.327414+00"
1664,"8178595410","1609398709","Huh...",NULL,NULL,"2025-11-04 12:32:10.149275+00"
1665,"5806772573","8333529926","I am in Black Lion, where do you want us to meet?",NULL,NULL,"2025-11-04 12:34:47.082359+00"
1668,"8333529926","5806772573","Kay lets go to private chat",NULL,NULL,"2025-11-04 12:38:54.261026+00"
1669,"5806772573","8333529926","Okay",NULL,NULL,"2025-11-04 12:39:25.458395+00"
1670,"8333529926","5806772573","@dynamicvida",NULL,NULL,"2025-11-04 12:39:52.959256+00"
1671,"5806772573","8333529926","@CodeBlueCoffee",NULL,NULL,"2025-11-04 12:42:46.312905+00"
1672,"841889605","8189007505","Yea yea i got that
Was saying there are more freaky than you dw",NULL,NULL,"2025-11-04 12:53:20.70193+00"
1673,"841889605","8189007505","U thought i was interested on u or sth",NULL,NULL,"2025-11-04 12:53:42.895341+00"
1674,"7050798852","8109112246","He'll yea n can long up to 15min",NULL,NULL,"2025-11-04 12:59:00.226485+00"
1675,"7050798852","8109112246","Yea like let me see u kissing her you know...😌",NULL,NULL,"2025-11-04 13:00:12.97923+00"
1676,"8109112246","7050798852","What u want?",NULL,NULL,"2025-11-04 13:04:17.208583+00"
1677,"8109112246","7050798852","Are u male or female?",NULL,NULL,"2025-11-04 13:04:24.67101+00"
1678,"7050798852","8109112246","Am male n I want to be in ur groups",NULL,NULL,"2025-11-04 13:10:46.738553+00"
1679,"7050798852","8109112246","Yo make one of u orgazm!",NULL,NULL,"2025-11-04 13:11:12.844096+00"
1680,"8109112246","7050798852","We are already...",NULL,NULL,"2025-11-04 13:13:51.730685+00"
1681,"8109112246","7050798852","Btw sex mareg tiwedalek?🙌",NULL,NULL,"2025-11-04 13:14:15.567807+00"
1682,"7050798852","8109112246","Like....... guy fucking me?",NULL,NULL,"2025-11-04 13:14:49.834218+00"
1683,"8109112246","7050798852","No to with girl",NULL,NULL,"2025-11-04 13:15:15.996619+00"
1684,"8109112246","7050798852","Wend neka",NULL,NULL,"2025-11-04 13:15:23.290076+00"
1685,"7050798852","8109112246","Ohhh sorry",NULL,NULL,"2025-11-04 13:15:25.082503+00"
1686,"8109112246","7050798852","..?",NULL,NULL,"2025-11-04 13:15:39.611297+00"
1687,"7050798852","8109112246","Awo wend negn 
Hell yea I fucking love to fuck",NULL,NULL,"2025-11-04 13:16:06.355096+00"
1688,"8109112246","7050798852","Can u try me ...i want to try it fr",NULL,NULL,"2025-11-04 13:16:45.482675+00"
1689,"7050798852","8109112246","Sint dekika tkoyalesh",NULL,NULL,"2025-11-04 13:17:20.602789+00"
1690,"7050798852","8109112246","To cum",NULL,NULL,"2025-11-04 13:17:31.041546+00"
1691,"8109112246","7050798852","I dunno like be finger 7 mnamn",NULL,NULL,"2025-11-04 13:17:49.608685+00"
1692,"7050798852","8109112246","15 min eloyalew be jelaye bcha",NULL,NULL,"2025-11-04 13:18:15.847529+00"
1693,"7050798852","8109112246","Eyenefawsh",NULL,NULL,"2025-11-04 13:18:23.661681+00"
1694,"8109112246","7050798852","So can u makeout",NULL,NULL,"2025-11-04 13:18:43.852812+00"
1695,"7050798852","8109112246","7 min si very easy for me betam I will make u die",NULL,NULL,"2025-11-04 13:19:10.977319+00"
1696,"8109112246","7050798852","I hv big boob's too",NULL,NULL,"2025-11-04 13:19:42.753336+00"
1697,"8109112246","7050798852","U wanna see?",NULL,NULL,"2025-11-04 13:19:51.059699+00"
1698,"7050798852","8109112246","Is that even a question babe",NULL,NULL,"2025-11-04 13:19:56.558482+00"
1699,"8109112246","7050798852","What?",NULL,NULL,"2025-11-04 13:20:06.348593+00"
1700,"7050798852","8109112246","Hell yea show me",NULL,NULL,"2025-11-04 13:20:35.646304+00"
1701,"8109112246","7050798852","Hope u seen it",NULL,NULL,"2025-11-04 13:21:12.128268+00"
1702,"7050798852","8109112246","How long u think a dick is big for u to make u",NULL,NULL,"2025-11-04 13:21:50.394531+00"
1703,"7050798852","8109112246","Ur tg account",NULL,NULL,"2025-11-04 13:22:09.301471+00"
1704,"8109112246","7050798852","15 bhon des yilegnal gn wannaw thickness nw ene mfelegew",NULL,NULL,"2025-11-04 13:22:45.890233+00"
1705,"7050798852","8109112246","Like 15cm?",NULL,NULL,"2025-11-04 13:23:09.899941+00"
1706,"8109112246","7050798852","Enem tnsh wefer sleml esum wefram bhon arf nw",NULL,NULL,"2025-11-04 13:23:31.099238+00"
1707,"7050798852","8109112246","Ok cool",NULL,NULL,"2025-11-04 13:24:11.098257+00"
1708,"8109112246","7050798852","Yet gebi nek,?",NULL,NULL,"2025-11-04 13:24:29.96613+00"
1709,"7050798852","8109112246","Noo am on other college",NULL,NULL,"2025-11-04 13:24:59.856202+00"
1710,"7050798852","8109112246","Show me ur boobs fr",NULL,NULL,"2025-11-04 13:25:23.836339+00"
1711,"8109112246","7050798852","Ahun alayekem ende🥵",NULL,NULL,"2025-11-04 13:25:56.516246+00"
1712,"8109112246","7050798852","Yet?",NULL,NULL,"2025-11-04 13:26:13.920323+00"
1713,"7050798852","8109112246","Noo u didn't send me any pic",NULL,NULL,"2025-11-04 13:26:16.049398+00"
1714,"8109112246","7050798852","Ehen alayekem??😳",NULL,NULL,"2025-11-04 13:26:42.34074+00"
1715,"7050798852","8109112246","Wey be tg account lakilgn",NULL,NULL,"2025-11-04 13:27:08.574427+00"
1716,"8109112246","7050798852","Ahunm alayekem?...likehalew eko",NULL,NULL,"2025-11-04 13:27:35.092177+00"
1717,"7050798852","8109112246","Yetun ??",NULL,NULL,"2025-11-04 13:27:40.867859+00"
1718,"8109112246","7050798852","Photon likehalew eko",NULL,NULL,"2025-11-04 13:28:06.719485+00"
1719,"7050798852","8109112246","Thus is a bot eko andand rule linorew ychlal be tg lakilgn",NULL,NULL,"2025-11-04 13:28:45.476098+00"
1720,"558918331","8235079863","😳?",NULL,NULL,"2025-11-04 13:35:13.774909+00"
1721,"7050798852","8109112246","This is bot eko layfekd ychlal nude pic be tg accounts lakilgn",NULL,NULL,"2025-11-04 13:35:16.531705+00"
1722,"7050798852","8109112246","No mnm pic yelem fr",NULL,NULL,"2025-11-04 13:35:17.14412+00"
1723,"7050798852","8109112246","This is my acc hit me bezi @Fukle786",NULL,NULL,"2025-11-04 13:36:16.967453+00"
1724,"7050798852","8109112246","@Fukle786 bezi acc lakilgn",NULL,NULL,"2025-11-04 13:37:22.023809+00"
1725,"7050798852","8109112246","I think connection problem yhonal lkelsh neber message bezi account lakilgn @Fukle786 this bot may not allow things like this",NULL,NULL,"2025-11-04 13:43:38.444715+00"
1726,"8333529926","7168900029","Are u interested?",NULL,NULL,"2025-11-04 13:54:11.757466+00"
1727,"8235079863","558918331","😌",NULL,NULL,"2025-11-04 13:58:04.054082+00"
1728,"558918331","8235079863","Wt",NULL,NULL,"2025-11-04 14:01:20.909219+00"
1729,"7168900029","8333529926","In what",NULL,NULL,"2025-11-04 14:02:11.896526+00"
1730,"8333529926","7168900029","Its clear☺️",NULL,NULL,"2025-11-04 14:02:53.555014+00"
1731,"8235079863","558918331","Ntn I just wanna talk",NULL,NULL,"2025-11-04 14:04:56.867476+00"
1732,"1609398709","8178595410","bro mndn new calm down 😭",NULL,NULL,"2025-11-04 14:15:31.366918+00"
1733,"558918331","8235079863","Ok 
Introduce ur self",NULL,NULL,"2025-11-04 14:17:37.509238+00"
1734,"7168900029","8333529926",NULL,"CAACAgQAAxkDAAFULnxpBu91sX2UprSfPTta9AHwG_nBVwAC7hgAAheYIVMBzmNMKIx6HDYE",NULL,"2025-11-04 14:21:11.503075+00"
1735,"8333529926","7168900029","Its obvious",NULL,NULL,"2025-11-04 14:25:35.205787+00"
1736,"7168900029","8333529926",NULL,"CAACAgQAAxkBAAFa0kppCgzuJFodVJULx8tVaAuuEWUdeAACLxkAAm1oUFBhTjz2O66zUDYE",NULL,"2025-11-04 14:25:50.516976+00"
1737,"7168900029","8333529926",NULL,"CAACAgQAAxkDAAFXeqNpCQNWoTWBZyyOC1A-0Sqh5n_IAQACTBsAAjr26VOrVXhRzXwoUDYE",NULL,"2025-11-04 14:25:51.071049+00"
1738,"7168900029","8333529926","Bruh get out of my face",NULL,NULL,"2025-11-04 14:26:07.73672+00"
1739,"7168900029","8333529926","It's obvious ??? What's obvious that u are ignorant 😃",NULL,NULL,"2025-11-04 14:26:29.293697+00"
1740,"1341748621","1609398709","Hello",NULL,NULL,"2025-11-04 14:26:44.976229+00"
1741,"1609398709","1341748621","hi",NULL,NULL,"2025-11-04 14:27:55.537513+00"
1742,"1341748621","1609398709","You wanna sex with me",NULL,NULL,"2025-11-04 14:28:24.254574+00"
1743,"1609398709","1341748621","no pls kys",NULL,NULL,"2025-11-04 14:28:48.48354+00"
1744,"1341748621","1609398709","Why i wanna sex with you by secret",NULL,NULL,"2025-11-04 14:29:18.888304+00"
1745,"6110336587","5806772573","Heyyy, wt is goin on?
everything good?",NULL,NULL,"2025-11-04 14:37:35.970592+00"
1753,"558918331","8235079863","Can I ask u a question",NULL,NULL,"2025-11-04 14:52:03.947236+00"
2557,"8333529926","454739367","U M or F",NULL,NULL,"2025-11-05 19:07:01.060489+00"
2559,"8333529926","6502408270","U M or F",NULL,NULL,"2025-11-05 19:12:32.607485+00"
2562,"457325288","5014292785","Nice to meet you Gudish fela 😊",NULL,NULL,"2025-11-05 19:14:11.764192+00"
2570,"8333529926","1092294687","Just curious",NULL,NULL,"2025-11-05 19:30:10.191162+00"
2571,"1092294687","8333529926","F",NULL,NULL,"2025-11-05 19:30:47.41625+00"
2575,"5686257332","389256985","Sup",NULL,NULL,"2025-11-05 19:34:09.579807+00"
2577,"6499363352","7231257941","Nah i'll pass up on that
Tnx tho",NULL,NULL,"2025-11-05 19:39:31.653014+00"
2692,"6909260412","8333529926","Hey r u girl",NULL,NULL,"2025-11-07 04:13:32.807016+00"
2793,"7050798852","7813594896","Like u give advice about how to get girls right beteley yemiyamru chikochn?",NULL,NULL,"2025-11-07 12:20:57.613488+00"
2797,"7050798852","7813594896","What",NULL,NULL,"2025-11-07 12:29:54.910211+00"
2802,"8178595410","7214434853","Hello sup",NULL,NULL,"2025-11-07 13:13:57.758907+00"
2803,"8178595410","7214434853","Who is",NULL,NULL,"2025-11-07 13:13:59.312955+00"
3053,"8178595410","1570959519","Awo ymr🤧😏",NULL,NULL,"2025-11-08 04:18:46.48711+00"
3055,"1570959519","8178595410","Bro clubs go club",NULL,NULL,"2025-11-08 04:18:59.036081+00"
3056,"1570959519","8178595410","There is plenty bitches",NULL,NULL,"2025-11-08 04:19:07.159873+00"
3058,"8178595410","1570959519","No temar",NULL,NULL,"2025-11-08 04:19:14.285895+00"
3063,"1570959519","8178595410","Go look at unity university container mebal club zm beleh teyek mejemeriya",NULL,NULL,"2025-11-08 04:20:26.021771+00"
3076,"8178595410","1570959519","So zm blek boy felegeg nw?",NULL,NULL,"2025-11-08 04:23:40.126452+00"
3079,"1570959519","8178595410","Bro we both lost frr",NULL,NULL,"2025-11-08 04:24:02.360122+00"
3085,"8178595410","1570959519","Ere ymr 1 set agenche ahun likekak nw ft",NULL,NULL,"2025-11-08 04:25:06.373139+00"
3087,"8178595410","1570959519","She is temari and horn asf",NULL,NULL,"2025-11-08 04:25:31.641755+00"
3090,"1570959519","8178595410","R u homophobic im never accepted my self as gay honestly i hate them but..",NULL,NULL,"2025-11-08 04:26:08.96265+00"
3097,"1570959519","8178595410","Same but i cant help it bro",NULL,NULL,"2025-11-08 04:26:57.246704+00"
3099,"1570959519","8178595410","But pussy turns me on too🤣",NULL,NULL,"2025-11-08 04:27:25.949712+00"
3112,"1570959519","8178595410","Bro wb me what do i do",NULL,NULL,"2025-11-08 04:30:34.813064+00"
3133,"1570959519","8178595410","Enem alfelegem isware but i wanna try things... help me find 1",NULL,NULL,"2025-11-08 04:38:09.171367+00"
3139,"1570959519","8178595410","Bicha atehed ere guadegna yaz",NULL,NULL,"2025-11-08 04:42:16.145264+00"
3147,"8178595410","1570959519","Megeleg alebeh sitel botawun nw wys mnun?",NULL,NULL,"2025-11-08 04:47:28.131689+00"
3150,"8178595410","1570959519","Ende koy directly clubun sihed eza wust alllu adele lmndnw mfelegachew😳",NULL,NULL,"2025-11-08 04:50:04.688714+00"
3151,"1570959519","8178595410","Alu gn zm belew aybeduh bro u need to be handsom and player",NULL,NULL,"2025-11-08 04:50:35.178402+00"
3272,"382471983","1834543510","Hello",NULL,NULL,"2025-11-08 13:40:42.072864+00"
3285,"1570959519","7163246895","Or gay?",NULL,NULL,"2025-11-08 14:00:12.225826+00"
3288,"5272321269","1730816223","Can i ask u ur relationship status",NULL,NULL,"2025-11-08 14:06:41.823587+00"
3290,"1570959519","7163246895","Are u",NULL,NULL,"2025-11-08 14:10:01.66087+00"
3295,"1570959519","7163246895","😭😭",NULL,NULL,"2025-11-08 14:12:10.47439+00"
3647,"1887284229","1834543510","Can we talk on ig",NULL,NULL,"2025-11-08 23:11:54.059472+00"
3907,"6369586656","797847663","Too emot",NULL,NULL,"2025-11-09 08:53:33.157317+00"
3909,"6369586656","797847663","Plus your ragebait is crazy too",NULL,NULL,"2025-11-09 08:54:54.06228+00"
3910,"797847663","6369586656","Yeah fr they loco up there fs",NULL,NULL,"2025-11-09 08:55:04.589193+00"
3911,"6369586656","797847663","Too much lust ere besmam like I never thought women would struggle with lust",NULL,NULL,"2025-11-09 08:55:53.483406+00"
3922,"8178595410","8362956563","Why u just keep silent tho...",NULL,NULL,"2025-11-09 09:16:44.525297+00"
4320,"1051120004","1246961688","yep, like literally whatever",NULL,NULL,"2025-11-09 17:04:13.576708+00"
4325,"1511108148","1924682462","Kidi",NULL,NULL,"2025-11-09 17:10:17.161337+00"
4328,"1834543510","1924682462","Hey",NULL,NULL,"2025-11-09 17:22:13.270682+00"
4331,"1051120004","1246961688","No shame in that since you were only 14 tho😂😂",NULL,NULL,"2025-11-09 17:36:28.49119+00"
4339,"1051120004","1246961688","Anchis tho",NULL,NULL,"2025-11-09 17:51:26.359013+00"
4529,"7984980757","6724632466","Yes?",NULL,NULL,"2025-11-10 10:34:55.903692+00"
4541,"5753506007","7501176620","ok you guys… I’m a girl and yeah I’m kinda cute 😭 but I don’t really say that around people idc about them anyway. I had so many girls as my bffs but honestly, they never really loved me. I don’t even know why they’re so dirty minded always talking about bad stuff like s*x. I’m not like that I swear they even watch those bad(po*n) videos and tried to make me watch too 😞 I refused every time. they go out with guys and do crazy(s**) things.
then one day… it was my birthday they called me to come to their house I went  I trusted them. but when I reached there were like 10 boys there. I got scared they gave me alcohol I said no, but they pushed me to drink
the next day I woke up and realized something horrible happened to me. they hurt(r*pe) me I can’t even explain how broken I felt I cried so much.😭😢

please girls don’t trust everyone I had good dreams I wanted a good life… but they destroyed me. please be careful 😔💔",NULL,NULL,"2025-11-10 11:16:12.900696+00"
4542,"7501176620","5753506007","Okay.... What about it?",NULL,NULL,"2025-11-10 11:21:43.597505+00"
4628,"1570959519","542308640","U the one talkin bout party right",NULL,NULL,"2025-11-10 18:35:51.038596+00"
4630,"542308640","1570959519","R u interested in throwing a party",NULL,NULL,"2025-11-10 18:36:27.214254+00"
4631,"1570959519","542308640","So did u find any?",NULL,NULL,"2025-11-10 18:36:33.03612+00"
4632,"1570959519","542308640","Yas or lets go crash sum bro",NULL,NULL,"2025-11-10 18:36:43.728098+00"
4785,"7247123310","5183845073","Hi there",NULL,NULL,"2025-11-11 11:12:03.590676+00"
4808,"865881783","1570959519","im sorry im not getting it i might be slow idk",NULL,NULL,"2025-11-11 11:59:27.606273+00"
5007,"6110336587","422805597","Dw abt ur trust issues

I don hv a heart who has audacity to do smthg bad to ppl like U😂

even ma mind is willin
Ma hand wouldn't take ma order😅",NULL,NULL,"2025-11-11 20:23:09.132225+00"
5209,"1697011899","8333529926","ኢየሱስ ይወድሀል",NULL,NULL,"2025-11-12 11:55:31.143996+00"
5226,"1697011899","6110336587","M, 5kilo,gay",NULL,NULL,"2025-11-12 12:10:59.0974+00"
5228,"6110336587","5684445044","Heyy",NULL,NULL,"2025-11-12 12:16:43.491341+00"
5229,"5684445044","6110336587","hey there",NULL,NULL,"2025-11-12 12:17:02.417374+00"
5230,"6110336587","5684445044","Ur gender, campus nd interest¿",NULL,NULL,"2025-11-12 12:17:31.166885+00"
5236,"1568889911","6594376932","Sup",NULL,NULL,"2025-11-12 12:28:20.586805+00"
5237,"1568889911","8487387358","Sup",NULL,NULL,"2025-11-12 12:28:38.226007+00"
5241,"1222542336","8333529926","Hello",NULL,NULL,"2025-11-12 13:11:37.241137+00"
5245,"1722589537","1924682462","Mrn looking for girl who like sex",NULL,NULL,"2025-11-12 13:27:40.888824+00"
5422,"7501176620","6499363352","I don't audibly laugh to comment except yours",NULL,NULL,"2025-11-13 05:51:46.95725+00"
5584,"7948131858","8262150907","How could a man call himself Ruzela🙄",NULL,NULL,"2025-11-13 12:16:34.553833+00"
5598,"5886466655","1246961688","no probs, Good luck lol",NULL,NULL,"2025-11-13 12:47:32.693785+00"
5617,"7597964581","1246961688","Hmm, that's good for me then, I can compensate for that. But most kidus's ik aren't kidus as well 😂",NULL,NULL,"2025-11-13 14:00:41.036793+00"
5627,"7597964581","1246961688","Hmm stressful, i mean i have a lot of responsibilities now and future to think of, so its a bit tiring. What are you learning?",NULL,NULL,"2025-11-13 14:12:28.531311+00"
5646,"6412104799","7597964581","Hey",NULL,NULL,"2025-11-13 14:37:16.610677+00"
5648,"7597964581","6412104799","Hi",NULL,NULL,"2025-11-13 14:38:06.881919+00"
5649,"5886466655","1246961688","Hey, he just told me he accidentally blocked you, can you send a message to him?",NULL,NULL,"2025-11-13 14:42:01.078702+00"
5650,"1246961688","5886466655","I can't it's saying unable to send messages😂😂",NULL,NULL,"2025-11-13 14:44:00.975279+00"
1746,"8235079863","558918331","Im afomia 
Freshman 
And cute asfffff",NULL,NULL,"2025-11-04 14:39:42.101729+00"
1751,"8235079863","558918331","Ohhh ok
Nice to meet u yonas😌",NULL,NULL,"2025-11-04 14:48:30.065094+00"
1755,"558918331","8235079863","R u the one who confess about some ppl stare at me ...
First answer this",NULL,NULL,"2025-11-04 14:54:12.062982+00"
1761,"7207009148","8333529926","What fun",NULL,NULL,"2025-11-04 15:01:04.80231+00"
2561,"6502408270","8333529926","U?",NULL,NULL,"2025-11-05 19:12:56.546531+00"
2693,"5756352968","6110336587","Hru 
This feels weird gen seems like talking to a bot",NULL,NULL,"2025-11-07 04:22:24.27901+00"
2696,"5756352968","6110336587","Got it now
Am doing good 
you gibi temari ryt",NULL,NULL,"2025-11-07 04:34:56.790192+00"
2705,"8132883465","8333529926","Male or female?",NULL,NULL,"2025-11-07 04:44:03.65689+00"
2708,"831697106","6110336587","Yeah okay what's good 😊 u a girl?",NULL,NULL,"2025-11-07 04:45:34.726636+00"
2709,"6110336587","831697106","Nah a M",NULL,NULL,"2025-11-07 04:46:06.53332+00"
2794,"7050798852","7813594896","Then how like...",NULL,NULL,"2025-11-07 12:21:17.991643+00"
2796,"7207009148","1259973619","Ok fev_6545",NULL,NULL,"2025-11-07 12:28:43.196061+00"
3059,"1570959519","8178595410","Eko club aytefam man",NULL,NULL,"2025-11-08 04:19:26.386601+00"
3061,"1570959519","8178595410","Yinoral aau eko snt gud ale",NULL,NULL,"2025-11-08 04:19:52.350132+00"
3062,"8178595410","1570959519","Esh yet nw esu demo...ezi akebabi alle",NULL,NULL,"2025-11-08 04:19:56.674212+00"
3070,"1570959519","8178595410","Colledge",NULL,NULL,"2025-11-08 04:21:39.225784+00"
3082,"1570959519","8178595410","Cuz u cant find gurls",NULL,NULL,"2025-11-08 04:24:27.950083+00"
3083,"8178595410","1570959519","Temari set adele?",NULL,NULL,"2025-11-08 04:24:32.069429+00"
3084,"1570959519","8178595410","Mn?",NULL,NULL,"2025-11-08 04:24:40.136944+00"
3088,"1570959519","8178595410","Eshii y not text in private",NULL,NULL,"2025-11-08 04:25:35.593595+00"
3094,"1570959519","8178595410","Ur a boy?",NULL,NULL,"2025-11-08 04:26:36.238322+00"
3096,"8178595410","1570959519","Awo boy negn",NULL,NULL,"2025-11-08 04:26:48.350688+00"
3107,"1570959519","8178595410","Aw ig zm beleh teyek tho yemetakewen sew container beleh",NULL,NULL,"2025-11-08 04:28:59.117942+00"
3124,"1570959519","8178595410","Awqalew",NULL,NULL,"2025-11-08 04:35:14.255486+00"
3125,"1570959519","8178595410","Ere bro i helped u now help me find boys",NULL,NULL,"2025-11-08 04:35:36.662402+00"
3140,"8178595410","1570959519","Ok ezi temarm slehonem most of us are 20- 23 yrs old",NULL,NULL,"2025-11-08 04:42:49.676361+00"
3273,"1834543510","382471983","Hi",NULL,NULL,"2025-11-08 13:40:59.410978+00"
3274,"382471983","1834543510","Endet nesh",NULL,NULL,"2025-11-08 13:41:25.954016+00"
3280,"1570959519","7163246895","Hi",NULL,NULL,"2025-11-08 13:57:38.984071+00"
3283,"7163246895","1570959519","Hey 👋,  sup",NULL,NULL,"2025-11-08 13:58:37.83287+00"
3284,"1570959519","7163246895","U str8 right?",NULL,NULL,"2025-11-08 13:59:00.955053+00"
3648,"8463362679","1834543510","Be inbox me",NULL,NULL,"2025-11-09 02:36:47.309312+00"
3649,"8076870327","1834543510","Wanna to chat",NULL,NULL,"2025-11-09 03:28:15.019475+00"
3919,"1201804003","8333529926","Jimmaa",NULL,NULL,"2025-11-09 09:03:04.96891+00"
3923,"8178595410","5740594639","Hey why did u delete our chat tho... ru mad at me or smtn😔😏",NULL,NULL,"2025-11-09 09:18:08.249744+00"
3928,"8333529926","5734175919","Doin well, hby?",NULL,NULL,"2025-11-09 09:27:14.877552+00"
3930,"6369586656","8362956563","I wanna ask you something",NULL,NULL,"2025-11-09 09:28:30.233317+00"
3939,"8312458446","316768897","😂😂😂 but born with dick?",NULL,NULL,"2025-11-09 09:31:41.324723+00"
3944,"8333529926","7386771058","Heyy",NULL,NULL,"2025-11-09 09:38:35.82315+00"
3946,"5734175919","1152409369","Hey",NULL,NULL,"2025-11-09 09:39:52.265097+00"
3958,"8333529926","1931647926","Heyy",NULL,NULL,"2025-11-09 09:47:06.473881+00"
3971,"1931647926","8333529926","21 commerce new campus dorm gen main campus 2nd year marketing dep",NULL,NULL,"2025-11-09 09:54:58.711808+00"
3975,"448942295","8333529926","My dear i know its so hard specially 3 year ly major course ly bedemb esketelameji like ende therapy but believe me besmam mechem maysesetesh/ mayseseteh temert nw.. it  worth all the effort you're putting in now. try to enjoy every science on meds and patient related things like u'r actually on that place imagine how many lives u safe...as a pharmacist my advice for u is destenga honeh metaneb kehone metsera kehone u don't need addictive things that will ruin your future okay be selective and smart while studing😉",NULL,NULL,"2025-11-09 10:06:04.204478+00"
4329,"1246961688","1051120004","Ohh I'm sorry😂😂 not you experiencing it twice lol",NULL,NULL,"2025-11-09 17:29:07.561437+00"
4530,"5753506007","7501176620","I need to talk to him",NULL,NULL,"2025-11-10 11:00:49.052861+00"
4544,"1246961688","1051120004","Yoo so I noticed a pattern when I talk to people esp people who I want to have some sort of connection with(not deeply obv, just conversations) or just likeable people in general, it doesn't last idk why they ghost me and uk it's completely fine but I am always curious why but I never asked them. Since this is anonymous anyways why did you ghost me like what part of our conversation or my vibe didn't make you interested? It's for personal reasons, it's not that deep so just be honest pls😂",NULL,NULL,"2025-11-10 11:28:12.358542+00"
4629,"542308640","1570959519","Yeah 👍",NULL,NULL,"2025-11-10 18:36:09.157275+00"
4634,"865881783","1570959519","hi",NULL,NULL,"2025-11-10 18:47:01.319669+00"
4636,"1570959519","865881783","Remind me which confession where u at😭",NULL,NULL,"2025-11-10 18:49:34.363502+00"
4789,"5183845073","7247123310","Heyy how u",NULL,NULL,"2025-11-11 11:13:39.511483+00"
5010,"6110336587","8007600798","Wanna move to chat",NULL,NULL,"2025-11-11 20:34:03.908159+00"
5211,"1697011899","8333529926","you can come to fellow one day and we can get coffee",NULL,NULL,"2025-11-12 11:55:59.740436+00"
5423,"6499363352","7501176620","This has to be the best compliment ever
I hope ur being fr tho",NULL,NULL,"2025-11-13 05:52:28.155582+00"
5586,"1469773444","1211607170","Hey Selam",NULL,NULL,"2025-11-13 12:42:42.604549+00"
5590,"1469773444","1211607170","Yeah I want someone to taik too",NULL,NULL,"2025-11-13 12:43:48.018594+00"
5596,"1211607170","1469773444","wrong person",NULL,NULL,"2025-11-13 12:46:57.092277+00"
5614,"1246961688","7597964581","It's selam ik it's so common😂",NULL,NULL,"2025-11-13 13:57:54.48169+00"
5619,"1246961688","7597964581","So your friend told me you're 24 that means you graduated a",NULL,NULL,"2025-11-13 14:01:18.053847+00"
5621,"7597964581","1246961688","But he is from there.",NULL,NULL,"2025-11-13 14:04:11.377282+00"
5636,"7963453467","6304596210","Eshiii becha one day we will get a girls with a bigggg titss pis out my G",NULL,NULL,"2025-11-13 14:23:39.77982+00"
5637,"477462298","8132883465","How are you?",NULL,NULL,"2025-11-13 14:24:20.913568+00"
5640,"6304596210","7963453467","What do u mean",NULL,NULL,"2025-11-13 14:25:52.105373+00"
5803,"6499363352","2144552661","Breaking my heart",NULL,NULL,"2025-11-13 17:34:25.999876+00"
5806,"6499363352","2144552661","Why",NULL,NULL,"2025-11-13 17:36:30.379712+00"
5812,"1146651318","338250980","Eshi I won't I just wanted to vent am trying to melmed it ahunma😁",NULL,NULL,"2025-11-13 17:42:47.651892+00"
5830,"6619071192","5183845073","I just have a fresh gf and now that i am reading these confession 
I feel like some nigga might wanna crack",NULL,NULL,"2025-11-13 18:10:29.624414+00"
5840,"5183845073","6619071192","So?",NULL,NULL,"2025-11-13 18:13:49.893126+00"
5862,"6619071192","1491873649","Hi",NULL,NULL,"2025-11-13 18:25:32.033671+00"
5864,"1491873649","6619071192","👋 hey",NULL,NULL,"2025-11-13 18:25:59.535699+00"
5865,"1491873649","6619071192","Who is you?",NULL,NULL,"2025-11-13 18:26:06.260355+00"
5875,"7501176620","797847663","do and let me know",NULL,NULL,"2025-11-13 18:34:10.27621+00"
5878,"797847663","7501176620","Damn well I'll take that as a compliment 😌",NULL,NULL,"2025-11-13 18:46:31.753041+00"
5879,"797847663","7501176620","Actually sometimes in hs people used to ask me to pronounce random words like water 😭",NULL,NULL,"2025-11-13 18:47:31.339775+00"
6077,"1722589537","5636401129","Ofc i love cuddle after that 

Are you open to doing it",NULL,NULL,"2025-11-13 21:41:52.826366+00"
6177,"1469773444","6499363352","Hey",NULL,NULL,"2025-11-14 07:05:34.031749+00"
1747,"558918331","8235079863","Am Yonas 
Accounting 3rd 
And most people think am costra when they see me but am the opp of that😭",NULL,NULL,"2025-11-04 14:43:04.199587+00"
1748,"650462012","5237102694","Whachu mean,why",NULL,NULL,"2025-11-04 14:47:02.84476+00"
1749,"5237102694","650462012","Wanna fuck?",NULL,NULL,"2025-11-04 14:47:40.933986+00"
1752,"558918331","8235079863","R u the one who confess about some ppl stare at me ...",NULL,NULL,"2025-11-04 14:51:41.492347+00"
1754,"8235079863","558918331","Sure",NULL,NULL,"2025-11-04 14:53:27.262214+00"
1758,"5237102694","650462012","I really wanna do that",NULL,NULL,"2025-11-04 14:58:02.062675+00"
1762,"558918331","8235079863","My question is  
why  r u talking to me u feel lonely or wt",NULL,NULL,"2025-11-04 15:02:11.111229+00"
1763,"650462012","5237102694","/confess",NULL,NULL,"2025-11-04 15:17:01.37286+00"
1764,"5237102694","650462012","U r girl right?",NULL,NULL,"2025-11-04 15:25:36.941864+00"
1766,"5237102694","650462012","Pls i really need that...waiting for ur response",NULL,NULL,"2025-11-04 15:27:09.186862+00"
1773,"8235079863","558918331","Wend mesyah naw 
Weys u don't trust setochm",NULL,NULL,"2025-11-04 15:59:55.87232+00"
1785,"558918331","8235079863","AA nesh ende",NULL,NULL,"2025-11-04 16:12:11.25566+00"
1791,"558918331","8235079863","Ye wendoch boarding new eko",NULL,NULL,"2025-11-04 16:14:25.741765+00"
1792,"558918331","8235079863","Unity?? Semichew alakm",NULL,NULL,"2025-11-04 16:14:35.416626+00"
1804,"8235079863","558918331","Nah . High-school miraf academy naw wede ayat",NULL,NULL,"2025-11-04 16:20:37.669553+00"
1805,"8235079863","558918331","Jemo yalwn brunch naw bezu saw miyakw",NULL,NULL,"2025-11-04 16:21:00.685222+00"
1811,"558918331","8235079863","@It_Is_Me_Yon",NULL,NULL,"2025-11-04 16:26:58.052849+00"
1813,"7050798852","7277297826","So r u bi",NULL,NULL,"2025-11-04 16:28:08.798433+00"
1825,"5237102694","7862773644","😘",NULL,NULL,"2025-11-04 17:11:43.8079+00"
1830,"8189007505","841889605","Liking a dudes dick isn't being freaky, it's a disorder",NULL,NULL,"2025-11-04 17:28:41.957956+00"
2563,"8333529926","457325288","U M or F",NULL,NULL,"2025-11-05 19:14:33.845951+00"
2565,"457325288","8333529926","What about u",NULL,NULL,"2025-11-05 19:15:29.976702+00"
2572,"8333529926","1092294687","Ur age, major nd interest",NULL,NULL,"2025-11-05 19:31:52.776298+00"
2585,"1990620507","8178595410","U",NULL,NULL,"2025-11-05 20:10:33.885316+00"
2694,"6110336587","5756352968","Doin good, nd u?
Yeah its kinda weird like u send a txt to a bot then the bot forwarded it😂",NULL,NULL,"2025-11-07 04:26:08.165999+00"
2697,"6110336587","1767733168","Yea, ur not mistaken
U as well ryt",NULL,NULL,"2025-11-07 04:36:15.065417+00"
2799,"7214434853","8178595410","Hey",NULL,NULL,"2025-11-07 12:46:32.884434+00"
3067,"1570959519","8178595410","Ere ena private negn",NULL,NULL,"2025-11-08 04:21:11.266804+00"
3069,"8178595410","1570959519","Ene 6 killo negn",NULL,NULL,"2025-11-08 04:21:34.754899+00"
3071,"1570959519","8178595410","Do uk any boys?",NULL,NULL,"2025-11-08 04:21:46.965662+00"
3072,"8178595410","1570959519","Boy for what?",NULL,NULL,"2025-11-08 04:22:05.198098+00"
3100,"1570959519","8178595410","Ere endefelek new",NULL,NULL,"2025-11-08 04:27:33.425001+00"
3101,"8178595410","1570959519","Daym aallu?",NULL,NULL,"2025-11-08 04:27:48.806432+00"
3104,"1570959519","8178595410","Boys 🤣",NULL,NULL,"2025-11-08 04:28:23.519475+00"
3111,"8178595410","1570959519","Malet?",NULL,NULL,"2025-11-08 04:30:30.39468+00"
3113,"1570959519","8178595410","Malete first ask abt it ur friend or someone then go",NULL,NULL,"2025-11-08 04:30:54.420228+00"
3120,"8178595410","1570959519","Ezi AA university set mfelegu bizu wendoch allu",NULL,NULL,"2025-11-08 04:32:29.079285+00"
3137,"1570959519","8178595410","Eshi pls tell me gm i dont want old i want young pike my age eske 22 yibekal",NULL,NULL,"2025-11-08 04:41:32.215432+00"
3157,"1570959519","8178595410","Nahh wendu hulu set new mefelegew🤣gn tentenkeki eshi man lemanegnawem",NULL,NULL,"2025-11-08 04:57:12.102787+00"
3158,"8178595410","1570959519","So competitive nw malet nw😂",NULL,NULL,"2025-11-08 05:00:35.800259+00"
3160,"1570959519","8178595410","Stripper club meselesh ende eyekefelsh yemetebeji",NULL,NULL,"2025-11-08 05:03:54.321216+00"
3276,"1834543510","382471983","R u a girl?",NULL,NULL,"2025-11-08 13:42:33.576756+00"
3277,"382471983","1834543510","Nop",NULL,NULL,"2025-11-08 13:43:12.842252+00"
3282,"1730816223","5272321269","hope this ain't too long and it helps",NULL,NULL,"2025-11-08 13:58:23.564968+00"
3650,"6490842744","1924682462","Wanna have fun?",NULL,NULL,"2025-11-09 05:25:39.481556+00"
3652,"6154892102","1924682462","Kidi",NULL,NULL,"2025-11-09 05:28:29.275008+00"
3653,"1924682462","6490842744","boy or girl??",NULL,NULL,"2025-11-09 05:44:05.401767+00"
3659,"1924682462","6490842744","send me her username",NULL,NULL,"2025-11-09 05:50:48.305031+00"
3662,"6490842744","1924682462","I will reach out....do you mind telling me your body size.....so I will tell her...",NULL,NULL,"2025-11-09 05:53:19.168485+00"
3663,"6490842744","1924682462","2 girls an one boy ....threesome",NULL,NULL,"2025-11-09 05:53:43.757848+00"
3671,"6110336587","1924682462","Heyy",NULL,NULL,"2025-11-09 06:01:12.424094+00"
3926,"5734175919","8333529926","Hey",NULL,NULL,"2025-11-09 09:26:50.442063+00"
3931,"6369586656","8362956563","If you're there and all..",NULL,NULL,"2025-11-09 09:29:43.537731+00"
3943,"8333529926","5734175919","Nah tnx",NULL,NULL,"2025-11-09 09:36:59.442707+00"
3974,"8333529926","448942295","Heyy",NULL,NULL,"2025-11-09 10:02:09.200339+00"
3982,"8333529926","2013728279","Heyy
Wanna hv fun😊",NULL,NULL,"2025-11-09 10:14:59.687158+00"
3989,"8333529926","6128434180","Heyy",NULL,NULL,"2025-11-09 10:27:47.454987+00"
4040,"1858554102","8362956563","Hey dena nesh endet nesh?",NULL,NULL,"2025-11-09 11:17:19.601689+00"
4052,"8333529926","955679410","Heyy
Wanna hv fun😊",NULL,NULL,"2025-11-09 11:26:18.706501+00"
4054,"7413384637","8333529926","Hi",NULL,NULL,"2025-11-09 11:30:30.498001+00"
4056,"1858554102","8362956563","@alexo12h",NULL,NULL,"2025-11-09 11:32:42.92072+00"
4337,"1246961688","1051120004","why do you think it went wrong",NULL,NULL,"2025-11-09 17:49:42.391761+00"
4338,"1051120004","1246961688","Kind of a long story, one was just not interested. the other two lowkey betam complicated new",NULL,NULL,"2025-11-09 17:50:49.60514+00"
4531,"7501176620","5753506007","To him ?",NULL,NULL,"2025-11-10 11:07:26.113658+00"
4535,"8178595410","1732388131","Hello",NULL,NULL,"2025-11-10 11:13:38.635239+00"
4538,"5753506007","7501176620","Confession anbibekewal?",NULL,NULL,"2025-11-10 11:14:55.416068+00"
4543,"5753506007","7501176620","Idk just help me out 😔",NULL,NULL,"2025-11-10 11:24:08.931523+00"
4633,"1570959519","1525233004","Yoo i saw the project x too im jealous😭 wht should we do",NULL,NULL,"2025-11-10 18:41:53.241526+00"
4791,"5183845073","7247123310","Hey",NULL,NULL,"2025-11-11 11:24:51.40845+00"
4799,"5183845073","7247123310","Ohh shi",NULL,NULL,"2025-11-11 11:32:18.626112+00"
4801,"7247123310","5183845073","🤔 where",NULL,NULL,"2025-11-11 11:34:58.663705+00"
4802,"1570959519","865881783","..",NULL,NULL,"2025-11-11 11:35:21.993775+00"
4807,"7247123310","5183845073",NULL,NULL,"CgACAgQAAxkBAAGCvqFpEyB7in7pgS8z31vwOkQ7qSn9hAACQAUAAsM9RVHsfpFnkq49zzYE","2025-11-11 11:39:40.014051+00"
4811,"756628801","1767733168","first why wouldn't a person marry a woman who is old, people have types? and the problem is not the fact, the fact already exists the people are becoming aware that is what is different from old misogynistic views",NULL,NULL,"2025-11-11 13:03:59.857856+00"
4828,"1767733168","756628801","Really is there someone who wanna marry 35+ women being 25",NULL,NULL,"2025-11-11 13:21:41.326682+00"
5016,"7699820988","1051864908","Hi",NULL,NULL,"2025-11-12 04:10:12.59717+00"
5032,"6110336587","1221140370","Heyy",NULL,NULL,"2025-11-12 04:52:00.441174+00"
5036,"8333529926","6499363352","Ur major nd campus",NULL,NULL,"2025-11-12 04:58:57.115589+00"
5038,"8333529926","6499363352","Just curious😊",NULL,NULL,"2025-11-12 04:59:17.921658+00"
5054,"8333529926","1835875563","Heyy",NULL,NULL,"2025-11-12 05:11:29.395506+00"
5218,"8333529926","5980085144","Heyy",NULL,NULL,"2025-11-12 12:01:03.172216+00"
5224,"1697011899","6110336587","Helloo",NULL,NULL,"2025-11-12 12:09:59.172454+00"
5251,"7963453467","462966491","Can i ask u a question respectfully",NULL,NULL,"2025-11-12 13:51:55.129173+00"
5257,"462966491","7963453467","Can’t you read the part that I said “no”",NULL,NULL,"2025-11-12 13:55:09.355016+00"
5260,"462966491","7963453467","Well sorry to disappoint you but I’m not that kind of person",NULL,NULL,"2025-11-12 13:56:01.990723+00"
5269,"8333529926","7623717059","Heyy",NULL,NULL,"2025-11-12 14:06:05.371688+00"
5276,"7963453467","462966491","Idk that what im trying to find out",NULL,NULL,"2025-11-12 14:08:20.061002+00"
5277,"7963453467","462966491","Ende who know what life has stored for us?",NULL,NULL,"2025-11-12 14:08:37.051822+00"
1750,"650462012","5237102694","Why u Said that",NULL,NULL,"2025-11-04 14:47:54.518933+00"
1756,"8333529926","7207009148","Hey, wanna hv fun?",NULL,NULL,"2025-11-04 14:54:22.193738+00"
1757,"8235079863","558918331","lol nooo, not me😭😂",NULL,NULL,"2025-11-04 14:57:28.065406+00"
1759,"650462012","5237102694","I saw a guy at the registrar tday,am a Muslim but he's so damn gorgeous dark type skin and i rly like him",NULL,NULL,"2025-11-04 14:58:35.632825+00"
1760,"558918331","8235079863","Ere lemawek new mnm lewt ylwm",NULL,NULL,"2025-11-04 14:58:45.103487+00"
1765,"737484765","5014292785","drop you acc",NULL,NULL,"2025-11-04 15:25:59.702296+00"
1767,"8333529926","7207009148","Its obvious☺️ eko",NULL,NULL,"2025-11-04 15:27:21.752858+00"
1768,"5237102694","650462012","Mn alsh?",NULL,NULL,"2025-11-04 15:36:56.461488+00"
1769,"8235079863","558918331","bro I'm not that desperate😭😭 I just like meeting addis sawochn",NULL,NULL,"2025-11-04 15:42:29.997965+00"
1770,"558918331","8235079863","Sew alaminim specially from confess that's why enji normal new lene",NULL,NULL,"2025-11-04 15:52:59.066718+00"
1771,"8235079863","558918331","Ohh ene rasu
My trust issue beka 😭😭😭😭😭😭😭😭😭😭",NULL,NULL,"2025-11-04 15:57:58.736689+00"
1772,"558918331","8235079863","Yene trust issue related to gender new legizew",NULL,NULL,"2025-11-04 15:59:26.806272+00"
1774,"8235079863","558918331","N?",NULL,NULL,"2025-11-04 15:59:58.046291+00"
1775,"558918331","8235079863","Ay wend bemilew yize new",NULL,NULL,"2025-11-04 16:01:21.588561+00"
1776,"558918331","8235079863","Setoch ga trust issue alegn malet alichilim mknyat nikiki yelegnm most the time dorm game eyetechawetiku new or demo tegnichalew so be setoch lamarir alichilim",NULL,NULL,"2025-11-04 16:02:16.059848+00"
1777,"8235079863","558918331","Ohh okay so Introvert nah malet naw",NULL,NULL,"2025-11-04 16:06:59.189047+00"
1778,"8235079863","558918331","Weys sigma nah😭",NULL,NULL,"2025-11-04 16:07:09.34619+00"
1779,"558918331","8235079863","No huletunm hugne adelem",NULL,NULL,"2025-11-04 16:07:57.166636+00"
1780,"558918331","8235079863","By the way set ga bcha adelem maligibabaw ke wendigam new yihen yahil alaweram ignore aregalew feligew adelem simesilegn yetemarikubet highschool effect new 😭",NULL,NULL,"2025-11-04 16:09:37.307966+00"
1781,"8235079863","558918331","Yet naw yetmarkw 
Saint Joseph ?",NULL,NULL,"2025-11-04 16:10:47.546422+00"
1782,"8235079863","558918331","This means Introvert nah eko",NULL,NULL,"2025-11-04 16:10:57.018953+00"
1783,"558918331","8235079863","Introvert enkuan adelem betam kift AF negn😭 letegibabagn sew",NULL,NULL,"2025-11-04 16:11:41.396353+00"
1784,"558918331","8235079863","St.joseph enkuan adelem endeza ayinet tmro new boarding school wede akaki kality new",NULL,NULL,"2025-11-04 16:12:07.741602+00"
1786,"8235079863","558918331","Okay I gotcha",NULL,NULL,"2025-11-04 16:12:45.051335+00"
1787,"8235079863","558918331","Yea nagn",NULL,NULL,"2025-11-04 16:12:50.276609+00"
1788,"558918331","8235079863","Yt tmro nbrsh",NULL,NULL,"2025-11-04 16:13:03.919971+00"
1789,"8235079863","558918331","Ena boarding normal adl ende",NULL,NULL,"2025-11-04 16:13:13.066913+00"
1790,"8235079863","558918331","Unity",NULL,NULL,"2025-11-04 16:13:17.996756+00"
1793,"8235079863","558918331","Really?",NULL,NULL,"2025-11-04 16:15:28.367805+00"
1794,"8235079863","558918331","Endeeeee how",NULL,NULL,"2025-11-04 16:15:37.932939+00"
1795,"558918331","8235079863","Leyetignaw new reply eko ylwm😭",NULL,NULL,"2025-11-04 16:15:52.441857+00"
1796,"8235079863","558918331","Unity alakwm yalkw nawa . Endet atakwm gerji",NULL,NULL,"2025-11-04 16:16:47.56988+00"
1797,"558918331","8235079863","Unity college new ende",NULL,NULL,"2025-11-04 16:17:16.095528+00"
1798,"558918331","8235079863","Ene eko high school nbr yeteyekush",NULL,NULL,"2025-11-04 16:18:13.767116+00"
1799,"558918331","8235079863","AAU adeleshim malet new",NULL,NULL,"2025-11-04 16:18:21.287107+00"
1800,"8235079863","558918331","Yea adlwm ere",NULL,NULL,"2025-11-04 16:18:58.020232+00"
1801,"558918331","8235079863","Unit uv nesh malet new",NULL,NULL,"2025-11-04 16:19:19.355722+00"
1802,"8235079863","558918331","Unity nagn",NULL,NULL,"2025-11-04 16:19:31.287387+00"
1803,"558918331","8235079863","Ene eko unity alakewum yalkush highschool eyaweran sileneber new",NULL,NULL,"2025-11-04 16:20:05.273943+00"
1806,"558918331","8235079863","Ene mnm malakewus 😭",NULL,NULL,"2025-11-04 16:21:20.159328+00"
1807,"8235079863","558918331","😭😭😭mtsm",NULL,NULL,"2025-11-04 16:21:44.421379+00"
1808,"558918331","8235079863","Yihen yahil bota alakm alinkesakesim that's why",NULL,NULL,"2025-11-04 16:22:05.18991+00"
1809,"558918331","8235079863","Wt if we exchange username",NULL,NULL,"2025-11-04 16:22:17.483197+00"
1810,"8235079863","558918331","Okay send me yanten hi elhlaw",NULL,NULL,"2025-11-04 16:25:56.809131+00"
1812,"7050798852","7277297826","Hey",NULL,NULL,"2025-11-04 16:27:33.895564+00"
1814,"7050798852","7277297826","/confess",NULL,NULL,"2025-11-04 16:39:37.856587+00"
1815,"734987473","6307144522","👀",NULL,NULL,"2025-11-04 16:41:50.817182+00"
1816,"5237102694","7862773644","Hey sup",NULL,NULL,"2025-11-04 16:59:05.376879+00"
1817,"5237102694","7862773644","Are u m/f?",NULL,NULL,"2025-11-04 16:59:12.032936+00"
1818,"7862773644","5237102694","F",NULL,NULL,"2025-11-04 16:59:44.34242+00"
1819,"5237102694","7862773644","Ok can u contact me on telegram?",NULL,NULL,"2025-11-04 17:01:45.782545+00"
1820,"7862773644","5237102694","First r u m/f",NULL,NULL,"2025-11-04 17:02:28.751294+00"
1821,"5237102694","7862773644","Im M",NULL,NULL,"2025-11-04 17:03:15.243931+00"
1822,"5237102694","7862773644","U want m or f?",NULL,NULL,"2025-11-04 17:03:28.170386+00"
1823,"7862773644","5237102694","@Pbyaa_1",NULL,NULL,"2025-11-04 17:03:55.411661+00"
1824,"5237102694","7862773644","Can u frist say hi on my  tg username",NULL,NULL,"2025-11-04 17:10:39.177083+00"
1826,"5237102694","7862773644","Huh u said hi?",NULL,NULL,"2025-11-04 17:12:18.246937+00"
1827,"5237102694","7862773644","Username:Happything_s",NULL,NULL,"2025-11-04 17:12:24.982226+00"
1828,"5280617271","1609398709","Hey . I was the one who requested a message for you . Could u leave me ur Username here",NULL,NULL,"2025-11-04 17:14:29.999858+00"
1829,"5280617271","1609398709","Hey . I was the one who requested a message for you . Could u leave me ur Username here",NULL,NULL,"2025-11-04 17:16:41.172419+00"
1831,"8333529926","7207009148","Heyyy
I really need u so bad right now 
Are u in 6 kilo
Pls come nd lets hv fun i swera u will enjoy it☺️",NULL,NULL,"2025-11-04 18:11:54.925835+00"
1832,"8333529926","7207009148","Lets meet at the stadium",NULL,NULL,"2025-11-04 18:12:48.413045+00"
1833,"2056021138","6499363352","Hey",NULL,NULL,"2025-11-04 18:45:31.51069+00"
1834,"6499363352","2056021138","Hi",NULL,NULL,"2025-11-04 18:47:00.503921+00"
1835,"2056021138","6499363352","What is ur real name 🧐",NULL,NULL,"2025-11-04 18:58:17.929379+00"
1836,"1246961688","466664482","Hello",NULL,NULL,"2025-11-04 19:15:00.885321+00"
1837,"8333529926","466664482","Heyy
Wanna hv fun?
I think u wanna date someone",NULL,NULL,"2025-11-04 19:16:23.808668+00"
1838,"8333529926","466664482","Someone new",NULL,NULL,"2025-11-04 19:17:13.894268+00"
1839,"466664482","8333529926","Huh",NULL,NULL,"2025-11-04 19:17:36.520688+00"
1840,"8333529926","466664482","Wanna hv fun? Like right now",NULL,NULL,"2025-11-04 19:18:21.117517+00"
1841,"466664482","8333529926","Ew leave me alone enda",NULL,NULL,"2025-11-04 19:18:40.984745+00"
1842,"8333529926","466664482","Pls come nd lets hv fun i swear u will enjoy it☺️
if u wanna see የደስታን ጥግ 
Lets meet at the stadium",NULL,NULL,"2025-11-04 19:20:40.909895+00"
1843,"2056021138","6499363352","I mean what's ur name",NULL,NULL,"2025-11-04 19:22:23.218799+00"
1844,"6499363352","2056021138","Other she",NULL,NULL,"2025-11-04 19:22:58.948584+00"
1845,"6499363352","2056021138","Other she is my name",NULL,NULL,"2025-11-04 19:23:10.473126+00"
1846,"2056021138","6499363352","Nah..ur real name",NULL,NULL,"2025-11-04 19:24:22.542186+00"
1847,"8333529926","1020692984","Heyy",NULL,NULL,"2025-11-04 19:26:11.217239+00"
1848,"8379107583","5204985308","Hey it's me here and I've a little advice for u and I guess it might be helpful for ya✌️",NULL,NULL,"2025-11-04 19:26:50.301896+00"
1849,"6499363352","2056021138","I aint gonna tell u that",NULL,NULL,"2025-11-04 19:27:22.0522+00"
1850,"2056021138","6499363352","Aight....what year are u",NULL,NULL,"2025-11-04 19:27:59.997535+00"
1851,"2056021138","6499363352","This bot sucks...send me ir username",NULL,NULL,"2025-11-04 19:28:49.758227+00"
1852,"6499363352","2056021138","Bruh i talk a lot to be sharing private info sorry",NULL,NULL,"2025-11-04 19:36:39.003536+00"
1853,"2056021138","6499363352","What u wanna talk about then",NULL,NULL,"2025-11-04 19:37:35.629568+00"
1854,"7231257941","7838626961","Hi ☺️ no reason I just want talk with u 🥹",NULL,NULL,"2025-11-04 19:37:41.663666+00"
1855,"7838626961","7231257941","/confess",NULL,NULL,"2025-11-04 19:42:16.522236+00"
1856,"7231257941","7838626961","Hi ☺️ no reason I just want talk with u 🥹",NULL,NULL,"2025-11-04 19:43:15.60849+00"
1857,"7838626961","7231257941","Ok hii",NULL,NULL,"2025-11-04 19:43:40.061892+00"
1859,"7838626961","7231257941","I'm good , and you?",NULL,NULL,"2025-11-04 19:44:55.204063+00"
1860,"7231257941","7838626961","I'm fine nice too Meet u let's get to know each other I am firaol ☺️",NULL,NULL,"2025-11-04 19:47:02.539431+00"
1864,"6499363352","2056021138","Good for u",NULL,NULL,"2025-11-04 19:55:44.98758+00"
1887,"1115129736","1201453400","Exactly",NULL,NULL,"2025-11-04 20:13:14.326484+00"
2566,"8333529926","1459730751","U m or f",NULL,NULL,"2025-11-05 19:25:05.431348+00"
2573,"1092294687","8333529926","😂😂what ru trying to do?",NULL,NULL,"2025-11-05 19:32:15.660937+00"
2574,"8333529926","1092294687","Just tell me ende😂",NULL,NULL,"2025-11-05 19:33:06.784027+00"
2695,"6110336587","1767733168","Hey, hyd?
This feels weird gen seems like talking to a bot",NULL,NULL,"2025-11-07 04:30:48.332388+00"
2698,"8333529926","8132883465","Hey, hyd?",NULL,NULL,"2025-11-07 04:40:57.686962+00"
2699,"6110336587","831697106","Hey, hyd?",NULL,NULL,"2025-11-07 04:41:31.931663+00"
2800,"6633997755","8072898920","Hello",NULL,NULL,"2025-11-07 12:49:16.372131+00"
2801,"7813594896","7050798852","Yetewkuh makes no sense  😕 batyign mn yefexral",NULL,NULL,"2025-11-07 12:50:05.408694+00"
3068,"8178595410","1570959519","Private mn?",NULL,NULL,"2025-11-08 04:21:23.079535+00"
3074,"8178595410","1570959519","Esh boyfriend feleg nw?",NULL,NULL,"2025-11-08 04:22:56.832675+00"
3077,"1570959519","8178595410","Im just horny gn bro ante felg eshi atatam fr temari balege bezetual set",NULL,NULL,"2025-11-08 04:23:47.477404+00"
3078,"8178595410","1570959519","There are plenty of them",NULL,NULL,"2025-11-08 04:23:51.919714+00"
3086,"8178595410","1570959519","I will tell u after somedays",NULL,NULL,"2025-11-08 04:25:20.315834+00"
3089,"1570959519","8178595410","Gn ene boy felegelegn",NULL,NULL,"2025-11-08 04:25:44.480252+00"
3103,"8178595410","1570959519","Koy mndnw mitasfelegegn?",NULL,NULL,"2025-11-08 04:28:06.164377+00"
3106,"8178595410","1570959519","No yalkuk eza lemehed mndnw myasfelegegn?",NULL,NULL,"2025-11-08 04:28:56.714957+00"
3108,"1570959519","8178595410","Meyasfelegeh ur dick🤣ena if u konjo gurls will come fast",NULL,NULL,"2025-11-08 04:29:29.65643+00"
3114,"8178595410","1570959519","Wey lmn abren anhedem?",NULL,NULL,"2025-11-08 04:31:00.508065+00"
3117,"8178595410","1570959519","Yet sefer nek?",NULL,NULL,"2025-11-08 04:31:34.519954+00"
3119,"1570959519","8178595410","Torhayloch",NULL,NULL,"2025-11-08 04:32:00.928093+00"
3122,"1570959519","8178595410","Bro block me im lookin for boys im a boy🤣",NULL,NULL,"2025-11-08 04:33:13.965066+00"
3153,"8178595410","1570959519","What do u mean by player?",NULL,NULL,"2025-11-08 04:53:21.779089+00"
3155,"1570959519","8178595410","Player malet chewata endet emdemetawera seten yemeyawek malet new",NULL,NULL,"2025-11-08 04:53:55.17135+00"
3287,"5272321269","1730816223","Wend guadegnochuan be text atawri malt is that fair? Malt anchi besua bota hunesh negerign endezi aynt relationship binorsh ena atargi bilsh even social media post akumi bilsh mn targiyalsh",NULL,NULL,"2025-11-08 14:04:45.202485+00"
3651,"7572925260","1924682462","Hey....selam",NULL,NULL,"2025-11-09 05:25:52.386226+00"
3945,"6110336587","6692034060","Hey",NULL,NULL,"2025-11-09 09:39:47.431692+00"
3948,"7386771058","8333529926","Heyyy",NULL,NULL,"2025-11-09 09:41:21.681532+00"
3955,"7386771058","8333529926","At dorm library etc",NULL,NULL,"2025-11-09 09:45:10.524495+00"
3959,"8333529926","7386771058","Ur age, campus nd interest?",NULL,NULL,"2025-11-09 09:49:37.854396+00"
3961,"316768897","8312458446","Wow man I told you I'm a woman",NULL,NULL,"2025-11-09 09:49:54.118126+00"
3963,"8312458446","316768897","@Nama07u halla at me then",NULL,NULL,"2025-11-09 09:51:31.065758+00"
3966,"5906429938","8333529926","Bro you a male and I'm a male to soo don't waste your time and don't be horny",NULL,NULL,"2025-11-09 09:52:07.246321+00"
3972,"7386771058","8333529926","M",NULL,NULL,"2025-11-09 10:00:12.294108+00"
3985,"6110336587","6692034060","Hyd",NULL,NULL,"2025-11-09 10:23:06.971905+00"
3986,"1931647926","8333529926","Are teyake abezashbgn be inbox beneteyayek ayshalem",NULL,NULL,"2025-11-09 10:24:00.750227+00"
3991,"8178595410","6128434180","Hey👋",NULL,NULL,"2025-11-09 10:28:35.315993+00"
3996,"8333529926","6128434180","Wanna hv fun😊",NULL,NULL,"2025-11-09 10:31:55.401354+00"
3998,"8333529926","7414421121","Heyy",NULL,NULL,"2025-11-09 10:32:44.038106+00"
4008,"8333529926","7460651806","Well u don't me",NULL,NULL,"2025-11-09 10:40:17.190803+00"
4013,"8333529926","7460651806","Wanna hv fun😊",NULL,NULL,"2025-11-09 10:43:09.050975+00"
4027,"5522315189","8333529926","nope I don't I'm not allowed plus I've a car so its no use to have one",NULL,NULL,"2025-11-09 10:50:35.934279+00"
4030,"8333529926","462966491","Am this guy
@dynalmicvida

I was just wonderin Wt is wrong",NULL,NULL,"2025-11-09 10:53:02.373387+00"
4041,"8333529926","6063243083","Heyyy
Wanna hv fun😊",NULL,NULL,"2025-11-09 11:20:10.388074+00"
4044,"8333529926","5949936801","Wanna hv fun😊",NULL,NULL,"2025-11-09 11:23:47.554559+00"
4046,"5734175919","1152409369","Hi",NULL,NULL,"2025-11-09 11:24:13.145151+00"
4050,"8333529926","7413384637","Heyy",NULL,NULL,"2025-11-09 11:25:02.140066+00"
4060,"1857294945","8333529926","Hello",NULL,NULL,"2025-11-09 11:35:31.46675+00"
4062,"1857294945","8333529926","27 Male MIT tf what u gonna do with that info",NULL,NULL,"2025-11-09 11:36:51.358831+00"
4063,"8333529926","1857294945","hv fun",NULL,NULL,"2025-11-09 11:37:28.080337+00"
4072,"6179841738","8178595410","If u R girl, why is ur profile hv a girl icon😂🤧",NULL,NULL,"2025-11-09 11:49:23.577493+00"
4073,"8178595410","6179841738","Sima balege yehonech set mitakat alech?",NULL,NULL,"2025-11-09 11:50:03.839545+00"
4074,"8178595410","6179841738","?   ?",NULL,NULL,"2025-11-09 11:50:49.161065+00"
4078,"8178595410","6179841738","I will also help u",NULL,NULL,"2025-11-09 11:51:38.622215+00"
4341,"855757095","6286671588","Heyy",NULL,NULL,"2025-11-09 18:16:01.002556+00"
4532,"5753506007","7501176620","You don't talk to me sexaddict?",NULL,NULL,"2025-11-10 11:09:10.371538+00"
4539,"7501176620","5753506007","የቱን",NULL,NULL,"2025-11-10 11:15:20.518023+00"
4546,"5753506007","7501176620","Please share this story with everyone it's so painful 😟",NULL,NULL,"2025-11-10 11:32:01.84013+00"
4635,"1570959519","865881783","Wassup",NULL,NULL,"2025-11-10 18:48:35.904697+00"
4637,"1570959519","865881783","Memmory failed lol",NULL,NULL,"2025-11-10 18:49:44.454882+00"
4638,"865881783","1570959519","good wby",NULL,NULL,"2025-11-10 18:55:21.095555+00"
4642,"2133374158","411388600","Hey",NULL,NULL,"2025-11-10 19:38:53.775216+00"
4652,"2133374158","411388600","Are you the bi one then?",NULL,NULL,"2025-11-10 19:51:56.219074+00"
4654,"411388600","2133374158","Naa tell me about u",NULL,NULL,"2025-11-10 19:52:26.206945+00"
4679,"411388600","2133374158","Get your ass in my dm.",NULL,NULL,"2025-11-10 20:28:28.431117+00"
4680,"411388600","2133374158","Then you'll have my dick all over you",NULL,NULL,"2025-11-10 20:28:52.746536+00"
4794,"7247123310","5183845073","Ntn much, what post are you from",NULL,NULL,"2025-11-11 11:28:31.506945+00"
5017,"1051864908","7699820988","Hi?",NULL,NULL,"2025-11-12 04:10:40.564022+00"
5021,"1051864908","7699820988","😂alr",NULL,NULL,"2025-11-12 04:12:42.344573+00"
5023,"1570959519","865881783","Im 18",NULL,NULL,"2025-11-12 04:14:11.528752+00"
5024,"1051864908","7699820988","So u get me killed🙈",NULL,NULL,"2025-11-12 04:14:26.495375+00"
5034,"1221140370","6110336587","Hey",NULL,NULL,"2025-11-12 04:56:54.902238+00"
5037,"6499363352","8333529926","Why??",NULL,NULL,"2025-11-12 04:59:03.592776+00"
5046,"8333529926","7647636604","Morning😊",NULL,NULL,"2025-11-12 05:05:33.306702+00"
5048,"6110336587","1221140370","U m or f",NULL,NULL,"2025-11-12 05:06:40.186286+00"
5065,"1469773444","7949460110","nathnael ebalalew",NULL,NULL,"2025-11-12 05:16:47.016834+00"
5069,"7949460110","1469773444","Why not",NULL,NULL,"2025-11-12 05:18:57.869682+00"
5070,"1469773444","7949460110","Sure verge2040 send me sth there",NULL,NULL,"2025-11-12 05:19:22.940392+00"
5073,"1469773444","1981302048","Selam endet alesh we could taik more if u want it",NULL,NULL,"2025-11-12 05:22:35.456924+00"
5227,"6110336587","614622108","Heyy",NULL,NULL,"2025-11-12 12:12:59.033569+00"
5424,"7501176620","6499363352","I'm fr you, I even suspect you're a dude bc women are not funny AT ALL",NULL,NULL,"2025-11-13 05:54:29.95346+00"
5587,"1469773444","8223038699","Hey Selam new",NULL,NULL,"2025-11-13 12:43:02.86086+00"
5592,"8223038699","1469773444","Good",NULL,NULL,"2025-11-13 12:44:23.667686+00"
5593,"1211607170","1469773444","about?",NULL,NULL,"2025-11-13 12:45:00.679868+00"
5599,"477462298","8132883465","Hey",NULL,NULL,"2025-11-13 12:52:14.487382+00"
1858,"7231257941","7838626961","Hiii😊 how are u doing",NULL,NULL,"2025-11-04 19:44:18.510987+00"
1861,"2056021138","6499363352","So what u wanna talk about",NULL,NULL,"2025-11-04 19:53:46.994198+00"
1862,"6499363352","2056021138","Idk
U want advice or sumn?",NULL,NULL,"2025-11-04 19:55:14.203216+00"
1863,"2056021138","6499363352","😂😂😂oh hell yeah...",NULL,NULL,"2025-11-04 19:55:44.305853+00"
1865,"2056021138","6499363352","So give me advice on anything u want",NULL,NULL,"2025-11-04 19:56:22.424893+00"
1866,"6499363352","2056021138","The good for u wasnt too u btw😭
It was a comment the bot messed it up
Ask and u shall receive",NULL,NULL,"2025-11-04 19:57:50.680958+00"
1869,"6499363352","2056021138","Dont f around 
If school aint for u quit soon and dont waste ur time
Dont be misogynistic 
Being racist stinks so dont do that 
Dont makw fun of ppl its rude be kind to everyone it wont cost u anything and try to be positive in any situation",NULL,NULL,"2025-11-04 20:01:04.367026+00"
1888,"1201453400","1115129736","I guess that makes us agnostics🤷‍♀️",NULL,NULL,"2025-11-04 20:13:24.860977+00"
2578,"8178595410","1990620507","He sup",NULL,NULL,"2025-11-05 20:09:06.421111+00"
2584,"8178595410","1990620507","Fuck u niggaa😭😭😂",NULL,NULL,"2025-11-05 20:10:32.801643+00"
2590,"1990620507","8178595410","By the way be cool if you are obsessed the become harder for u eyfelke endalfelege",NULL,NULL,"2025-11-05 20:13:05.011413+00"
2601,"7050798852","829653636","Sra Ken lay slehonku mata mata abren masterbation enaregalen haye",NULL,NULL,"2025-11-05 21:19:42.765864+00"
2700,"8132883465","8333529926","Sup buddy 
Who is this",NULL,NULL,"2025-11-07 04:42:24.863525+00"
2702,"6191862654","6909260412","Hello",NULL,NULL,"2025-11-07 04:42:44.500169+00"
2703,"831697106","6110336587","Keyetgnaw vent nw?",NULL,NULL,"2025-11-07 04:42:58.892597+00"
2704,"8333529926","8132883465","Well u don't know me
Ur campus nd interest?",NULL,NULL,"2025-11-07 04:43:16.287753+00"
2710,"831697106","6110336587","Okay broski so what can i help you with?",NULL,NULL,"2025-11-07 04:46:34.855169+00"
2712,"8333529926","8132883465","Nah nah
Lets try nd u will hv fun fr like
U will enjoy urself, u can get anything from me like wt female would w u
Like to hv fun",NULL,NULL,"2025-11-07 04:49:16.122061+00"
2806,"5934419901","7501176620","hi there",NULL,NULL,"2025-11-07 15:26:28.023949+00"
3095,"8178595410","1570959519","Enem gay betam nw mtelaw ymr",NULL,NULL,"2025-11-08 04:26:43.271176+00"
3098,"8178595410","1570959519","Koy clubu day or Mata nw yalew?",NULL,NULL,"2025-11-08 04:27:19.326008+00"
3115,"8178595410","1570959519","Ante eza hedek atakem?",NULL,NULL,"2025-11-08 04:31:15.27974+00"
3116,"1570959519","8178595410","Ere yene sefer eruk new bro betam",NULL,NULL,"2025-11-08 04:31:21.080593+00"
3131,"1570959519","8178595410","Ena demo yas o didnt fuck it was just head i didnt pay she was drunk bro go with a friend and try kelele lela bota enefelegalen",NULL,NULL,"2025-11-08 04:37:31.26689+00"
3132,"8178595410","1570959519","Ene gay mehon alfelgem!...gn i will help u find 1",NULL,NULL,"2025-11-08 04:37:46.933816+00"
3143,"8178595410","1570959519","Lmn mn chgr allew bichaye😳😳😢",NULL,NULL,"2025-11-08 04:43:30.638191+00"
3145,"8178595410","1570959519","Lemayet adelm eko mhedew 😳😢😢",NULL,NULL,"2025-11-08 04:44:36.774316+00"
3146,"1570959519","8178595410","Ik tebedaleh gn mejemeriya mefeleg alebek bro be a player endee",NULL,NULL,"2025-11-08 04:45:06.497794+00"
3154,"1570959519","8178595410","Ende u handsome beka a",NULL,NULL,"2025-11-08 04:53:37.456732+00"
3289,"1570959519","7163246895","Just wanted to know",NULL,NULL,"2025-11-08 14:09:55.131793+00"
3298,"7163246895","1570959519","Why change? Lol",NULL,NULL,"2025-11-08 14:12:42.107075+00"
3301,"1570959519","7163246895","Gumme ur user",NULL,NULL,"2025-11-08 14:13:34.586299+00"
3654,"6490842744","1924682462","Boy",NULL,NULL,"2025-11-09 05:44:44.382377+00"
3656,"1924682462","6490842744","ya",NULL,NULL,"2025-11-09 05:47:30.721682+00"
3675,"6110336587","8161990253","Ur Gender?",NULL,NULL,"2025-11-09 06:05:16.998449+00"
3951,"7386771058","8333529926","Doin good hby",NULL,NULL,"2025-11-09 09:42:59.027898+00"
3952,"8333529926","7386771058","Doin well
How r u spending ur sunday?",NULL,NULL,"2025-11-09 09:44:26.480596+00"
3990,"6692034060","6110336587","🤔 why?",NULL,NULL,"2025-11-09 10:28:17.256539+00"
3992,"6110336587","6692034060","Just tell me😊",NULL,NULL,"2025-11-09 10:28:36.788078+00"
3995,"6110336587","6692034060","M, 20 nd 6 kilo",NULL,NULL,"2025-11-09 10:29:47.940496+00"
4003,"6692034060","6110336587","F, 21, 6 kil",NULL,NULL,"2025-11-09 10:35:47.056015+00"
4007,"7460651806","8333529926","Who is u??",NULL,NULL,"2025-11-09 10:39:38.535723+00"
4011,"7460651806","8333529926","Who sent you 😭",NULL,NULL,"2025-11-09 10:42:05.372294+00"
4017,"8333529926","7460651806","Ik, thank u😂",NULL,NULL,"2025-11-09 10:44:50.917709+00"
4026,"462966491","8333529926","Which confession did you find me from",NULL,NULL,"2025-11-09 10:50:27.44679+00"
4028,"5522315189","8333529926","commerce ofc",NULL,NULL,"2025-11-09 10:51:02.917068+00"
4342,"6286671588","855757095","Hellow",NULL,NULL,"2025-11-09 18:37:03.543294+00"
4354,"855757095","6286671588","i'm milka
wbu",NULL,NULL,"2025-11-09 18:46:11.241078+00"
4363,"6286671588","855757095","I'm fresh so...",NULL,NULL,"2025-11-09 18:51:38.262768+00"
4366,"855757095","6286671588","depends on what you mean by here but the answer is prolly no😭",NULL,NULL,"2025-11-09 18:54:05.405787+00"
4368,"6286671588","855757095","What campus are u in",NULL,NULL,"2025-11-09 18:54:48.608076+00"
4372,"6286671588","855757095","Im in main",NULL,NULL,"2025-11-09 18:55:14.517597+00"
4534,"5753506007","7501176620","Nahh set neg",NULL,NULL,"2025-11-10 11:11:37.046509+00"
4536,"8178595410","1732388131","Ru the graduated one?",NULL,NULL,"2025-11-10 11:13:47.628823+00"
4537,"7501176620","5753506007","እሺ አዋሪኝ በ አማርኛ, ምን ልርዳሽ",NULL,NULL,"2025-11-10 11:14:23.23827+00"
4540,"7501176620","5753506007","Tell me the code #....",NULL,NULL,"2025-11-10 11:15:36.037453+00"
4639,"865881783","1570959519","genuinely have no idea too lol",NULL,NULL,"2025-11-10 18:55:29.62297+00"
4796,"7247123310","5183845073","Oh, I have a semi in the office rn",NULL,NULL,"2025-11-11 11:31:02.729496+00"
4797,"5183845073","7247123310","Semi ?",NULL,NULL,"2025-11-11 11:31:24.54136+00"
4798,"7247123310","5183845073","Semi hard",NULL,NULL,"2025-11-11 11:31:54.5585+00"
5018,"7699820988","1051864908","Morning firstly",NULL,NULL,"2025-11-12 04:11:01.61608+00"
5020,"7699820988","1051864908","Good day and goodnight",NULL,NULL,"2025-11-12 04:11:50.326314+00"
5028,"1570959519","865881783","...",NULL,NULL,"2025-11-12 04:18:03.781403+00"
5030,"6490842744","1051864908","Hey",NULL,NULL,"2025-11-12 04:24:12.545712+00"
5039,"6499363352","8333529926","Are u interviewing me",NULL,NULL,"2025-11-12 04:59:22.092425+00"
5040,"6499363352","8333529926","Dont be curious im not tellin u shii",NULL,NULL,"2025-11-12 04:59:35.148613+00"
5043,"6499363352","8333529926","Eat sleep shit",NULL,NULL,"2025-11-12 05:01:31.108685+00"
5044,"8333529926","6499363352","Oww at least ur eating 
Don be surprised gn

Its been ages since i stop eatin☺️",NULL,NULL,"2025-11-12 05:02:44.538513+00"
5057,"7949460110","1469773444","Aight... umm she or he ?",NULL,NULL,"2025-11-12 05:12:47.522872+00"
5066,"7949460110","1469773444","Cool nice to meet ya",NULL,NULL,"2025-11-12 05:17:58.662877+00"
5077,"6499363352","1469773444","Egziabher ymesgen",NULL,NULL,"2025-11-12 06:23:19.867882+00"
5079,"5183845073","1216016294","Hey",NULL,NULL,"2025-11-12 06:46:07.050696+00"
5231,"5684445044","6110336587","I'm a guy gang",NULL,NULL,"2025-11-12 12:17:55.576272+00"
5240,"8333529926","1222542336","Heyy",NULL,NULL,"2025-11-12 13:07:53.76379+00"
5271,"462966491","7963453467","Yes I am",NULL,NULL,"2025-11-12 14:06:57.776937+00"
5287,"1834543510","1216675530","Hello",NULL,NULL,"2025-11-12 14:55:04.526534+00"
5295,"1366211357","1211607170","Hi",NULL,NULL,"2025-11-12 15:18:59.971705+00"
5297,"7231257941","7868086659","Hi Hana it's okay but let's talk I just want talk with u girl🥹",NULL,NULL,"2025-11-12 15:27:35.203724+00"
5425,"6499363352","7501176620","Ok now that was offensive 
I gotta say tho ur growing on me too
I genuinely did not like u at first ur bearable ahun",NULL,NULL,"2025-11-13 05:58:55.439709+00"
5428,"1071472901","6272869186","Hey selam nw",NULL,NULL,"2025-11-13 06:16:45.424916+00"
5588,"8223038699","1469773444","Hello",NULL,NULL,"2025-11-13 12:43:10.34809+00"
5591,"1469773444","8223038699","How r u",NULL,NULL,"2025-11-13 12:44:03.843591+00"
5594,"1469773444","1211607170","I donot know someone who easies mu loneliness",NULL,NULL,"2025-11-13 12:46:00.287857+00"
5595,"1469773444","8223038699","R u man or woman ?",NULL,NULL,"2025-11-13 12:46:38.766547+00"
5597,"8223038699","1469773444","a boy",NULL,NULL,"2025-11-13 12:47:09.999118+00"
5602,"1246961688","7597964581","Heyy",NULL,NULL,"2025-11-13 13:36:30.380829+00"
1867,"2056021138","6499363352","😂😂okay....so give me any advice that you think will help me",NULL,NULL,"2025-11-04 19:59:18.249209+00"
1868,"2056021138","6499363352","Btw is this safe chat😭",NULL,NULL,"2025-11-04 20:00:09.884617+00"
2579,"1990620507","8178595410","Hey",NULL,NULL,"2025-11-05 20:09:55.329484+00"
2588,"8178595410","1990620507","Mebedat ymtfeleg set takalek ende?",NULL,NULL,"2025-11-05 20:11:19.096263+00"
2589,"1990620507","8178595410","U have good dick",NULL,NULL,"2025-11-05 20:11:45.686316+00"
2594,"1990620507","8178595410","Am m need friend with benefit",NULL,NULL,"2025-11-05 20:16:37.151277+00"
2701,"831697106","6110336587","Im good u",NULL,NULL,"2025-11-07 04:42:36.212891+00"
2706,"6110336587","831697106","From the man who appeared it the gir's bathroom",NULL,NULL,"2025-11-07 04:44:38.991631+00"
2807,"7501176620","5934419901","What up",NULL,NULL,"2025-11-07 15:27:06.212844+00"
3121,"8178595410","1570959519","Ante clubun hedek atakem?",NULL,NULL,"2025-11-08 04:32:45.019825+00"
3291,"7163246895","1570959519","I was",NULL,NULL,"2025-11-08 14:11:30.08079+00"
3297,"7163246895","1570959519","Ede 🤨",NULL,NULL,"2025-11-08 14:12:32.383532+00"
3300,"7163246895","1570959519","Come dm let's talk",NULL,NULL,"2025-11-08 14:13:24.246483+00"
3655,"6490842744","1924682462","Are you a girl looking for girl?",NULL,NULL,"2025-11-09 05:47:01.931531+00"
3657,"6490842744","1924682462","You guys are cool",NULL,NULL,"2025-11-09 05:47:53.812358+00"
3661,"1924682462","6490842744","boy or girl??",NULL,NULL,"2025-11-09 05:53:08.264089+00"
3664,"6490842744","1924682462","*And",NULL,NULL,"2025-11-09 05:53:57.394211+00"
3665,"1924682462","6490842744","send me her username or bye",NULL,NULL,"2025-11-09 05:54:07.445103+00"
3672,"6110336587","8161990253","Heyy",NULL,NULL,"2025-11-09 06:01:32.091163+00"
3673,"8161990253","6110336587","Heyy",NULL,NULL,"2025-11-09 06:02:02.332321+00"
3674,"6110336587","5002900222","Heyy",NULL,NULL,"2025-11-09 06:04:24.204466+00"
3679,"8333529926","1924682462","Ur age, campus nd interest?",NULL,NULL,"2025-11-09 06:20:01.857217+00"
3681,"8333529926","8132883465","Hyd",NULL,NULL,"2025-11-09 06:24:53.829432+00"
3697,"8333529926","8132883465","Kay then
Thank U",NULL,NULL,"2025-11-09 06:41:07.270963+00"
3699,"6110336587","7597964581","Ur gender",NULL,NULL,"2025-11-09 06:45:35.508558+00"
3960,"1931647926","8333529926","Heyy",NULL,NULL,"2025-11-09 09:49:44.97698+00"
3962,"8333529926","1931647926","Ur age, campus nd interest?",NULL,NULL,"2025-11-09 09:50:37.666442+00"
3969,"8333529926","7386771058","M, u?",NULL,NULL,"2025-11-09 09:54:07.006063+00"
3970,"8333529926","8362956563","Heyy",NULL,NULL,"2025-11-09 09:54:58.538116+00"
3978,"6369586656","8362956563","I'm sorry",NULL,NULL,"2025-11-09 10:10:56.159862+00"
3980,"6272869186","6110336587","Sup",NULL,NULL,"2025-11-09 10:12:21.601688+00"
3981,"6110336587","5740594639","Ur age, campus nd interest?",NULL,NULL,"2025-11-09 10:13:46.283115+00"
3988,"6110336587","6692034060","Dw too

Ur gender, age nd campus",NULL,NULL,"2025-11-09 10:27:34.182445+00"
4015,"7460651806","8333529926","Dedeb",NULL,NULL,"2025-11-09 10:44:18.511933+00"
4018,"5522315189","8333529926","why?",NULL,NULL,"2025-11-09 10:45:19.094549+00"
4019,"8333529926","5522315189","Just curious😊😂",NULL,NULL,"2025-11-09 10:45:56.026197+00"
4020,"5522315189","8333529926","23 female commerce",NULL,NULL,"2025-11-09 10:48:08.835147+00"
4021,"8333529926","462966491","Heyy",NULL,NULL,"2025-11-09 10:48:34.444617+00"
4029,"8333529926","5522315189","Lets go to private chat @dynamicvida",NULL,NULL,"2025-11-09 10:51:55.993362+00"
4070,"6179841738","8178595410","Am a man",NULL,NULL,"2025-11-09 11:48:03.109559+00"
4076,"8178595410","6179841738","Ofc.",NULL,NULL,"2025-11-09 11:51:22.394113+00"
4082,"8178595410","6179841738","Yet gebi nat....I don't mind about her face",NULL,NULL,"2025-11-09 11:52:20.780524+00"
4092,"7207009148","8333529926","Hey",NULL,NULL,"2025-11-09 12:25:11.237475+00"
4110,"8178595410","1511108148","Yet gebi neh?",NULL,NULL,"2025-11-09 12:38:10.900878+00"
4343,"855757095","6286671588","How're you doing",NULL,NULL,"2025-11-09 18:37:26.608687+00"
4356,"855757095","6286671588","nice to meet you whatever",NULL,NULL,"2025-11-09 18:49:05.555383+00"
4357,"855757095","6286671588","😭",NULL,NULL,"2025-11-09 18:49:09.090395+00"
4360,"6286671588","855757095","What major u in",NULL,NULL,"2025-11-09 18:50:04.628199+00"
4362,"855757095","6286671588","software
wbu",NULL,NULL,"2025-11-09 18:50:34.980822+00"
4364,"6286671588","855757095","Btw do u like it here",NULL,NULL,"2025-11-09 18:51:49.04424+00"
4371,"6286671588","855757095","And why no most ppl i ask say they like it here",NULL,NULL,"2025-11-09 18:55:07.565398+00"
4376,"855757095","6286671588","sameeee",NULL,NULL,"2025-11-09 18:56:48.047803+00"
4545,"7501176620","5753506007","Idk how to help you ? 


Tell me what you want me to help you with ?",NULL,NULL,"2025-11-10 11:29:52.248155+00"
4640,"5397367435","356250788","M",NULL,NULL,"2025-11-10 19:35:11.963359+00"
4641,"2133374158","6679022349","Hey",NULL,NULL,"2025-11-10 19:37:16.261886+00"
4648,"7597964581","6272869186","Hello",NULL,NULL,"2025-11-10 19:49:10.874393+00"
4659,"6272869186","7597964581","Do you wanna talk on this or on private?",NULL,NULL,"2025-11-10 19:54:18.264838+00"
4665,"411388600","2133374158","Where did u go",NULL,NULL,"2025-11-10 20:05:03.676279+00"
4668,"411388600","2133374158","Try me babez 🙂",NULL,NULL,"2025-11-10 20:10:09.45322+00"
4814,"756628801","1767733168","I am a girl",NULL,NULL,"2025-11-11 13:05:45.357167+00"
4827,"5734175919","5014292785","How about u",NULL,NULL,"2025-11-11 13:21:35.00813+00"
5019,"1051864908","7699820988","Aha and secondly..",NULL,NULL,"2025-11-12 04:11:23.4266+00"
5042,"8333529926","6499363352","Eshi lemme ask u other questions


Wt do u do 4 a livin😂",NULL,NULL,"2025-11-12 05:00:54.988436+00"
5049,"8333529926","7537918284","Heyy
Morning😊",NULL,NULL,"2025-11-12 05:07:35.288073+00"
5051,"8333529926","6960656347","Morning😊",NULL,NULL,"2025-11-12 05:08:27.356431+00"
5234,"1494988153","7988209946","send ur username 😄 u should get my opinion briefly 😜",NULL,NULL,"2025-11-12 12:26:40.538532+00"
5235,"1568889911","7656863576","Sup",NULL,NULL,"2025-11-12 12:27:52.578266+00"
5426,"1071472901","8223421409","Hey",NULL,NULL,"2025-11-13 06:13:25.022646+00"
5589,"1211607170","1469773444","Yes, can i help you with something?",NULL,NULL,"2025-11-13 12:43:25.593988+00"
5605,"797847663","7050798852","Sure what’s up😭",NULL,NULL,"2025-11-13 13:42:13.343089+00"
5615,"7597964581","1246961688","Haha yeah same as kidus tho 😂",NULL,NULL,"2025-11-13 13:58:34.748072+00"
5635,"6304596210","7963453467","Brooo i don't know any girl am living my life 😂",NULL,NULL,"2025-11-13 14:22:50.292265+00"
5638,"6304596210","7963453467","We will but first should have bigg dollars man and get one for wife beka😂😂😂😂",NULL,NULL,"2025-11-13 14:25:00.617731+00"
5639,"7963453467","6304596210","Eshiii what if i want them girl 😁",NULL,NULL,"2025-11-13 14:25:30.731272+00"
5651,"1246961688","5886466655","It doesn't work for him?",NULL,NULL,"2025-11-13 14:44:23.770709+00"
5653,"5886466655","1246961688","I am the worlds great matchmaker 😂",NULL,NULL,"2025-11-13 14:44:53.787014+00"
5659,"1834543510","1115042518","Hi",NULL,NULL,"2025-11-13 14:48:23.06579+00"
5660,"1246961688","5886466655","Tell him to say sth ahun esti",NULL,NULL,"2025-11-13 14:51:17.762186+00"
5674,"8151671672","1834543510","Can u send ur uswr",NULL,NULL,"2025-11-13 14:59:40.828306+00"
5676,"5183845073","8151671672","Hey",NULL,NULL,"2025-11-13 14:59:50.784506+00"
5837,"5791864925","338292689","yh",NULL,NULL,"2025-11-13 18:12:52.2151+00"
5841,"6619071192","5183845073","U would kno what it's like",NULL,NULL,"2025-11-13 18:14:09.855701+00"
5868,"1491873649","6619071192","Ok go on",NULL,NULL,"2025-11-13 18:26:59.800538+00"
5870,"5736956317","6499363352","Why lets be fwb",NULL,NULL,"2025-11-13 18:28:00.515538+00"
5871,"7501176620","797847663","You know who you remind me off ?",NULL,NULL,"2025-11-13 18:30:04.823034+00"
5885,"7501176620","797847663","I say wader too wth they tweaking about",NULL,NULL,"2025-11-13 19:01:06.282582+00"
6078,"5636401129","1722589537","Yes ofc 

Yeah but I'm in adama",NULL,NULL,"2025-11-13 21:43:07.699736+00"
6082,"5636401129","1722589537","Idk ,like can u come

Yeah same here",NULL,NULL,"2025-11-13 21:49:10.146715+00"
6084,"5636401129","1722589537","Simechih

What u gonna do w it",NULL,NULL,"2025-11-13 21:50:57.873469+00"
6178,"6499363352","1469773444","Hey orion
What does that mean",NULL,NULL,"2025-11-14 07:09:21.895712+00"
6183,"7501176620","6499363352","U can Text me with this",NULL,NULL,"2025-11-14 07:39:15.123562+00"
1870,"6499363352","2056021138","Lol cliché mkr new gn tekebel",NULL,NULL,"2025-11-04 20:01:13.900178+00"
1871,"6499363352","2056021138","I hope it is safe",NULL,NULL,"2025-11-04 20:01:24.409001+00"
1873,"6499363352","2056021138","Ikr cliche",NULL,NULL,"2025-11-04 20:04:52.870305+00"
1875,"1115129736","1201453400","Ok",NULL,NULL,"2025-11-04 20:08:32.288772+00"
1876,"1201453400","1115129736","Okay?",NULL,NULL,"2025-11-04 20:09:13.183956+00"
1880,"6499363352","2056021138","Nonchalant shii😏",NULL,NULL,"2025-11-04 20:11:39.877938+00"
1881,"1201453400","1115129736","I was confused😭",NULL,NULL,"2025-11-04 20:11:55.437106+00"
1882,"6499363352","2056021138","Lol nah i jst wanna comment freely",NULL,NULL,"2025-11-04 20:11:57.893297+00"
2580,"8178595410","1990620507","U request me to chat right?",NULL,NULL,"2025-11-05 20:10:08.258697+00"
2581,"8178595410","1990620507","Ru m or f?",NULL,NULL,"2025-11-05 20:10:16.810744+00"
2591,"8178595410","1990620507","Yea dicke betam tilk nw ymr...gn set atawut lemekekat😏",NULL,NULL,"2025-11-05 20:13:52.373103+00"
2593,"1990620507","8178595410","Class yelum",NULL,NULL,"2025-11-05 20:15:31.953368+00"
2597,"1990620507","8178595410","No one is like that everybody needs",NULL,NULL,"2025-11-05 20:17:19.462205+00"
2711,"8132883465","8333529926","Alright am lesb , and I don't want male",NULL,NULL,"2025-11-07 04:47:50.256374+00"
2713,"8132883465","8333529926","Nah stapp it",NULL,NULL,"2025-11-07 04:53:22.644375+00"
2808,"5934419901","7501176620","I have seen ur  thoughts its kinda......",NULL,NULL,"2025-11-07 15:28:45.798942+00"
3126,"8178595410","1570959519","Ena snt birr kefelk?..setm bedak?",NULL,NULL,"2025-11-08 04:35:43.363965+00"
3130,"6762656767","1103065697","Ru the owner of the femdom confession ?",NULL,NULL,"2025-11-08 04:37:03.692738+00"
3134,"8178595410","1570959519","Ok I will find ,,and tell u soon don't worry",NULL,NULL,"2025-11-08 04:38:35.545921+00"
3136,"8178595410","1570959519","Bichahen biheds mn chgr allew?",NULL,NULL,"2025-11-08 04:39:28.884756+00"
3292,"1570959519","7163246895","Gay?",NULL,NULL,"2025-11-08 14:11:44.053582+00"
3296,"847569869","7976303205","Hey",NULL,NULL,"2025-11-08 14:12:16.246892+00"
3305,"7163246895","1570959519","Blocked",NULL,NULL,"2025-11-08 14:18:19.692844+00"
3658,"6490842744","1924682462","Hit me up if you wanna have threesome .....I will help you find your girl",NULL,NULL,"2025-11-09 05:49:24.985445+00"
3660,"7572925260","1924682462","I saw ur comment..ena I liked it....i liked u too that's why....im horny as fuck...",NULL,NULL,"2025-11-09 05:52:37.681769+00"
3670,"6490842744","1924682462","@Baella1",NULL,NULL,"2025-11-09 05:57:38.094389+00"
3686,"8333529926","8132883465","We r talkin last time",NULL,NULL,"2025-11-09 06:33:14.689056+00"
3976,"8333529926","1931647926","Ur gender",NULL,NULL,"2025-11-09 10:09:16.777685+00"
3999,"6128434180","8333529926",NULL,"CAACAgQAAxkBAAF1F05pEG3NfY8tAthe-xhQFcBi6fm3tAACGRwAAoxyEVLx69lDqWaFIDYE",NULL,"2025-11-09 10:32:46.020638+00"
4000,"6369586656","8362956563","Lover gyal?",NULL,NULL,"2025-11-09 10:33:11.006364+00"
4012,"8333529926","7460651806","Ma d***",NULL,NULL,"2025-11-09 10:42:47.938457+00"
4036,"5440521648","1924682462","Hey",NULL,NULL,"2025-11-09 10:57:49.979384+00"
4042,"8333529926","7647636604","Heyy siena",NULL,NULL,"2025-11-09 11:21:02.351685+00"
4049,"1152409369","5734175919","who is this",NULL,NULL,"2025-11-09 11:24:37.67409+00"
4058,"8333529926","1857294945","Heyy",NULL,NULL,"2025-11-09 11:33:54.835967+00"
4065,"8333529926","8362956563","Wanna hv fun😊",NULL,NULL,"2025-11-09 11:39:24.639385+00"
4079,"6179841738","8178595410","Awo gn face card 1/10",NULL,NULL,"2025-11-09 11:51:44.314568+00"
4084,"8178595410","6179841738","Ngregna eyawerawuk adele ende",NULL,NULL,"2025-11-09 11:53:38.150121+00"
4086,"8178595410","6179841738","Abo jezba atihuna ngregn🥵",NULL,NULL,"2025-11-09 11:54:53.018107+00"
4087,"8178595410","6179841738","Ene gam ymr 1 alech ...",NULL,NULL,"2025-11-09 11:55:02.875459+00"
4089,"8178595410","8362956563","Ere ngregna mn eyehonsh nw",NULL,NULL,"2025-11-09 11:58:27.258583+00"
4344,"6286671588","855757095","Good hby",NULL,NULL,"2025-11-09 18:37:42.756555+00"
4348,"6286671588","855757095","Y tho",NULL,NULL,"2025-11-09 18:39:44.990276+00"
4350,"855757095","6286671588","you were looking for friends, no?",NULL,NULL,"2025-11-09 18:44:57.521541+00"
4351,"6286671588","855757095","Yes i was",NULL,NULL,"2025-11-09 18:45:12.545779+00"
4353,"6286671588","855757095","Whats ur name",NULL,NULL,"2025-11-09 18:45:33.387451+00"
4367,"6286671588","855757095","Business administration and accounting and finance",NULL,NULL,"2025-11-09 18:54:33.890887+00"
4373,"6286671588","855757095","Yk i gotta count tat pepper",NULL,NULL,"2025-11-09 18:55:40.117272+00"
4375,"855757095","6286671588","i was at lideta campus last year ena kinda miss it",NULL,NULL,"2025-11-09 18:56:25.605241+00"
4400,"6286671588","855757095","I like chill stuff like G-easy and idk lelochun zefagnoch",NULL,NULL,"2025-11-09 19:20:26.692434+00"
4429,"6286671588","855757095","Esti w'll see",NULL,NULL,"2025-11-09 19:42:18.102974+00"
4431,"855757095","6286671588","mostly no gn i do enjoy reading them when i'm bored",NULL,NULL,"2025-11-09 19:43:28.850985+00"
4436,"855757095","6286671588","idk it either
i don't think 5k has one tho",NULL,NULL,"2025-11-09 19:48:05.727282+00"
4440,"6286671588","855757095","Btw self nesh gov't",NULL,NULL,"2025-11-09 19:50:31.868531+00"
4442,"855757095","6286671588","if you wanna do it gn be safe coz stds are no joke😭",NULL,NULL,"2025-11-09 19:51:34.383401+00"
4451,"6286671588","855757095","The cost sharing shi no tuition cost no dorm cost and y'll pay not even 200k when u graduate 
Im paying 150 per meal here",NULL,NULL,"2025-11-09 19:58:39.428022+00"
4547,"7501176620","5753506007","Okay",NULL,NULL,"2025-11-10 11:32:28.283065+00"
4643,"411388600","2133374158","Hey there",NULL,NULL,"2025-11-10 19:45:49.451468+00"
4650,"411388600","2133374158","🙄 I dont recall confessing that girl",NULL,NULL,"2025-11-10 19:49:51.541974+00"
4651,"7597964581","6272869186","Yeah why not",NULL,NULL,"2025-11-10 19:50:08.520313+00"
4661,"411388600","2133374158","@Davo2",NULL,NULL,"2025-11-10 19:56:10.29122+00"
4671,"2133374158","411388600","I'm already wet",NULL,NULL,"2025-11-10 20:16:23.019774+00"
4815,"1767733168","756628801","I mean ene lemsale young hunge new magbat mflgw meches young hunge demo old women alagebam",NULL,NULL,"2025-11-11 13:05:55.536587+00"
4818,"5734175919","5014292785","Hey dear",NULL,NULL,"2025-11-11 13:09:11.879314+00"
4822,"756628801","1767733168","dude that is not a fact, that is your type, that is not what you are understanding. yes males, just being males have similarities and types you should have based on society which you are following whether ifthat is your real type or not but that doesnt make it a fact and there are many people that want that",NULL,NULL,"2025-11-11 13:11:34.575851+00"
4824,"5734175919","5014292785","Am Male",NULL,NULL,"2025-11-11 13:13:40.976462+00"
5022,"7699820988","1051864908","Jk jk🤣 let metawaweke",NULL,NULL,"2025-11-12 04:13:22.200682+00"
5027,"1630954715","6499363352","Hii i am waiting for ur response",NULL,NULL,"2025-11-12 04:18:02.895072+00"
5031,"1630954715","6499363352","@eyob_one",NULL,NULL,"2025-11-12 04:25:23.117535+00"
5055,"7949460110","1469773444","About what tho",NULL,NULL,"2025-11-12 05:11:35.359041+00"
5058,"1469773444","7949460110","R u man ?",NULL,NULL,"2025-11-12 05:13:10.130069+00"
5242,"8333529926","1222542336","Ur gender, campus nd interest¿",NULL,NULL,"2025-11-12 13:12:27.601595+00"
5247,"8487387358","1568889911","Hey",NULL,NULL,"2025-11-12 13:46:41.396132+00"
5253,"462966491","7963453467","Honestly no",NULL,NULL,"2025-11-12 13:54:05.723287+00"
5256,"8333529926","1222542336","M, 6 kilo nd hvin fun",NULL,NULL,"2025-11-12 13:55:02.487216+00"
5259,"1568889911","8487387358","How u doin",NULL,NULL,"2025-11-12 13:55:53.26952+00"
5261,"7963453467","462966491","No problem u got friend who wanna do that shi?",NULL,NULL,"2025-11-12 13:56:31.596209+00"
5273,"7963453467","462966491","Come on stop playing queen",NULL,NULL,"2025-11-12 14:07:26.610122+00"
5283,"8487387358","1568889911","Nickname yeshalal. Gimme ur username beza enawera",NULL,NULL,"2025-11-12 14:26:47.438602+00"
5294,"1211607170","8402831744","/help",NULL,NULL,"2025-11-12 15:15:13.777259+00"
5427,"1071472901","8223421409","I am fresh i saw your comment and i thought if you want someone like to do it with u mnamn",NULL,NULL,"2025-11-13 06:16:18.128218+00"
5429,"1469773444","6499363352","How do u handle this taiks here gn aykebdm?",NULL,NULL,"2025-11-13 06:24:10.433708+00"
5431,"466664482","8274317025","What year are you tho",NULL,NULL,"2025-11-13 06:27:24.77922+00"
5434,"1071472901","1647697220","Hey i saw your confession and i have a question do u really want to do it",NULL,NULL,"2025-11-13 06:33:32.640754+00"
5600,"6849004727","1196872010","😳😳",NULL,NULL,"2025-11-13 12:53:41.174924+00"
5601,"8132883465","477462298","Hey",NULL,NULL,"2025-11-13 12:53:46.190277+00"
1872,"2056021138","6499363352","This looks the advice chat gpt gave me😭😂",NULL,NULL,"2025-11-04 20:03:57.866405+00"
1874,"2056021138","6499363352","So what year are you",NULL,NULL,"2025-11-04 20:05:47.268241+00"
1877,"6499363352","2056021138","No personal info sorry",NULL,NULL,"2025-11-04 20:10:03.087571+00"
1878,"2056021138","6499363352","Aight 😂u mysterious or wha??",NULL,NULL,"2025-11-04 20:10:59.179866+00"
1879,"1115129736","1201453400","That wasn't wat i mean't to send",NULL,NULL,"2025-11-04 20:11:28.463583+00"
1883,"1115129736","1201453400","Saw u talkin abt god and athiest stuff",NULL,NULL,"2025-11-04 20:12:03.870679+00"
1884,"1115129736","1201453400","And am kinda in simillar situation",NULL,NULL,"2025-11-04 20:12:45.669422+00"
1885,"2056021138","6499363352","Tbh...this ain't nonchalant 🥲😅",NULL,NULL,"2025-11-04 20:12:55.372109+00"
1886,"1201453400","1115129736","As in you don't know where you stand?",NULL,NULL,"2025-11-04 20:13:01.8252+00"
1889,"1201453400","1115129736","Im very passionate and curious about this tbh",NULL,NULL,"2025-11-04 20:13:40.979176+00"
1890,"6499363352","2056021138","Ik ik",NULL,NULL,"2025-11-04 20:13:48.411622+00"
1891,"2056021138","6499363352","I mean..still won't affect it",NULL,NULL,"2025-11-04 20:13:51.80038+00"
1892,"6499363352","2056021138","Are u the 67 guy 
Ur bad at jokes",NULL,NULL,"2025-11-04 20:14:02.825585+00"
1893,"7050798852","8109112246","Let's make out  were u at",NULL,NULL,"2025-11-04 20:14:09.175993+00"
1894,"6499363352","2056021138","It will affect it",NULL,NULL,"2025-11-04 20:14:20.934521+00"
1895,"2056021138","6499363352","😂😂😂cmonn...i feel violated fr",NULL,NULL,"2025-11-04 20:14:44.08557+00"
1896,"1115129736","1201453400","Me too like alot  of  terrible things happened in my life ena  i can't see where this relgion helped me",NULL,NULL,"2025-11-04 20:14:55.400837+00"
1897,"1201453400","1115129736","Oh I see. That's a very rough place to be",NULL,NULL,"2025-11-04 20:16:00.414325+00"
1898,"1115129736","1201453400","May i ask wat u religion is",NULL,NULL,"2025-11-04 20:16:02.974429+00"
1899,"1201453400","1115129736","Religion by itself or what I was raised as?",NULL,NULL,"2025-11-04 20:16:23.005716+00"
1900,"1115129736","1201453400","And why have this doubts",NULL,NULL,"2025-11-04 20:16:33.492225+00"
1901,"2056021138","6499363352","This looks like reverse pickup line",NULL,NULL,"2025-11-04 20:16:53.654668+00"
1902,"1115129736","1201453400","Wat do u believe in are u orthodox,protestant...",NULL,NULL,"2025-11-04 20:17:17.249417+00"
1903,"7050798852","8109112246","/confess",NULL,NULL,"2025-11-04 20:17:43.64781+00"
1904,"1201453400","1115129736","My doubts mostly started from how the world around me is. I haven't really gone through much tbh",NULL,NULL,"2025-11-04 20:17:48.59662+00"
1905,"1201453400","1115129736","Protestant. You?",NULL,NULL,"2025-11-04 20:17:58.539231+00"
1906,"7050798852","8109112246","/confess",NULL,NULL,"2025-11-04 20:18:15.709923+00"
1907,"1115129736","1201453400","ortho.",NULL,NULL,"2025-11-04 20:19:05.600996+00"
1908,"1201453400","1115129736","Cool",NULL,NULL,"2025-11-04 20:19:53.008984+00"
1909,"1115129736","1201453400","From wat u observe around u right",NULL,NULL,"2025-11-04 20:19:58.82002+00"
1910,"1201453400","1115129736","Yesss",NULL,NULL,"2025-11-04 20:20:06.247569+00"
1911,"1201453400","1115129736","What was your case?",NULL,NULL,"2025-11-04 20:20:10.953629+00"
1912,"1115129736","1201453400","Can i give u my username",NULL,NULL,"2025-11-04 20:20:52.601263+00"
1913,"1115129736","1201453400","So we could chat there",NULL,NULL,"2025-11-04 20:21:00.692012+00"
1914,"1115129736","1201453400","@Grandward679",NULL,NULL,"2025-11-04 20:22:14.480836+00"
1915,"1115129736","1201453400","If u don't feel comfortable it's cool",NULL,NULL,"2025-11-04 20:22:51.483994+00"
1916,"1201453400","1115129736","I don't mind",NULL,NULL,"2025-11-04 20:25:08.466405+00"
1917,"5256285571","1846368634","Why are you suggesting cheating in a peacefull relationship lol",NULL,NULL,"2025-11-04 20:33:27.442722+00"
1918,"5256285571","1846368634","How old r you tho ?",NULL,NULL,"2025-11-04 20:33:33.918176+00"
1919,"1846368634","7080234868","forgot to add that she should leave him first",NULL,NULL,"2025-11-04 20:38:20.40478+00"
1920,"7050798852","8109112246","Let's make out where u at",NULL,NULL,"2025-11-04 20:39:27.717817+00"
1921,"1846368634","5256285571","forgot to add that she should leave him first",NULL,NULL,"2025-11-04 20:41:34.324598+00"
1922,"5256285571","1846368634","Tenegna aydeleshm anchima 😂😂",NULL,NULL,"2025-11-04 20:42:47.964184+00"
1923,"5256285571","1846368634","Ewnetm local witch 💀",NULL,NULL,"2025-11-04 20:43:15.627222+00"
1924,"1846368634","5256285571","cheat kemetarg ayishalem beleh nw🙂",NULL,NULL,"2025-11-04 20:43:44.021332+00"
1925,"5256285571","1846368634","At first place why would u even recommend such ideas ende",NULL,NULL,"2025-11-04 20:44:18.301008+00"
1926,"5256285571","1846368634","Instead interest lose endatareg help miyadergatn hasab post ataregim nbr ?",NULL,NULL,"2025-11-04 20:44:45.079117+00"
1927,"1846368634","5256285571","cause i want to tf, and she asked for it",NULL,NULL,"2025-11-04 20:44:45.388065+00"
1928,"5699373461","7758177630","Hey",NULL,NULL,"2025-11-04 20:44:45.982695+00"
1929,"5256285571","1846368634","Weys u a cheater too",NULL,NULL,"2025-11-04 20:44:51.843812+00"
1930,"1846368634","5256285571","who are you the cheater police?",NULL,NULL,"2025-11-04 20:45:03.858648+00"
1931,"5256285571","1846368634","How old u ? Fr 😂",NULL,NULL,"2025-11-04 20:45:24.63366+00"
1932,"1846368634","5256285571","probably older than you, how old are you",NULL,NULL,"2025-11-04 20:45:46.381366+00"
1933,"5256285571","1846368634","Thats In yo dream shawty",NULL,NULL,"2025-11-04 20:46:12.175549+00"
1934,"5256285571","1846368634","Am 26",NULL,NULL,"2025-11-04 20:46:16.736878+00"
1935,"5256285571","1846368634","U probly 20 - 21",NULL,NULL,"2025-11-04 20:46:24.326934+00"
1936,"1846368634","5256285571","i'm 22 genius",NULL,NULL,"2025-11-04 20:46:35.880468+00"
1937,"1846368634","5256285571","what you doing here anyways, you're too old for this channel",NULL,NULL,"2025-11-04 20:46:48.804172+00"
1938,"5256285571","1846368634","Oohhhhh that's why I understand",NULL,NULL,"2025-11-04 20:46:55.007082+00"
1939,"1846368634","5256285571","oh you do now?",NULL,NULL,"2025-11-04 20:47:03.975758+00"
1940,"5256285571","1846368634","Yeah expected behaviour at this age 🥸",NULL,NULL,"2025-11-04 20:47:26.217979+00"
1941,"5256285571","1846368634","To teach you not to cheat honey",NULL,NULL,"2025-11-04 20:47:46.084253+00"
1942,"1846368634","5256285571","good then it means i'm on the right track",NULL,NULL,"2025-11-04 20:48:06.860299+00"
1943,"1846368634","5256285571","no you just don't have a life for sure",NULL,NULL,"2025-11-04 20:48:35.0248+00"
1944,"5256285571","1846368634","You're on a right track to hell sweetheart",NULL,NULL,"2025-11-04 20:48:36.999289+00"
1945,"7868086659","7826484265","Why",NULL,NULL,"2025-11-04 20:48:45.735677+00"
1946,"1846368634","5256285571","good thing i'm atheist eh?",NULL,NULL,"2025-11-04 20:48:49.62975+00"
1947,"5256285571","1846368634","Are youuuu ???",NULL,NULL,"2025-11-04 20:49:02.865121+00"
1948,"1846368634","5256285571","YEAHHHHHHHHHHHHHHH",NULL,NULL,"2025-11-04 20:49:15.632896+00"
1949,"5256285571","1846368634","Life more than you expect",NULL,NULL,"2025-11-04 20:49:19.89156+00"
1950,"5256285571","1846368634","Philosophy new majorish ?",NULL,NULL,"2025-11-04 20:49:34.620784+00"
1951,"1846368634","5256285571","hell no, medical student here",NULL,NULL,"2025-11-04 20:49:53.062994+00"
1952,"5256285571","1846368634","Then ?",NULL,NULL,"2025-11-04 20:50:05.606351+00"
1953,"1846368634","5256285571","ante sera yelehem koy ategnam",NULL,NULL,"2025-11-04 20:50:07.646571+00"
1954,"1846368634","5256285571","then what?",NULL,NULL,"2025-11-04 20:50:10.973926+00"
1955,"5014292785","299850552","Hii",NULL,NULL,"2025-11-04 20:50:16.949101+00"
1956,"5256285571","1846368634","Teregna negn sra bota",NULL,NULL,"2025-11-04 20:50:18.286217+00"
1957,"5256285571","1846368634","What's ur major",NULL,NULL,"2025-11-04 20:50:40.900222+00"
1958,"299850552","5014292785","Hello",NULL,NULL,"2025-11-04 20:50:52.457095+00"
1959,"5014292785","299850552","Hru",NULL,NULL,"2025-11-04 20:51:04.760585+00"
1960,"299850552","5014292785","Im good how are you?",NULL,NULL,"2025-11-04 20:51:16.241371+00"
1961,"5014292785","299850552","I'm good",NULL,NULL,"2025-11-04 20:51:25.707224+00"
1962,"1846368634","5256285571","told you i'm a medical student",NULL,NULL,"2025-11-04 20:51:38.329068+00"
1963,"5256285571","1846368634","Sanitewawek le enkilfe endezi ketechenekshilgn, imagine if we get to know .... 

Sweet of you",NULL,NULL,"2025-11-04 20:51:44.639061+00"
1964,"299850552","5014292785","What's your name?",NULL,NULL,"2025-11-04 20:52:01.230513+00"
1965,"5256285571","1846368634","Many branches of medicine",NULL,NULL,"2025-11-04 20:52:01.470667+00"
1967,"1846368634","5256285571","the main one",NULL,NULL,"2025-11-04 20:52:15.158653+00"
1970,"5256285571","1846368634","C2",NULL,NULL,"2025-11-04 20:52:28.32711+00"
1966,"1846368634","5256285571","nigga idc about you just wondering why a grown ass man is arguing with me on a chatbot lol",NULL,NULL,"2025-11-04 20:52:10.019961+00"
1971,"5256285571","1846368634","Pc1 ?",NULL,NULL,"2025-11-04 20:52:31.752742+00"
1974,"1846368634","5256285571","mtsum",NULL,NULL,"2025-11-04 20:53:56.951899+00"
1976,"5256285571","1846368634","Answer my question first",NULL,NULL,"2025-11-04 20:54:27.20213+00"
1978,"5014292785","299850552","Hana you?",NULL,NULL,"2025-11-04 20:54:34.107906+00"
1994,"5256285571","1846368634","Kinda busy with work.",NULL,NULL,"2025-11-04 20:57:08.915365+00"
1997,"5256285571","1846368634","Yet new mtmariw ?",NULL,NULL,"2025-11-04 20:58:28.157339+00"
2002,"5256285571","1846368634","Ain't gonna kidnap u kid",NULL,NULL,"2025-11-04 20:59:20.259762+00"
2003,"1846368634","5256285571","that's something a kidnaper would say",NULL,NULL,"2025-11-04 20:59:36.873244+00"
2013,"5256285571","1846368634","Btw. New research suggests that medical students tend to cheat more",NULL,NULL,"2025-11-04 21:02:23.95249+00"
2020,"5256285571","1846368634","Leba enat, lijuan atamnm yibalal",NULL,NULL,"2025-11-04 21:03:25.751616+00"
2023,"5256285571","1846368634","Leba 🙈",NULL,NULL,"2025-11-04 21:04:00.58645+00"
2033,"1846368634","5256285571","not true, you expect less from everyone so you don't get disappointed when they fuck you over and also you care less about stuff and do what you want",NULL,NULL,"2025-11-04 21:05:36.48102+00"
2035,"5256285571","1846368634","That's what I smell",NULL,NULL,"2025-11-04 21:06:12.165659+00"
2040,"5256285571","1846368634","Tey tey miss witch",NULL,NULL,"2025-11-04 21:06:44.791228+00"
2041,"1846368634","5256285571","now that i've seen what you look like you're in danger",NULL,NULL,"2025-11-04 21:07:17.821888+00"
2060,"1846368634","5256285571","unless i got to you first",NULL,NULL,"2025-11-04 21:12:15.482559+00"
2061,"5256285571","1846368634","Mndnw mtaswerign anchi lij",NULL,NULL,"2025-11-04 21:12:16.081353+00"
2062,"1846368634","5256285571","hahaha you're scared",NULL,NULL,"2025-11-04 21:12:31.802642+00"
2064,"5014292785","299850552","Oh nice do you enjoy coding or is it for the money",NULL,NULL,"2025-11-04 21:13:04.926757+00"
2067,"5256285571","1846368634","U got tselot metsehaf",NULL,NULL,"2025-11-04 21:13:46.779475+00"
2068,"299850552","5014292785","A little bit of both",NULL,NULL,"2025-11-04 21:13:53.660998+00"
2074,"1846368634","5256285571","no actually you need help, you're the one with imaginary friends at this big age💀",NULL,NULL,"2025-11-04 21:15:34.343006+00"
2082,"5256285571","1846368634","Since you said this",NULL,NULL,"2025-11-04 21:17:29.997644+00"
2083,"299850552","5014292785","I'm a self sponsored student but yeah it is a very very competitive department my class is full of smart kids its hard to catchup",NULL,NULL,"2025-11-04 21:17:39.776387+00"
2084,"1846368634","5256285571","would you believe me if i do lol",NULL,NULL,"2025-11-04 21:17:43.281482+00"
2099,"5256285571","1846368634","Option 2 ?",NULL,NULL,"2025-11-04 21:21:13.802416+00"
2100,"299850552","5014292785","Hehe ik you are",NULL,NULL,"2025-11-04 21:21:36.50838+00"
2109,"5014292785","299850552","19 cuz I'm 19 myself beyanes ekul enhun enji",NULL,NULL,"2025-11-04 21:37:12.116185+00"
2110,"299850552","5014292785","fair enough",NULL,NULL,"2025-11-04 21:37:52.164778+00"
2113,"5014292785","299850552","What's the smallest age  u would date ante",NULL,NULL,"2025-11-04 21:40:46.437696+00"
2114,"299850552","5014292785","19 cause 18 would be so weird me dating a girl as soon as she becomes legal",NULL,NULL,"2025-11-04 21:42:14.813785+00"
2116,"299850552","5014292785","Ikr hehe",NULL,NULL,"2025-11-04 21:44:34.706019+00"
2117,"299850552","5014292785","What's the highest you'd go for tho",NULL,NULL,"2025-11-04 21:44:41.975349+00"
2118,"5014292785","299850552","26 mnamn wbu",NULL,NULL,"2025-11-04 21:46:07.357348+00"
2119,"299850552","5014292785","prolly 21",NULL,NULL,"2025-11-04 21:47:05.600279+00"
2121,"5014292785","299850552","You're 21 yourself and the highest you would go for is 21?",NULL,NULL,"2025-11-04 21:47:49.533845+00"
2582,"1990620507","8178595410","Yap",NULL,NULL,"2025-11-05 20:10:18.118451+00"
2583,"1990620507","8178595410","M",NULL,NULL,"2025-11-05 20:10:22.931647+00"
2586,"8178595410","1990620507","Enem set eyefelekut nw eko😂",NULL,NULL,"2025-11-05 20:10:50.57423+00"
2596,"1990620507","8178595410","Haha",NULL,NULL,"2025-11-05 20:17:01.3429+00"
2809,"7501176620","5934419901","Kinda.... ?",NULL,NULL,"2025-11-07 15:30:08.995528+00"
2829,"6149607586","1103065697","No  am not like that u will understand that  when we talk",NULL,NULL,"2025-11-07 16:34:48.270606+00"
2835,"6149607586","1103065697","Why are you silent?",NULL,NULL,"2025-11-07 16:41:55.442064+00"
2837,"1103065697","6149607586","I don't think we have the same vibe😬",NULL,NULL,"2025-11-07 16:51:19.378794+00"
3129,"1570959519","8178595410","Help me find plss",NULL,NULL,"2025-11-08 04:36:57.399611+00"
3135,"8178595410","1570959519","Mata wys ken bihed nw arf mhonew?",NULL,NULL,"2025-11-08 04:38:52.993891+00"
3303,"7163246895","1570959519","@S1l3nc367",NULL,NULL,"2025-11-08 14:13:58.719459+00"
3666,"6490842744","1924682462","Bye she is not comfortable bande username mestet",NULL,NULL,"2025-11-09 05:54:55.207839+00"
3667,"1924682462","6490842744","thanks",NULL,NULL,"2025-11-09 05:55:06.939497+00"
3977,"6369586656","8362956563","Hey",NULL,NULL,"2025-11-09 10:10:44.896472+00"
3993,"6692034060","6110336587","I can't",NULL,NULL,"2025-11-09 10:28:54.617518+00"
3994,"6692034060","6110336587","Tell me your first",NULL,NULL,"2025-11-09 10:29:13.543573+00"
4016,"8333529926","5522315189","Ur age, gender nd campus",NULL,NULL,"2025-11-09 10:44:23.292898+00"
4045,"1152409369","5734175919","Hy",NULL,NULL,"2025-11-09 11:24:02.489494+00"
4055,"8333529926","7413384637","Mn nw u seem a lil off",NULL,NULL,"2025-11-09 11:31:28.086996+00"
4057,"7413384637","8333529926","Ere am fine",NULL,NULL,"2025-11-09 11:33:23.749654+00"
4059,"8333529926","7413384637","Where can i find u😊",NULL,NULL,"2025-11-09 11:34:41.462838+00"
4081,"8178595410","6179841738","Temar nech?",NULL,NULL,"2025-11-09 11:52:05.139441+00"
4083,"8178595410","6179841738","Bruh mn eyehonk nw",NULL,NULL,"2025-11-09 11:53:24.316903+00"
4088,"8178595410","6179841738",".....??",NULL,NULL,"2025-11-09 11:56:11.525308+00"
4345,"855757095","6286671588","Pretty good",NULL,NULL,"2025-11-09 18:38:08.207988+00"
4548,"1241455590","1246961688","So what's your department",NULL,NULL,"2025-11-10 12:45:00.845393+00"
4553,"8178595410","1732388131","Why dont u tell me?",NULL,NULL,"2025-11-10 12:57:22.714354+00"
4644,"2133374158","411388600","Read your confession",NULL,NULL,"2025-11-10 19:46:45.181685+00"
4647,"6272869186","7597964581","Hey",NULL,NULL,"2025-11-10 19:48:33.139915+00"
4660,"2133374158","411388600","What's yours",NULL,NULL,"2025-11-10 19:55:12.91447+00"
4662,"7597964581","6272869186","Let's talk on private, but female right?",NULL,NULL,"2025-11-10 19:56:21.309392+00"
4672,"411388600","2133374158","Damn... get your ass in and let me please you 😍",NULL,NULL,"2025-11-10 20:17:39.585992+00"
4675,"411388600","2133374158","Baeeee",NULL,NULL,"2025-11-10 20:21:45.729167+00"
4817,"1767733168","756628801","Ofc why would i marry old woman being young ende endeza yhonal ende mnm bihon",NULL,NULL,"2025-11-11 13:08:09.239388+00"
4831,"756628801","1767733168","Why tho? I mean what do you explain this much? Your only explanation for your logic is ""why would we date an old women""",NULL,NULL,"2025-11-11 13:26:15.12248+00"
5025,"1630954715","6499363352","Hi endenesh eyob ebalalew metewawek enchilalen? Kechalsh send me your username",NULL,NULL,"2025-11-12 04:14:29.274539+00"
5243,"1722589537","1924682462","How r u. Are u girl",NULL,NULL,"2025-11-12 13:24:41.000054+00"
5246,"8262150907","6110336587","Heyy",NULL,NULL,"2025-11-12 13:45:05.603751+00"
5252,"7963453467","462966491","Do u have any sexual desire like anything u wanna try?",NULL,NULL,"2025-11-12 13:53:38.939665+00"
5258,"7963453467","462966491","Its just me being crazy",NULL,NULL,"2025-11-12 13:55:25.599063+00"
5272,"462966491","7963453467","Not too obvious?😂",NULL,NULL,"2025-11-12 14:07:06.935704+00"
5435,"8274317025","466664482","Yeah... They have to",NULL,NULL,"2025-11-13 06:35:17.639236+00"
5436,"8274317025","466664482","I'm not from your compus tho",NULL,NULL,"2025-11-13 06:35:37.249717+00"
5603,"7597964581","1246961688","Hello theree",NULL,NULL,"2025-11-13 13:40:14.390694+00"
5604,"7050798852","797847663","HEY WANT TO TALK TO U",NULL,NULL,"2025-11-13 13:40:25.373493+00"
5625,"7597964581","1246961688","Software engineering, and Now i work as an AI Engineer",NULL,NULL,"2025-11-13 14:06:58.535281+00"
5630,"7963453467","6304596210","Heyy u a girl or boy? I so ur comments in i wanted to say hi nd chat with u",NULL,NULL,"2025-11-13 14:18:55.124562+00"
5641,"7597964581","1246961688","Wait give me a few minutes, I was in a meeting.",NULL,NULL,"2025-11-13 14:30:25.637845+00"
1968,"1846368634","5256285571","medical doctor",NULL,NULL,"2025-11-04 20:52:21.474174+00"
1969,"5256285571","1846368634","C1 ?",NULL,NULL,"2025-11-04 20:52:24.830153+00"
1984,"5256285571","1846368634","Okayyyyyy",NULL,NULL,"2025-11-04 20:55:38.705225+00"
1985,"5256285571","1846368634","Business management 
Nurse",NULL,NULL,"2025-11-04 20:56:05.457554+00"
1987,"299850552","5014292785","Nice to meet you Hana, my name's Bonie",NULL,NULL,"2025-11-04 20:56:26.492051+00"
2000,"1846368634","5256285571","sorry",NULL,NULL,"2025-11-04 20:59:00.165468+00"
2018,"299850552","5014292785","nope not in aau",NULL,NULL,"2025-11-04 21:03:12.992253+00"
2019,"1846368634","5256285571","no and i think everyone cheats\",NULL,NULL,"2025-11-04 21:03:21.192729+00"
2051,"1846368634","5256285571","are you scared?",NULL,NULL,"2025-11-04 21:10:20.044236+00"
2052,"299850552","5014292785","Software 5kilo",NULL,NULL,"2025-11-04 21:10:39.658714+00"
2056,"1846368634","5256285571","ouchhh",NULL,NULL,"2025-11-04 21:11:24.556223+00"
2063,"5256285571","1846368634","Ene kidus menfes yitebkegnal 🤷‍♂",NULL,NULL,"2025-11-04 21:12:45.097031+00"
2065,"5256285571","1846368634","Gin I could help you to get u out this",NULL,NULL,"2025-11-04 21:13:09.551195+00"
2066,"5256285571","1846368634","Mata mata abren entselyalen",NULL,NULL,"2025-11-04 21:13:36.40092+00"
2069,"299850552","5014292785","i enjoy coding and it so happen to be a high paying job hehe",NULL,NULL,"2025-11-04 21:14:19.110403+00"
2070,"1846368634","5256285571","gurl😂 gerare here",NULL,NULL,"2025-11-04 21:14:26.205966+00"
2071,"1846368634","5256285571","do i look like i need help",NULL,NULL,"2025-11-04 21:14:34.459153+00"
2075,"5256285571","1846368634","All the words you mention are like 

Atheist
Cheat 
Witch
Hoax",NULL,NULL,"2025-11-04 21:15:45.96209+00"
2094,"5256285571","1846368634","Won't u ask mine ?",NULL,NULL,"2025-11-04 21:20:26.863586+00"
2095,"1846368634","5256285571","okay what's your name",NULL,NULL,"2025-11-04 21:20:41.530487+00"
2096,"5014292785","299850552","I'm jk dw",NULL,NULL,"2025-11-04 21:20:46.379953+00"
2097,"5256285571","1846368634","Yonathan",NULL,NULL,"2025-11-04 21:20:54.186461+00"
2101,"1846368634","5256285571","good talk, but i gotta go now",NULL,NULL,"2025-11-04 21:21:39.447625+00"
2102,"299850552","5014292785","Sentegna amet nesh?",NULL,NULL,"2025-11-04 21:21:44.484441+00"
2105,"5014292785","299850552","2nd wbu",NULL,NULL,"2025-11-04 21:22:40.176519+00"
2592,"8178595410","1990620507","What do u mean man?",NULL,NULL,"2025-11-05 20:14:41.823455+00"
2810,"5934419901","7501176620","am realy attracted by ur thoughts It realy sweet 💋",NULL,NULL,"2025-11-07 15:32:34.419099+00"
2813,"5934419901","7501176620","It doesn't matter as long as you have long 🍆🍆",NULL,NULL,"2025-11-07 15:59:50.754395+00"
2819,"7501176620","5934419901","Send a flick",NULL,NULL,"2025-11-07 16:07:42.696593+00"
2827,"6149607586","1103065697","@haileleultaye",NULL,NULL,"2025-11-07 16:32:05.367573+00"
2833,"1609398709","6048970412","? winter",NULL,NULL,"2025-11-07 16:40:31.830415+00"
3138,"1570959519","8178595410","Keseat alababi betehed arif new man",NULL,NULL,"2025-11-08 04:41:46.367672+00"
3141,"8178595410","1570959519","Lmn mn chgr allew bichaye😳😳😢",NULL,NULL,"2025-11-08 04:43:02.040081+00"
3142,"1570959519","8178595410","Lets talk their",NULL,NULL,"2025-11-08 04:43:12.318575+00"
3144,"1570959519","8178595410","Mnm but maybe lemayet selehone sew benore yishalal",NULL,NULL,"2025-11-08 04:44:02.972135+00"
3148,"1570959519","8178595410","Setochun new a ante mn honk",NULL,NULL,"2025-11-08 04:48:09.479475+00"
3149,"1570959519","8178595410","The bitchess",NULL,NULL,"2025-11-08 04:48:12.593257+00"
3306,"8333529926","5806772573","Heyy",NULL,NULL,"2025-11-08 15:02:18.033397+00"
3319,"8333529926","7414421121","Heyy",NULL,NULL,"2025-11-08 15:45:45.279122+00"
3320,"7414421121","8333529926","Hey",NULL,NULL,"2025-11-08 15:46:07.446676+00"
3329,"8333529926","7414421121","20
So wt abt ur campus nd imterest?",NULL,NULL,"2025-11-08 15:50:49.800992+00"
3668,"6490842744","1924682462","Cool ...",NULL,NULL,"2025-11-09 05:55:20.553156+00"
3669,"6490842744","1924682462","Do you have experience before",NULL,NULL,"2025-11-09 05:56:10.807175+00"
3984,"1834543510","1924682462","Heyy",NULL,NULL,"2025-11-09 10:22:35.984845+00"
4006,"8333529926","7460651806","Ur age, gender nd campus?",NULL,NULL,"2025-11-09 10:39:07.868748+00"
4025,"462966491","8333529926","Not too bad",NULL,NULL,"2025-11-09 10:50:14.366898+00"
4031,"462966491","8333529926","I’m not getting your acc",NULL,NULL,"2025-11-09 10:53:34.66588+00"
4033,"8333529926","462966491","@Dynamicvida",NULL,NULL,"2025-11-09 10:55:05.78158+00"
4038,"8333529926","5806772573","Fuck u
Why did u leave",NULL,NULL,"2025-11-09 11:09:18.620971+00"
4043,"8333529926","5949936801","Heyy",NULL,NULL,"2025-11-09 11:23:34.134357+00"
4048,"1152409369","5734175919","Fine",NULL,NULL,"2025-11-09 11:24:26.240323+00"
4071,"8178595410","6179841738","Tebeda,I want a girl",NULL,NULL,"2025-11-09 11:48:29.680303+00"
4090,"1511108148","1924682462","Wanna fuck? Sexting",NULL,NULL,"2025-11-09 12:06:48.752472+00"
4091,"8262150907","8362956563","Semi nutella asselamu aleykum 👋",NULL,NULL,"2025-11-09 12:08:15.74383+00"
4095,"8178595410","1511108148","Hey",NULL,NULL,"2025-11-09 12:36:09.846471+00"
4101,"1511108148","8178595410","Awo",NULL,NULL,"2025-11-09 12:37:19.890399+00"
4104,"1511108148","8178595410","Shele🤣",NULL,NULL,"2025-11-09 12:37:35.623559+00"
4115,"8178595410","1511108148","Im fr",NULL,NULL,"2025-11-09 12:39:03.078156+00"
4117,"1511108148","8178595410","Lemme give u 2k ena bring me ante",NULL,NULL,"2025-11-09 12:39:25.109049+00"
4346,"855757095","6286671588","You posted #4499 right",NULL,NULL,"2025-11-09 18:38:32.536867+00"
4352,"6286671588","855757095","And yah we can be friends",NULL,NULL,"2025-11-09 18:45:26.757599+00"
4358,"855757095","6286671588","i'm a second year btw",NULL,NULL,"2025-11-09 18:49:22.740811+00"
4370,"855757095","6286671588","5 kilo
wbu",NULL,NULL,"2025-11-09 18:55:07.421775+00"
4380,"855757095","6286671588","none takes
i'm a girl",NULL,NULL,"2025-11-09 19:02:19.168546+00"
4381,"6286671588","855757095","U have a unique name fr",NULL,NULL,"2025-11-09 19:03:47.522215+00"
4394,"6286671588","855757095","How can we walk with the smell know tho",NULL,NULL,"2025-11-09 19:16:04.530922+00"
4395,"855757095","6286671588","i have a bunch
i can't choose one😭",NULL,NULL,"2025-11-09 19:18:09.756259+00"
4406,"855757095","6286671588","are you introverted?",NULL,NULL,"2025-11-09 19:27:38.491901+00"
4549,"1071472901","797847663","Hey can i get ur no",NULL,NULL,"2025-11-10 12:50:43.212649+00"
4562,"1732388131","8178595410","Bro u won't find any girl to fuck online..... just use the real word just say hi a girl that u like it might take 2 or 3 week, erasu nat fuck me yemtlh..... just talk to her and listen what she say",NULL,NULL,"2025-11-10 13:02:51.858824+00"
4645,"411388600","2133374158","Which confession 🙄",NULL,NULL,"2025-11-10 19:47:16.950699+00"
4655,"2133374158","411388600","Sorry then was just looking for someone to sext",NULL,NULL,"2025-11-10 19:52:55.540444+00"
4670,"411388600","2133374158","Good enough to make you wet 🙂",NULL,NULL,"2025-11-10 20:16:01.681151+00"
4823,"5734175919","5014292785","Am T from medschool",NULL,NULL,"2025-11-11 13:13:38.719704+00"
4826,"6504427565","1051864908","almost every one wants to kill us .... but our desire is as natural as there's ..... like why ? gra gebet new yemilegn bro ....",NULL,NULL,"2025-11-11 13:19:31.826563+00"
4834,"6504427565","1051864908","egzerum mels alset ale 😢",NULL,NULL,"2025-11-11 13:36:17.046794+00"
4838,"1957848705","5183845073","Top",NULL,NULL,"2025-11-11 14:00:04.202135+00"
5026,"7699820988","1051864908","I would try",NULL,NULL,"2025-11-12 04:15:31.692879+00"
5244,"1924682462","1722589537","yeah wbu",NULL,NULL,"2025-11-12 13:26:02.398088+00"
5264,"7963453467","462966491","Can i see ur feets plssss",NULL,NULL,"2025-11-12 14:00:12.217901+00"
5275,"462966491","7963453467","I won’t get anything from you believing that",NULL,NULL,"2025-11-12 14:08:01.90867+00"
5284,"1211607170","8402831744","I am confused how does this even work😭",NULL,NULL,"2025-11-12 14:35:20.308466+00"
5293,"451257119","1469773444","Does it matter",NULL,NULL,"2025-11-12 15:00:39.32945+00"
5300,"7277297826","5549429806","Hi",NULL,NULL,"2025-11-12 15:40:45.139746+00"
5312,"7623717059","8223038699","U wanna r/ship with guy",NULL,NULL,"2025-11-12 16:24:52.757012+00"
5437,"8274317025","466664482","And I'm not a student I used to be a lecturer.",NULL,NULL,"2025-11-13 06:37:45.454386+00"
5606,"1246961688","7597964581","What's upp",NULL,NULL,"2025-11-13 13:42:15.588311+00"
5608,"7050798852","797847663","ENDE GATWET SATAYIGN KETEKERAREBN YEMNGBABA YMESLEGNAL GN AHUN LBDA FKEJILGN 🙂",NULL,NULL,"2025-11-13 13:46:01.227108+00"
5618,"1246961688","7597964581","I like your confidence😂",NULL,NULL,"2025-11-13 14:01:15.223495+00"
5623,"1246961688","7597964581","I actually joined bc of tiktok too even tho I'm from aau",NULL,NULL,"2025-11-13 14:06:35.295812+00"
1972,"1846368634","5256285571","why are you leaving 10 gize",NULL,NULL,"2025-11-04 20:53:36.807536+00"
1973,"5256285571","1846368634","Tesasche leave eyalkut fr sry",NULL,NULL,"2025-11-04 20:53:48.437782+00"
1981,"5256285571","1846368634","Wayy to internship huhhhh",NULL,NULL,"2025-11-04 20:55:22.781889+00"
1982,"5256285571","1846368634","Okayyyy Doc",NULL,NULL,"2025-11-04 20:55:28.172655+00"
2008,"5256285571","1846368634","Takr a deep look esti. Here u go",NULL,NULL,"2025-11-04 21:00:25.526236+00"
2043,"1846368634","5256285571","i can easily put a hoax on you lol",NULL,NULL,"2025-11-04 21:07:31.362312+00"
2048,"1846368634","5256285571","the spirits don't like that",NULL,NULL,"2025-11-04 21:09:46.707887+00"
2053,"5256285571","1846368634","You gon send them through text tf u mean u scared ? 😂",NULL,NULL,"2025-11-04 21:10:52.280361+00"
2072,"1846368634","5256285571","sweet of you but no",NULL,NULL,"2025-11-04 21:14:37.813262+00"
2598,"8178595410","1609398709","Hey sup",NULL,NULL,"2025-11-05 20:19:37.376224+00"
2811,"5934419901","7501176620","????",NULL,NULL,"2025-11-07 15:43:05.951593+00"
3152,"8178595410","1570959519","Im handsome",NULL,NULL,"2025-11-08 04:53:11.272197+00"
3198,"8178595410","1570959519","Ok man lela alakem ...",NULL,NULL,"2025-11-08 05:52:36.401403+00"
3207,"1570959519","8178595410","No demo beka ene mnm tekem yelegnem ezaw club ketegenagnen enegenagn byee",NULL,NULL,"2025-11-08 05:56:47.7688+00"
3307,"1834543510","6829765013","Hello",NULL,NULL,"2025-11-08 15:13:57.072732+00"
3309,"6504427565","1570959519","Sup",NULL,NULL,"2025-11-08 15:15:27.770244+00"
3313,"1730816223","5272321269","what did she say when you told her she is acting Different and staff",NULL,NULL,"2025-11-08 15:29:01.424248+00"
3316,"7786114585","7795615574","How do i do that?",NULL,NULL,"2025-11-08 15:40:17.561456+00"
3676,"8161990253","6110336587","Male 
And you?",NULL,NULL,"2025-11-09 06:06:20.614362+00"
4002,"8333529926","6128434180","Ur campus like where can i find u?",NULL,NULL,"2025-11-09 10:33:41.247719+00"
4010,"5522315189","8333529926","Heyy",NULL,NULL,"2025-11-09 10:42:02.558607+00"
4032,"1924682462","7058103791","how u",NULL,NULL,"2025-11-09 10:54:04.768555+00"
4034,"8333529926","462966491","Don u remember the mars stuffs",NULL,NULL,"2025-11-09 10:55:29.868071+00"
4035,"462966491","8333529926","Texted you now",NULL,NULL,"2025-11-09 10:56:29.689261+00"
4349,"855757095","6286671588","just thought we could be friends 🤷🏾‍♀️",NULL,NULL,"2025-11-09 18:41:38.613576+00"
4355,"6286671588","855757095","I'm robel but u can call me whatever",NULL,NULL,"2025-11-09 18:47:21.894111+00"
4374,"855757095","6286671588","ayiiii i heard the hair thingy is pretty strict main campus lay",NULL,NULL,"2025-11-09 18:55:58.919135+00"
4550,"797847663","1071472901","Who are you tho",NULL,NULL,"2025-11-10 12:52:04.967239+00"
4563,"8178595410","1732388131","Esh ante yebadachew kalllu lakelegn enem idilen lmokr🥹🥹",NULL,NULL,"2025-11-10 13:04:27.781261+00"
4646,"2133374158","411388600","The one about your brother?",NULL,NULL,"2025-11-10 19:47:55.117102+00"
4649,"6272869186","7597964581","Do you wanna sext?",NULL,NULL,"2025-11-10 19:49:46.18804+00"
4653,"6272869186","7597964581","Let's talk on private, hit me up
@B011032",NULL,NULL,"2025-11-10 19:52:16.208037+00"
4666,"2133374158","411388600","Don't think you're good at sexting",NULL,NULL,"2025-11-10 20:05:36.333487+00"
4674,"411388600","2133374158","What ever pleases you 🙂",NULL,NULL,"2025-11-10 20:18:43.39874+00"
4676,"411388600","2133374158",NULL,"CAACAgUAAxkBAAF_IF5pEkntmtkR_lLj25Nxm4GcZpTA0AACqA0AAmen0FayMi9Z6Z3ZhzYE",NULL,"2025-11-10 20:24:13.863702+00"
4830,"1767733168","756628801","Can we talk dm?",NULL,NULL,"2025-11-11 13:25:29.018184+00"
4833,"445853117","6499363352","Are @aau?",NULL,NULL,"2025-11-11 13:32:23.549549+00"
5029,"6499363352","1630954715","Give me urs",NULL,NULL,"2025-11-12 04:24:10.379828+00"
5248,"1222542336","8333529926","You first",NULL,NULL,"2025-11-12 13:47:08.103759+00"
5249,"7963453467","462966491","Heyy can i get ur username tg or Snapchat plssss?",NULL,NULL,"2025-11-12 13:51:12.812147+00"
5263,"462966491","7963453467","Nope i got nobody",NULL,NULL,"2025-11-12 13:59:44.929892+00"
5270,"7963453467","462966491","Are u a virgin?",NULL,NULL,"2025-11-12 14:06:17.350904+00"
5278,"462966491","7963453467","Haha I don’t imagine a future with someone who isn’t a virgin tbh",NULL,NULL,"2025-11-12 14:09:12.210443+00"
5282,"462966491","7963453467","Shitting😂",NULL,NULL,"2025-11-12 14:12:50.563716+00"
5285,"1568889911","8487387358","@apostolic_orthodox",NULL,NULL,"2025-11-12 14:40:12.706777+00"
5438,"1469773444","5010994956","Selam new ??",NULL,NULL,"2025-11-13 06:43:00.678796+00"
5607,"7050798852","797847663","I WANT TO FUCK U OR UR FREND RESPECTFULLY",NULL,NULL,"2025-11-13 13:42:49.763076+00"
5613,"7597964581","1246961688","My name is Kidus, how about you??",NULL,NULL,"2025-11-13 13:55:52.497791+00"
5626,"1246961688","7597964581","Oh nicee what's life like after graduating",NULL,NULL,"2025-11-13 14:11:28.070928+00"
5628,"1246961688","7597964581","What kind of responsibilities?",NULL,NULL,"2025-11-13 14:13:25.177453+00"
5654,"1246961688","5886466655","Sure, you are😂😂",NULL,NULL,"2025-11-13 14:45:20.757772+00"
5661,"5886466655","1246961688","Okay",NULL,NULL,"2025-11-13 14:53:15.115904+00"
5671,"466664482","1246961688","Unblock",NULL,NULL,"2025-11-13 14:58:42.834135+00"
5682,"1834543510","8151671672","r u a boy?",NULL,NULL,"2025-11-13 15:01:23.094331+00"
5873,"7501176620","797847663","Riley from TT 

She's Ethiopian but speaks perfect English 


I don't know if you know her",NULL,NULL,"2025-11-13 18:33:18.017684+00"
5874,"797847663","7501176620","I don't know her wait let me search her up",NULL,NULL,"2025-11-13 18:33:53.926097+00"
5884,"797847663","7501176620","Anyways mb for that tangent 😭",NULL,NULL,"2025-11-13 18:58:18.23912+00"
5892,"797847663","7501176620","Bruh I actually need help",NULL,NULL,"2025-11-13 19:08:09.500545+00"
5893,"797847663","7501176620","I can't stop using it like it basically express every emotion for me",NULL,NULL,"2025-11-13 19:08:48.096572+00"
6088,"1722589537","5636401129","Again Tell me things You don't do",NULL,NULL,"2025-11-13 22:08:41.725024+00"
6091,"5636401129","1722589537","Okay then",NULL,NULL,"2025-11-13 22:41:50.265821+00"
6179,"1469773444","6499363352","What does mean what ?",NULL,NULL,"2025-11-14 07:11:40.310553+00"
6181,"7501176620","6499363352","/help",NULL,NULL,"2025-11-14 07:34:30.722929+00"
6186,"5610783536","1834543510","Hello",NULL,NULL,"2025-11-14 07:50:10.252272+00"
6187,"1834543510","7955523987","@na156783",NULL,NULL,"2025-11-14 07:52:45.166127+00"
1975,"1846368634","5256285571","what's your job btw",NULL,NULL,"2025-11-04 20:54:03.59855+00"
1979,"1846368634","5256285571","what was your question?",NULL,NULL,"2025-11-04 20:54:37.516512+00"
1998,"5256285571","1846368634","Paulo's ?",NULL,NULL,"2025-11-04 20:58:32.348849+00"
1999,"1846368634","5256285571","now i'm not gonna give out that info",NULL,NULL,"2025-11-04 20:58:55.929531+00"
2001,"5256285571","1846368634","Bruhhhh",NULL,NULL,"2025-11-04 20:59:10.509258+00"
2009,"299850552","5014292785","Hehe yeahh, not a lot of bonie. Hulet sew agignchalew with that name so far tho",NULL,NULL,"2025-11-04 21:00:41.339188+00"
2012,"5256285571","1846368634","Or just a person who trusts everything, like I do",NULL,NULL,"2025-11-04 21:01:37.927874+00"
2017,"1846368634","5256285571","skeptical for sure i don't trust anyone",NULL,NULL,"2025-11-04 21:03:00.905095+00"
2021,"5256285571","1846368634","Were they talking about u lol ?",NULL,NULL,"2025-11-04 21:03:38.891085+00"
2022,"1846368634","5256285571","probably",NULL,NULL,"2025-11-04 21:03:46.500688+00"
2027,"1846368634","5256285571","fuck people",NULL,NULL,"2025-11-04 21:04:27.908375+00"
2032,"5256285571","1846368634","Over think eyaregsh",NULL,NULL,"2025-11-04 21:05:12.907816+00"
2034,"5256285571","1846368634","U got past trauma or some 🙈",NULL,NULL,"2025-11-04 21:05:59.894225+00"
2037,"299850552","5014292785","yet campus nesh and what department",NULL,NULL,"2025-11-04 21:06:23.275203+00"
2038,"1846368634","5256285571","i traumatize people backh",NULL,NULL,"2025-11-04 21:06:28.904476+00"
2042,"5256285571","1846368634","ቀጭኒት teregagi 🙄",NULL,NULL,"2025-11-04 21:07:21.716223+00"
2599,"7050798852","829653636","Bro sorry eshi ebet egebalew biye lela guday grtmogn new network slalagegne yalgebalk. To lo ema ye ndet wsane yemtwesin kehone endet new relationship build mnaregew ene Ena ante ebet yegebahun erasu 4:30 new endagatami guday getmogn enji ante asteltehegn aydelem",NULL,NULL,"2025-11-05 21:15:42.959386+00"
2600,"8132883465","7647636604","Hey",NULL,NULL,"2025-11-05 21:17:56.633018+00"
2812,"7501176620","5934419901","What if I'm 4'11 and seriously burnt and don't have a nose ?",NULL,NULL,"2025-11-07 15:57:15.439491+00"
2817,"7501176620","5934419901","I know you're a man",NULL,NULL,"2025-11-07 16:04:33.767972+00"
2818,"5934419901","7501176620","no am girl",NULL,NULL,"2025-11-07 16:05:02.516788+00"
2821,"6048970412","1609398709","/✨winter",NULL,NULL,"2025-11-07 16:25:46.951067+00"
2823,"1103065697","6149607586","Hey",NULL,NULL,"2025-11-07 16:28:17.019202+00"
2824,"6149607586","1103065697","Good",NULL,NULL,"2025-11-07 16:29:06.905432+00"
2832,"7501176620","5529459683","Why did you ask to talk ?",NULL,NULL,"2025-11-07 16:38:54.187469+00"
2840,"7501176620","401160041","What's up",NULL,NULL,"2025-11-07 17:04:38.452312+00"
2859,"6499363352","5723927134","Im sorry for the wrong reply le lela comment yetsafkutn new😭
Bcha rich enough to spoil the nieces",NULL,NULL,"2025-11-07 17:31:47.724519+00"
3156,"8178595410","1570959519","Gn place safe nw? I mean Leba mnamn...",NULL,NULL,"2025-11-08 04:55:39.247782+00"
3164,"1570959519","8178595410","Eahi",NULL,NULL,"2025-11-08 05:16:13.037553+00"
3308,"1570959519","6504427565","Hi",NULL,NULL,"2025-11-08 15:14:59.749856+00"
3317,"7795615574","7786114585","Idk",NULL,NULL,"2025-11-08 15:43:55.625264+00"
3321,"5272321269","1730816223","Mnm altefeterm busy selhonku bcha nw alch",NULL,NULL,"2025-11-08 15:46:17.31095+00"
3322,"8333529926","7414421121","Wts goin on everything good?",NULL,NULL,"2025-11-08 15:46:41.632246+00"
3333,"1730816223","5272321269","do yall break up and get back together too often",NULL,NULL,"2025-11-08 15:59:30.971767+00"
3335,"5272321269","1730816223","Noo",NULL,NULL,"2025-11-08 16:02:58.801296+00"
3677,"8333529926","1924682462","Sup kidi, everything good?",NULL,NULL,"2025-11-09 06:17:37.379986+00"
3678,"1924682462","8333529926","good",NULL,NULL,"2025-11-09 06:18:49.066843+00"
4037,"8333529926","5806772573","Sup lady",NULL,NULL,"2025-11-09 11:06:59.111037+00"
4039,"5906429938","8333529926","Brooo Don you have a life besmam mndn new eyandadu confession lay hule follow argek commented ylal are man exi lay kemtwl try to get rich esti you poor ass bitch omg broo",NULL,NULL,"2025-11-09 11:09:23.595545+00"
4047,"5734175919","1152409369","How are u doin",NULL,NULL,"2025-11-09 11:24:16.281054+00"
4051,"5734175919","1152409369","Am male ..what is ur gender",NULL,NULL,"2025-11-09 11:25:12.601079+00"
4053,"1152409369","5734175919","Same",NULL,NULL,"2025-11-09 11:29:17.909241+00"
4061,"8333529926","1857294945","Ur age, gender nd campus",NULL,NULL,"2025-11-09 11:36:18.954055+00"
4064,"1857294945","8333529926","Okie",NULL,NULL,"2025-11-09 11:38:07.788061+00"
4066,"8333529926","7207009148","Heyy",NULL,NULL,"2025-11-09 11:40:05.98294+00"
4359,"6286671588","855757095","Yah i don care as long h breath im good",NULL,NULL,"2025-11-09 18:49:50.825663+00"
4551,"8178595410","1732388131","Hey why dont u tell me?",NULL,NULL,"2025-11-10 12:54:25.953681+00"
4554,"1732388131","8178595410","Tell u what",NULL,NULL,"2025-11-10 12:57:35.798832+00"
4555,"8178595410","1732388131","Ru girl or boy,?",NULL,NULL,"2025-11-10 12:57:49.422592+00"
4560,"8178595410","1732388131","Ene set eyefelekut nw....",NULL,NULL,"2025-11-10 12:59:04.24876+00"
4656,"411388600","2133374158","I wanna sext esuma",NULL,NULL,"2025-11-10 19:53:14.698477+00"
4658,"411388600","2133374158","May i have your user",NULL,NULL,"2025-11-10 19:54:07.002687+00"
4667,"411388600","2133374158","😂 I am actually good",NULL,NULL,"2025-11-10 20:08:26.230698+00"
4669,"2133374158","411388600","How good are you?",NULL,NULL,"2025-11-10 20:14:07.488045+00"
4832,"1767733168","756628801","No just lemawrat nw eko enjima i am football fan even pique married shakira benga hager sitay nw eko tyake yehonebng",NULL,NULL,"2025-11-11 13:27:23.817174+00"
5033,"8333529926","6499363352","Heyy",NULL,NULL,"2025-11-12 04:56:15.784804+00"
5047,"8333529926","6320071773","Heyy
Morning😊",NULL,NULL,"2025-11-12 05:06:18.507598+00"
5250,"462966491","7963453467","Why is that?",NULL,NULL,"2025-11-12 13:51:38.800486+00"
5439,"466664482","8274317025","You seem sure😂 maybe you used to be",NULL,NULL,"2025-11-13 06:54:41.732786+00"
5448,"8274317025","466664482","Do you know Bahir Dar University? I was one of the lecturers in the Faculty of Computing. Now I've started a startup with my friend.",NULL,NULL,"2025-11-13 07:05:41.980109+00"
5609,"797847663","7050798852","Honestly I don’t think there’s a type of help you can get",NULL,NULL,"2025-11-13 13:47:08.507743+00"
5624,"1246961688","7597964581","Oh, so what were you studying",NULL,NULL,"2025-11-13 14:06:40.571477+00"
5631,"6304596210","7963453467","Nahhh am a boy good luck broo",NULL,NULL,"2025-11-13 14:19:58.120806+00"
5644,"7597964581","1246961688","Anyways, Responsibilities in a sense, I have to buy a house and car, Have to support my family, its not that they need support but I have to do something. And also some plans i have, I will tell you in the future, but yeah",NULL,NULL,"2025-11-13 14:35:24.061972+00"
5684,"1246961688","5886466655","I mean if it can't be fixed, I have no choice",NULL,NULL,"2025-11-13 15:01:36.397279+00"
5688,"1834543510","8151671672","Heyy",NULL,NULL,"2025-11-13 15:03:01.602885+00"
5689,"5886466655","1246961688","His account is @Engradeur

Incase.",NULL,NULL,"2025-11-13 15:03:37.677148+00"
5877,"7501176620","797847663","nah she here with us 😄",NULL,NULL,"2025-11-13 18:43:49.690372+00"
6090,"1722589537","5636401129","No worries",NULL,NULL,"2025-11-13 22:41:15.175748+00"
6092,"5636401129","1722589537","What abt ur weight ? Are u like skinny?",NULL,NULL,"2025-11-13 22:42:02.851674+00"
6180,"7501176620","6499363352","I did not block you",NULL,NULL,"2025-11-14 07:28:13.40278+00"
1977,"5256285571","1846368634","What year r u",NULL,NULL,"2025-11-04 20:54:34.080381+00"
1980,"1846368634","5256285571","4th",NULL,NULL,"2025-11-04 20:55:01.486566+00"
1986,"5256285571","1846368634","1st year public health",NULL,NULL,"2025-11-04 20:56:21.514435+00"
1990,"5256285571","1846368634","Gin akuarchewalehu public healthun",NULL,NULL,"2025-11-04 20:56:36.448539+00"
1991,"1846368634","5256285571","why did you",NULL,NULL,"2025-11-04 20:56:44.434545+00"
1992,"5256285571","1846368634","I said life more than you expect honey",NULL,NULL,"2025-11-04 20:56:52.935794+00"
1995,"5256285571","1846368634","Responsibilities and so on",NULL,NULL,"2025-11-04 20:57:20.764302+00"
1996,"1846368634","5256285571","i see",NULL,NULL,"2025-11-04 20:58:03.797377+00"
2011,"5256285571","1846368634","Are you skeptical person ? Overall with ur life",NULL,NULL,"2025-11-04 21:01:14.553906+00"
2036,"1846368634","5256285571","do i sound traumatized lol",NULL,NULL,"2025-11-04 21:06:17.903226+00"
2044,"5256285571","1846368634","Wegahut 🗡🗡",NULL,NULL,"2025-11-04 21:08:26.418935+00"
2054,"5256285571","1846368634","ዳዊት እደግምብሻለሁ.",NULL,NULL,"2025-11-04 21:11:18.970279+00"
2055,"1846368634","5256285571","i don't have to send them",NULL,NULL,"2025-11-04 21:11:22.305328+00"
2078,"1846368634","5256285571","yegna holy, i'm holier than you btw",NULL,NULL,"2025-11-04 21:16:25.146533+00"
2079,"5256285571","1846368634","Imaginaryyy ?",NULL,NULL,"2025-11-04 21:16:34.951683+00"
2602,"400568980","8521308273","Hey",NULL,NULL,"2025-11-06 00:14:10.181054+00"
2603,"400568980","8521308273","/privacy",NULL,NULL,"2025-11-06 00:14:32.942648+00"
2814,"7501176620","5934419901","me lady you surprise me too",NULL,NULL,"2025-11-07 16:01:58.26648+00"
2826,"6149607586","1103065697","Oh, I was thinking that too.",NULL,NULL,"2025-11-07 16:31:57.958928+00"
2834,"6048970412","1609398709","አንዴት  መፃፍ እንዳለብኝ አላቅም 😭",NULL,NULL,"2025-11-07 16:41:35.829988+00"
2836,"6048970412","1609398709","Teach me how to reply the message",NULL,NULL,"2025-11-07 16:46:16.590804+00"
3159,"1570959519","8178595410","Ofc🤣",NULL,NULL,"2025-11-08 05:03:40.424436+00"
3161,"1570959519","8178595410","Ere yewendun acc lakilign plss",NULL,NULL,"2025-11-08 05:06:25.953418+00"
3162,"1570959519","8178595410","Pls",NULL,NULL,"2025-11-08 05:07:54.991385+00"
3163,"8178595410","1570959519","Gn gay mhonun alakem zm bilek titeyikalek enji huh,?",NULL,NULL,"2025-11-08 05:15:06.626303+00"
3165,"1570959519","8178595410","Eshi",NULL,NULL,"2025-11-08 05:16:15.290899+00"
3166,"1570959519","8178595410","Im never accepting im gay btw im just experimenting😭",NULL,NULL,"2025-11-08 05:16:33.293202+00"
3310,"1730816223","5272321269","uhh probably not I generally hate getting told what to do and If my man(been dating him for almost a month so that is also a factor) told me not to talk to other guys I might even be a little mad but If he let,me know that it makes him a little uncomfortable I Won't still do it like right away but will be Considered. But the key take aways are one It's not what you say It's how you say it . two there is no universal right or wrong  for this It's just highly dependant on your specfic bounderies and relationship.",NULL,NULL,"2025-11-08 15:25:10.424508+00"
3311,"7795615574","7786114585","Hi u just requested my to chat with me igs",NULL,NULL,"2025-11-08 15:28:08.597054+00"
3312,"1730816223","5272321269","I am by no means an expert and Idk both of ypu so take every thing with a grain of salt this all personal opinions.",NULL,NULL,"2025-11-08 15:28:18.686877+00"
3315,"1570959519","6504427565","U gay or st8 tho",NULL,NULL,"2025-11-08 15:33:27.220162+00"
3324,"8333529926","7414421121","ur age, campus nd interest?😊",NULL,NULL,"2025-11-08 15:48:50.85747+00"
3326,"7414421121","8333529926","Yeah lol hby",NULL,NULL,"2025-11-08 15:49:13.445181+00"
3332,"1730816223","5272321269","about the break up thing it might just be because she wanted reassurance or as much as I hate to assume if she was seriously she probably thought about it hard and is already unattached. All you can do is create a comfortable environment to so that she can talk to you freely and just work on your communication don't over think too much just ask her",NULL,NULL,"2025-11-08 15:59:22.216418+00"
3337,"8132883465","8333529926","Hey",NULL,NULL,"2025-11-08 16:17:02.04303+00"
3340,"1103065697","6762656767","I am yeah",NULL,NULL,"2025-11-08 16:26:01.707562+00"
3378,"6504427565","1570959519","So do u have a gay experience mnamn",NULL,NULL,"2025-11-08 17:18:57.799459+00"
3382,"1570959519","6504427565","Text me",NULL,NULL,"2025-11-08 17:21:22.846304+00"
3680,"8333529926","1924682462","Hey, smthg prblm😊",NULL,NULL,"2025-11-09 06:22:06.087126+00"
3682,"8333529926","8132883465","Where can i find u today?",NULL,NULL,"2025-11-09 06:25:22.293725+00"
3685,"8132883465","8333529926","Malet who are u",NULL,NULL,"2025-11-09 06:29:14.126065+00"
4067,"8178595410","6179841738","Yow man",NULL,NULL,"2025-11-09 11:46:36.204301+00"
4075,"6179841738","8178595410","Ltbeda nw",NULL,NULL,"2025-11-09 11:51:10.208912+00"
4077,"8178595410","6179841738","Is there anyone u know?",NULL,NULL,"2025-11-09 11:51:30.789+00"
4361,"855757095","6286671588","okay cool",NULL,NULL,"2025-11-09 18:50:25.010673+00"
4552,"8178595410","1732388131","Ru kidding me?",NULL,NULL,"2025-11-10 12:57:14.327705+00"
4559,"8178595410","1732388131","Tebeda man😂",NULL,NULL,"2025-11-10 12:58:54.307406+00"
4657,"2133374158","411388600","Ena?",NULL,NULL,"2025-11-10 19:53:51.376575+00"
4663,"7597964581","6272869186","I texted you there.",NULL,NULL,"2025-11-10 20:00:23.221043+00"
4664,"7597964581","6110336587","What about you",NULL,NULL,"2025-11-10 20:04:37.619654+00"
4677,"411388600","2133374158","I wanna eat youuuu",NULL,NULL,"2025-11-10 20:25:20.211751+00"
4835,"1957848705","5183845073","Top weys bot",NULL,NULL,"2025-11-11 13:58:50.693513+00"
4837,"5183845073","1957848705","How about u ?",NULL,NULL,"2025-11-11 13:59:51.662545+00"
5035,"6499363352","8333529926","Heyy",NULL,NULL,"2025-11-12 04:57:36.177882+00"
5041,"8333529926","6499363352","Kinda if u don mind😅",NULL,NULL,"2025-11-12 04:59:49.696314+00"
5254,"462966491","7963453467","What made you think that",NULL,NULL,"2025-11-12 13:54:15.49424+00"
5255,"7963453467","462966491","U wanna sit on my face?",NULL,NULL,"2025-11-12 13:54:32.474413+00"
5266,"7963453467","462966491","K u a v?",NULL,NULL,"2025-11-12 14:01:05.297716+00"
5267,"1568889911","8487387358","Yimesgen 
Got a name or should i nickname u",NULL,NULL,"2025-11-12 14:05:42.426661+00"
5268,"462966491","7963453467","Huh?",NULL,NULL,"2025-11-12 14:06:01.376157+00"
5274,"462966491","7963453467","Why would I lie to a stranger",NULL,NULL,"2025-11-12 14:07:44.066126+00"
5440,"466664482","8274317025","Oh you must be smart then",NULL,NULL,"2025-11-13 06:54:54.264772+00"
5447,"466664482","8274317025","Ere you don't have to be humble😂",NULL,NULL,"2025-11-13 07:02:24.837033+00"
5449,"8274317025","466664482","Ere..
Eshi😁",NULL,NULL,"2025-11-13 07:05:56.234372+00"
5611,"1246961688","7597964581","I'm good too",NULL,NULL,"2025-11-13 13:50:50.502836+00"
5616,"1246961688","7597964581","A little, but uk every kidus ik were not kidus at all😂",NULL,NULL,"2025-11-13 13:59:55.818937+00"
5634,"6304596210","7963453467","May one day we will have themmmmm keep it uppp😂😂",NULL,NULL,"2025-11-13 14:21:58.067313+00"
5642,"7597964581","1246961688","Hey, can you see my texts",NULL,NULL,"2025-11-13 14:32:51.271219+00"
5658,"5886466655","1246961688","Yeah he sent you that after he pressed block, so it works for him. He said he contacted the admin to unblock you.",NULL,NULL,"2025-11-13 14:48:04.500458+00"
5662,"7597964581","1246961688","Hello, anybody there.",NULL,NULL,"2025-11-13 14:54:10.45566+00"
5673,"1834543510","8151671672","Fine...selam new?",NULL,NULL,"2025-11-13 14:59:30.847324+00"
5677,"1834543510","8151671672","Yanchin lakilgn",NULL,NULL,"2025-11-13 14:59:55.547805+00"
5880,"7501176620","797847663","huh ?",NULL,NULL,"2025-11-13 18:49:07.152869+00"
5883,"797847663","7501176620","Like wader but here they pronounce the t",NULL,NULL,"2025-11-13 18:58:01.162092+00"
5887,"6196465621","1146651318","Hey",NULL,NULL,"2025-11-13 19:03:09.759047+00"
6093,"7132525119","5779531688","Hey",NULL,NULL,"2025-11-13 23:05:14.601607+00"
6182,"7501176620","6499363352","@Saddicttt",NULL,NULL,"2025-11-14 07:38:51.679907+00"
6188,"5610783536","1834543510","@thecrypto_dude say hi to me here",NULL,NULL,"2025-11-14 07:56:08.032734+00"
1983,"1846368634","5256285571","now answer whats your job",NULL,NULL,"2025-11-04 20:55:32.032421+00"
1988,"1846368634","5256285571","ouu niceee",NULL,NULL,"2025-11-04 20:56:29.393723+00"
1989,"1846368634","5256285571","so you do have a life",NULL,NULL,"2025-11-04 20:56:33.903822+00"
1993,"5014292785","299850552","That's a unic name.",NULL,NULL,"2025-11-04 20:57:07.958832+00"
2004,"5256285571","1846368634","I got a life 😭",NULL,NULL,"2025-11-04 20:59:37.040309+00"
2005,"5256285571","1846368634","Do I look like a kidnapper ?",NULL,NULL,"2025-11-04 20:59:58.574993+00"
2006,"5256285571","1846368634","@yoniarg",NULL,NULL,"2025-11-04 21:00:03.992208+00"
2007,"1846368634","5256285571","i don't know what you look like but you sould like it",NULL,NULL,"2025-11-04 21:00:09.915042+00"
2010,"1846368634","5256285571","oh yeah... you look like you have the potential",NULL,NULL,"2025-11-04 21:00:47.696244+00"
2014,"5014292785","299850552","Where? In aau?",NULL,NULL,"2025-11-04 21:02:24.553743+00"
2015,"5256285571","1846368634","U've seen that ?",NULL,NULL,"2025-11-04 21:02:31.568216+00"
2016,"5014292785","299850552","Like is that actually your name on paper like on your ID because I've never heard that name honestly",NULL,NULL,"2025-11-04 21:02:50.512437+00"
2024,"1846368634","5256285571","cheater*",NULL,NULL,"2025-11-04 21:04:08.004782+00"
2025,"5256285571","1846368634","Sewma emegni",NULL,NULL,"2025-11-04 21:04:12.542806+00"
2026,"299850552","5014292785","My real name is Nabon. But nobody calls me that except my teachers",NULL,NULL,"2025-11-04 21:04:13.723314+00"
2028,"5256285571","1846368634","Life would be easy",NULL,NULL,"2025-11-04 21:04:32.200659+00"
2029,"1846368634","5256285571","life is easy",NULL,NULL,"2025-11-04 21:04:40.010783+00"
2030,"5014292785","299850552","Oh I see",NULL,NULL,"2025-11-04 21:04:46.596011+00"
2031,"5256285571","1846368634","Teteratari sew yechinket nuro new minorew",NULL,NULL,"2025-11-04 21:04:51.42624+00"
2039,"5256285571","1846368634","Weys is the med school 😂",NULL,NULL,"2025-11-04 21:06:28.998059+00"
2045,"5256285571","1846368634","Yhe ሚጠናወትሽን menfes",NULL,NULL,"2025-11-04 21:08:43.063783+00"
2046,"5256285571","1846368634","U need holy water my beloved sister",NULL,NULL,"2025-11-04 21:09:20.335301+00"
2047,"1846368634","5256285571","no esu yakatelegnal lol",NULL,NULL,"2025-11-04 21:09:35.634278+00"
2049,"5014292785","299850552","Arch lideta wbu?",NULL,NULL,"2025-11-04 21:09:56.965689+00"
2050,"5256285571","1846368634","😂😂 anchima alebish. Begeta sm ere endezi aybalim",NULL,NULL,"2025-11-04 21:10:09.267266+00"
2057,"5256285571","1846368634","Waaaa arfesh tekemechi 🤣",NULL,NULL,"2025-11-04 21:11:29.389241+00"
2058,"5256285571","1846368634","Ezi kuch beye new maschohish 💀",NULL,NULL,"2025-11-04 21:11:57.550482+00"
2059,"5256285571","1846368634","Ere ykr yibelegn besmeam",NULL,NULL,"2025-11-04 21:12:06.955194+00"
2073,"5256285571","1846368634","Yeah u need help ma'am",NULL,NULL,"2025-11-04 21:14:56.877216+00"
2076,"5256285571","1846368634","Erkus menfes sebisib kalat",NULL,NULL,"2025-11-04 21:16:00.245482+00"
2077,"5014292785","299850552","Yeah yeah esun nw mensemaw egnam. I heard it's a very competitive department to get into you must be smart. Like I'm thinking you got 3.9 GPA or something",NULL,NULL,"2025-11-04 21:16:20.313325+00"
2080,"5256285571","1846368634","Eshi mayilgna",NULL,NULL,"2025-11-04 21:17:07.935809+00"
2081,"1846368634","5256285571","why",NULL,NULL,"2025-11-04 21:17:17.649348+00"
2085,"5256285571","1846368634","Yaw setmeyi mechohish slemayker",NULL,NULL,"2025-11-04 21:18:09.734434+00"
2086,"5014292785","299850552","Oh u rich then lol",NULL,NULL,"2025-11-04 21:18:17.426878+00"
2087,"5256285571","1846368634","What's ur name gin",NULL,NULL,"2025-11-04 21:18:42.686888+00"
2088,"299850552","5014292785","Haha i wouldn't say that",NULL,NULL,"2025-11-04 21:19:29.105043+00"
2089,"1846368634","5256285571","Naomi",NULL,NULL,"2025-11-04 21:19:29.461123+00"
2090,"5256285571","1846368634","Nayo",NULL,NULL,"2025-11-04 21:19:41.740077+00"
2091,"5256285571","1846368634","Nanny",NULL,NULL,"2025-11-04 21:19:55.914169+00"
2092,"1846368634","5256285571","nanny is crazy",NULL,NULL,"2025-11-04 21:20:06.944244+00"
2093,"5256285571","1846368634","Aight nanny",NULL,NULL,"2025-11-04 21:20:19.980886+00"
2098,"1846368634","5256285571","yoyo",NULL,NULL,"2025-11-04 21:21:01.140031+00"
2103,"5256285571","1846368634","What's ur IG",NULL,NULL,"2025-11-04 21:21:51.672088+00"
2104,"1846368634","5256285571","and don't worry i won't put a curse on you",NULL,NULL,"2025-11-04 21:21:52.278568+00"
2106,"299850552","5014292785","3rd",NULL,NULL,"2025-11-04 21:23:58.896946+00"
2107,"5014292785","299850552","Oh ande amet talake then. I do like older men lol",NULL,NULL,"2025-11-04 21:31:02.367965+00"
2108,"299850552","5014292785","What is the smallest age u'd date?",NULL,NULL,"2025-11-04 21:35:29.451973+00"
2111,"5014292785","299850552","Wbu?",NULL,NULL,"2025-11-04 21:39:01.355478+00"
2112,"299850552","5014292785","i'm 21",NULL,NULL,"2025-11-04 21:40:02.829968+00"
2115,"5014292785","299850552","Yeah pedo behavior lol",NULL,NULL,"2025-11-04 21:44:13.704799+00"
2120,"5014292785","299850552","What? Wdym",NULL,NULL,"2025-11-04 21:47:25.473189+00"
2122,"299850552","5014292785","Yeah I wouldnt want to date a girl older than me",NULL,NULL,"2025-11-04 21:48:19.669203+00"
2123,"5014292785","299850552","Rly ? Why?",NULL,NULL,"2025-11-04 21:49:12.413709+00"
2124,"299850552","5014292785","enenja i dont prefer that",NULL,NULL,"2025-11-04 21:51:39.086212+00"
2125,"5014292785","299850552","Like not even close ages ? Like 22 or 23",NULL,NULL,"2025-11-04 21:52:06.125308+00"
2126,"299850552","5014292785","Nope nope",NULL,NULL,"2025-11-04 21:52:58.599604+00"
2127,"299850552","5014292785","a few months is fine",NULL,NULL,"2025-11-04 21:53:05.29748+00"
2128,"5014292785","299850552","I see ay Tru",NULL,NULL,"2025-11-04 21:54:27.196135+00"
2129,"5014292785","299850552","Lenegeru idky most men like younger",NULL,NULL,"2025-11-04 21:54:42.284282+00"
2130,"299850552","5014292785","Thats how its supposed to be",NULL,NULL,"2025-11-04 21:55:08.664337+00"
2131,"5014292785","299850552","Who said that?",NULL,NULL,"2025-11-04 21:55:21.452342+00"
2132,"299850552","5014292785","councilors would advise that",NULL,NULL,"2025-11-04 21:56:30.031683+00"
2133,"5014292785","299850552","What councilors?",NULL,NULL,"2025-11-04 21:56:52.298352+00"
2134,"299850552","5014292785","Marriage",NULL,NULL,"2025-11-04 21:58:03.209851+00"
2135,"5014292785","299850552","Oh u listen to those?",NULL,NULL,"2025-11-04 21:58:34.70245+00"
2136,"299850552","5014292785","Its been like that throughout history",NULL,NULL,"2025-11-04 21:58:45.050712+00"
2137,"299850552","5014292785","Psychological too its better mnamn",NULL,NULL,"2025-11-04 21:58:56.323468+00"
2138,"299850552","5014292785","I mean i dont actively listen to marriage councilors",NULL,NULL,"2025-11-04 21:59:43.731306+00"
2139,"5014292785","299850552","Why not? don't you want to like get married one day or something",NULL,NULL,"2025-11-04 22:00:53.492697+00"
2140,"5014292785","299850552","It's better for what honestly a lot of people say that and I don't understand what's the appeal or do you agree with people who say women mature more and Men yazegalu mnamn",NULL,NULL,"2025-11-04 22:01:50.089613+00"
2141,"299850552","5014292785","I do gn its not like i sit on a sunday afternoon open a youtube video on marriage",NULL,NULL,"2025-11-04 22:02:54.264236+00"
2142,"299850552","5014292785","Yeah yeah women do mature early. And I believe men are the leaders of the house so matured sayhon demo he'll hurt his family, his wife, his kids and himself so",NULL,NULL,"2025-11-04 22:04:02.573115+00"
2143,"5014292785","299850552","So u r a traditional man then",NULL,NULL,"2025-11-04 22:04:51.630199+00"
2144,"299850552","5014292785","Sure",NULL,NULL,"2025-11-04 22:05:38.63776+00"
2145,"299850552","5014292785","Hbu",NULL,NULL,"2025-11-04 22:05:55.006717+00"
2146,"5014292785","299850552","I am not.",NULL,NULL,"2025-11-04 22:06:13.240773+00"
2147,"5014292785","299850552","So did u find ur traditional women yet?",NULL,NULL,"2025-11-04 22:06:47.06948+00"
2148,"299850552","5014292785","so you're a feminist",NULL,NULL,"2025-11-04 22:07:05.841939+00"
2149,"299850552","5014292785","Nah",NULL,NULL,"2025-11-04 22:07:19.837973+00"
2150,"5014292785","299850552","Yes I thought you knew",NULL,NULL,"2025-11-04 22:07:25.598125+00"
2151,"299850552","5014292785","How would i know",NULL,NULL,"2025-11-04 22:07:52.408254+00"
2152,"299850552","5014292785","So i guess u hate men then huh",NULL,NULL,"2025-11-04 22:10:24.001913+00"
2153,"5014292785","299850552","What😂 no",NULL,NULL,"2025-11-04 22:11:41.612203+00"
2154,"299850552","5014292785","Every feminist ive ever met had some level of hatred towards men",NULL,NULL,"2025-11-04 22:12:14.103202+00"
2155,"5014292785","299850552","Could be a coincidence engdh.",NULL,NULL,"2025-11-04 22:12:59.03686+00"
2156,"299850552","5014292785","yeah maybe",NULL,NULL,"2025-11-04 22:13:32.290202+00"
2604,"8333529926","5408250991","Heyy",NULL,NULL,"2025-11-06 01:36:01.893424+00"
2815,"5934419901","7501176620","what is the surprise about it........",NULL,NULL,"2025-11-07 16:03:47.170921+00"
2816,"7501176620","5934419901","that wasn't for you I was replying to gudefela",NULL,NULL,"2025-11-07 16:04:26.524745+00"
2838,"401160041","7501176620","Hi",NULL,NULL,"2025-11-07 16:56:13.166208+00"
3167,"1570959519","8178595410","Lakilign",NULL,NULL,"2025-11-08 05:17:37.192816+00"
3171,"1570959519","8178595410","Qes be qes awetawalew",NULL,NULL,"2025-11-08 05:38:07.488225+00"
3174,"1570959519","8178595410","Malet i will ask him didnt u say u donno if he is gay",NULL,NULL,"2025-11-08 05:40:09.269297+00"
3179,"8178595410","1570959519","Eski antem freaky yehonech set accountuan lakelegn",NULL,NULL,"2025-11-08 05:43:18.912907+00"
3192,"8178595410","1570959519","@king_christ1",NULL,NULL,"2025-11-08 05:47:13.805592+00"
3204,"8178595410","1570959519","Esh beka...lela demo yehone lij allena nati yibalal setochn pretty yehonun beyeken keyayero yibedal",NULL,NULL,"2025-11-08 05:55:26.889581+00"
3314,"1570959519","6504427565","Hud",NULL,NULL,"2025-11-08 15:32:58.03021+00"
3328,"8333529926","7414421121","Good lol😂",NULL,NULL,"2025-11-08 15:50:19.128774+00"
3330,"8333529926","7414421121","Damn 3 years difference is so lil😊",NULL,NULL,"2025-11-08 15:53:07.07908+00"
3341,"6762656767","1103065697","I’m into the dom sub thing, if ur interested we can do that",NULL,NULL,"2025-11-08 16:26:48.151338+00"
3342,"1103065697","6762656767","Drop your @ bby",NULL,NULL,"2025-11-08 16:28:52.583551+00"
3683,"8333529926","1406224073","Heyy",NULL,NULL,"2025-11-09 06:26:32.577147+00"
3689,"7277297826","1924682462","Can we have wild sex chat? U'll love it.",NULL,NULL,"2025-11-09 06:35:51.767498+00"
3690,"8132883465","8333529926","I think I forgot",NULL,NULL,"2025-11-09 06:36:33.200875+00"
3695,"8132883465","8333529926","Alright I told you I'm not interested",NULL,NULL,"2025-11-09 06:40:05.535733+00"
3702,"7277297826","1924682462","Please I'm begging you tell me the reason",NULL,NULL,"2025-11-09 06:49:54.722567+00"
4068,"6179841738","8178595410","Hello girl, wanna know u",NULL,NULL,"2025-11-09 11:47:06.510566+00"
4069,"8178595410","6179841738","Ru boy or girl?",NULL,NULL,"2025-11-09 11:47:35.660767+00"
4080,"6179841738","8178595410","Help me first",NULL,NULL,"2025-11-09 11:51:53.293108+00"
4085,"8178595410","6179841738","I will also send u 1 ene ga alech",NULL,NULL,"2025-11-09 11:54:38.21079+00"
4114,"1511108148","8178595410","Jelati tebabet ur 1k",NULL,NULL,"2025-11-09 12:38:50.73571+00"
4123,"1511108148","8178595410","So endet nw transact mnaregew",NULL,NULL,"2025-11-09 12:41:02.446997+00"
4126,"6369586656","1609398709","Idk where to find one in Ethiopia becha well lol I'll import it for you if I have to😭",NULL,NULL,"2025-11-09 12:46:30.269213+00"
4365,"855757095","6286671588","what do you plan to major in",NULL,NULL,"2025-11-09 18:53:40.280656+00"
4369,"855757095","6286671588","very ambitious i see..",NULL,NULL,"2025-11-09 18:54:58.712772+00"
4384,"855757095","6286671588","its such a silly excuse yemr😭",NULL,NULL,"2025-11-09 19:06:02.442946+00"
4417,"855757095","6286671588","aren't your dormmates cool?",NULL,NULL,"2025-11-09 19:33:55.814868+00"
4419,"855757095","6286671588","here as in the channel or the uni😭😭",NULL,NULL,"2025-11-09 19:34:42.251997+00"
4424,"6286671588","855757095","But in seriousness im cool with it",NULL,NULL,"2025-11-09 19:40:10.188331+00"
4425,"855757095","6286671588","idk anyone from your batch tho",NULL,NULL,"2025-11-09 19:40:20.519251+00"
4437,"855757095","6286671588","gn any classes at night can be considered beg tera i think since no one will be around",NULL,NULL,"2025-11-09 19:48:41.42523+00"
4439,"6286671588","855757095","Yr right gn the accual place is in 6k i read it some where",NULL,NULL,"2025-11-09 19:50:04.738437+00"
4443,"855757095","6286671588","gov't negn
you are too?",NULL,NULL,"2025-11-09 19:51:49.017845+00"
4444,"6286671588","855757095","Y tf would u do it i mean being that horny is mental ymr",NULL,NULL,"2025-11-09 19:52:53.762407+00"
4445,"6286671588","855757095","Im self 
Yenante benefits eko damn",NULL,NULL,"2025-11-09 19:53:12.152247+00"
4446,"855757095","6286671588","ik what you mean gn don't let horniness get you in trouble",NULL,NULL,"2025-11-09 19:55:28.391679+00"
4447,"855757095","6286671588","it really isn't worth it",NULL,NULL,"2025-11-09 19:55:45.561142+00"
4456,"855757095","6286671588","do you get shy alot?",NULL,NULL,"2025-11-09 20:02:28.244645+00"
4461,"855757095","6286671588","i'll be your wingman😁",NULL,NULL,"2025-11-09 20:07:04.352208+00"
4556,"1732388131","8178595410","👦 what?",NULL,NULL,"2025-11-10 12:58:10.619122+00"
4557,"8178595410","1732388131","Male nek?",NULL,NULL,"2025-11-10 12:58:26.556928+00"
4561,"8178595410","1732388131","Can u find me get 1 to fuvk her?",NULL,NULL,"2025-11-10 12:59:18.322539+00"
4673,"2133374158","411388600","Eat my ass and pussy?",NULL,NULL,"2025-11-10 20:18:10.409837+00"
4836,"5183845073","1957848705","Bot",NULL,NULL,"2025-11-11 13:59:43.805259+00"
5045,"8333529926","5806772573","Morning😊",NULL,NULL,"2025-11-12 05:03:47.364072+00"
5052,"8333529926","7414421121","Morning😊",NULL,NULL,"2025-11-12 05:09:26.67344+00"
5056,"1469773444","7949460110","If our values becomes the same about everything",NULL,NULL,"2025-11-12 05:12:11.478372+00"
5059,"7949460110","1469773444","No .... U?",NULL,NULL,"2025-11-12 05:13:25.446191+00"
5068,"1469773444","7949460110","Let us taik on chat out of this bot right ?",NULL,NULL,"2025-11-12 05:18:46.107252+00"
5071,"7949460110","1469773444","Just did",NULL,NULL,"2025-11-12 05:21:23.290733+00"
5086,"7826484265","6196465621","I can do better give better head,can last more and im down for anything",NULL,NULL,"2025-11-12 07:32:30.249595+00"
5093,"6196465621","7826484265","So is it a bet that u will make me cum first",NULL,NULL,"2025-11-12 07:38:06.363545+00"
5262,"8487387358","1568889911","Alw u",NULL,NULL,"2025-11-12 13:58:39.660061+00"
5265,"462966491","7963453467","No",NULL,NULL,"2025-11-12 14:00:38.67671+00"
5279,"7963453467","462966491","Good like finding one then 😁",NULL,NULL,"2025-11-12 14:09:42.346688+00"
5280,"462966491","7963453467","ik they’re rare but there will be someone",NULL,NULL,"2025-11-12 14:11:20.036135+00"
5281,"7963453467","462966491","I hope so gn what are u doing in shit hole tadya?",NULL,NULL,"2025-11-12 14:11:54.068474+00"
5292,"1469773444","451257119","Alen Alen r u man or woman ?",NULL,NULL,"2025-11-12 15:00:17.460217+00"
5301,"7277297826","5549429806","Can we have wild sex chat, u'll love it",NULL,NULL,"2025-11-12 15:41:15.039938+00"
5443,"8274317025","466664482","Yeah, I taught for around 5 years, imagine even doing my MSc.",NULL,NULL,"2025-11-13 06:56:58.241305+00"
5620,"7597964581","1246961688","Yeah I did, and actually I joined cause of some videos lol, I wasn't from AAU",NULL,NULL,"2025-11-13 14:03:59.275708+00"
5622,"7597964581","1246961688","And I graduated almost a year ago, I am going to be 25 in a few weeks",NULL,NULL,"2025-11-13 14:04:33.071584+00"
5632,"7963453467","6304596210","Good btw u have yabed bio i love bigggg tits too betamm",NULL,NULL,"2025-11-13 14:20:41.095912+00"
5886,"797847663","7501176620","Idek man they were acting like I was foreign or sth😭",NULL,NULL,"2025-11-13 19:02:22.250689+00"
5902,"797847663","7501176620","But admitting it fully is insane work",NULL,NULL,"2025-11-13 19:16:02.575675+00"
5915,"5779531688","1722589537","Are you from aau?",NULL,NULL,"2025-11-13 19:44:21.726717+00"
5920,"5779531688","1722589537","Dessi boarding school",NULL,NULL,"2025-11-13 19:46:12.182375+00"
5922,"797847663","8332818063","What's up",NULL,NULL,"2025-11-13 19:48:03.94666+00"
5927,"797847663","8332818063","Damn do people not know just from the name",NULL,NULL,"2025-11-13 19:49:12.954586+00"
5929,"1722589537","5779531688","Are you single",NULL,NULL,"2025-11-13 19:50:18.978371+00"
5931,"1767733168","6801439185","Send me ur username telegram",NULL,NULL,"2025-11-13 19:51:02.977093+00"
5935,"5779531688","1722589537","Loyal , and I really like cry babies 😭😭😭.... only with me tho",NULL,NULL,"2025-11-13 19:54:23.373885+00"
5936,"1722589537","5779531688","Are you okay with physical",NULL,NULL,"2025-11-13 19:55:35.501242+00"
5940,"1722589537","5779531688","Elaborate it",NULL,NULL,"2025-11-13 19:59:41.106689+00"
5955,"1246059259","6110336587","Hey",NULL,NULL,"2025-11-13 20:15:21.768307+00"
5969,"1722589537","5779531688","Hey",NULL,NULL,"2025-11-13 20:24:04.21728+00"
6094,"5779531688","7132525119","Hi",NULL,NULL,"2025-11-13 23:15:07.549547+00"
6190,"1834543510","335209060","for what?",NULL,NULL,"2025-11-14 08:17:20.974266+00"
2157,"5014292785","299850552","So what's your thought on Purity culture I like having this discussions that's why I asked",NULL,NULL,"2025-11-04 22:14:04.24012+00"
2161,"5014292785","299850552","It's basically about virginity mnamn how people should stay virgin before marriage blah blah but it's often for women not often actually like  entirely.",NULL,NULL,"2025-11-04 22:17:31.054281+00"
2163,"299850552","5014292785","Ohh okay got it.",NULL,NULL,"2025-11-04 22:18:32.937006+00"
2605,"8521308273","400568980","Hello! Which confession are you from?",NULL,NULL,"2025-11-06 02:53:40.900222+00"
2612,"5806772573","8333529926","Hey",NULL,NULL,"2025-11-06 04:15:40.342478+00"
2613,"8333529926","5806772573","Where did u go that day?",NULL,NULL,"2025-11-06 04:16:16.993726+00"
2820,"6149607586","1103065697","Hi",NULL,NULL,"2025-11-07 16:23:40.421497+00"
2831,"7501176620","5934419901","See you're a man, or you're gay maybe you saw that I don't bash gay people like everyone and thought I was gay too (I'm not)",NULL,NULL,"2025-11-07 16:38:32.065932+00"
2843,"401160041","7501176620","Nvm",NULL,NULL,"2025-11-07 17:09:26.881968+00"
2848,"1609398709","6048970412","you are replying eko 😭",NULL,NULL,"2025-11-07 17:17:25.014932+00"
2850,"8402831744","1098949446","Yep am a man set mesiyeh endatfetn nw😂😂
So how are u man",NULL,NULL,"2025-11-07 17:18:57.064783+00"
2853,"5723927134","6499363352","Greetings n salutations",NULL,NULL,"2025-11-07 17:28:51.037165+00"
2856,"5723927134","6499363352","That's wsup",NULL,NULL,"2025-11-07 17:30:39.099411+00"
3168,"1570959519","8178595410","Eee",NULL,NULL,"2025-11-08 05:29:01.005188+00"
3170,"1570959519","8178595410","I wont tell u gave me his account",NULL,NULL,"2025-11-08 05:38:00.181466+00"
3189,"1570959519","8178595410","Lakilign a lela",NULL,NULL,"2025-11-08 05:45:51.297112+00"
3206,"8178595410","1570959519","Ene yesun silk alegn gn meteyek ferahugn dimtsen slemyak...so ante teyeke silkachun tesetegnalek?",NULL,NULL,"2025-11-08 05:56:15.608651+00"
3209,"5229975567","762034526","who dis?",NULL,NULL,"2025-11-08 06:08:30.975883+00"
3318,"7795615574","7786114585","But send me ur username we can talk?
But which comment are u from?

The i dont wanna sound like the creeps?",NULL,NULL,"2025-11-08 15:44:26.431316+00"
3334,"8333529926","8132883465","Heyy",NULL,NULL,"2025-11-08 15:59:40.180854+00"
3684,"6110336587","7597964581","Heyy",NULL,NULL,"2025-11-09 06:27:20.700763+00"
3687,"8333529926","8132883465","Like lately if u do remember me",NULL,NULL,"2025-11-09 06:35:13.395187+00"
3694,"6110336587","1083055872","Heyy
Wanna hv fun😊",NULL,NULL,"2025-11-09 06:40:03.682747+00"
4093,"7050798852","5010994956","Hey",NULL,NULL,"2025-11-09 12:26:48.05651+00"
4120,"1511108148","8178595410","Only be 2k",NULL,NULL,"2025-11-09 12:40:07.186393+00"
4130,"549672248","1609398709","Ena atawerignm?",NULL,NULL,"2025-11-09 14:04:21.160409+00"
4138,"1241455590","1246961688","Pedro Gonzalez🤷‍♂️",NULL,NULL,"2025-11-09 14:17:23.241259+00"
4377,"6286671588","855757095","Strict mf segur siyayu they think we're holding a gloke 19 or smtg",NULL,NULL,"2025-11-09 18:59:27.280199+00"
4379,"855757095","6286671588","they be super dramatic😭",NULL,NULL,"2025-11-09 19:02:05.015342+00"
4382,"6286671588","855757095","Ik right demo they're excuse labratory endayebelash come on",NULL,NULL,"2025-11-09 19:05:02.836462+00"
4383,"855757095","6286671588","it can be a blessing and a curse sometimes😭",NULL,NULL,"2025-11-09 19:05:12.70491+00"
4389,"6286671588","855757095","i've never heard milka I've heard milki u got a good name",NULL,NULL,"2025-11-09 19:12:18.903503+00"
4404,"855757095","6286671588","btw do you not have any of your highschool friends at your campus",NULL,NULL,"2025-11-09 19:22:03.755246+00"
4414,"6286671588","855757095","Are u sure ur not in phycology",NULL,NULL,"2025-11-09 19:33:05.556796+00"
4428,"8436061444","381189753","You a girl or a man?",NULL,NULL,"2025-11-09 19:41:46.797561+00"
4558,"1732388131","8178595410","Yep",NULL,NULL,"2025-11-10 12:58:37.40634+00"
4681,"5734175919","5014292785","Hey",NULL,NULL,"2025-11-11 00:11:14.206445+00"
4839,"1957848705","5183845073","Bota aleh?",NULL,NULL,"2025-11-11 14:01:45.441525+00"
5050,"8333529926","6960656347","Heyy",NULL,NULL,"2025-11-12 05:08:18.369673+00"
5053,"1469773444","7949460110","Hey Selam endet nesh we could taik more if u want too",NULL,NULL,"2025-11-12 05:11:10.975407+00"
5061,"7949460110","1469773444","Well  am amen nice to meet to i guezz",NULL,NULL,"2025-11-12 05:14:04.662496+00"
5063,"1469773444","7949460110","I donot understand what wrote",NULL,NULL,"2025-11-12 05:15:46.733957+00"
5067,"1469773444","7949460110","Nice to meet you too",NULL,NULL,"2025-11-12 05:18:15.18318+00"
5072,"1469773444","1981302048","All right then",NULL,NULL,"2025-11-12 05:21:44.242085+00"
5074,"1469773444","6499363352","Selam endet nesh",NULL,NULL,"2025-11-12 05:33:13.056396+00"
5075,"1469773444","7511787354","Selam endet nesh",NULL,NULL,"2025-11-12 05:40:00.312491+00"
5286,"1469773444","451257119","Selam new ?",NULL,NULL,"2025-11-12 14:51:57.420218+00"
5289,"1469773444","451257119","Selam new",NULL,NULL,"2025-11-12 14:56:59.101771+00"
5445,"8274317025","466664482","/help",NULL,NULL,"2025-11-13 07:01:13.400124+00"
5446,"466664482","8274317025","Damn where did you teach? And so now you're doing your own thing",NULL,NULL,"2025-11-13 07:02:22.005285+00"
5629,"1246961688","7597964581","Management",NULL,NULL,"2025-11-13 14:13:36.615146+00"
5633,"7963453467","6304596210","U know anyone who has biggg tits who love to get suck or fucked in tittss?",NULL,NULL,"2025-11-13 14:21:38.671339+00"
5643,"7597964581","1246961688","I accidentally pressed block, when i tried to type.",NULL,NULL,"2025-11-13 14:33:11.355707+00"
5667,"1246961688","5886466655","Yeah he can text me but I can't",NULL,NULL,"2025-11-13 14:56:00.108163+00"
5668,"5886466655","1246961688","So text him on his account then or still you want it to be on the bot...",NULL,NULL,"2025-11-13 14:56:28.248041+00"
5675,"8151671672","1834543510","*user",NULL,NULL,"2025-11-13 14:59:44.37636+00"
5679,"466664482","1246961688","/help",NULL,NULL,"2025-11-13 15:00:24.164722+00"
5680,"8151671672","1834543510","@tobelbae",NULL,NULL,"2025-11-13 15:00:25.409297+00"
5683,"8151671672","1834543510","No im girl",NULL,NULL,"2025-11-13 15:01:33.217539+00"
5686,"5183845073","1834543510","Heyy",NULL,NULL,"2025-11-13 15:02:38.262423+00"
5889,"6196465621","1146651318","Which anonymous is this one? I have like or 5",NULL,NULL,"2025-11-13 19:05:27.971691+00"
5899,"797847663","7501176620","Not trying to be rude btw",NULL,NULL,"2025-11-13 19:14:00.085461+00"
5921,"8332818063","797847663","Hey",NULL,NULL,"2025-11-13 19:47:49.206889+00"
5933,"5779531688","1722589537","With the right person.. ofcource",NULL,NULL,"2025-11-13 19:52:10.735115+00"
5937,"5779531688","1722589537","I mean...... you know if the person is very chopped I can't do it... but if he average with a good personality.... it is okay",NULL,NULL,"2025-11-13 19:57:43.176916+00"
6095,"7247123310","6619071192","Sup",NULL,NULL,"2025-11-14 00:52:20.4887+00"
6191,"335209060","1834543510","I wanna enjoy my curiosity for a stanger",NULL,NULL,"2025-11-14 08:17:35.883691+00"
2158,"299850552","5014292785","What do you mean by purity culture",NULL,NULL,"2025-11-04 22:14:34.129382+00"
2159,"5014292785","299850552","You don't know about it? Like sebal semtehem atawkim?",NULL,NULL,"2025-11-04 22:15:33.71499+00"
2162,"5014292785","299850552","And how The Virginity of a woman is tied to being pure or tied to her value mnamn",NULL,NULL,"2025-11-04 22:18:06.220311+00"
2164,"299850552","5014292785","Are you a virgin? slesu kemawratachn befit",NULL,NULL,"2025-11-04 22:19:06.547259+00"
2165,"5014292785","299850552","Yes are you going to filter yourself based off of that lol",NULL,NULL,"2025-11-04 22:19:37.595882+00"
2174,"299850552","5014292785","Enenja Too much kalhone i dont think the ladies care about that",NULL,NULL,"2025-11-04 22:31:45.201951+00"
2176,"8333529926","7441787503","Heyy wt is goin on
Everything good?",NULL,NULL,"2025-11-04 22:34:20.804328+00"
2178,"5014292785","299850552","Yanten hasab encheres  then I'll get to mine.",NULL,NULL,"2025-11-04 22:35:14.762112+00"
2186,"5014292785","299850552","You didn't answer my question about genuine relationship and how it leads to cheating and my second question was your sexual status I have already answered mine so it's only fair.",NULL,NULL,"2025-11-04 22:41:27.839609+00"
2187,"299850552","5014292785","Those questions didnt come thru",NULL,NULL,"2025-11-04 22:42:22.075292+00"
2194,"5014292785","299850552","Also I want to say you seem like a person who's very closed off and avoids answering questions if we want to have an honest conversation I would like it if you communicate in a clear way. And not avoid questions or let me know if you actually don't want to answer them instead of dismissing or deflecting",NULL,NULL,"2025-11-04 23:03:08.211357+00"
2199,"5014292785","299850552","@Hastalavistababes1 there u go",NULL,NULL,"2025-11-04 23:15:13.855367+00"
2606,"477462298","466664482","I have some clues, but tell me if there is a chance would you be his ex or you would be the guy?",NULL,NULL,"2025-11-06 03:48:14.056434+00"
2607,"8333529926","6909260412","Heyy",NULL,NULL,"2025-11-06 04:07:12.933506+00"
2609,"8333529926","6909260412","U first?
U m or f",NULL,NULL,"2025-11-06 04:08:20.070602+00"
2822,"6048970412","1609398709","Is every thing alright",NULL,NULL,"2025-11-07 16:27:56.861223+00"
2828,"1103065697","6149607586","You seem religious and stuff. Why do you wanna talk to me?",NULL,NULL,"2025-11-07 16:32:55.426924+00"
2839,"6048970412","1609398709","Teach me how to reply the message",NULL,NULL,"2025-11-07 16:56:41.865615+00"
3169,"1570959519","8178595410","??",NULL,NULL,"2025-11-08 05:37:40.907407+00"
3182,"1570959519","8178595410","No bro i saw his face he aint my type",NULL,NULL,"2025-11-08 05:44:22.757186+00"
3183,"8178595410","1570959519","Ere...mn hone?",NULL,NULL,"2025-11-08 05:44:47.838248+00"
3184,"1570959519","8178595410","Nahhh",NULL,NULL,"2025-11-08 05:45:15.640057+00"
3194,"8178595410","1570959519","@AyubJT",NULL,NULL,"2025-11-08 05:48:13.362571+00"
3195,"8178595410","1570959519","Zesty means,?",NULL,NULL,"2025-11-08 05:48:22.549131+00"
3197,"1570959519","8178595410","Zesty means uk sus gay vibes",NULL,NULL,"2025-11-08 05:48:52.125712+00"
3205,"1570959519","8178595410","Ena esun teyekew",NULL,NULL,"2025-11-08 05:55:52.56029+00"
3323,"5272321269","1730816223","And i have 1 question, we haven't sex yet and selzi guday senawera she wants ke gabcha buhala, bezi generation ye university temari huna yihenn maltua 1sign of losing interest lihon yichelal? Ke 1 wer befit long distance kebad endehone ena mektl anchlm bela tetaltn neber gn awrtn ketlnbt so yihenn mn teyalsh now i am not confident on her, but i don't want to lose her",NULL,NULL,"2025-11-08 15:47:50.369915+00"
3325,"8333529926","1609398709","Heyy",NULL,NULL,"2025-11-08 15:49:12.010596+00"
3327,"7414421121","8333529926","23,hby",NULL,NULL,"2025-11-08 15:49:26.342368+00"
3331,"1730816223","5272321269","hmm don't think so waiting till marriage is still pretty common not as rare as social media and the crazy aau atmosphere make it seem.",NULL,NULL,"2025-11-08 15:53:37.015208+00"
3345,"5229975567","7139726896","sup",NULL,NULL,"2025-11-08 16:49:49.13829+00"
3357,"5229975567","1924682462","wht u need?",NULL,NULL,"2025-11-08 17:03:28.5513+00"
3358,"1924682462","5229975567","ur a girl aa",NULL,NULL,"2025-11-08 17:04:04.744038+00"
3375,"1570959519","6504427565","1st year lol antes",NULL,NULL,"2025-11-08 17:17:57.488282+00"
3379,"1570959519","6504427565","Can we text on other acc gimme ur user",NULL,NULL,"2025-11-08 17:19:02.630444+00"
3383,"6504427565","1570959519","K",NULL,NULL,"2025-11-08 17:21:30.697488+00"
3688,"8333529926","1083055872","Heyy",NULL,NULL,"2025-11-09 06:35:51.034552+00"
3692,"7277297826","1924682462","There you go @Ftuy675",NULL,NULL,"2025-11-09 06:37:11.098591+00"
3693,"8333529926","8132883465","like am the M that u said am lesbian
Nd i said some kinda things if u do remember",NULL,NULL,"2025-11-09 06:39:30.674783+00"
4094,"2013728279","8333529926","What kind of fun",NULL,NULL,"2025-11-09 12:31:14.597698+00"
4096,"8178595410","1511108148","Ru male or female?",NULL,NULL,"2025-11-09 12:36:22.598262+00"
4100,"8178595410","1511108148","Wendi neh?",NULL,NULL,"2025-11-09 12:37:13.528054+00"
4102,"8178595410","1511108148","Tebeda man😂",NULL,NULL,"2025-11-09 12:37:26.549066+00"
4118,"8178595410","1511108148","I can",NULL,NULL,"2025-11-09 12:39:37.566426+00"
4121,"6369586656","1609398709","Heyyy",NULL,NULL,"2025-11-09 12:40:09.739781+00"
4127,"7050798852","5010994956","hwy bro",NULL,NULL,"2025-11-09 12:55:34.596178+00"
4128,"1609398709","549672248","yes i dooo i used to think they're rare too but they're all over lol",NULL,NULL,"2025-11-09 13:10:48.200009+00"
4133,"1246961688","1241455590","How are you",NULL,NULL,"2025-11-09 14:14:59.36894+00"
4378,"6286671588","855757095","Btw u a dude or a girl i couldn't tell by ur name( no offence)",NULL,NULL,"2025-11-09 18:59:56.443214+00"
4391,"855757095","6286671588","milki is a guy's name tho😭
tnx tho i appreciate it",NULL,NULL,"2025-11-09 19:14:06.448728+00"
4396,"855757095","6286671588","gn i mostly listen to 2000s rnb",NULL,NULL,"2025-11-09 19:18:23.222427+00"
4397,"855757095","6286671588","wbu",NULL,NULL,"2025-11-09 19:18:25.77241+00"
4401,"6286671588","855757095","Find wat",NULL,NULL,"2025-11-09 19:20:42.377562+00"
4403,"855757095","6286671588","a gym",NULL,NULL,"2025-11-09 19:21:26.430268+00"
4407,"6286671588","855757095","No like ppl say im extroverted like a lot gn idk here jst hits dif yk",NULL,NULL,"2025-11-09 19:30:06.286046+00"
4408,"6286671588","855757095","Maybe its coz i left my comfort zone yk becha idk",NULL,NULL,"2025-11-09 19:30:54.767758+00"
4412,"855757095","6286671588","ik its easier said than done gn just talk to random people in person",NULL,NULL,"2025-11-09 19:32:43.421495+00"
4413,"855757095","6286671588",NULL,"CAACAgQAAxkBAAF4_ExpEOxp3YttEGv1C6ohJVhB12FudAACnwoAAop3CwVvFYqd9fm1mjYE",NULL,"2025-11-09 19:32:58.785185+00"
4415,"6286671588","855757095","Esti w'll see",NULL,NULL,"2025-11-09 19:33:30.48511+00"
4422,"855757095","6286671588","screw them beka you got me now and i'll introduce you to some cool people if you're down",NULL,NULL,"2025-11-09 19:38:57.631355+00"
4423,"6286671588","855757095","I'm up i never go down",NULL,NULL,"2025-11-09 19:39:33.84533+00"
4427,"8436061444","381189753","Hey",NULL,NULL,"2025-11-09 19:41:39.76868+00"
4435,"855757095","6286671588","i don't think that many people are having sex tbh",NULL,NULL,"2025-11-09 19:47:46.150842+00"
4448,"855757095","6286671588","go on dates and do all the cute couple stuff first",NULL,NULL,"2025-11-09 19:56:27.717065+00"
4474,"855757095","6286671588","i'll try not to",NULL,NULL,"2025-11-09 20:21:23.10493+00"
4682,"1570959519","7952047594","Hi",NULL,NULL,"2025-11-11 02:25:38.566416+00"
4840,"1570959519","865881783","Im first year wbu wht yesr are you",NULL,NULL,"2025-11-11 14:43:53.212189+00"
5060,"1469773444","7949460110","I am a man",NULL,NULL,"2025-11-12 05:13:34.328433+00"
5062,"7949460110","1469773444","U.... typing error ma bad",NULL,NULL,"2025-11-12 05:15:21.421553+00"
5064,"7949460110","1469773444","Amen ebalalew ur name?",NULL,NULL,"2025-11-12 05:16:24.618905+00"
5081,"8484666325","7826484265","Eshi... selam nw 😁",NULL,NULL,"2025-11-12 07:17:06.806497+00"
5097,"5183845073","7623717059","Hey",NULL,NULL,"2025-11-12 07:44:53.892771+00"
5124,"1201453400","1408002992","Sure!",NULL,NULL,"2025-11-12 07:57:54.246484+00"
5132,"2049647099","6499363352","What year?",NULL,NULL,"2025-11-12 08:14:28.721697+00"
5288,"451257119","1469773444","Hello",NULL,NULL,"2025-11-12 14:55:38.176563+00"
5450,"466664482","8274317025","Oh nice yeah I know the uni. What kinda startup did you start",NULL,NULL,"2025-11-13 07:14:54.327+00"
5453,"466664482","8274317025","Idk if I should say it here😂 but I'm in the social department",NULL,NULL,"2025-11-13 07:21:13.957681+00"
5890,"6196465621","1146651318","Any ways how you doing",NULL,NULL,"2025-11-13 19:06:57.601308+00"
2160,"299850552","5014292785","A few times but didnt ask what they meant by that",NULL,NULL,"2025-11-04 22:16:08.896872+00"
2166,"299850552","5014292785","Ay no its just I wanted more context hehe",NULL,NULL,"2025-11-04 22:20:59.033957+00"
2167,"5014292785","299850552","So go on what do u think about it",NULL,NULL,"2025-11-04 22:22:17.264181+00"
2168,"299850552","5014292785","should people stay virgins before marriage? absolutely. Does it only apply to women? Absolutely not. Is a woman unpure because she had sex before marriage no. 

But in the context of reality, should a woman keep her virginity more than a man should? Yes because the consequences for women is more brutal.",NULL,NULL,"2025-11-04 22:24:33.849299+00"
2169,"5014292785","299850552","So you're telling me if two girls were presented to you one is a virgin and one is not you wouldn't value them  based off of their sexual status?",NULL,NULL,"2025-11-04 22:26:02.023581+00"
2170,"299850552","5014292785","I wouldnt say your value is less than this virgin girl but i would probably choose the girl who's never had sex before to marry. Ofc there's a lot of things that needs to be put into tbe equation like their personality, their characters, their looks, their principles and mindsets etc gn like yihenn hulu consider banareg ena choose based of their sexual history bityi im sure 99% men choose a virgin girl",NULL,NULL,"2025-11-04 22:28:54.719647+00"
2171,"5014292785","299850552","Eko why?",NULL,NULL,"2025-11-04 22:29:36.540692+00"
2172,"5014292785","299850552","Also what do u think women would choose? Virgin man or",NULL,NULL,"2025-11-04 22:30:06.587243+00"
2173,"299850552","5014292785","Ende its simple girls eko sex siyaregu there'll be an emotional attachment to that man eko. Plus if you've experienced sex with another man there's a good chance you'll cheat. Statistically speaking.",NULL,NULL,"2025-11-04 22:31:12.614288+00"
2175,"299850552","5014292785","hbu tho what's ur thought",NULL,NULL,"2025-11-04 22:34:08.533004+00"
2177,"7441787503","8333529926","Yeah what's up?",NULL,NULL,"2025-11-04 22:34:54.898452+00"
2179,"8333529926","7441787503","Ur age, gender, major nd interest",NULL,NULL,"2025-11-04 22:35:22.951501+00"
2180,"7441787503","8333529926","U a guy or a girl?",NULL,NULL,"2025-11-04 22:36:22.259127+00"
2181,"299850552","5014292785","Ene chershalew eko if u dont have questions",NULL,NULL,"2025-11-04 22:36:50.868742+00"
2182,"8333529926","7441787503","Just tell me ur gender😊",NULL,NULL,"2025-11-04 22:36:51.667839+00"
2183,"7441787503","8333529926","Male",NULL,NULL,"2025-11-04 22:37:54.430348+00"
2184,"5014292785","299850552","Well I don't know if you noticed but I asked you two questions",NULL,NULL,"2025-11-04 22:39:23.462434+00"
2185,"299850552","5014292785","i answered both of them eko",NULL,NULL,"2025-11-04 22:40:04.948716+00"
2188,"299850552","5014292785","So like sex arga matawk set lj having sex a big deal new she wont do it unless she really loves that dude. Sex karegech behuala gn something easy yihonal ena she could do it with someone who attracts her. leza new a virgin girl with a self controlled disciplined man arif combo new",NULL,NULL,"2025-11-04 22:44:26.674175+00"
2189,"299850552","5014292785","I have 0bodh count",NULL,NULL,"2025-11-04 22:44:58.82271+00"
2190,"299850552","5014292785","now can u tell me ur thoughts?",NULL,NULL,"2025-11-04 22:53:28.265575+00"
2191,"8333529926","7441787503","am M
Nd i can't do both sorry",NULL,NULL,"2025-11-04 22:59:48.928811+00"
2192,"8333529926","856370712","Heyy",NULL,NULL,"2025-11-04 23:00:09.718897+00"
2193,"5014292785","299850552","Well I agree with some of the things you said like how it doesn't relate to her being pure or valuable but you also seem to hold misogynistic thought wrapped as logic and that would be the fact that you think a woman who's not a virgin is more likely to cheat or would be unfaithful. And I think a woman who has had sex before is also capable of deciding against it in the future or being more selective because she understands the emotional risks more. Also credible studies show that infidelity doesn't actually relate to past sexual experiences when age personality religion relationship satisfactions Etc are considered.",NULL,NULL,"2025-11-04 23:00:35.267098+00"
2195,"299850552","5014292785","Sure — here’s a more human, natural, slightly informal version of your counter-argument, keeping every point but softening the tone and adding a few natural imperfections:

⸻

Yeah I get your point, and you’re right that having sex before doesn’t automatically mean someone will cheat. But saying there’s no connection at all isn’t totally accurate either. Human behavior usually follows patterns that come from things like attachment style, impulse control, and what someone’s experienced before. Some solid studies in behavioral and evolutionary psychology actually show that early sexual behavior, especially when mixed with impulsiveness or low commitment, can be linked with a higher chance of cheating not as a moral thing, just statistically. So mentioning that possibility isn’t misogyny, it’s just recognizing data and how certain traits connect. There’s a big difference between talking about what’s likely and judging what’s right or wrong and mixing those two kinda weakens the logic behind the argument.",NULL,NULL,"2025-11-04 23:05:11.256132+00"
2196,"299850552","5014292785","I gave your argument to chatgpt and asked what its thought is and thats what it gave me",NULL,NULL,"2025-11-04 23:06:20.105346+00"
2197,"299850552","5014292785","oh not at all ere kdm yeteyekshachew tyakewoch they didnt come through yelem enega",NULL,NULL,"2025-11-04 23:06:48.410434+00"
2198,"299850552","5014292785","I am communicating in a clear way arent i? I did not deflect questions no reason for me to do so. but drop ur @ we should DM the bot is a bit inconvenient",NULL,NULL,"2025-11-04 23:12:44.420348+00"
2200,"8521308273","400568980","Hello?",NULL,NULL,"2025-11-05 02:30:56.273499+00"
2201,"6499363352","2056021138","Wait what 
No im being deadass i wouldn't be surprised if that was u",NULL,NULL,"2025-11-05 03:03:00.447968+00"
2202,"8109112246","7050798852","Im in 6k wbu?",NULL,NULL,"2025-11-05 03:11:14.470433+00"
2203,"8333529926","5949936801","Heyyy wt is goin on
Everything good?",NULL,NULL,"2025-11-05 03:42:36.92231+00"
2204,"5949936801","8333529926","Yeah how you doing",NULL,NULL,"2025-11-05 03:44:23.910132+00"
2205,"8333529926","5949936801","Doin well Thanks😊",NULL,NULL,"2025-11-05 03:45:02.044871+00"
2206,"8333529926","5949936801","Ur age, gender, major nd interest?",NULL,NULL,"2025-11-05 03:46:54.209162+00"
2207,"6110336587","5204985308","Heyy",NULL,NULL,"2025-11-05 03:47:18.087443+00"
2208,"5204985308","6110336587","Hi",NULL,NULL,"2025-11-05 03:47:52.827714+00"
2209,"6110336587","5204985308","Sup, everything good?",NULL,NULL,"2025-11-05 03:48:32.726219+00"
2210,"6110336587","5204985308","Ur age, major, nd interest?
Like wanna hv fun😊",NULL,NULL,"2025-11-05 03:50:52.863327+00"
2211,"8333529926","462966491","Heyyy wt is goin on
Everything good?",NULL,NULL,"2025-11-05 03:51:37.485891+00"
2212,"462966491","8333529926","Its getting harder than I expected. Thanks for asking though",NULL,NULL,"2025-11-05 03:54:40.071549+00"
2213,"8333529926","462966491","U freshman?",NULL,NULL,"2025-11-05 03:55:37.57591+00"
2214,"462966491","8333529926","2nd year, hby?",NULL,NULL,"2025-11-05 03:55:51.357323+00"
2215,"8333529926","462966491","3rd year",NULL,NULL,"2025-11-05 03:56:15.411283+00"
2216,"462966491","8333529926","Oh from which confession did you see me tho?",NULL,NULL,"2025-11-05 03:57:05.923983+00"
2217,"8333529926","462966491","4380",NULL,NULL,"2025-11-05 04:01:45.936048+00"
2218,"8333529926","462966491","I like ur idea there tbh
Ur major nd interest?",NULL,NULL,"2025-11-05 04:03:57.514969+00"
2219,"8333529926","7838626961","Heyyy wt is goin on
Everything good?",NULL,NULL,"2025-11-05 04:05:32.174251+00"
2220,"8333529926","7686939779","Heyyy, wt is goin on
Everything good?",NULL,NULL,"2025-11-05 04:06:02.705222+00"
2221,"462966491","8333529926","I’m from marketing department",NULL,NULL,"2025-11-05 04:10:51.294394+00"
2222,"462966491","8333529926","Hby?",NULL,NULL,"2025-11-05 04:10:55.905169+00"
2223,"8333529926","5949936801","BAIS",NULL,NULL,"2025-11-05 04:11:13.406736+00"
2224,"462966491","8333529926","Oh are you the author of that confession?",NULL,NULL,"2025-11-05 04:11:17.225045+00"
2225,"8333529926","5949936801","Nah nah
am M",NULL,NULL,"2025-11-05 04:11:38.593801+00"
2226,"8333529926","462966491","BAIS",NULL,NULL,"2025-11-05 04:12:33.799682+00"
2227,"8333529926","462966491","Ndh nah
am M",NULL,NULL,"2025-11-05 04:12:47.79623+00"
2228,"462966491","8333529926","Ohh so we’re in the same campus anyways😅",NULL,NULL,"2025-11-05 04:15:06.983065+00"
2231,"462966491","8333529926","Really? Why gn?",NULL,NULL,"2025-11-05 04:18:45.163642+00"
2237,"8333529926","462966491","Why don u like it?
Endie Come on😊",NULL,NULL,"2025-11-05 04:23:45.674093+00"
2242,"8333529926","7686939779","Heyy 
Come one
U don wanna hv fun stuffs like talki nd sharin fun stuffs
Hvin meaningful experiences nd all if ur playful nd interesting☺️",NULL,NULL,"2025-11-05 04:43:18.922542+00"
2608,"6909260412","8333529926","Hey ru girl or boy",NULL,NULL,"2025-11-06 04:07:30.978224+00"
2610,"6909260412","8333529926","Am boy confess argshala",NULL,NULL,"2025-11-06 04:08:50.912075+00"
2825,"1103065697","6149607586","You wanna give me your account so we can talk on there or what?",NULL,NULL,"2025-11-07 16:30:02.149972+00"
3172,"8178595410","1570959519","Awetawalew sitil?",NULL,NULL,"2025-11-08 05:39:14.346883+00"
3173,"829653636","1570959519","Eshi",NULL,NULL,"2025-11-08 05:40:02.662575+00"
3185,"1570959519","8178595410","Lela yelem?",NULL,NULL,"2025-11-08 05:45:25.57425+00"
3187,"8178595410","1570959519","Aallu lelam...",NULL,NULL,"2025-11-08 05:45:37.386254+00"
3336,"1730816223","5272321269","I guess that is good.  you know her the best so just trust your gut good luck",NULL,NULL,"2025-11-08 16:15:06.33183+00"
3691,"1924682462","7277297826","send me ur id",NULL,NULL,"2025-11-09 06:36:50.205473+00"
3698,"7597964581","6110336587","Heyy",NULL,NULL,"2025-11-09 06:42:48.055503+00"
4097,"1511108148","8178595410","Hey bby girl",NULL,NULL,"2025-11-09 12:36:30.928415+00"
4105,"1511108148","8178595410","Enem",NULL,NULL,"2025-11-09 12:37:39.987683+00"
4116,"8178595410","1511108148","Can u find me a girl?",NULL,NULL,"2025-11-09 12:39:17.020828+00"
4124,"549672248","1609398709","enawera please @Asku146",NULL,NULL,"2025-11-09 12:45:21.562521+00"
4125,"6369586656","1609398709","I guess you like dasies?",NULL,NULL,"2025-11-09 12:45:29.260135+00"
4385,"855757095","6286671588","so what do you usually like to do",NULL,NULL,"2025-11-09 19:06:29.706441+00"
4386,"6286671588","855757095","How can it be a curse",NULL,NULL,"2025-11-09 19:07:36.840488+00"
4398,"855757095","6286671588","ayiiii leka you're at 6k😭",NULL,NULL,"2025-11-09 19:18:48.180899+00"
4411,"6286671588","855757095","Duh i don sleep in the street",NULL,NULL,"2025-11-09 19:32:29.533512+00"
4430,"6286671588","855757095","Btw do u believe the stories at this confession channel",NULL,NULL,"2025-11-09 19:42:55.148695+00"
4452,"855757095","6286671588","most girls are shy so you'll have to make the first move
don't be afraid of rejection",NULL,NULL,"2025-11-09 20:00:03.960458+00"
4459,"6286671588","855757095","No not untill im comfortable around u once i am im the wildest funny crazy and chill dud you've ever meet",NULL,NULL,"2025-11-09 20:04:26.665005+00"
4683,"1570959519","865881783","Well then idk wht to say😭",NULL,NULL,"2025-11-11 02:26:16.193325+00"
4841,"865881783","1570959519","4",NULL,NULL,"2025-11-11 14:46:07.7709+00"
5076,"5009377468","1051864908","What is your gender",NULL,NULL,"2025-11-12 06:12:26.591787+00"
5083,"6196465621","7826484265","Hello",NULL,NULL,"2025-11-12 07:19:41.235245+00"
5089,"1469773444","6499363352","Nothing else just taiking",NULL,NULL,"2025-11-12 07:36:53.06716+00"
5290,"451257119","1469773444","Yemsgen",NULL,NULL,"2025-11-12 14:59:02.899335+00"
5291,"451257119","1469773444","Endet naw",NULL,NULL,"2025-11-12 14:59:12.852336+00"
5307,"8223038699","7623717059","Yeah, I know.",NULL,NULL,"2025-11-12 16:21:33.286863+00"
5313,"8223038699","7623717059","Probably not",NULL,NULL,"2025-11-12 16:26:36.851857+00"
5320,"7623717059","8223038699","Whre ur u from aau?",NULL,NULL,"2025-11-12 16:35:22.991543+00"
5324,"8223038699","7623717059","That's a weird thing to ask.    
Are u gonna stake on me? 🙏😭",NULL,NULL,"2025-11-12 16:48:16.907488+00"
5330,"8223038699","7623717059","But some people wanna k!ll me 😭",NULL,NULL,"2025-11-12 16:53:44.050748+00"
5451,"8274317025","466664482","It is Tech startup",NULL,NULL,"2025-11-13 07:17:19.982221+00"
5452,"8274317025","466664482","Can you tell me your department",NULL,NULL,"2025-11-13 07:17:30.649332+00"
5645,"7597964581","1246961688","And management is really nice, you like what you're learning?",NULL,NULL,"2025-11-13 14:36:00.015444+00"
5652,"5886466655","1246961688","Yeah he told me 😭, He was trying to respond ig. Let me ask if it does work for him",NULL,NULL,"2025-11-13 14:44:41.023937+00"
5656,"1246961688","5886466655","The last text was him saying management is nice",NULL,NULL,"2025-11-13 14:46:36.478396+00"
5657,"5886466655","1246961688","Okay wait.",NULL,NULL,"2025-11-13 14:46:58.25006+00"
5663,"1246961688","5886466655","Yeah it doesn't work",NULL,NULL,"2025-11-13 14:55:32.247658+00"
5664,"466664482","1246961688","Y",NULL,NULL,"2025-11-13 14:55:35.531268+00"
5665,"5886466655","1246961688","He sent you a message..",NULL,NULL,"2025-11-13 14:55:39.981058+00"
5666,"466664482","1246961688","Y",NULL,NULL,"2025-11-13 14:55:42.611644+00"
5670,"466664482","1246961688","/help",NULL,NULL,"2025-11-13 14:57:45.362859+00"
5681,"466664482","1246961688","/help",NULL,NULL,"2025-11-13 15:00:46.877588+00"
5894,"7501176620","797847663","You need help honestly 😂",NULL,NULL,"2025-11-13 19:11:45.358729+00"
5895,"7501176620","797847663","But hey its a semi-free country spam that shit darling",NULL,NULL,"2025-11-13 19:12:05.809951+00"
5897,"7501176620","797847663","Semi....",NULL,NULL,"2025-11-13 19:13:08.230541+00"
5903,"7501176620","797847663","Yeah everyone is so worried about what others think of them, I'm not like that I like girls girls like me and I'm proud of that shit",NULL,NULL,"2025-11-13 19:17:36.848941+00"
5904,"797847663","7501176620","Love the confidence and I can see why they like you",NULL,NULL,"2025-11-13 19:19:29.369383+00"
5905,"7501176620","797847663","It's the ones that don't admit it you need to worry about",NULL,NULL,"2025-11-13 19:19:39.447163+00"
5909,"8332818063","5779531688","Hey there",NULL,NULL,"2025-11-13 19:38:31.259496+00"
5938,"7963453467","5779531688","Heyy jordy whats up with u",NULL,NULL,"2025-11-13 19:58:44.034283+00"
5946,"5779531688","1722589537","/privacy",NULL,NULL,"2025-11-13 20:13:22.875354+00"
5958,"1246059259","6110336587","Who is this",NULL,NULL,"2025-11-13 20:16:06.014421+00"
5959,"5779531688","1722589537","Like cuddling or ...something",NULL,NULL,"2025-11-13 20:16:07.954287+00"
5960,"1722589537","5779531688","Cuddle and make out",NULL,NULL,"2025-11-13 20:16:33.141984+00"
5964,"5779531688","1722589537","If I am attracted to the person... it must eko",NULL,NULL,"2025-11-13 20:18:33.726007+00"
5987,"6110336587","1246059259","am girl wtf is wrong w you nigga🤮",NULL,NULL,"2025-11-13 20:31:40.510144+00"
6096,"7963453467","5779531688","Negerign a have u ever sit on someones face? U wanna do that?",NULL,NULL,"2025-11-14 02:44:05.741745+00"
6192,"5183845073","5015840197","Hey",NULL,NULL,"2025-11-14 08:46:12.741696+00"
6193,"5015840197","5183845073","Hello can u come to my dms",NULL,NULL,"2025-11-14 08:47:10.591701+00"
6202,"1469773444","6499363352","Yeah I know I know",NULL,NULL,"2025-11-14 09:23:21.63812+00"
2230,"8333529926","462966491","Yeah commerce
I love commerce betamm",NULL,NULL,"2025-11-05 04:17:22.392033+00"
2238,"462966491","8333529926","Will reply in a few mins, I’m in a rush not to be late for class😅",NULL,NULL,"2025-11-05 04:26:21.373947+00"
2239,"8333529926","462966491","Ofc take ur time😊

Yk that i don want u to be late for class😂",NULL,NULL,"2025-11-05 04:30:01.46316+00"
2243,"5237102694","5204985308","Hey sup",NULL,NULL,"2025-11-05 05:00:09.337834+00"
2246,"462966491","8333529926","Heyy you still there?😂",NULL,NULL,"2025-11-05 05:08:02.622989+00"
2251,"462966491","8333529926","Well, I won’t defend myself on that. I’m always late for everything😭 even for the class that I am in a rush for😂",NULL,NULL,"2025-11-05 05:18:30.206878+00"
2611,"8333529926","5806772573","Heyy",NULL,NULL,"2025-11-06 04:12:55.191127+00"
2614,"8333529926","5806772573","??",NULL,NULL,"2025-11-06 04:20:47.547493+00"
2830,"6149607586","1103065697","???",NULL,NULL,"2025-11-07 16:38:22.106593+00"
2841,"401160041","7501176620","You funny whats your @",NULL,NULL,"2025-11-07 17:05:50.506741+00"
3175,"1570959519","8178595410","Eshi",NULL,NULL,"2025-11-08 05:40:11.184335+00"
3176,"8178595410","1570959519","Okay",NULL,NULL,"2025-11-08 05:41:57.351833+00"
3177,"8178595410","1570959519","@eyue_eli",NULL,NULL,"2025-11-08 05:42:47.261939+00"
3178,"8178595410","1570959519","Talk him",NULL,NULL,"2025-11-08 05:42:53.787838+00"
3180,"1570959519","8178595410","Yelegnem bro gn efelegelehalew",NULL,NULL,"2025-11-08 05:43:55.490337+00"
3181,"1570959519","8178595410","Snt ametu new",NULL,NULL,"2025-11-08 05:43:59.456748+00"
3196,"1570959519","8178595410","Ere bro enezi they not attractive menew broo",NULL,NULL,"2025-11-08 05:48:43.989865+00"
3208,"5798303259","8359698550","What typa porn u into twin?",NULL,NULL,"2025-11-08 06:02:02.979949+00"
3338,"1609398709","8333529926","hi",NULL,NULL,"2025-11-08 16:22:05.807492+00"
3696,"6110336587","7597964581","Wanna hv fun😊
Ur age nd campus ur in?",NULL,NULL,"2025-11-09 06:40:40.424728+00"
3700,"7597964581","6110336587","Male.",NULL,NULL,"2025-11-09 06:45:48.1295+00"
4098,"8178595410","1511108148","RU boy?",NULL,NULL,"2025-11-09 12:36:49.60023+00"
4107,"1511108148","8178595410","Eee",NULL,NULL,"2025-11-09 12:37:49.590391+00"
4387,"855757095","6286671588","people always mispronounce(its such a simple name eko😭😭)
people also forget my name alot",NULL,NULL,"2025-11-09 19:08:26.841819+00"
4388,"6286671588","855757095","I i like to do huh
Gym(i'm going crazy coz i couldn't find any here)
Food
And generally having fun",NULL,NULL,"2025-11-09 19:10:01.035109+00"
4390,"6286671588","855757095","Where is my manner what do u like to do¿",NULL,NULL,"2025-11-09 19:12:55.29939+00"
4405,"6286671588","855757095","Not friends my hb is 12 know and the rest of the group is remidial there are ppl from my school here but i don yk like them or shi so i don even wanna see them so i'm alone like completely alone like ik 2 dudes this week other than that ntg",NULL,NULL,"2025-11-09 19:26:33.494422+00"
4421,"6286671588","855757095","The uni",NULL,NULL,"2025-11-09 19:37:16.835082+00"
4432,"855757095","6286671588","do you?",NULL,NULL,"2025-11-09 19:43:33.348291+00"
4438,"6286671588","855757095","It is like ahun sasebewema once u pass 3rd year ged new",NULL,NULL,"2025-11-09 19:49:30.87159+00"
4457,"7058103791","1924682462","Heyyy hyd gurl",NULL,NULL,"2025-11-09 20:02:56.648711+00"
4458,"7058103791","1924682462","Am gd am gd hbu hows ur day",NULL,NULL,"2025-11-09 20:03:12.202604+00"
4460,"855757095","6286671588","that's really cool
just be the same around girls ena you're good",NULL,NULL,"2025-11-09 20:06:46.426792+00"
4463,"6286671588","855757095","Haha more like wingwoman",NULL,NULL,"2025-11-09 20:09:21.923516+00"
4684,"1570959519","865881783","I found it ur in the gay confession one",NULL,NULL,"2025-11-11 02:35:40.929581+00"
4685,"1570959519","865881783","At last i found sum1 gay",NULL,NULL,"2025-11-11 02:36:00.59061+00"
4842,"1570959519","865881783","How old r u lol",NULL,NULL,"2025-11-11 14:46:33.459119+00"
5078,"5009377468","6499363352","Are you a girl",NULL,NULL,"2025-11-12 06:30:03.103683+00"
5109,"5183845073","7623717059","Damn sorry",NULL,NULL,"2025-11-12 07:51:32.004703+00"
5111,"7623717059","5183845073","U need a girl??",NULL,NULL,"2025-11-12 07:51:56.384285+00"
5114,"7623717059","5183845073","Ahhhhh",NULL,NULL,"2025-11-12 07:52:45.672187+00"
5129,"2049647099","6499363352","/confess",NULL,NULL,"2025-11-12 08:10:03.873525+00"
5135,"7231257941","7868086659","Hi",NULL,NULL,"2025-11-12 08:28:15.667989+00"
5148,"7868086659","7231257941","U",NULL,NULL,"2025-11-12 08:35:13.081244+00"
5296,"5549429806","7277297826","Hi",NULL,NULL,"2025-11-12 15:24:44.770484+00"
5303,"8223038699","7623717059","Hey",NULL,NULL,"2025-11-12 16:17:29.374767+00"
5306,"7623717059","8223038699","I saw ur comment",NULL,NULL,"2025-11-12 16:18:39.042645+00"
5308,"8223038699","7623717059","Wanna ask something ??",NULL,NULL,"2025-11-12 16:21:41.773715+00"
5309,"7623717059","8223038699","Ok",NULL,NULL,"2025-11-12 16:21:49.157674+00"
5326,"7623717059","8223038699","Sorry",NULL,NULL,"2025-11-12 16:48:52.541578+00"
5327,"7623717059","8223038699","Enem yerase yehone problem slalebegn new .
I,m always searching to get a guy who has feeling like me.
Kaskefahuh yikrta",NULL,NULL,"2025-11-12 16:50:45.122181+00"
5335,"5549429806","7277297826","Yeah but no face showing",NULL,NULL,"2025-11-12 17:02:25.081156+00"
5342,"7623717059","8223038699","No, i told u what want to do .
I neve had too",NULL,NULL,"2025-11-12 17:09:07.224998+00"
5349,"7623717059","8223038699","U said bottom .but me v
What v for u?",NULL,NULL,"2025-11-12 17:17:12.555173+00"
5454,"8274317025","466664482","Don't worry. I dont judge person by department 😊",NULL,NULL,"2025-11-13 07:25:43.761381+00"
5459,"1469773444","5010994956","R u man or women ?",NULL,NULL,"2025-11-13 08:04:23.027554+00"
5462,"1469773444","7547849911","I am man 😁",NULL,NULL,"2025-11-13 08:07:53.474942+00"
5464,"7547849911","1469773444","Eshi endet neh",NULL,NULL,"2025-11-13 08:15:25.018563+00"
5465,"1469773444","7547849911","Alew Alew why not we taik out of this bot ?",NULL,NULL,"2025-11-13 08:15:51.879274+00"
5501,"1071472901","7826484265","Give me your ig or tg username bza enawra",NULL,NULL,"2025-11-13 09:15:24.926666+00"
5513,"7501176620","6499363352","I've never read anyother female comment and laughed tbh",NULL,NULL,"2025-11-13 09:32:31.776196+00"
5522,"8402831744","1246961688","Cool btw don’t take in a weird way me asking ur gender
So arora how can I help u?",NULL,NULL,"2025-11-13 09:44:37.198105+00"
5647,"6412104799","7597964581","Hello",NULL,NULL,"2025-11-13 14:37:31.192675+00"
5896,"797847663","7501176620","Heavy on semi",NULL,NULL,"2025-11-13 19:12:41.663868+00"
5908,"5779531688","1722589537","Hi",NULL,NULL,"2025-11-13 19:38:05.841128+00"
5913,"1722589537","5779531688","Am good you",NULL,NULL,"2025-11-13 19:43:39.606091+00"
5916,"1722589537","5779531688","Yeah u",NULL,NULL,"2025-11-13 19:44:33.570991+00"
5923,"8332818063","797847663","How r u",NULL,NULL,"2025-11-13 19:48:11.696401+00"
5926,"1722589537","5779531688","Here in addis new",NULL,NULL,"2025-11-13 19:49:04.173727+00"
6097,"7963453467","1273058201","I saw ur comments on rimjob activities u said u received them alot so u understand it my that all girls nd i wanna try it plssssss make me try it out queen",NULL,NULL,"2025-11-14 03:23:59.088094+00"
6106,"5779531688","7132525119","Hi",NULL,NULL,"2025-11-14 04:37:33.694112+00"
6107,"6110336587","6499363352","Heyy",NULL,NULL,"2025-11-14 05:05:16.75095+00"
6110,"6110336587","5779531688","Wanna hv fun😊",NULL,NULL,"2025-11-14 05:10:00.421039+00"
6113,"6110336587","6499363352","Endet adersh☺️",NULL,NULL,"2025-11-14 05:11:58.679664+00"
6194,"5183845073","5015840197","Sure give me your username",NULL,NULL,"2025-11-14 08:49:29.649224+00"
6198,"1469773444","6499363352","Abet",NULL,NULL,"2025-11-14 09:18:28.072733+00"
6213,"1469773444","6499363352","U donot to  reply for all eko darling",NULL,NULL,"2025-11-14 09:42:44.239386+00"
6220,"7222244857","7388700051","Shi",NULL,NULL,"2025-11-14 11:10:01.321704+00"
2232,"8333529926","7686939779","Ur age, gender, major nd interest😊",NULL,NULL,"2025-11-05 04:18:49.892958+00"
2233,"7686939779","8333529926","20,ofc F mgmt ...wby",NULL,NULL,"2025-11-05 04:20:02.446094+00"
2236,"8333529926","7686939779","20, ofc M😂
BAIS
Ur interest??",NULL,NULL,"2025-11-05 04:22:43.008491+00"
2615,"466664482","477462298","Why does that mean??",NULL,NULL,"2025-11-06 05:38:19.286384+00"
2842,"7501176620","401160041","Why you want it ?",NULL,NULL,"2025-11-07 17:08:38.86458+00"
2845,"8402831744","1098949446","U a man or a woman??",NULL,NULL,"2025-11-07 17:16:14.034748+00"
2849,"1098949446","8402831744","HEYY",NULL,NULL,"2025-11-07 17:18:25.240149+00"
2872,"1756054636","7606466781","Hi",NULL,NULL,"2025-11-07 19:00:15.975986+00"
3186,"8178595410","1570959519","Ye clubu sem mn nbr yalkew?",NULL,NULL,"2025-11-08 05:45:27.496254+00"
3188,"1570959519","8178595410","Container unity gerji yalew",NULL,NULL,"2025-11-08 05:45:43.287359+00"
3191,"8178595410","1570959519","Okay esh",NULL,NULL,"2025-11-08 05:46:34.236369+00"
3339,"6149607586","1103065697","hey",NULL,NULL,"2025-11-08 16:25:06.859364+00"
3351,"1924682462","5229975567","berry",NULL,NULL,"2025-11-08 16:57:28.184062+00"
3353,"1834543510","8355541705","Mn felek?",NULL,NULL,"2025-11-08 16:57:30.958026+00"
3366,"6504427565","1570959519","Aau yet campus neh ?",NULL,NULL,"2025-11-08 17:16:35.285985+00"
3701,"7277297826","1924682462","Please just tell me the reason idw anything else, it's heartbreaking frrr have some sympathy",NULL,NULL,"2025-11-09 06:46:20.613429+00"
4099,"1511108148","8178595410","Yup u",NULL,NULL,"2025-11-09 12:37:01.690121+00"
4103,"8178595410","1511108148","Ene set eyefelkut nw",NULL,NULL,"2025-11-09 12:37:34.546847+00"
4111,"1511108148","8178595410","How much are we talking",NULL,NULL,"2025-11-09 12:38:12.173696+00"
4112,"1511108148","8178595410","Unity",NULL,NULL,"2025-11-09 12:38:23.691695+00"
4113,"8178595410","1511108148","I can give u 1k if u can find me 1 girl to fuck",NULL,NULL,"2025-11-09 12:38:39.764161+00"
4119,"1511108148","8178595410","For real",NULL,NULL,"2025-11-09 12:40:00.525381+00"
4131,"1246961688","1241455590","Heyy",NULL,NULL,"2025-11-09 14:13:02.109704+00"
4134,"1241455590","1246961688","I'm fine, you?",NULL,NULL,"2025-11-09 14:15:24.745181+00"
4143,"1246961688","1051120004","Heyy",NULL,NULL,"2025-11-09 14:29:27.911922+00"
4147,"1051120004","1246961688","wby",NULL,NULL,"2025-11-09 14:31:28.047856+00"
4149,"1246961688","1051120004","But I have to ask are you a girl or boy",NULL,NULL,"2025-11-09 14:34:10.542102+00"
4392,"855757095","6286671588","awww tnx for asking
i love reading, listening to music, going on walks, watching anime and hanging out with my friends",NULL,NULL,"2025-11-09 19:14:51.360473+00"
4402,"855757095","6286671588","i'll send you some of my songs beka",NULL,NULL,"2025-11-09 19:21:22.773726+00"
4410,"855757095","6286671588","do you have a dorm",NULL,NULL,"2025-11-09 19:31:57.712273+00"
4433,"6286671588","855757095","ene i dont semteshachewal i reqd one that said i fukd my bio techer like tf ena 60% is abt hvg s3x and dipping ene idk",NULL,NULL,"2025-11-09 19:46:53.800377+00"
4434,"6286671588","855757095","Ena demo where tf is this beg tera hulum sew except me yaqewal eko",NULL,NULL,"2025-11-09 19:47:26.817122+00"
4462,"855757095","6286671588","where do you usually eat",NULL,NULL,"2025-11-09 20:07:32.996796+00"
4464,"855757095","6286671588","potato pOtAto",NULL,NULL,"2025-11-09 20:10:05.254461+00"
4686,"5546122887","6499363352","Hey there",NULL,NULL,"2025-11-11 03:50:27.166318+00"
4687,"6499363352","5546122887","Hey",NULL,NULL,"2025-11-11 03:50:51.549733+00"
4843,"1246961688","466664482","Anchiii",NULL,NULL,"2025-11-11 15:24:36.746825+00"
5080,"6499363352","1469773444","Yes 
why",NULL,NULL,"2025-11-12 07:04:53.234029+00"
5094,"1408002992","5980085144","dont want M, same here, bye",NULL,NULL,"2025-11-12 07:38:24.747448+00"
5098,"1408002992","1201453400","Hi, First of all M or F?",NULL,NULL,"2025-11-12 07:49:00.786233+00"
5121,"1408002992","1201453400","can you share me your real username if you mind",NULL,NULL,"2025-11-12 07:56:20.293966+00"
5146,"7231257941","7868086659","nice to meet u hana ! min department nw metemarew",NULL,NULL,"2025-11-12 08:34:46.095567+00"
5147,"7868086659","7231257941","Marketing Management",NULL,NULL,"2025-11-12 08:35:11.621951+00"
5150,"7231257941","7868086659","@Bune77",NULL,NULL,"2025-11-12 08:35:56.658493+00"
5151,"7231257941","7868086659","lets talk on chat say hi",NULL,NULL,"2025-11-12 08:36:15.465683+00"
5158,"6110336587","1436892288","Heyy",NULL,NULL,"2025-11-12 10:30:48.163716+00"
5161,"6110336587","1924682462","Heyy kidi, hyd?",NULL,NULL,"2025-11-12 10:34:59.668273+00"
5298,"7231257941","7868086659","Also don't worry I can fuck u well",NULL,NULL,"2025-11-12 15:30:04.003077+00"
5305,"8223038699","7623717059","Yeah, why are u surprised?",NULL,NULL,"2025-11-12 16:18:11.495349+00"
5321,"8223038699","7623717059","aau",NULL,NULL,"2025-11-12 16:38:40.071973+00"
5328,"7623717059","8223038699","I am a guy who attracted by a guy",NULL,NULL,"2025-11-12 16:52:06.985101+00"
5341,"8223038699","7623717059","I didn't tell u about v😂. Ya never had sx",NULL,NULL,"2025-11-12 17:07:51.340649+00"
5351,"7623717059","8223038699","yeah",NULL,NULL,"2025-11-12 17:18:59.928916+00"
5455,"8274317025","466664482","But you seems interesting person ena i wanna be your friend",NULL,NULL,"2025-11-13 07:26:41.47468+00"
5456,"7948131858","8262150907","What does it mean ruzela",NULL,NULL,"2025-11-13 07:52:57.293862+00"
5467,"1469773444","7547849911","I graduated amna",NULL,NULL,"2025-11-13 08:23:02.497214+00"
5468,"1469773444","7547849911","My religion demo I am orthodox what about you",NULL,NULL,"2025-11-13 08:23:14.344613+00"
5471,"1469773444","7547849911","If u donot I donot bother me.",NULL,NULL,"2025-11-13 08:27:58.81428+00"
5478,"1445110293","1738671412","sup bro, just feelin’ like chatting a little",NULL,NULL,"2025-11-13 08:33:11.308894+00"
5483,"1738671412","1445110293","oh cool, i'm from st,mary",NULL,NULL,"2025-11-13 08:40:30.635168+00"
5504,"1445110293","6559312412","nah tmhrt is not for me anymore i start working",NULL,NULL,"2025-11-13 09:17:03.344393+00"
5514,"7501176620","6499363352","Anyways",NULL,NULL,"2025-11-13 09:32:45.309523+00"
5516,"1246961688","5886466655","So two things what's your friends age and uk esum be teklil new mifelgew",NULL,NULL,"2025-11-13 09:33:24.100519+00"
5520,"8402831744","1246961688","Hi….are u a man or a woman how would u like me to pronounce u i guess ur a woman judging by the name arora",NULL,NULL,"2025-11-13 09:41:43.490766+00"
5521,"1246961688","8402831744","Yeah I'm a woman",NULL,NULL,"2025-11-13 09:43:32.875688+00"
5655,"5886466655","1246961688","He said he can send message, you haven't been recieving any?",NULL,NULL,"2025-11-13 14:45:52.614012+00"
5900,"7501176620","797847663","I'm such a fucking whore it's crazy",NULL,NULL,"2025-11-13 19:14:54.982284+00"
5901,"797847663","7501176620","I can tell fr",NULL,NULL,"2025-11-13 19:15:46.896173+00"
5911,"7383239990","7412135899","Hi",NULL,NULL,"2025-11-13 19:41:17.04329+00"
5914,"5779531688","1722589537","Great",NULL,NULL,"2025-11-13 19:44:11.57036+00"
5961,"5779531688","1722589537","I get you",NULL,NULL,"2025-11-13 20:16:56.605575+00"
5986,"451257119","1469773444","so",NULL,NULL,"2025-11-13 20:31:17.967711+00"
5989,"1246059259","6110336587","Bitch get the fuck outta here then",NULL,NULL,"2025-11-13 20:32:09.478238+00"
5991,"5636401129","1722589537","Yeah , r u student?",NULL,NULL,"2025-11-13 20:32:36.180499+00"
5999,"1722589537","5636401129","Acc

Which one, don't mind both as long as she is physical person",NULL,NULL,"2025-11-13 20:44:49.390692+00"
6004,"6110336587","451257119","Ur gender, campus nd interest",NULL,NULL,"2025-11-13 20:49:46.238676+00"
6008,"6110336587","451257119","Ur gender",NULL,NULL,"2025-11-13 20:53:43.930196+00"
6009,"451257119","6110336587","you go first",NULL,NULL,"2025-11-13 20:54:16.732784+00"
6019,"451257119","6110336587","not even close",NULL,NULL,"2025-11-13 20:58:43.69677+00"
6020,"6110336587","451257119","Was just kiddin tho😂
am M",NULL,NULL,"2025-11-13 20:58:54.853088+00"
6021,"451257119","6110336587","good for you",NULL,NULL,"2025-11-13 20:59:24.938716+00"
6045,"6110336587","451257119","If U do hv money
Ik a decent spot😊",NULL,NULL,"2025-11-13 21:09:04.373556+00"
6052,"451257119","6110336587","what your gut tell you",NULL,NULL,"2025-11-13 21:13:14.975692+00"
6053,"6110336587","451257119","Just comin to U nd hvin foreplay w U",NULL,NULL,"2025-11-13 21:14:09.986709+00"
6055,"6110336587","451257119","Wt",NULL,NULL,"2025-11-13 21:14:53.87059+00"
6058,"6110336587","451257119","Heyy",NULL,NULL,"2025-11-13 21:18:38.603757+00"
6064,"6110336587","451257119","U okay?

Now am fuckin you from the back
Do u like it?",NULL,NULL,"2025-11-13 21:24:07.32966+00"
6068,"6110336587","451257119","Oh babe fuck fuck fuck

Tell me plz do u like it?",NULL,NULL,"2025-11-13 21:27:59.172498+00"
6071,"6110336587","451257119","So wr can i find u tmrw
Its on me dw
I was just messin up w U earlier😊",NULL,NULL,"2025-11-13 21:30:58.6602+00"
2234,"462966491","8333529926","I don’t like it that much",NULL,NULL,"2025-11-05 04:20:26.488244+00"
2235,"8333529926","462966491","Like the vibe of the campus is real like It has got a real vibe
Everything there is amazin

nd then the commute nd the Journey is like a memory all by itself like am hvin fun so much
nd ma friends there r amazig like real friends as far as ma academy is concerned 
Bicha commerce is amazin",NULL,NULL,"2025-11-05 04:21:45.483247+00"
2240,"7686939779","8333529926","Eatin sleepin ...",NULL,NULL,"2025-11-05 04:38:19.311398+00"
2241,"8333529926","7686939779","How abt 
Hvin fun.... yk what am askin?",NULL,NULL,"2025-11-05 04:39:44.220001+00"
2244,"5237102694","5204985308","Username:Happything_s",NULL,NULL,"2025-11-05 05:00:31.085226+00"
2245,"7686939779","8333529926","Alr",NULL,NULL,"2025-11-05 05:03:42.615442+00"
2247,"8333529926","462966491","Yeah
Ur lost eko bezaw tefash eko😭

I think uve been just comin back from mars😂",NULL,NULL,"2025-11-05 05:10:21.68106+00"
2248,"462966491","8333529926","Its just 30 mins eko😂",NULL,NULL,"2025-11-05 05:12:05.294059+00"
2249,"8333529926","462966491","Is it 30 min a few min😂
Its good tho Keseat ga yaleshn kedime maweke
Degmo eko U were just gone hanged me here😂",NULL,NULL,"2025-11-05 05:13:59.563952+00"
2250,"8333529926","462966491","Now the question is

Tell me a lil bit abt mars😂😊",NULL,NULL,"2025-11-05 05:14:29.029378+00"
2252,"462966491","8333529926","I would say Mars is just 30 minutes away from our campus😂",NULL,NULL,"2025-11-05 05:19:17.376956+00"
2253,"8333529926","462966491","Endesu bey
So am here w a famous lady, huh?😂",NULL,NULL,"2025-11-05 05:19:43.810635+00"
2254,"8333529926","462966491","Oh come on
Mars has lots of things u can talk abt endie😂
So how was ur space expedition😊",NULL,NULL,"2025-11-05 05:21:06.167258+00"
2255,"8333529926","462966491","Do u arrive there tho?
I just start worrying abt u Guess😂
Gn degmo Endatakabji its just a lil bit😂",NULL,NULL,"2025-11-05 05:22:55.928996+00"
2256,"462966491","8333529926","Depends on your definition for famous😂 if it means “late for everything” then yeah",NULL,NULL,"2025-11-05 05:25:00.062675+00"
2257,"8333529926","462966491","Hey lets go to private chat😊
@dynamicvida",NULL,NULL,"2025-11-05 05:25:57.174258+00"
2258,"5949936801","8333529926","Umm y",NULL,NULL,"2025-11-05 06:05:29.994083+00"
2259,"5949936801","8333529926","Huh?",NULL,NULL,"2025-11-05 06:05:30.591921+00"
2260,"5949936801","8333529926","Yoo you're glitching",NULL,NULL,"2025-11-05 06:05:30.972858+00"
2261,"8109112246","5014292785","Hey yo...wanna suck ur down there?",NULL,NULL,"2025-11-05 06:11:01.965178+00"
2262,"1361042730","1940613654","heyyyy",NULL,NULL,"2025-11-05 06:12:20.729582+00"
2263,"8109112246","5014292785","Im talking u eko...response sichegn",NULL,NULL,"2025-11-05 06:12:23.163576+00"
2264,"1940613654","1361042730","Hey",NULL,NULL,"2025-11-05 06:12:37.388843+00"
2265,"1361042730","1940613654","how are you doing, i requested by accident thb",NULL,NULL,"2025-11-05 06:12:59.130757+00"
2266,"8109112246","5014292785","Ere gudefela pls response 🙏 😭 😢 😔 😪",NULL,NULL,"2025-11-05 06:13:04.29177+00"
2267,"1361042730","1940613654","tbh",NULL,NULL,"2025-11-05 06:13:04.672063+00"
2268,"8109112246","5014292785","Ere begeta atichawechign😭😭😭",NULL,NULL,"2025-11-05 06:13:40.669367+00"
2269,"8109112246","5014292785","Ymren nw eko😭😭😭",NULL,NULL,"2025-11-05 06:14:04.153894+00"
2270,"1361042730","1940613654","@astro13697 text me here",NULL,NULL,"2025-11-05 06:14:20.332259+00"
2271,"1940613654","1361042730","Ow, that's normal. 😅People do that most of the time",NULL,NULL,"2025-11-05 06:14:30.969728+00"
2272,"8109112246","5014292785","I want to suck down there😭😭😭😭",NULL,NULL,"2025-11-05 06:14:35.032448+00"
2273,"1940613654","1361042730","Sure I will",NULL,NULL,"2025-11-05 06:14:35.612686+00"
2274,"8109112246","5014292785","Esh be birr libdash 5k??",NULL,NULL,"2025-11-05 06:15:03.731985+00"
2275,"8109112246","5014292785","Accounteshn lakelegn",NULL,NULL,"2025-11-05 06:15:16.61763+00"
2276,"8109112246","5014292785","Ymren nw swear to God!",NULL,NULL,"2025-11-05 06:15:32.247927+00"
2277,"8109112246","5014292785","Im fr eski just politely  let me know ur response!",NULL,NULL,"2025-11-05 06:16:45.071759+00"
2278,"8109112246","5014292785","Ere begeta yehone ngr biyegn😭😭😭",NULL,NULL,"2025-11-05 06:17:35.090231+00"
2279,"8109112246","5014292785","Adera begeta sim hizheshiwalew response sichegn",NULL,NULL,"2025-11-05 06:19:30.627635+00"
2280,"8109112246","5014292785","I won't leave u until I get response 😡",NULL,NULL,"2025-11-05 06:24:54.078725+00"
2281,"7050798852","8109112246","Mexico negn engenagnalen snt seat ymechshal",NULL,NULL,"2025-11-05 06:38:15.744022+00"
2282,"8109112246","7050798852","Temar or mndnw mtseraw?",NULL,NULL,"2025-11-05 06:39:09.591748+00"
2283,"8109112246","7050798852","Eski phone numbreshn lakelegn",NULL,NULL,"2025-11-05 06:39:34.449994+00"
2284,"8109112246","7050798852","Lakia?",NULL,NULL,"2025-11-05 06:41:31.679515+00"
2285,"7050798852","8109112246","Temari",NULL,NULL,"2025-11-05 06:42:12.306995+00"
2286,"8109112246","7050798852","Ok silk lakelegna",NULL,NULL,"2025-11-05 06:42:30.401789+00"
2287,"8109112246","7050798852","Wey demo telegram username",NULL,NULL,"2025-11-05 06:42:48.708577+00"
2288,"7050798852","8109112246","Telegram @Fukle786",NULL,NULL,"2025-11-05 06:43:08.720451+00"
2289,"8109112246","7050798852","Wendi neka?",NULL,NULL,"2025-11-05 06:43:27.180278+00"
2290,"7050798852","8109112246","Yemn temari nesh",NULL,NULL,"2025-11-05 06:43:27.408831+00"
2291,"8109112246","7050798852","Logistics",NULL,NULL,"2025-11-05 06:43:41.548413+00"
2292,"7050798852","8109112246","Ofc",NULL,NULL,"2025-11-05 06:43:49.525232+00"
2293,"7050798852","8109112246","Sntegna amet",NULL,NULL,"2025-11-05 06:44:13.023215+00"
2294,"8109112246","7050798852","No ene set nbr yefelekut",NULL,NULL,"2025-11-05 06:44:13.080628+00"
2295,"8109112246","7050798852","3rd",NULL,NULL,"2025-11-05 06:44:23.174943+00"
2296,"7050798852","8109112246","I will contcontact u and we will make out sometimesometimes",NULL,NULL,"2025-11-05 06:45:15.368291+00"
2297,"8109112246","7050798852","Bruh...mebedat mtfeleg mitak set alech?",NULL,NULL,"2025-11-05 06:45:40.215462+00"
2298,"8109112246","7050798852","Huh,?",NULL,NULL,"2025-11-05 06:46:13.448063+00"
2299,"7050798852","8109112246","Ere alu bedenb",NULL,NULL,"2025-11-05 06:46:19.831543+00"
2300,"8109112246","7050798852","Ymr bel",NULL,NULL,"2025-11-05 06:46:27.687241+00"
2301,"8109112246","7050798852","Temar or mn nachew?",NULL,NULL,"2025-11-05 06:46:37.326132+00"
2302,"8109112246","7050798852","Telegram:Happything_s",NULL,NULL,"2025-11-05 06:47:08.661042+00"
2303,"8109112246","7050798852","Eski ahun hi belegn beza enawra man",NULL,NULL,"2025-11-05 06:47:22.658924+00"
2304,"7050798852","8109112246","Yemr alu andegnawa she is working class andegnawa 2tegna amet temari nat",NULL,NULL,"2025-11-05 06:47:24.761733+00"
2305,"7050798852","8109112246","R u girl",NULL,NULL,"2025-11-05 06:47:44.326427+00"
2306,"8109112246","7050798852","Esh be telegram hi belegn",NULL,NULL,"2025-11-05 06:47:49.096855+00"
2307,"8109112246","7050798852","Can u help me get her telegram?",NULL,NULL,"2025-11-05 06:48:41.76776+00"
2308,"8363986202","462966491","I just want to check if ur the girl i had a crush i hope it is ok , i only know ur name and ur face",NULL,NULL,"2025-11-05 06:53:41.525921+00"
2309,"462966491","8363986202","Okay sure tell me what my name is and I’ll tell you if you’re right or not",NULL,NULL,"2025-11-05 06:55:16.792091+00"
2310,"7050798852","7277297826","Are u girl or boy",NULL,NULL,"2025-11-05 06:55:49.866823+00"
2311,"8363986202","462966491","Is fiyameta ur pseudonym if it is ur not the girl",NULL,NULL,"2025-11-05 06:57:47.009759+00"
2312,"462966491","8363986202","Yeah its not my real name",NULL,NULL,"2025-11-05 06:59:19.988775+00"
2313,"462966491","8363986202","Good luck finding you crush lol",NULL,NULL,"2025-11-05 06:59:48.697569+00"
2314,"6692034060","7679369663","Hey there",NULL,NULL,"2025-11-05 07:32:27.629614+00"
2315,"7679369663","6692034060","Hey",NULL,NULL,"2025-11-05 07:33:20.305254+00"
2316,"6692034060","7679369663","Can we get to know each other?",NULL,NULL,"2025-11-05 07:34:12.706967+00"
2317,"7679369663","6692034060","Sure but is there something u wanna talk about?",NULL,NULL,"2025-11-05 07:35:55.684974+00"
2318,"6692034060","7679369663","I just want friendship. I am a male btw",NULL,NULL,"2025-11-05 07:37:09.131755+00"
2319,"6307144522","400568980","Yo",NULL,NULL,"2025-11-05 07:45:59.850674+00"
2320,"8333529926","7686939779","So, what r u up to now?

Wanna move to chat",NULL,NULL,"2025-11-05 07:49:38.300341+00"
2321,"7277297826","7050798852","Boy",NULL,NULL,"2025-11-05 07:50:04.568414+00"
2322,"7050798852","8109112246","So r u girl or boy",NULL,NULL,"2025-11-05 07:50:13.796789+00"
2323,"8109112246","7050798852","Im boy why,?",NULL,NULL,"2025-11-05 07:58:12.277842+00"
2324,"8109112246","7050798852","So r u girl or boy?",NULL,NULL,"2025-11-05 08:00:50.530089+00"
2325,"6512706008","8389245936","Hey just curious when the girl went missing sra botawa hedek check argehatal?",NULL,NULL,"2025-11-05 09:08:18.111034+00"
2326,"8389245936","6512706008","She is dead.",NULL,NULL,"2025-11-05 09:10:37.483807+00"
2330,"8389245936","6512706008","Yes, Cancer.",NULL,NULL,"2025-11-05 09:20:45.730638+00"
2844,"1098949446","8402831744","Hey girl",NULL,NULL,"2025-11-07 17:15:24.589036+00"
2855,"6499363352","5723927134","And if im not??",NULL,NULL,"2025-11-07 17:30:18.727705+00"
2864,"6872457299","558918331","Niga",NULL,NULL,"2025-11-07 18:49:25.328129+00"
3190,"1570959519","8178595410","Help bro ende",NULL,NULL,"2025-11-08 05:45:56.071856+00"
3199,"8178595410","1570959519","Handsome yemeselugn nw yelakuleh😏",NULL,NULL,"2025-11-08 05:52:52.271176+00"
3200,"1570959519","8178595410","They are not bro",NULL,NULL,"2025-11-08 05:53:03.279773+00"
3201,"8178595410","1570959519","Esh beka lela kayew elikilihalew",NULL,NULL,"2025-11-08 05:53:26.122335+00"
3202,"8178595410","1570959519","Ena ante ga 1m set yelechm balege yehonech 🤷‍♂🤷‍♂😏😏😒🤧",NULL,NULL,"2025-11-08 05:53:52.409209+00"
3203,"1570959519","8178595410","Ay beka club gar hed ena kagengeh bedat eshi ene alfelegem beka set yishalegnal bakhn hehe lefeleg",NULL,NULL,"2025-11-08 05:54:22.639883+00"
3343,"6762656767","1103065697","@gocebew",NULL,NULL,"2025-11-08 16:29:20.862983+00"
3344,"1570959519","6504427565","??",NULL,NULL,"2025-11-08 16:33:19.848601+00"
3703,"6110336587","8484666325","Heyy",NULL,NULL,"2025-11-09 06:50:32.855379+00"
4106,"8178595410","1511108148","Esh birr listek ena",NULL,NULL,"2025-11-09 12:37:42.151344+00"
4108,"8178595410","1511108148","Can u find me accounts girl to fuck?",NULL,NULL,"2025-11-09 12:37:57.475063+00"
4109,"8178595410","1511108148","Temari",NULL,NULL,"2025-11-09 12:38:04.39448+00"
4122,"1609398709","6369586656","hii",NULL,NULL,"2025-11-09 12:40:40.716008+00"
4129,"1838365662","1609398709","Heyyy i just want to make some friends kaldebereh bro weym kaldeberesh",NULL,NULL,"2025-11-09 13:25:31.87114+00"
4137,"1246961688","1241455590","Like your real name?",NULL,NULL,"2025-11-09 14:16:49.300858+00"
4142,"5690353758","1609398709","hi daisy",NULL,NULL,"2025-11-09 14:27:33.587048+00"
4144,"1051120004","1246961688","Yoo",NULL,NULL,"2025-11-09 14:30:18.858194+00"
4145,"1246961688","1051120004","What's upp",NULL,NULL,"2025-11-09 14:30:31.42208+00"
4152,"1051120004","1246961688","Not even, i’m in eau and i don’t even know how i got here lol",NULL,NULL,"2025-11-09 14:38:37.955078+00"
4155,"1246961688","1051120004","So you want to be?",NULL,NULL,"2025-11-09 14:40:23.46168+00"
4164,"1246961688","1051120004","Oh are you a nerd?",NULL,NULL,"2025-11-09 14:48:31.156203+00"
4165,"1246961688","1051120004","Management and I'm 20",NULL,NULL,"2025-11-09 14:48:48.169969+00"
4166,"1051120004","1246961688","Not at all i wish i was a nerd endewm this engineering shit kinda difficult 😂",NULL,NULL,"2025-11-09 14:49:35.36788+00"
4179,"1051120004","1246961688","i honestly don’t remember but whatever 😂",NULL,NULL,"2025-11-09 14:57:05.107593+00"
4393,"6286671588","855757095","Dude i am a big music person whats ur fav music",NULL,NULL,"2025-11-09 19:15:44.599749+00"
4399,"855757095","6286671588","you'll prolly find one around 6k tho just ask around",NULL,NULL,"2025-11-09 19:19:17.277037+00"
4409,"855757095","6286671588","i was the same was last year when i came to 5 kilo
i've bounced back now so you'll get used to it",NULL,NULL,"2025-11-09 19:31:50.682046+00"
4416,"855757095","6286671588","awwwwwww stawwwwwwp are you saying i'm good at giving advice☺️",NULL,NULL,"2025-11-09 19:33:36.772218+00"
4418,"6286671588","855757095","Ur officially the 3rd person ik here",NULL,NULL,"2025-11-09 19:33:59.255066+00"
4420,"6286671588","855757095","Nah we're 4 and 1 is 2nd year so he doesnt even talk to as the other one mulu ye highschool jemaw ezi nachew so tewat weto mata new migebaw and the last one is cool gn esum his hb is here leza kesu gar new",NULL,NULL,"2025-11-09 19:37:09.485162+00"
4688,"5546122887","6499363352","It's so weird to talk here uk 😂 drop your @",NULL,NULL,"2025-11-11 03:51:09.48567+00"
4844,"1767733168","756628801","Girl",NULL,NULL,"2025-11-11 15:26:11.478277+00"
4850,"797847663","992176019","Oh shi that was a reply to the confession mb",NULL,NULL,"2025-11-11 15:32:52.228707+00"
4851,"1246961688","466664482","Heyy",NULL,NULL,"2025-11-11 15:33:56.718364+00"
5082,"6196465621","7826484265","Are a girl?",NULL,NULL,"2025-11-12 07:18:02.117471+00"
5095,"7826484265","6196465621","Yess u will cum first for sure",NULL,NULL,"2025-11-12 07:42:38.22211+00"
5115,"5183845073","7623717059","Mnew?",NULL,NULL,"2025-11-12 07:53:03.470704+00"
5133,"6499363352","2049647099","I aint tellin u that",NULL,NULL,"2025-11-12 08:15:28.383833+00"
5299,"1871602817","797847663","Hey Mis winter",NULL,NULL,"2025-11-12 15:34:15.873992+00"
5302,"7623717059","8223038699","Hi",NULL,NULL,"2025-11-12 16:17:08.03358+00"
5314,"7623717059","8223038699","👌",NULL,NULL,"2025-11-12 16:26:56.187247+00"
5316,"8223038699","7623717059","Well, I am a t. who wants to remove the d!ck.",NULL,NULL,"2025-11-12 16:31:08.831512+00"
5334,"7623717059","8223038699","Ye aa lij nh?or",NULL,NULL,"2025-11-12 16:59:21.768911+00"
5336,"5549429806","7277297826","Which gibi are u",NULL,NULL,"2025-11-12 17:02:33.877086+00"
5344,"8223038699","7623717059","Good luck finding a top",NULL,NULL,"2025-11-12 17:13:25.448709+00"
5457,"7231257941","1246961688","Arora🥰",NULL,NULL,"2025-11-13 07:54:31.311244+00"
5461,"7547849911","1469773444","Alehu endet neh or nesh😁",NULL,NULL,"2025-11-13 08:05:23.415429+00"
5475,"1738671412","1445110293","??",NULL,NULL,"2025-11-13 08:30:18.935348+00"
5481,"1445110293","1738671412","yes last year but know am out",NULL,NULL,"2025-11-13 08:37:36.437282+00"
5669,"466664482","1246961688","Y",NULL,NULL,"2025-11-13 14:56:44.025574+00"
5672,"8151671672","1834543510","Hey girl hw are u",NULL,NULL,"2025-11-13 14:59:13.064878+00"
5907,"8200911384","7948534478","Yow sup",NULL,NULL,"2025-11-13 19:33:55.560974+00"
5912,"7948534478","8200911384","Yeahhh",NULL,NULL,"2025-11-13 19:42:05.697662+00"
5934,"1722589537","5779531688","What is the right person for You",NULL,NULL,"2025-11-13 19:52:49.183405+00"
5939,"5779531688","7963453467","Good... u?",NULL,NULL,"2025-11-13 19:59:27.917999+00"
5942,"7963453467","5779531688","Can i ask u a question respectfully",NULL,NULL,"2025-11-13 20:00:12.633971+00"
5951,"6110336587","1246059259","Heyy",NULL,NULL,"2025-11-13 20:14:21.817367+00"
5952,"1722589537","5779531688","Avereage look?",NULL,NULL,"2025-11-13 20:14:34.749469+00"
5963,"6110336587","1246059259","Well u don know
Me😊",NULL,NULL,"2025-11-13 20:17:55.214426+00"
5970,"1469773444","1781787035","Hey Selam",NULL,NULL,"2025-11-13 20:26:24.277122+00"
5972,"5636401129","1722589537","Gd how ru",NULL,NULL,"2025-11-13 20:27:04.189416+00"
5977,"1781787035","1469773444","hey",NULL,NULL,"2025-11-13 20:29:10.197411+00"
5978,"1722589537","5636401129","How old r u",NULL,NULL,"2025-11-13 20:29:13.358288+00"
5981,"1469773444","8161990253","Hey",NULL,NULL,"2025-11-13 20:29:34.99172+00"
5993,"5636401129","1722589537","What do u do?

Yeah kinda",NULL,NULL,"2025-11-13 20:35:24.841874+00"
6003,"451257119","6110336587","hello",NULL,NULL,"2025-11-13 20:48:47.009749+00"
6005,"451257119","6110336587","are we on date platform ?",NULL,NULL,"2025-11-13 20:50:42.958297+00"
6010,"6110336587","451257119","Tell mw then i will tell you
Just tell me ende",NULL,NULL,"2025-11-13 20:55:12.017507+00"
6011,"451257119","6110336587","nahhhh you go first",NULL,NULL,"2025-11-13 20:55:40.954568+00"
6025,"1722589537","5636401129","+6

what's your limit",NULL,NULL,"2025-11-13 21:00:23.228062+00"
6032,"451257119","6110336587","Night",NULL,NULL,"2025-11-13 21:03:37.13625+00"
6034,"1469773444","6038939849","No why ?",NULL,NULL,"2025-11-13 21:04:16.412088+00"
6035,"5636401129","1722589537","Idk there might not be limit if our desire nd energy match",NULL,NULL,"2025-11-13 21:04:32.710384+00"
6098,"477462298","466664482","Hi",NULL,NULL,"2025-11-14 03:51:44.654007+00"
6195,"5015840197","5183845073","Unfriendme404",NULL,NULL,"2025-11-14 08:50:16.147858+00"
6197,"6499363352","1469773444","Orion",NULL,NULL,"2025-11-14 09:15:00.641051+00"
6199,"6499363352","1469773444","No lol i mean what does orion mean",NULL,NULL,"2025-11-14 09:18:45.341697+00"
6203,"1469773444","6499363352","What do y mean by other she",NULL,NULL,"2025-11-14 09:25:51.048733+00"
2327,"6512706008","8389245936","Oh my god temelshe eyanebebkut neber ur vent she’s gone stil I thought she left the place am so sorry about that 
Tama new?",NULL,NULL,"2025-11-05 09:14:03.760668+00"
2328,"6512706008","8389245936","Oh my god temelshe eyanebebkut neber ur vent she’s gone stil I thought she left the place am so sorry about that 
Tama new?",NULL,NULL,"2025-11-05 09:14:28.390426+00"
2329,"278637012","7553206571","What's up bro",NULL,NULL,"2025-11-05 09:19:54.19955+00"
2331,"6512706008","8389245936","How are u managing with everything that’s going on?",NULL,NULL,"2025-11-05 09:51:24.430325+00"
2332,"8389245936","6512706008","I mean honestly I am trying.....I am meeting new people, I'm being open about it instead of holding it in.",NULL,NULL,"2025-11-05 10:12:18.153932+00"
2333,"6512706008","8389245936","Honestly that’s really good I’m glad u are trying and opening up  that’s not easy to do
How long is it since she’s gone",NULL,NULL,"2025-11-05 10:20:00.630044+00"
2334,"8389245936","6512706008","Its been almost 2 years ...",NULL,NULL,"2025-11-05 10:34:22.854302+00"
2335,"6977599613","8265101763","You a mna or a girl?",NULL,NULL,"2025-11-05 10:38:30.523084+00"
2336,"6512706008","8389245936","What’s been helping you the most lately?",NULL,NULL,"2025-11-05 10:38:33.844409+00"
2337,"8265101763","6977599613","I'm a man, you?",NULL,NULL,"2025-11-05 10:38:54.698823+00"
2338,"8109112246","5014292785","Anch kidm mn endarekush ayesh😂",NULL,NULL,"2025-11-05 10:39:27.218572+00"
2339,"6977599613","8265101763","Man too",NULL,NULL,"2025-11-05 10:41:56.183111+00"
2340,"6977599613","8265101763","Am not the confessor too so",NULL,NULL,"2025-11-05 10:42:04.223523+00"
2341,"8389245936","6512706008","......Dating for the most part. I just want to believe that there are other girls too.",NULL,NULL,"2025-11-05 10:44:27.078288+00"
2342,"6512706008","8389245936","So are u in relationship ?",NULL,NULL,"2025-11-05 10:45:28.231131+00"
2343,"6977599613","6110336587","Hey, u a man?",NULL,NULL,"2025-11-05 10:46:33.77808+00"
2344,"6977599613","6110336587","Or a girl",NULL,NULL,"2025-11-05 10:46:42.127201+00"
2345,"6110336587","6977599613","A man",NULL,NULL,"2025-11-05 10:46:55.648083+00"
2346,"8389245936","6512706008","No I am not. I mean I’m not trying to rush into anything , I just want to meet people, share moments, and maybe find someone whose soul feels familiar. But sometimes, when I open up about my past, people get scared. They hear that I once lost the love of my life to cancer, and they think my heart is still living in the past that I could never love again the same way.
What they don’t see is that love didn’t break me, it shaped me. It taught me how precious time is, how deep love can go, and how rare it is to find someone who makes the world feel gentle again. I’m not searching for what I lost  I’m hoping to build something new, something real, with someone brave enough to see that my heart still knows how to love… maybe even more deeply than before.",NULL,NULL,"2025-11-05 11:02:17.704218+00"
2347,"6512706008","8389245936","That’s really deep u have been through a lot but you still speak with so much hope 
u are such a positive man kemer",NULL,NULL,"2025-11-05 11:13:09.466285+00"
2348,"8389245936","6512706008","Thanks. And you are such a good listener I mean reader😊",NULL,NULL,"2025-11-05 11:16:41.58365+00"
2349,"6512706008","8389245936","Aw thank you 😊 u make it easy to read 
too
May I ask ur name?",NULL,NULL,"2025-11-05 11:19:47.777238+00"
2350,"8389245936","6512706008","I am Michael.
What's yours?",NULL,NULL,"2025-11-05 11:21:00.701601+00"
2351,"6512706008","8389245936","Sipara",NULL,NULL,"2025-11-05 11:21:27.134282+00"
2352,"8389245936","6512706008","Pretty name. I bet it comes with a beautiful smile too 😊",NULL,NULL,"2025-11-05 11:25:20.209627+00"
2353,"6512706008","8389245936","It is 😁
U said ur 25 right?",NULL,NULL,"2025-11-05 11:29:08.211757+00"
2354,"8389245936","6512706008","I am 27 now. That was 2 years ago.",NULL,NULL,"2025-11-05 11:31:28.950979+00"
2355,"8389245936","6512706008","How about you?",NULL,NULL,"2025-11-05 11:31:45.959775+00"
2356,"6512706008","8389245936","Am 23",NULL,NULL,"2025-11-05 11:31:58.340606+00"
2357,"6512706008","8389245936","So are u still doing ur masters degree or chersekal",NULL,NULL,"2025-11-05 11:32:27.170368+00"
2358,"8389245936","6512706008","I am still doing my masters.",NULL,NULL,"2025-11-05 11:35:41.997283+00"
2359,"5690353758","1609398709","girl can i inbox you???",NULL,NULL,"2025-11-05 11:36:53.66691+00"
2360,"6512706008","8389245936","In what field?",NULL,NULL,"2025-11-05 11:36:59.397027+00"
2361,"1609398709","5690353758","??",NULL,NULL,"2025-11-05 11:38:00.001744+00"
2362,"8389245936","6512706008","MBA",NULL,NULL,"2025-11-05 11:40:17.100827+00"
2363,"8389245936","6512706008","How about you ?",NULL,NULL,"2025-11-05 11:40:34.230593+00"
2364,"6512706008","8389245936","Am a 3rd year pharmacy student",NULL,NULL,"2025-11-05 11:43:58.350807+00"
2365,"6512706008","8389245936","What do u do for a living?",NULL,NULL,"2025-11-05 11:44:10.565091+00"
2366,"8389245936","6512706008","I am a digital marketing specialist. Working in the  I - gaming industry.",NULL,NULL,"2025-11-05 11:48:04.293536+00"
2367,"6512706008","8389245936","Huh 🤔 my first time hearing it",NULL,NULL,"2025-11-05 11:49:11.873929+00"
2368,"8389245936","6512706008","Which one? the job or the industry...",NULL,NULL,"2025-11-05 11:53:02.096587+00"
2369,"6512706008","8389245936","The industry",NULL,NULL,"2025-11-05 11:57:27.637358+00"
2370,"7050798852","829653636","R u boy or girl",NULL,NULL,"2025-11-05 12:01:37.732304+00"
2371,"7050798852","829653636","And What about ur sexuality",NULL,NULL,"2025-11-05 12:02:43.842117+00"
2372,"829653636","7050798852","I'm a boy",NULL,NULL,"2025-11-05 12:04:05.994361+00"
2373,"829653636","7050798852","Bi",NULL,NULL,"2025-11-05 12:04:08.951031+00"
2374,"7050798852","829653636","So I am new to gay things can u gide me",NULL,NULL,"2025-11-05 12:05:03.980253+00"
2375,"8389245936","6512706008","So it's basically about online incentivized games.

Hey, Is it okay if we share contacts so we can talk outside here ...?",NULL,NULL,"2025-11-05 12:05:26.483374+00"
2376,"829653636","7050798852","Yea text me your account",NULL,NULL,"2025-11-05 12:06:32.617984+00"
2377,"7050798852","829653636","@Fukle786",NULL,NULL,"2025-11-05 12:06:48.865556+00"
2378,"6512706008","8389245936","Sure send me ur username name and I will say hey",NULL,NULL,"2025-11-05 12:07:13.182762+00"
2379,"7050798852","829653636","How did u get in this situation",NULL,NULL,"2025-11-05 12:07:14.490647+00"
2380,"8389245936","6512706008","@mike3t",NULL,NULL,"2025-11-05 12:10:38.646219+00"
2381,"8109112246","6194922788","Hey",NULL,NULL,"2025-11-05 12:14:25.862887+00"
2382,"6380670350","8317962343","Hello",NULL,NULL,"2025-11-05 12:21:48.136595+00"
2383,"6380670350","8317962343","Bb",NULL,NULL,"2025-11-05 12:24:41.388649+00"
2384,"6194922788","8109112246","Hey",NULL,NULL,"2025-11-05 12:24:53.725875+00"
2385,"8411844354","7058670155","Bro u r correct",NULL,NULL,"2025-11-05 12:38:06.293194+00"
2386,"8411844354","7058670155","R u here",NULL,NULL,"2025-11-05 12:38:40.712378+00"
2387,"7058670155","8411844354","Thanks for your understanding 👍",NULL,NULL,"2025-11-05 12:38:41.95539+00"
2388,"8411844354","7058670155","I'gay  but g",NULL,NULL,"2025-11-05 12:39:14.156387+00"
2389,"7058670155","8411844354","?",NULL,NULL,"2025-11-05 12:41:05.967552+00"
2390,"8411844354","7058670155","If ur gay tell me we will fuck",NULL,NULL,"2025-11-05 12:41:31.673595+00"
2391,"7058670155","8411844354","እናትን ልብዳ አንተ ቡሽጢ 🤬",NULL,NULL,"2025-11-05 12:42:01.829795+00"
2392,"6490842744","8178595410","Wanna fuck?",NULL,NULL,"2025-11-05 12:42:09.513911+00"
2393,"8178595410","6490842744","Are u male or female?",NULL,NULL,"2025-11-05 12:42:29.257473+00"
2394,"8411844354","7058670155","U want see my dick",NULL,NULL,"2025-11-05 12:42:29.2214+00"
2395,"6490842744","8178595410","Male",NULL,NULL,"2025-11-05 12:42:38.631202+00"
2396,"8178595410","6490842744","Tebeda man enem male negn😭😭😂",NULL,NULL,"2025-11-05 12:42:54.188812+00"
2397,"8178595410","6490842744","Ena simaa...",NULL,NULL,"2025-11-05 12:43:06.84147+00"
2398,"8178595410","6490842744","Mebedat mtfeleg set alech ende mtakat?",NULL,NULL,"2025-11-05 12:43:21.90492+00"
2399,"6490842744","8178595410","Bdatam ye set emoji lemn arek",NULL,NULL,"2025-11-05 12:43:39.081406+00"
2400,"8178595410","6490842744","Bkh zm biye😂",NULL,NULL,"2025-11-05 12:43:52.794069+00"
2401,"8178595410","6490842744","Mebedat mtfeleg set alech ende mtakat?",NULL,NULL,"2025-11-05 12:44:03.835825+00"
2402,"6490842744","8178595410","Gay neh ende lutiyam",NULL,NULL,"2025-11-05 12:44:08.463432+00"
2403,"8178595410","6490842744","No adelehum",NULL,NULL,"2025-11-05 12:44:21.260468+00"
2404,"8178595410","6490842744","Mebedat mtfeleg set alech ende mtakat?",NULL,NULL,"2025-11-05 12:44:24.998986+00"
2405,"6490842744","8178595410","Btnorem le alsetm",NULL,NULL,"2025-11-05 12:44:33.270965+00"
2417,"8411844354","7058670155","Just send me ur pic first",NULL,NULL,"2025-11-05 12:51:25.304918+00"
2421,"8411844354","7058670155","??",NULL,NULL,"2025-11-05 12:53:29.09193+00"
2423,"6194922788","8109112246","I am a human female.",NULL,NULL,"2025-11-05 12:55:15.2921+00"
2427,"6194922788","8109112246","I don’t like phone calls",NULL,NULL,"2025-11-05 12:56:19.105662+00"
2429,"8109112246","6194922788","Telegram lay enawra?",NULL,NULL,"2025-11-05 12:56:56.835265+00"
2431,"8109112246","6194922788","Mndnw mtfelegew esh ngregn ...im here for you!",NULL,NULL,"2025-11-05 12:57:36.832861+00"
2451,"6194922788","8109112246","My face is cute (it’s weird for me to rank it but I am not considered chopped)",NULL,NULL,"2025-11-05 13:15:18.013957+00"
2846,"1098949446","8402831744","A man i guess you wanna see 🤣",NULL,NULL,"2025-11-07 17:16:43.632488+00"
2857,"5723927134","6499363352","U can call me JA",NULL,NULL,"2025-11-07 17:31:20.847533+00"
2863,"1570959519","829653636","Text me on tg",NULL,NULL,"2025-11-07 18:24:29.209552+00"
2878,"1570959519","1940613654","Hi",NULL,NULL,"2025-11-07 19:46:17.040288+00"
2884,"1940613654","1570959519","I am not a girl just so u know.",NULL,NULL,"2025-11-07 19:52:17.457105+00"
2886,"1722589537","1834543510","Hey male sex addict",NULL,NULL,"2025-11-07 19:56:10.141893+00"
2890,"1834543510","1722589537","r u a girl?",NULL,NULL,"2025-11-07 19:59:38.216305+00"
2895,"1834543510","1722589537","Same",NULL,NULL,"2025-11-07 20:04:06.97019+00"
3193,"1570959519","8178595410","U sure gn he is zesty?",NULL,NULL,"2025-11-08 05:47:34.956756+00"
3346,"5229975567","1924682462","sup",NULL,NULL,"2025-11-08 16:54:06.726032+00"
3359,"5229975567","1924682462","i ain't no dishwasher gng 🥀✌️",NULL,NULL,"2025-11-08 17:05:19.654359+00"
3360,"6504427565","1570959519","Gay negn",NULL,NULL,"2025-11-08 17:05:45.519135+00"
3361,"6504427565","1570959519","Sory koyche selemelesku",NULL,NULL,"2025-11-08 17:06:00.014667+00"
3363,"1570959519","6504427565","Np and yas im attracted towards men i like wonen but men ughhh",NULL,NULL,"2025-11-08 17:12:38.000545+00"
3365,"6504427565","1570959519","19",NULL,NULL,"2025-11-08 17:16:21.128305+00"
3372,"1570959519","6504427565","No im not in aau tho 4 kilo private colledge lela new memarew",NULL,NULL,"2025-11-08 17:17:36.886094+00"
3376,"6504427565","1570959519","2nd 🙃",NULL,NULL,"2025-11-08 17:18:37.033068+00"
3704,"8484666325","6110336587","Hola 👋",NULL,NULL,"2025-11-09 06:51:55.672315+00"
3707,"5014292785","6369586656","Damn what a coincidence like I was going to comment and then you sent this",NULL,NULL,"2025-11-09 06:53:23.185117+00"
3710,"6369586656","5014292785","Lmao yea",NULL,NULL,"2025-11-09 06:57:21.907951+00"
3711,"6369586656","5014292785","Damn that's a controversial shit u said there I can't answer that tbh",NULL,NULL,"2025-11-09 06:57:41.77896+00"
4132,"1241455590","1246961688","hello✋",NULL,NULL,"2025-11-09 14:13:54.96689+00"
4148,"1246961688","1051120004","Samee I liked your answer in one of the confession",NULL,NULL,"2025-11-09 14:33:07.667278+00"
4426,"855757095","6286671588","they'll be 2nd years",NULL,NULL,"2025-11-09 19:40:32.414693+00"
4441,"855757095","6286671588","ere endeza blo neger yelem don't do anything you're not comfortable with",NULL,NULL,"2025-11-09 19:50:56.283558+00"
4449,"855757095","6286671588","endeeee wdym what benefits do we have😭",NULL,NULL,"2025-11-09 19:56:40.969955+00"
4453,"6286671588","855757095","Idk milka ijdk",NULL,NULL,"2025-11-09 20:01:49.800184+00"
4466,"6286671588","855757095","I eat take out like on bue (i dont wanna eat that gen like forever bechayen meblat alemedkum ena bechayen sebela i feel weird so i do bue) esu kalhone gn my dormmate(the cool one) jelesu saynor abren ferfer tera mnamn enehedalen",NULL,NULL,"2025-11-09 20:11:47.478581+00"
4689,"6499363352","5546122887","Whyyyy",NULL,NULL,"2025-11-11 03:51:35.585962+00"
4690,"5546122887","6499363352","The details in the inbox girl",NULL,NULL,"2025-11-11 03:52:05.931555+00"
4709,"7699820988","6499363352","Are you a virgin",NULL,NULL,"2025-11-11 04:28:05.253298+00"
4742,"1568889911","829653636","Ik ik",NULL,NULL,"2025-11-11 05:31:58.554383+00"
4845,"992176019","797847663","I'm guessing you're a freshman?",NULL,NULL,"2025-11-11 15:28:38.897129+00"
4853,"466664482","1246961688","Sera fet😂",NULL,NULL,"2025-11-11 15:35:22.465295+00"
4856,"1246961688","466664482","Pervert😖",NULL,NULL,"2025-11-11 15:36:27.509714+00"
5084,"7826484265","6196465621","Hello?",NULL,NULL,"2025-11-12 07:27:15.143487+00"
5091,"1408002992","5980085144","first of all are you F or M?",NULL,NULL,"2025-11-12 07:37:13.518452+00"
5106,"5183845073","7623717059","Are you a girl ?",NULL,NULL,"2025-11-12 07:50:48.054071+00"
5110,"1201453400","1408002992","Why did you text?",NULL,NULL,"2025-11-12 07:51:35.61175+00"
5127,"6196465621","7826484265","So you're a dude 😁",NULL,NULL,"2025-11-12 08:01:12.193821+00"
5304,"7623717059","8223038699","Rl",NULL,NULL,"2025-11-12 16:17:46.182204+00"
5319,"7623717059","8223038699","Okay",NULL,NULL,"2025-11-12 16:34:59.516605+00"
5339,"5549429806","7277297826","/help",NULL,NULL,"2025-11-12 17:05:25.640329+00"
5356,"8223038699","7623717059","At least not right now. rn I am at all time low 😭",NULL,NULL,"2025-11-12 17:45:30.61905+00"
5358,"8223038699","7623717059","Ok",NULL,NULL,"2025-11-12 17:48:08.442716+00"
5458,"5010994956","1469773444","Alen Alen",NULL,NULL,"2025-11-13 08:02:07.124528+00"
5472,"8262150907","7948131858","Have no idea I made it up myself 😂 was searching for unique name ena wait ruz eko ewedalew alku then ruzela just popped up",NULL,NULL,"2025-11-13 08:29:37.478943+00"
5473,"1738671412","1445110293","What up broski, are you the who dm'ed me",NULL,NULL,"2025-11-13 08:30:04.09679+00"
5491,"7547849911","1469773444","Send me ur user or number",NULL,NULL,"2025-11-13 09:01:41.846992+00"
5678,"466664482","1246961688","/help",NULL,NULL,"2025-11-13 15:00:10.540747+00"
5910,"5779531688","1722589537","How are you doing ☺️",NULL,NULL,"2025-11-13 19:38:52.601155+00"
5924,"797847663","8332818063","I'm chilling",NULL,NULL,"2025-11-13 19:48:22.018355+00"
5943,"5779531688","7963453467","What did you wanna ask?",NULL,NULL,"2025-11-13 20:11:17.304255+00"
5947,"1722589537","5779531688","/privacy",NULL,NULL,"2025-11-13 20:13:27.043876+00"
5954,"5779531688","1722589537","But he has to have a good personality",NULL,NULL,"2025-11-13 20:15:20.528533+00"
5976,"6110336587","1246059259","Ur gender",NULL,NULL,"2025-11-13 20:28:53.380853+00"
5984,"8223038699","1469773444","I am good",NULL,NULL,"2025-11-13 20:30:32.376494+00"
5985,"1469773444","8161990253","Sry for asking r u man or woman ?",NULL,NULL,"2025-11-13 20:30:51.890567+00"
5995,"5636401129","1722589537","What abt ur work?

Ik u came here after reading my comment but I was js messing  ,I look personality and ofc height",NULL,NULL,"2025-11-13 20:38:02.411013+00"
6099,"8375243121","5931360456","Hi",NULL,NULL,"2025-11-14 04:02:42.377826+00"
6105,"6810310587","6110336587","Hey, what's up",NULL,NULL,"2025-11-14 04:32:53.163889+00"
6196,"5183845073","5015840197","Its not working for me 
Text me 

Ywywio",NULL,NULL,"2025-11-14 08:51:38.896982+00"
6201,"6499363352","1469773444","Better than nati",NULL,NULL,"2025-11-14 09:22:59.678489+00"
6204,"6499363352","1469773444","No meaning behind it",NULL,NULL,"2025-11-14 09:28:36.06894+00"
6205,"1469773444","6499363352","So r always relying to the confession be selam new ?",NULL,NULL,"2025-11-14 09:29:35.77801+00"
6209,"477462298","8132883465","Hey so you down?",NULL,NULL,"2025-11-14 09:37:34.558756+00"
6210,"8274317025","466664482","Hey assignment girl",NULL,NULL,"2025-11-14 09:38:59.795739+00"
6211,"1469773444","6499363352","In every confession",NULL,NULL,"2025-11-14 09:41:20.524381+00"
6212,"6499363352","1469773444","Oh 
Bcuz i have a lot to say 
Can i not",NULL,NULL,"2025-11-14 09:42:14.671107+00"
2406,"8411844354","7058670155","Bro let me tell u some things",NULL,NULL,"2025-11-05 12:44:37.303356+00"
2847,"1098949446","8402831744","But you a boy i guess",NULL,NULL,"2025-11-07 17:16:52.847181+00"
2852,"1098949446","8402831744","🤣🤣🤣🤣 eshi maneye yemechish",NULL,NULL,"2025-11-07 17:19:34.594243+00"
2858,"5723927134","6499363352","U?",NULL,NULL,"2025-11-07 17:31:42.526364+00"
2860,"6499363352","5723927134","Bruhhhh",NULL,NULL,"2025-11-07 17:32:17.766499+00"
2868,"1570959519","6179841738","Ok text me cls_wizz",NULL,NULL,"2025-11-07 18:56:18.188368+00"
2871,"7606466781","1756054636","@kbsbsvsv dm",NULL,NULL,"2025-11-07 18:59:21.659542+00"
2874,"1570959519","6179841738","Hi",NULL,NULL,"2025-11-07 19:23:58.491649+00"
2876,"6307144522","400568980","Hi",NULL,NULL,"2025-11-07 19:33:24.732879+00"
2889,"1834543510","1722589537","Fine",NULL,NULL,"2025-11-07 19:59:20.435964+00"
2892,"1722589537","1834543510","Man",NULL,NULL,"2025-11-07 20:03:07.39973+00"
2893,"1834543510","1722589537","Snt ameth new?",NULL,NULL,"2025-11-07 20:03:41.149466+00"
2894,"1722589537","1834543510","24 u",NULL,NULL,"2025-11-07 20:03:54.517231+00"
3210,"7414421121","6149607586","Hey",NULL,NULL,"2025-11-08 07:31:07.922983+00"
3215,"8089892193","6739609696","Fjhg",NULL,NULL,"2025-11-08 07:51:28.10742+00"
3223,"411388600","1834543510","Why did u ask me if I was a  girl 😂🙄",NULL,NULL,"2025-11-08 08:00:16.887809+00"
3347,"1834543510","8355541705","Hi",NULL,NULL,"2025-11-08 16:54:30.807688+00"
3350,"8355541705","1834543510","Why does it matter",NULL,NULL,"2025-11-08 16:56:46.369963+00"
3705,"6369586656","5014292785","I mean what's your confession I'm curious",NULL,NULL,"2025-11-09 06:53:00.229592+00"
3706,"5014292785","6369586656","So real. Like what do you mean when you say you would die for your religion who are you worshiping God or the human Made  Institution?",NULL,NULL,"2025-11-09 06:53:00.890179+00"
4135,"1246961688","1241455590","I'm good, so what's your name",NULL,NULL,"2025-11-09 14:15:49.535155+00"
4153,"1246961688","1051120004","Lol what's eau tho",NULL,NULL,"2025-11-09 14:39:15.004132+00"
4175,"1609398709","6369586656","yes i dooo i used to think they're rare too but they're all over lol",NULL,NULL,"2025-11-09 14:53:42.993527+00"
4450,"6286671588","855757095","First let me meet the one to take to dates",NULL,NULL,"2025-11-09 19:57:02.969886+00"
4465,"855757095","6286671588","didn't you meet alot of people on this channel",NULL,NULL,"2025-11-09 20:10:24.333739+00"
4467,"6286671588","855757095","I did most of them ignored me most don even know how to talk",NULL,NULL,"2025-11-09 20:12:24.604716+00"
4469,"855757095","6286671588","i'm here",NULL,NULL,"2025-11-09 20:17:34.335987+00"
4691,"6499363352","5546122887","Give me ur @",NULL,NULL,"2025-11-11 03:52:26.26483+00"
4699,"7795615574","8593284625","what year are h",NULL,NULL,"2025-11-11 04:06:53.979447+00"
4702,"7795615574","8593284625","Malet",NULL,NULL,"2025-11-11 04:07:55.203047+00"
4707,"865881783","1570959519","boii idk 😂😂😭 well twins lol",NULL,NULL,"2025-11-11 04:25:44.179776+00"
4846,"797847663","992176019","Not supporting feminism is not the flex you think it is, you're basically against basic human rights of human if that's not satanic then idk what is💀",NULL,NULL,"2025-11-11 15:28:51.34876+00"
5085,"6196465621","7826484265","So you said that you will satisfy me, how you gonna do that. I mean what different thing do u have from the other girls",NULL,NULL,"2025-11-12 07:29:01.903946+00"
5088,"1408002992","5980085144",NULL,"CAACAgIAAxkBAAGIWjxpFDj4n7vi2dNC9ixNKRMd3rdKVAACGgADkP2aFY_mEwoyXsDPNgQ",NULL,"2025-11-12 07:36:25.216809+00"
5100,"1201453400","1408002992","F, why?",NULL,NULL,"2025-11-12 07:49:46.977351+00"
5105,"7623717059","5183845073","Where",NULL,NULL,"2025-11-12 07:50:39.197694+00"
5107,"7623717059","5183845073","Nop",NULL,NULL,"2025-11-12 07:51:13.479721+00"
5123,"1408002992","1201453400","thanks",NULL,NULL,"2025-11-12 07:57:39.543657+00"
5126,"1469773444","6499363352","verge2040",NULL,NULL,"2025-11-12 08:01:01.928291+00"
5138,"7868086659","7231257941","Alew endet neh",NULL,NULL,"2025-11-12 08:29:00.498169+00"
5142,"7868086659","7231257941","Eshi",NULL,NULL,"2025-11-12 08:31:58.914033+00"
5310,"7623717059","8223038699","I think u boy?",NULL,NULL,"2025-11-12 16:22:23.202771+00"
5311,"8223038699","7623717059","Yeah, born with a d!ck",NULL,NULL,"2025-11-12 16:23:22.626339+00"
5329,"8223038699","7623717059","No problem",NULL,NULL,"2025-11-12 16:53:28.212697+00"
5460,"1469773444","7547849911","Selam endet nesh",NULL,NULL,"2025-11-13 08:04:47.816918+00"
5469,"7547849911","1469773444","Am Muslim does it bother u?",NULL,NULL,"2025-11-13 08:25:59.057009+00"
5482,"5886466655","1246961688","@Engradeur

This is his account",NULL,NULL,"2025-11-13 08:40:12.003581+00"
5484,"1469773444","7547849911","Really ewnetun menagrsh des ylal",NULL,NULL,"2025-11-13 08:53:32.497044+00"
5487,"1445110293","1738671412","The funy thing is i learn like 3 month in st mary",NULL,NULL,"2025-11-13 08:58:19.088963+00"
5493,"1071472901","7826484265","Satisfy me 😭 i wan this to",NULL,NULL,"2025-11-13 09:07:42.309798+00"
5496,"1246961688","5886466655","Heyy",NULL,NULL,"2025-11-13 09:10:30.605067+00"
5497,"5886466655","1246961688","Hello.",NULL,NULL,"2025-11-13 09:11:39.334455+00"
5500,"6559312412","1445110293","Ena ahun aau tehejalesh ende",NULL,NULL,"2025-11-13 09:14:15.307466+00"
5509,"6559312412","1445110293","4kilo?",NULL,NULL,"2025-11-13 09:20:14.562697+00"
5685,"5886466655","1246961688","Believe me, he's a good lad fr. Not just because he is my friend.",NULL,NULL,"2025-11-13 15:02:05.643596+00"
5687,"1568889911","6332613822","Sup",NULL,NULL,"2025-11-13 15:02:39.634698+00"
5917,"5779531688","1722589537","Next year",NULL,NULL,"2025-11-13 19:44:52.528065+00"
5918,"5779531688","1722589537","I will be",NULL,NULL,"2025-11-13 19:44:58.252038+00"
5925,"8332818063","797847663","M or F",NULL,NULL,"2025-11-13 19:48:37.813934+00"
6100,"7441462247","1246059259","Hiii",NULL,NULL,"2025-11-14 04:02:54.322268+00"
6200,"1469773444","6499363352","strength in spirit, bravery in heart, greatness in presence.",NULL,NULL,"2025-11-14 09:20:48.293945+00"
6206,"6499363352","1469773444","Im what?",NULL,NULL,"2025-11-14 09:32:01.506752+00"
6208,"477462298","466664482","So you didn't tell me are you boy or girl?",NULL,NULL,"2025-11-14 09:37:02.760578+00"
6214,"1469773444","6499363352","Gbi nww yemtmariw?",NULL,NULL,"2025-11-14 09:49:15.405848+00"
6219,"466664482","477462298","Ofcourse I'm a girl and I'm not his ex if that's what you meant balefew",NULL,NULL,"2025-11-14 10:41:10.800482+00"
2407,"6490842744","8178595410","Le gay alsetm",NULL,NULL,"2025-11-05 12:44:43.287232+00"
2408,"7058670155","8411844354","Go ahead",NULL,NULL,"2025-11-05 12:45:37.614489+00"
2409,"6194922788","8109112246","Let’s not beat around the bush… fun with no attachment right?",NULL,NULL,"2025-11-05 12:45:53.755363+00"
2410,"8411844354","7058670155","Just wait for me",NULL,NULL,"2025-11-05 12:45:57.418661+00"
2411,"8411844354","7058670155","If u want i will sent every gay ppl photo",NULL,NULL,"2025-11-05 12:48:04.297496+00"
2412,"7058670155","8411844354","What does it do for me?",NULL,NULL,"2025-11-05 12:49:29.474821+00"
2413,"8411844354","7058670155","May be ur friend r also gay",NULL,NULL,"2025-11-05 12:49:48.39385+00"
2416,"8109112246","6194922788","Yes",NULL,NULL,"2025-11-05 12:51:11.314495+00"
2425,"8109112246","6194922788","Yes",NULL,NULL,"2025-11-05 12:55:47.246638+00"
2435,"6194922788","8109112246","Do you have a good teeth?",NULL,NULL,"2025-11-05 12:59:22.787932+00"
2440,"8109112246","6194922788","Happything_s....contact me on my username above pls",NULL,NULL,"2025-11-05 13:01:45.533105+00"
2442,"8109112246","6194922788","Ok got it😊😊...do u hv big tips and but?",NULL,NULL,"2025-11-05 13:02:46.748646+00"
2444,"6194922788","8109112246","What is your hair like? Long or short or clean cut?",NULL,NULL,"2025-11-05 13:04:14.956537+00"
2445,"8109112246","6194922788","Begeta I love big tits sooo badly ymr...long hair nbregn gn AAU askoretun ahun clean cut gn it suits my skull I guess 😅",NULL,NULL,"2025-11-05 13:06:25.060413+00"
2446,"8109112246","6194922788","Hey...",NULL,NULL,"2025-11-05 13:08:40.904167+00"
2448,"8109112246","6194922788","Ok...",NULL,NULL,"2025-11-05 13:10:12.870853+00"
2450,"6194922788","8109112246","Oh so you have feet fetish… what makes a feet good looking I really don’t know so you mind sending me a pic? So I can compare and let uk",NULL,NULL,"2025-11-05 13:14:12.651181+00"
2454,"6194922788","8109112246","No, i don’t want you to know who I am when we meet we meet eskezaw u don’t need to know me personally.",NULL,NULL,"2025-11-05 13:16:07.571303+00"
2458,"6194922788","8109112246","Okay I will search good feet pics beye des yebeleh",NULL,NULL,"2025-11-05 13:17:39.354094+00"
2851,"8402831744","1098949446","Heyyy",NULL,NULL,"2025-11-07 17:19:09.363758+00"
2854,"5723927134","6499363352","U better be a fine shiyat 💀",NULL,NULL,"2025-11-07 17:29:00.570164+00"
3211,"1834543510","7389792706","Hello",NULL,NULL,"2025-11-08 07:42:21.391118+00"
3213,"411388600","1834543510","Hi",NULL,NULL,"2025-11-08 07:47:37.048232+00"
3217,"411388600","1834543510","How u doin 🙂",NULL,NULL,"2025-11-08 07:55:25.984209+00"
3348,"8355541705","1834543510","Hey what's up",NULL,NULL,"2025-11-08 16:55:18.397094+00"
3354,"1609398709","6048970412","lol chegr yelewm",NULL,NULL,"2025-11-08 17:00:33.996924+00"
3355,"8355541705","1834543510","Just help from you",NULL,NULL,"2025-11-08 17:02:12.077859+00"
3356,"5229975567","1924682462","that's me",NULL,NULL,"2025-11-08 17:03:22.787568+00"
3381,"1570959519","6504427565","Cls_wizz",NULL,NULL,"2025-11-08 17:20:28.442864+00"
3708,"6110336587","8484666325","Ur gender",NULL,NULL,"2025-11-09 06:53:48.263538+00"
4136,"1241455590","1246961688","Pedri",NULL,NULL,"2025-11-09 14:16:07.731902+00"
4139,"1241455590","1246961688","and your name is aurora?",NULL,NULL,"2025-11-09 14:17:51.591939+00"
4140,"1246961688","1241455590","Are you habesha? Never heard that name",NULL,NULL,"2025-11-09 14:18:23.520954+00"
4150,"1051120004","1246961688","I’m a guy",NULL,NULL,"2025-11-09 14:35:00.196731+00"
4454,"855757095","6286671588","gov't pays 85% of our tuition so we do pay some keza 600 a year for dorm and 30k for cafe
you're lowk right😭",NULL,NULL,"2025-11-09 20:01:58.186289+00"
4455,"855757095","6286671588","why didn't you apply for gov't",NULL,NULL,"2025-11-09 20:02:13.152979+00"
4692,"5546122887","6499363352","@Nahom_Biruk
But it's the same tho  😂",NULL,NULL,"2025-11-11 03:52:45.533303+00"
4698,"7795615574","8593284625","Me is a senior that should say it",NULL,NULL,"2025-11-11 04:06:47.402106+00"
4847,"992176019","797847663","??",NULL,NULL,"2025-11-11 15:29:03.801485+00"
4849,"992176019","797847663","I'm the electrical Engineering guy?
What?
Not supporting feminism?",NULL,NULL,"2025-11-11 15:29:58.756149+00"
5087,"6196465621","7826484265","Untill now no girl had make me cum first i control my dih through my mind and i can wait until they cum first, there was a girl that last like 30 minutes but finally i won, so can you last more than her(30 minutes?",NULL,NULL,"2025-11-12 07:36:05.240556+00"
5090,"7826484265","6196465621","Yep i can last more than that",NULL,NULL,"2025-11-12 07:37:05.832783+00"
5092,"5980085144","1408002992","M",NULL,NULL,"2025-11-12 07:37:58.61368+00"
5102,"1115042518","7623717059","Hola",NULL,NULL,"2025-11-12 07:50:25.213538+00"
5108,"1201453400","1408002992","Well🤷‍♀️",NULL,NULL,"2025-11-12 07:51:26.335125+00"
5118,"1201453400","1408002992","Okayy",NULL,NULL,"2025-11-12 07:55:07.761074+00"
5122,"1201453400","1408002992","Okay.. im @MrsCoffeeJelly",NULL,NULL,"2025-11-12 07:56:58.470985+00"
5137,"7231257941","7868086659","Endet nesh",NULL,NULL,"2025-11-12 08:28:35.094805+00"
5139,"7231257941","7868086659","yemesgen enetewawaq firaol ebalalow",NULL,NULL,"2025-11-12 08:29:39.267911+00"
5315,"7623717059","8223038699","I realy need a gay boy",NULL,NULL,"2025-11-12 16:27:31.116964+00"
5317,"7623717059","8223038699","algebagnm😁",NULL,NULL,"2025-11-12 16:32:58.697321+00"
5318,"8223038699","7623717059","I want to get bottom surgery this means u won't find a dick on me.",NULL,NULL,"2025-11-12 16:34:09.512128+00"
5322,"7623717059","8223038699","Can u tell me 
Ur roll
Age
Height 
Kg
Etc",NULL,NULL,"2025-11-12 16:40:08.70661+00"
5323,"7623717059","8223038699","Zm",NULL,NULL,"2025-11-12 16:45:18.016886+00"
5333,"7623717059","8223038699","Wow nice",NULL,NULL,"2025-11-12 16:55:45.212133+00"
5347,"8223038699","7623717059","When u say, ""same with u"" I thought",NULL,NULL,"2025-11-12 17:16:18.183531+00"
5350,"8223038699","7623717059","Ahhh this gay slang. I think u were referring to ""verse""",NULL,NULL,"2025-11-12 17:18:28.333213+00"
5352,"8223038699","7623717059","But how are u gonna like a person who's a t if u are gay. It's like I don't have a dck. and my confidence on my body is too bad.",NULL,NULL,"2025-11-12 17:21:58.672739+00"
5354,"7623717059","8223038699","Don't worry",NULL,NULL,"2025-11-12 17:24:57.949614+00"
5360,"7277297826","5549429806","Text me",NULL,NULL,"2025-11-12 18:07:09.026353+00"
5463,"6367678578","5014292785","What's your username",NULL,NULL,"2025-11-13 08:13:55.975444+00"
5476,"1445110293","1738671412","you are the user woe",NULL,NULL,"2025-11-13 08:30:39.200533+00"
5477,"1738671412","1445110293","Yea bro",NULL,NULL,"2025-11-13 08:31:23.93198+00"
5690,"1834543510","5183845073","Heyy",NULL,NULL,"2025-11-13 15:05:21.617391+00"
5691,"5183845073","1834543510","How you doin",NULL,NULL,"2025-11-13 15:06:21.796551+00"
5694,"1834543510","8151671672","r u aboy?",NULL,NULL,"2025-11-13 15:06:59.494391+00"
5704,"1246961688","5886466655","Okay I'll put that into consideration😂 and I'll text him later",NULL,NULL,"2025-11-13 15:10:29.115259+00"
5718,"1834543510","8402831744","Yaeh r u aboy?",NULL,NULL,"2025-11-13 15:18:09.698191+00"
5719,"1834543510","8402831744","*yeah",NULL,NULL,"2025-11-13 15:18:23.311222+00"
5722,"8402831744","1834543510","No if I was a guy it would have been so weird eko😭",NULL,NULL,"2025-11-13 15:20:46.028537+00"
5723,"1834543510","8402831744","Ena set nesh endene?",NULL,NULL,"2025-11-13 15:21:07.222614+00"
5727,"1834543510","8402831744","Snt ametsh new?",NULL,NULL,"2025-11-13 15:24:42.6476+00"
5728,"8402831744","1834543510","19",NULL,NULL,"2025-11-13 15:25:42.069312+00"
5734,"8151671672","1115042518","Heyy",NULL,NULL,"2025-11-13 15:30:10.622092+00"
5735,"8151671672","1115042518","M or f",NULL,NULL,"2025-11-13 15:30:16.690243+00"
5919,"1722589537","5779531688","Where You at now",NULL,NULL,"2025-11-13 19:45:36.487953+00"
5928,"5779531688","1722589537","Nope, it is in dessi, but I was originally there",NULL,NULL,"2025-11-13 19:50:00.446016+00"
5930,"5779531688","1722589537","Yes",NULL,NULL,"2025-11-13 19:50:51.564153+00"
5932,"1722589537","5779531688","You want relationship",NULL,NULL,"2025-11-13 19:51:25.314514+00"
5941,"7963453467","5779531688","Im gud too",NULL,NULL,"2025-11-13 20:00:03.726535+00"
6101,"6110336587","5779531688","Heyy",NULL,NULL,"2025-11-14 04:21:44.828001+00"
6207,"7412135899","7383239990","Alew selam nw",NULL,NULL,"2025-11-14 09:34:48.344299+00"
6216,"1136410666","1834543510","Hey u up for 3sum",NULL,NULL,"2025-11-14 10:32:37.467147+00"
2414,"7058670155","8411844354","Good point",NULL,NULL,"2025-11-05 12:51:03.52966+00"
2430,"6194922788","8109112246","Ene mawrat alfelegem",NULL,NULL,"2025-11-05 12:57:12.001726+00"
2432,"6194922788","8109112246","You in AAU",NULL,NULL,"2025-11-05 12:57:39.556374+00"
2434,"6194922788","8109112246","I will ask you questions about your physicality that I don’t compromise when I am with a man you can do the same… okay?",NULL,NULL,"2025-11-05 12:58:54.341301+00"
2453,"8109112246","6194922788","Username I'll send u",NULL,NULL,"2025-11-05 13:16:05.591222+00"
2461,"6194922788","8109112246","Brown skinned",NULL,NULL,"2025-11-05 13:18:40.661329+00"
2462,"8109112246","6194922788","Almost chocolate color nesh malet nw😮‍💨😪🍫",NULL,NULL,"2025-11-05 13:19:14.761089+00"
2861,"6499363352","5723927134","Ja im not fine shyt",NULL,NULL,"2025-11-07 17:46:22.001602+00"
2869,"6179841738","1570959519","I did",NULL,NULL,"2025-11-07 18:57:16.500921+00"
2881,"1570959519","1940613654","User?",NULL,NULL,"2025-11-07 19:48:06.582581+00"
2887,"372919521","1834543510","Hey how you doing?",NULL,NULL,"2025-11-07 19:59:02.621106+00"
2896,"1722589537","1834543510","Are u girl",NULL,NULL,"2025-11-07 20:04:31.533042+00"
2898,"1722589537","1834543510","Can i hear ur voice",NULL,NULL,"2025-11-07 20:09:37.336447+00"
2899,"1834543510","1722589537","Why?",NULL,NULL,"2025-11-07 20:10:02.372404+00"
3212,"1834543510","465935118","Hello",NULL,NULL,"2025-11-08 07:45:37.184202+00"
3349,"1834543510","8355541705","Fine...r u a girl?",NULL,NULL,"2025-11-08 16:56:14.025405+00"
3352,"1834543510","8355541705","So r u a boy malet new",NULL,NULL,"2025-11-08 16:57:30.721188+00"
3367,"1570959519","6504427565","I learn in private 4 kilo",NULL,NULL,"2025-11-08 17:16:48.597972+00"
3368,"1570959519","6504427565","Antes",NULL,NULL,"2025-11-08 17:16:50.65106+00"
3380,"6504427565","1570959519","Hi elalehu laklgn yanten",NULL,NULL,"2025-11-08 17:19:54.734288+00"
3709,"8484666325","6110336587","😐nigga wend nge",NULL,NULL,"2025-11-09 06:56:21.310874+00"
4141,"1246961688","1241455590","No it's selam",NULL,NULL,"2025-11-09 14:18:29.990546+00"
4146,"1051120004","1246961688","nothing much, scrolling through confessions lol",NULL,NULL,"2025-11-09 14:31:13.52604+00"
4154,"1051120004","1246961688","Ethiopian aviation university",NULL,NULL,"2025-11-09 14:39:34.350789+00"
4156,"1051120004","1246961688","hmm?",NULL,NULL,"2025-11-09 14:40:58.142555+00"
4159,"1246961688","1051120004","I meant do you wanna be pilot, flight attendant,...",NULL,NULL,"2025-11-09 14:44:11.659497+00"
4161,"1051120004","1246961688","Oh, i’m doing aerospace engineering. 

and i’m 21",NULL,NULL,"2025-11-09 14:46:02.714358+00"
4163,"7501176620","1924682462","You requested to chat ?",NULL,NULL,"2025-11-09 14:47:15.999107+00"
4176,"1246961688","1051120004","I kinda don't remember it was about a girl worrying abt her love life and stuff, and you commented sth",NULL,NULL,"2025-11-09 14:55:31.852141+00"
4182,"1246961688","1051120004","I did but it's still not approved yet and you",NULL,NULL,"2025-11-09 14:59:59.925142+00"
4468,"6286671588","855757095","Where did u go",NULL,NULL,"2025-11-09 20:17:20.428485+00"
4472,"855757095","6286671588","text me",NULL,NULL,"2025-11-09 20:18:20.396101+00"
4693,"7795615574","8593284625","Hey there  I like the independent girly girl thata what i like and am very straight for wand dominant... betcha esu isnot a problem if we match up so lets talk in dm?",NULL,NULL,"2025-11-11 04:03:58.577427+00"
4704,"7795615574","8593284625","Lets talk be dm and if we dont march up its like we never met",NULL,NULL,"2025-11-11 04:08:43.335464+00"
4705,"7795615574","8593284625","@Yyyonniii",NULL,NULL,"2025-11-11 04:08:45.899506+00"
4711,"431387764","2051226907","Hi, how are you",NULL,NULL,"2025-11-11 04:35:21.261855+00"
4713,"6499363352","7699820988","😐",NULL,NULL,"2025-11-11 04:36:29.896672+00"
4718,"6499363352","7699820988","Are u dumb",NULL,NULL,"2025-11-11 04:37:47.290517+00"
4726,"1568889911","829653636","I'm straight le chewataw new",NULL,NULL,"2025-11-11 04:43:34.243593+00"
4848,"797847663","992176019","Yeah I am",NULL,NULL,"2025-11-11 15:29:18.061337+00"
4854,"1246961688","466664482","Seriously why",NULL,NULL,"2025-11-11 15:35:41.284051+00"
4855,"1246961688","466664482","Demo endet agyshigyy",NULL,NULL,"2025-11-11 15:35:48.334461+00"
5096,"6196465621","7826484265","Okay drop ur number",NULL,NULL,"2025-11-12 07:43:02.677957+00"
5099,"5183845073","7623717059","From the conffesion of the guy  wanting to eat ass",NULL,NULL,"2025-11-12 07:49:07.175681+00"
5101,"1201453400","1408002992","You??",NULL,NULL,"2025-11-12 07:50:02.234738+00"
5103,"1408002992","1201453400","cause I dnt wanna to talk with M, i am M",NULL,NULL,"2025-11-12 07:50:26.676589+00"
5104,"7623717059","5183845073","👌",NULL,NULL,"2025-11-12 07:50:29.884046+00"
5112,"5183845073","7623717059","Yea",NULL,NULL,"2025-11-12 07:52:18.281666+00"
5113,"1408002992","1201453400","just searching for the one matches with my vibe",NULL,NULL,"2025-11-12 07:52:30.391905+00"
5116,"7623717059","5183845073","Bye",NULL,NULL,"2025-11-12 07:53:13.65368+00"
5119,"1408002992","1201453400","and found u on someones reply saying what i wanna say,",NULL,NULL,"2025-11-12 07:55:33.46156+00"
5125,"6499363352","1469773444","Give me urs",NULL,NULL,"2025-11-12 07:58:10.174187+00"
5128,"2049647099","6499363352","Male/female be honest",NULL,NULL,"2025-11-12 08:08:49.412659+00"
5130,"6499363352","2049647099","Girl obv",NULL,NULL,"2025-11-12 08:13:48.451337+00"
5325,"8223038699","7623717059","I got enough bullies as a child.",NULL,NULL,"2025-11-12 16:48:33.394427+00"
5340,"7623717059","8223038699","I am 22v
53kg kflehager
Lelaw same with you.",NULL,NULL,"2025-11-12 17:05:45.368849+00"
5343,"302503105","1924682462","Hi r u a boy?",NULL,NULL,"2025-11-12 17:12:42.312816+00"
5345,"7623717059","8223038699","I need a bottom.why don't u",NULL,NULL,"2025-11-12 17:15:08.093287+00"
5346,"1940613654","7977727953","Hello",NULL,NULL,"2025-11-12 17:16:05.128027+00"
5348,"7977727953","1940613654","Hows uuu",NULL,NULL,"2025-11-12 17:16:36.419911+00"
5466,"7547849911","1469773444","Can I ask u sth? ....sntegna amet neh ena ur religion",NULL,NULL,"2025-11-13 08:16:46.038678+00"
5502,"6499363352","7501176620","Irresistible??
Nah ur jst bearable 
But ur cool ena i like ur comments on incels post🤝",NULL,NULL,"2025-11-13 09:15:46.82385+00"
5503,"6499363352","6110336587","/help",NULL,NULL,"2025-11-13 09:16:41.521963+00"
5692,"1834543510","8151671672","Fine r u a girl?",NULL,NULL,"2025-11-13 15:06:37.64589+00"
5693,"5183845073","1834543510","Am from the treesome conffssion",NULL,NULL,"2025-11-13 15:06:42.338308+00"
5695,"8151671672","1834543510","Who are u first",NULL,NULL,"2025-11-13 15:07:10.362699+00"
5701,"1834543510","8151671672","Meron",NULL,NULL,"2025-11-13 15:08:59.411159+00"
5702,"8151671672","1834543510","Can u send ur user name",NULL,NULL,"2025-11-13 15:09:43.208947+00"
5703,"1834543510","8151671672","@Mitmitaaa17",NULL,NULL,"2025-11-13 15:10:13.089458+00"
5714,"6801439185","1767733168","Yess??? It is okay right?",NULL,NULL,"2025-11-13 15:14:44.058709+00"
5725,"1834543510","8402831744","Ur name?",NULL,NULL,"2025-11-13 15:23:06.524212+00"
5729,"1834543510","8402831744","Sex madreg tfelgiyalesh?",NULL,NULL,"2025-11-13 15:26:32.149505+00"
5748,"1834543510","8402831744","Enem endanchi 19 eyalehu new my v yatahut i know smetu kebad new",NULL,NULL,"2025-11-13 15:40:28.350711+00"
5944,"7963453467","5779531688","Have u been lick in ur pussy or get ur ass eaten?",NULL,NULL,"2025-11-13 20:11:56.592797+00"
5945,"5779531688","1722589537","Is this your idea of being respectful",NULL,NULL,"2025-11-13 20:12:50.698736+00"
5948,"5779531688","1722589537","/privacy",NULL,NULL,"2025-11-13 20:13:32.803264+00"
5949,"1722589537","5779531688","Algebangm",NULL,NULL,"2025-11-13 20:13:39.911925+00"
5968,"1722589537","5779531688","I did",NULL,NULL,"2025-11-13 20:22:10.78958+00"
5971,"1722589537","5636401129","Hey How r u",NULL,NULL,"2025-11-13 20:26:27.003552+00"
5974,"1469773444","451257119","It does not matter",NULL,NULL,"2025-11-13 20:28:03.149727+00"
5975,"5636401129","1722589537","Samri",NULL,NULL,"2025-11-13 20:28:27.392238+00"
5990,"1246059259","6110336587","Ahya",NULL,NULL,"2025-11-13 20:32:18.833244+00"
6012,"6110336587","451257119","Kay then
Am girl",NULL,NULL,"2025-11-13 20:56:16.268101+00"
6015,"6110336587","451257119","Wt r u then",NULL,NULL,"2025-11-13 20:57:32.923364+00"
6016,"451257119","6110336587","take a guess",NULL,NULL,"2025-11-13 20:57:48.710801+00"
6026,"6110336587","451257119","Ur kinda playin mysterious stuffs
Ende
Just tell me",NULL,NULL,"2025-11-13 21:00:56.498063+00"
6043,"6110336587","451257119","Wr can i find u tmrw😊",NULL,NULL,"2025-11-13 21:07:40.183165+00"
6047,"451257119","6110336587","look in the mirror",NULL,NULL,"2025-11-13 21:10:38.969334+00"
6048,"6110336587","451257119","Wt then",NULL,NULL,"2025-11-13 21:11:41.588251+00"
6102,"1722589537","5636401129","Am middle one you want licking",NULL,NULL,"2025-11-14 04:22:05.309856+00"
6215,"1469773444","7352437725","Hey",NULL,NULL,"2025-11-14 10:18:29.188305+00"
2415,"7058670155","8411844354","Send them",NULL,NULL,"2025-11-05 12:51:07.456966+00"
2418,"8109112246","6194922788","Ru male or female?",NULL,NULL,"2025-11-05 12:51:30.564803+00"
2419,"6194922788","8109112246","The way I cackled. Which one do you prefer?",NULL,NULL,"2025-11-05 12:53:00.645184+00"
2420,"8109112246","6194922788","Female",NULL,NULL,"2025-11-05 12:53:24.254842+00"
2433,"8109112246","6194922788","Yes im",NULL,NULL,"2025-11-05 12:57:45.690216+00"
2439,"8109112246","6194922788","Huh?",NULL,NULL,"2025-11-05 13:00:53.469198+00"
2447,"6194922788","8109112246","I don’t like hair on men anyways so… your turn ahun right?",NULL,NULL,"2025-11-05 13:09:49.856503+00"
2452,"8109112246","6194922788","Ok I can send u gn bot slehone pic ayfekedem...mind u if we talk on telegram?",NULL,NULL,"2025-11-05 13:15:25.810715+00"
2457,"8109112246","6194922788","Koy pp sh lay photosh alle ende?",NULL,NULL,"2025-11-05 13:17:23.332626+00"
2459,"8109112246","6194922788","Im light skinned",NULL,NULL,"2025-11-05 13:17:40.237816+00"
2862,"7388700051","7897386358","Vg",NULL,NULL,"2025-11-07 17:53:25.105356+00"
2867,"1570959519","6179841738","U send urs privacy concerns pls",NULL,NULL,"2025-11-07 18:54:52.620758+00"
2870,"1570959519","6179841738","Eshi",NULL,NULL,"2025-11-07 18:59:01.298924+00"
3214,"1834543510","465935118","selam new?",NULL,NULL,"2025-11-08 07:48:33.749371+00"
3226,"411388600","1834543510","How can u help me?🙂",NULL,NULL,"2025-11-08 08:02:14.347649+00"
3362,"6504427565","1570959519","Wbu ?",NULL,NULL,"2025-11-08 17:06:02.766883+00"
3712,"8333529926","1730509668","Heyy",NULL,NULL,"2025-11-09 07:01:30.447641+00"
4151,"1246961688","1051120004","Are you in aau",NULL,NULL,"2025-11-09 14:36:48.110953+00"
4157,"1051120004","1246961688","i don’t get what you mean",NULL,NULL,"2025-11-09 14:41:22.529294+00"
4169,"1246961688","1051120004","It's strict over there, right",NULL,NULL,"2025-11-09 14:51:13.533877+00"
4171,"1051120004","1246961688","imagine having to wear a uniform as a university student, that puts in to perspective how strict they are",NULL,NULL,"2025-11-09 14:52:19.586618+00"
4173,"1609398709","1838365662","hi there sure",NULL,NULL,"2025-11-09 14:52:41.552597+00"
4470,"855757095","6286671588","didn't you get my text😭",NULL,NULL,"2025-11-09 20:17:43.26832+00"
4471,"855757095","6286671588","@HeartifiliaFT",NULL,NULL,"2025-11-09 20:18:15.870532+00"
4473,"6286671588","855757095","Okay but don't judge me by my pfp im a good guy",NULL,NULL,"2025-11-09 20:21:11.831182+00"
4694,"7795615574","8593284625","Ntn to be ashamed of... its cool to like what u like too",NULL,NULL,"2025-11-11 04:05:13.495783+00"
4695,"8593284625","7795615574","😂😂",NULL,NULL,"2025-11-11 04:05:28.933017+00"
4697,"8593284625","7795615574","How old are u",NULL,NULL,"2025-11-11 04:06:25.675808+00"
4727,"1051120004","1246961688","Sorry about that, this has less to do about you and more about me to be completely honest. I enjoyed our conversation and i was really interested. 
But i tend to ghost or push off people (especially new people) mostly because i have an unsettling fear of vulnerability which basically makes me unable to get close to people because once they do, it means getting seen. flaws, emotions and all. and i also deep down think that people will eventually lose interest once they get to really know me so i disappear before that actually happens.

My bad lol",NULL,NULL,"2025-11-11 04:46:50.182099+00"
4732,"6499363352","7699820988","Not interested",NULL,NULL,"2025-11-11 05:05:19.784823+00"
4737,"829653636","1568889911","I had this fine AAU chicken wonder where she went",NULL,NULL,"2025-11-11 05:22:57.011202+00"
4739,"1246961688","1051120004","Okay, that's fair. Thanks for being honest",NULL,NULL,"2025-11-11 05:28:12.920269+00"
4741,"829653636","1568889911","Uk what I meant though",NULL,NULL,"2025-11-11 05:31:36.35287+00"
4745,"6110336587","370668833","Heyy",NULL,NULL,"2025-11-11 05:59:43.181047+00"
4852,"1246961688","466664482","you stalker why would you request a chat with me",NULL,NULL,"2025-11-11 15:34:36.496326+00"
5117,"5183845073","7623717059","Cool",NULL,NULL,"2025-11-12 07:53:48.832605+00"
5120,"445853117","6499363352","whats ur telegram username, can we talk there",NULL,NULL,"2025-11-12 07:56:16.973698+00"
5331,"7623717059","8223038699","Atsmachew bro",NULL,NULL,"2025-11-12 16:54:45.331711+00"
5338,"7977727953","1940613654","Hey",NULL,NULL,"2025-11-12 17:04:43.814462+00"
5470,"1445110293","6559312412","what’s up Woe",NULL,NULL,"2025-11-13 08:26:09.062119+00"
5474,"7547849911","1469773444","Btw I lied my age ena I also graduated 2 years ago",NULL,NULL,"2025-11-13 08:30:05.148262+00"
5479,"1738671412","1445110293","Good good, u from aau?",NULL,NULL,"2025-11-13 08:35:09.243231+00"
5488,"1738671412","1445110293","cs,when did you got in?",NULL,NULL,"2025-11-13 08:59:19.406354+00"
5492,"1469773444","7547849911","Okay 0920409545 or verge2040",NULL,NULL,"2025-11-13 09:02:08.260834+00"
5495,"1071472901","7826484265","Main campus",NULL,NULL,"2025-11-13 09:10:16.029307+00"
5505,"1445110293","6559312412","ke st mary wetche eza yegebahutm if there is new happen bye neber gn wef",NULL,NULL,"2025-11-13 09:17:32.646745+00"
5506,"6559312412","1445110293","Aau Yet gibi nbersh",NULL,NULL,"2025-11-13 09:18:51.420745+00"
5507,"1445110293","6559312412","wanaw",NULL,NULL,"2025-11-13 09:19:33.60695+00"
5508,"6559312412","1445110293","Yea man ene ersau i withdrew last year to do animation and stuff gn it was not paying me well",NULL,NULL,"2025-11-13 09:20:02.598741+00"
5518,"6499363352","7501176620","Hbu urs",NULL,NULL,"2025-11-13 09:37:23.305018+00"
5696,"1834543510","8151671672","So r u aboy malet new??",NULL,NULL,"2025-11-13 15:07:30.442124+00"
5700,"8151671672","1834543510","Tobya",NULL,NULL,"2025-11-13 15:08:49.33012+00"
5709,"1767733168","6801439185","Yes u sent me request??",NULL,NULL,"2025-11-13 15:11:34.518793+00"
5713,"1834543510","5183845073","@Mitmitaaa17",NULL,NULL,"2025-11-13 15:13:44.076208+00"
5717,"8402831744","1834543510","I suppose ur a girl?",NULL,NULL,"2025-11-13 15:17:51.633731+00"
5739,"1115042518","1834543510","You wanna get threesoke gurlll",NULL,NULL,"2025-11-13 15:32:22.449708+00"
5745,"5229975567","7597536347","what do you need",NULL,NULL,"2025-11-13 15:40:04.627682+00"
5746,"7597536347","5229975567","FWB",NULL,NULL,"2025-11-13 15:40:05.336358+00"
5950,"5779531688","1722589537","I mean, if he is average... I don't mind",NULL,NULL,"2025-11-13 20:14:14.997302+00"
5953,"5779531688","1722589537","Yess",NULL,NULL,"2025-11-13 20:14:43.301557+00"
5956,"1722589537","5779531688","Then i want someone who love physical touch",NULL,NULL,"2025-11-13 20:15:28.628608+00"
5957,"6110336587","1246059259","Ur gender, campus nd interest",NULL,NULL,"2025-11-13 20:15:41.596759+00"
5962,"1722589537","5779531688","Can u do that",NULL,NULL,"2025-11-13 20:17:32.767863+00"
5967,"5779531688","1722589537","@Badapple1011",NULL,NULL,"2025-11-13 20:20:34.82529+00"
5980,"1469773444","8223038699","Selam new ?",NULL,NULL,"2025-11-13 20:29:20.135567+00"
5982,"5636401129","1722589537","19 , wbu",NULL,NULL,"2025-11-13 20:29:41.787024+00"
6000,"5636401129","1722589537","Good

Okay then I'm 1:64",NULL,NULL,"2025-11-13 20:46:46.262314+00"
6006,"6110336587","451257119","Yeah kinda
Then tell ne",NULL,NULL,"2025-11-13 20:52:27.824572+00"
6017,"6110336587","451257119","Obviously F",NULL,NULL,"2025-11-13 20:58:00.529844+00"
6018,"1722589537","5636401129","It's +

Can u do physical touch",NULL,NULL,"2025-11-13 20:58:18.782937+00"
6024,"451257119","6110336587","isn't it clear",NULL,NULL,"2025-11-13 21:00:18.542434+00"
6031,"6110336587","451257119","Good😂
hv fun then
Night😊",NULL,NULL,"2025-11-13 21:03:19.153073+00"
6033,"6038939849","1469773444","Are u a girl",NULL,NULL,"2025-11-13 21:03:45.722908+00"
6036,"466664482","6110336587","Hello",NULL,NULL,"2025-11-13 21:04:39.542872+00"
6039,"6110336587","466664482","Ur campus nd interest¿",NULL,NULL,"2025-11-13 21:05:37.43084+00"
6044,"451257119","6110336587","you know where",NULL,NULL,"2025-11-13 21:08:17.538915+00"
6103,"6110336587","6810310587","Heyy",NULL,NULL,"2025-11-14 04:23:55.775412+00"
6104,"6110336587","7412135899","Heyy",NULL,NULL,"2025-11-14 04:27:46.954699+00"
6217,"6499363352","1469773444","Aww",NULL,NULL,"2025-11-14 10:34:04.460499+00"
2422,"8109112246","6194922788","Ru female? ..just be honest",NULL,NULL,"2025-11-05 12:53:47.308566+00"
2438,"8109112246","6194922788","What do u mean by ur turn,?",NULL,NULL,"2025-11-05 12:59:57.866647+00"
2443,"6194922788","8109112246","Very big tits, no ass malet yechalal sadly.",NULL,NULL,"2025-11-05 13:03:35.843534+00"
2865,"1570959519","6179841738","Hi text me on tg",NULL,NULL,"2025-11-07 18:53:11.053681+00"
2866,"6179841738","1570959519","Okay, send user name here",NULL,NULL,"2025-11-07 18:54:06.633847+00"
2875,"1570959519","6179841738","User?",NULL,NULL,"2025-11-07 19:24:05.958404+00"
2885,"1570959519","1940613654","Ima boy lol if u in text if not bye",NULL,NULL,"2025-11-07 19:52:56.40267+00"
2897,"1834543510","1722589537","Yup",NULL,NULL,"2025-11-07 20:04:44.985226+00"
2902,"1722589537","1834543510","Sex addicted man",NULL,NULL,"2025-11-07 20:13:07.100884+00"
2909,"1722589537","1834543510","Yeah",NULL,NULL,"2025-11-07 20:17:33.905643+00"
2913,"1722589537","1834543510","Des yilengal but do She want  that",NULL,NULL,"2025-11-07 20:20:13.092123+00"
2914,"5618581986","1834543510","hey i am here to some advice",NULL,NULL,"2025-11-07 20:20:29.237263+00"
2923,"2056814277","1834543510","Ere enem addicted negn eski yene eht😭",NULL,NULL,"2025-11-07 20:29:31.317254+00"
2924,"1834543510","1722589537","r u a girl?",NULL,NULL,"2025-11-07 20:30:05.799783+00"
2952,"1834543510","2056814277","are u v?",NULL,NULL,"2025-11-07 20:45:41.6277+00"
2953,"2056814277","1834543510","Yes",NULL,NULL,"2025-11-07 20:47:23.928891+00"
2958,"1834543510","2056814277","So porn mayet bcha new yemiyasdestsh weys sex madregm tfelgiyalesh?",NULL,NULL,"2025-11-07 20:52:55.18023+00"
2959,"2056814277","1834543510","Alakm esun",NULL,NULL,"2025-11-07 20:54:29.249311+00"
2976,"2056814277","1834543510","Okay",NULL,NULL,"2025-11-07 21:05:34.834893+00"
2978,"2056814277","1834543510","I am girl eko enesu enji ene alkerbachewm",NULL,NULL,"2025-11-07 21:07:27.683163+00"
3216,"1834543510","411388600","Hi",NULL,NULL,"2025-11-08 07:54:56.633085+00"
3218,"1834543510","411388600","Fine...r u a girl?",NULL,NULL,"2025-11-08 07:55:46.179479+00"
3224,"1834543510","411388600","🙄",NULL,NULL,"2025-11-08 08:01:14.116869+00"
3364,"1570959519","6504427565","How old r u tho",NULL,NULL,"2025-11-08 17:12:45.132832+00"
3384,"7998357888","859504305","Hey",NULL,NULL,"2025-11-08 17:29:19.233397+00"
3713,"5014292785","6369586656","Don't you think there is a difference between faith and God and an organized institution that leads you to it?
Like you should be able to say I would die for God that would be spiritual thing to say but to die for an institution that can be shaped by culture history and personal things is such a crazy thing to do.",NULL,NULL,"2025-11-09 07:02:19.049378+00"
4158,"8178595410","8132883465","Hey sup",NULL,NULL,"2025-11-09 14:43:43.434263+00"
4162,"1051120004","1246961688","what about you tho",NULL,NULL,"2025-11-09 14:46:07.94477+00"
4168,"1246961688","1051120004","Must be difficult ayzoh gelete😂",NULL,NULL,"2025-11-09 14:51:00.250357+00"
4170,"1246961688","1051120004","Yeah I am",NULL,NULL,"2025-11-09 14:51:17.633826+00"
4181,"1246961688","1051120004","Yeahh😂",NULL,NULL,"2025-11-09 14:59:54.580922+00"
4475,"623002252","955679410","Hey",NULL,NULL,"2025-11-10 03:33:13.774715+00"
4696,"7795615574","8593284625","Whats funny😂😂",NULL,NULL,"2025-11-11 04:05:39.718092+00"
4700,"7795615574","8593284625","*u",NULL,NULL,"2025-11-11 04:06:56.585807+00"
4703,"8593284625","7795615574","Sound",NULL,NULL,"2025-11-11 04:08:13.82374+00"
4708,"865881783","1570959519","what year you're in?",NULL,NULL,"2025-11-11 04:25:55.815123+00"
4710,"2051226907","431387764","Hi",NULL,NULL,"2025-11-11 04:34:29.547745+00"
4712,"2051226907","431387764","Fine you a girl i seen you commented you just want love and me too",NULL,NULL,"2025-11-11 04:36:12.297298+00"
4719,"2051226907","431387764","Txt me your user name",NULL,NULL,"2025-11-11 04:38:54.510338+00"
4723,"7699820988","6499363352","Why say that",NULL,NULL,"2025-11-11 04:41:35.207792+00"
4725,"829653636","1568889911","Oh thank god",NULL,NULL,"2025-11-11 04:42:51.91887+00"
4728,"6499363352","7699820988","Why ask that??
Is that what u ask ppl when u meet them????",NULL,NULL,"2025-11-11 04:57:53.319668+00"
4731,"7699820988","6499363352","Ende better a virgin then a void",NULL,NULL,"2025-11-11 05:04:09.414343+00"
4736,"829653636","1568889911","That's facts",NULL,NULL,"2025-11-11 05:22:40.811952+00"
4857,"466664482","1246961688","Heyy",NULL,NULL,"2025-11-11 16:29:21.457833+00"
5131,"2049647099","6499363352","Dudes that act virgin with their partners while dating a virgin girls ur teseto and the things u do to make them believe is just way so far from getting a pussy yall know that right I have a friend who dated for 4 years she never knew he was a great player before her and after their break up she still thinks he's a good kid",NULL,NULL,"2025-11-12 08:14:05.914671+00"
5134,"2049647099","6499363352","No more further question just that",NULL,NULL,"2025-11-12 08:16:37.313691+00"
5332,"8223038699","7623717059","Early 20s
Below 50
In 1 m and 65
Bottom",NULL,NULL,"2025-11-12 16:54:58.488161+00"
5337,"8223038699","7623717059","Yeah, Addis Ababa",NULL,NULL,"2025-11-12 17:03:34.493359+00"
5357,"7623717059","8223038699","Let's talk tomorrow .
I am gonna sleep 3,e",NULL,NULL,"2025-11-12 17:47:32.996043+00"
5480,"1246961688","5886466655","Heyy so what's your homebody account?😂",NULL,NULL,"2025-11-13 08:36:55.723297+00"
5697,"8151671672","1834543510","Nop",NULL,NULL,"2025-11-13 15:08:13.13134+00"
5705,"8151671672","1834543510","Ok",NULL,NULL,"2025-11-13 15:10:29.627311+00"
5712,"5183845073","1834543510","Is it of if get ur usernamr and we talk in private or do you just wanna talk here",NULL,NULL,"2025-11-13 15:12:56.104025+00"
5716,"1834543510","8402831744","Hey",NULL,NULL,"2025-11-13 15:17:35.889223+00"
5726,"8402831744","1834543510","Not comfortable with sharing my name but it starts with a B",NULL,NULL,"2025-11-13 15:24:21.889588+00"
5965,"1246059259","6110336587","Am masters student whoever u are",NULL,NULL,"2025-11-13 20:18:47.166111+00"
5973,"1722589537","5636401129","Am good dagi here",NULL,NULL,"2025-11-13 20:27:42.550798+00"
5979,"1246059259","6110336587","Boy get the fuck outta here",NULL,NULL,"2025-11-13 20:29:14.908475+00"
5983,"1722589537","5636401129","22r u single",NULL,NULL,"2025-11-13 20:30:18.799956+00"
5988,"1469773444","8161990253","Let us taik",NULL,NULL,"2025-11-13 20:32:08.827114+00"
5996,"1722589537","5636401129","Marketing is my work

I don't mind if it's i like your openess am 1:85",NULL,NULL,"2025-11-13 20:41:13.134294+00"
6001,"1722589537","5636401129","Beside di** height what You looking",NULL,NULL,"2025-11-13 20:47:44.982697+00"
6014,"451257119","6110336587","thats why i said first",NULL,NULL,"2025-11-13 20:57:00.393666+00"
6022,"6110336587","451257119","Wt",NULL,NULL,"2025-11-13 20:59:33.423649+00"
6023,"5636401129","1722589537","Wdym
Yeah I think so",NULL,NULL,"2025-11-13 20:59:46.666105+00"
6029,"6110336587","451257119","Am honest
Fr am M
Now tell me
Wt r U?",NULL,NULL,"2025-11-13 21:02:17.103065+00"
6030,"451257119","6110336587","im a human being",NULL,NULL,"2025-11-13 21:02:51.420257+00"
6108,"6110336587","451257119","Supp",NULL,NULL,"2025-11-14 05:06:33.927516+00"
6121,"6110336587","6499363352","kay then😂
Love the word Adeb tho
Ur a good girl asf",NULL,NULL,"2025-11-14 05:24:42.462704+00"
6125,"6110336587","6960656347","Wanna hv fun😊",NULL,NULL,"2025-11-14 05:30:22.640286+00"
6130,"6110336587","6499363352","😂😂
Was just messin up w you😂 fr
Ur good at words😊",NULL,NULL,"2025-11-14 05:35:10.854714+00"
6138,"6499363352","6110336587","No its actually bella 
Belaynesh😊",NULL,NULL,"2025-11-14 05:41:53.317715+00"
6218,"1469773444","6499363352","Yet college",NULL,NULL,"2025-11-14 10:34:22.028802+00"
2424,"6194922788","8109112246","Are you a human male?",NULL,NULL,"2025-11-05 12:55:39.05707+00"
2426,"8109112246","6194922788","Can u send me ur number?",NULL,NULL,"2025-11-05 12:55:57.891805+00"
2428,"8109112246","6194922788","Esh mn",NULL,NULL,"2025-11-05 12:56:29.393561+00"
2436,"8109112246","6194922788","Yes I do",NULL,NULL,"2025-11-05 12:59:29.388208+00"
2437,"6194922788","8109112246","Your turn",NULL,NULL,"2025-11-05 12:59:37.490405+00"
2441,"6194922788","8109112246","Ask me something about my look that you don’t compromise when you are with a women… no judgement as I said we are both here to have fun",NULL,NULL,"2025-11-05 13:01:52.840126+00"
2449,"8109112246","6194922788","Is ur face cute,average or chopped,wbt ur feet?",NULL,NULL,"2025-11-05 13:11:03.920505+00"
2455,"8109112246","6194922788","Ymr i don't need to knew u eko gn ehe bot slehone Pic melalak ymr slemay feked nw",NULL,NULL,"2025-11-05 13:17:06.383827+00"
2456,"6194922788","8109112246","How about your hands? Clean? Mustache? Skin color?",NULL,NULL,"2025-11-05 13:17:23.201032+00"
2460,"8109112246","6194922788","Whats ur skin color?",NULL,NULL,"2025-11-05 13:18:12.528933+00"
2873,"8178595410","1570959519","Hey",NULL,NULL,"2025-11-07 19:06:21.024516+00"
2879,"1940613654","1570959519","Hey",NULL,NULL,"2025-11-07 19:46:24.638242+00"
2903,"1834543510","1722589537","Ena lemndnew maggnet yefelwkew?",NULL,NULL,"2025-11-07 20:13:41.343769+00"
2918,"1834543510","1722589537","First....let me see u!",NULL,NULL,"2025-11-07 20:24:33.77584+00"
2930,"1834543510","1722589537","Ur real name",NULL,NULL,"2025-11-07 20:32:48.002986+00"
2931,"1722589537","1834543510","Dagi",NULL,NULL,"2025-11-07 20:32:58.595766+00"
2950,"1834543510","2056814277","How old r u?",NULL,NULL,"2025-11-07 20:44:35.169666+00"
2960,"1834543510","2056814277","Malet porn bemtayibet seat enem endezih madreg efelgalew atyim?",NULL,NULL,"2025-11-07 20:55:10.871076+00"
2973,"1834543510","2056814277","*Pretty",NULL,NULL,"2025-11-07 21:02:36.138657+00"
2979,"1834543510","2056814277","Eko kdm r pretty yalkush leza new.....gdeta bemelksh bcha aydelem physically attractive nesh wey....bahrishs(like kostara mnamn newsh) mnamn yemilewun chmr new",NULL,NULL,"2025-11-07 21:09:11.723848+00"
2982,"2056814277","1834543510","Ay gn ekoralew",NULL,NULL,"2025-11-07 21:11:41.677718+00"
2988,"1834543510","2056814277","girl i know it smetu kebad new....gn if u find just one time sex bcha adrgachu yemtleyayut aynet lij btagegni....r u interested?",NULL,NULL,"2025-11-07 21:18:54.779364+00"
2989,"2056814277","1834543510","Maybe",NULL,NULL,"2025-11-07 21:20:00.31255+00"
2993,"1834543510","2056814277","Like endeza aynet friends yelushm sefer mnamn?",NULL,NULL,"2025-11-07 21:26:38.638283+00"
2994,"2056814277","1834543510","Alatam",NULL,NULL,"2025-11-07 21:27:58.283987+00"
3219,"411388600","1834543510","Naa why",NULL,NULL,"2025-11-08 07:57:13.267552+00"
3220,"1834543510","411388600","So mn lrdah?",NULL,NULL,"2025-11-08 07:57:45.652692+00"
3369,"6504427565","1570959519","The same",NULL,NULL,"2025-11-08 17:17:05.58686+00"
3373,"6504427565","1570959519","Yup .... year ?",NULL,NULL,"2025-11-08 17:17:44.840716+00"
3374,"1570959519","6504427565","But we still so close",NULL,NULL,"2025-11-08 17:17:48.382753+00"
3714,"1730509668","8333529926","Yo",NULL,NULL,"2025-11-09 07:03:13.052668+00"
4160,"1246961688","1051120004","Can i ask your age",NULL,NULL,"2025-11-09 14:44:53.826175+00"
4167,"1051120004","1246961688","you’re in aau?",NULL,NULL,"2025-11-09 14:49:55.391834+00"
4178,"1246961688","1051120004","Maybe I don't remember 😂",NULL,NULL,"2025-11-09 14:56:26.927166+00"
4183,"1246961688","1051120004","Not exactly a confession tho more of a question",NULL,NULL,"2025-11-09 15:00:43.872401+00"
4476,"2004319924","8132883465","Send me ur username",NULL,NULL,"2025-11-10 04:43:37.674168+00"
4480,"1441075897","8496749643","or here is mine 😊@jah397",NULL,NULL,"2025-11-10 04:51:05.472345+00"
4482,"8132883465","1115129736","Hey",NULL,NULL,"2025-11-10 04:54:06.43735+00"
4701,"8593284625","7795615574","You should like a fresh",NULL,NULL,"2025-11-11 04:07:24.602931+00"
4722,"829653636","1568889911","So you would fuck a guy cause of the way he moans",NULL,NULL,"2025-11-11 04:40:26.047603+00"
4734,"7699820988","6499363352","Let start this again 

Hi",NULL,NULL,"2025-11-11 05:07:52.330311+00"
4735,"1568889911","829653636","Some girls are too beutiful for us to be gay",NULL,NULL,"2025-11-11 05:12:38.430679+00"
4858,"1570959519","865881783","Yet hedk",NULL,NULL,"2025-11-11 16:57:07.477356+00"
4867,"2133374158","992176019","If i was 17 would you have let it go?",NULL,NULL,"2025-11-11 17:26:02.207072+00"
4884,"5183845073","1570959519","I am and i aint old",NULL,NULL,"2025-11-11 17:44:07.247211+00"
4889,"1570959519","5183845073","Nahhh npnp",NULL,NULL,"2025-11-11 17:44:53.329044+00"
4894,"5183845073","1570959519","Only make out?",NULL,NULL,"2025-11-11 17:45:32.20752+00"
4899,"1570959519","5183845073","Oh then im fucking you",NULL,NULL,"2025-11-11 17:46:03.450921+00"
4905,"6110336587","422805597","Ur campus nd interest",NULL,NULL,"2025-11-11 17:47:56.279278+00"
4908,"1570959519","5183845073","Idk bro ive never had sex bro jyst be slim and cute not that slim tho esti describe urself",NULL,NULL,"2025-11-11 17:50:21.631479+00"
4914,"1570959519","5183845073","😭😭",NULL,NULL,"2025-11-11 17:52:12.321697+00"
4915,"5183845073","1570959519","Whitee?",NULL,NULL,"2025-11-11 17:52:46.201532+00"
4936,"1570959519","829653636","Yasss",NULL,NULL,"2025-11-11 17:56:20.44261+00"
4944,"6110336587","1292687770","Heyy",NULL,NULL,"2025-11-11 18:01:40.333097+00"
4948,"6110336587","5850180859","Ur gender, camppus nd interest",NULL,NULL,"2025-11-11 18:05:52.461618+00"
5136,"7868086659","7231257941","Hi",NULL,NULL,"2025-11-12 08:28:22.708052+00"
5140,"7868086659","7231257941","Keyet confession lay new you texted me?",NULL,NULL,"2025-11-12 08:30:18.393584+00"
5141,"7231257941","7868086659","Alastawesum gen bicha enetwawaq😁",NULL,NULL,"2025-11-12 08:31:34.888105+00"
5149,"7231257941","7868086659","Information system",NULL,NULL,"2025-11-12 08:35:38.675278+00"
5353,"1940613654","7977727953","Good",NULL,NULL,"2025-11-12 17:22:15.145493+00"
5359,"7277297826","5549429806","Ofc I'm down @Fghu986",NULL,NULL,"2025-11-12 18:00:21.022811+00"
5485,"1445110293","1738671412","What major",NULL,NULL,"2025-11-13 08:57:05.807221+00"
5490,"1469773444","7547849911","It is fine I like it",NULL,NULL,"2025-11-13 09:00:35.447444+00"
5498,"1445110293","6559312412","man sorry benatsh accidentally i click block button",NULL,NULL,"2025-11-13 09:11:52.618248+00"
5512,"6901349413","1051864908","Ere endihu endnawera eko new ema demo germeshgn new like how u are concerned about your gender malet yehonech lij bale betegnahubet something biyareggn des yilegnal insert biyareg minamin alech ena your feminine energy alchalkum commentshn anbbe haha u said to her u are backing us eko minamin i cant beka 😁",NULL,NULL,"2025-11-13 09:32:14.982521+00"
5698,"1834543510","8151671672","Ur name?",NULL,NULL,"2025-11-13 15:08:32.669668+00"
5699,"1767733168","6801439185","Sup",NULL,NULL,"2025-11-13 15:08:35.335183+00"
5966,"1722589537","5779531688","Ok your user",NULL,NULL,"2025-11-13 20:18:57.636262+00"
6109,"6110336587","6499363352","Do u want me to help you with wt¿",NULL,NULL,"2025-11-14 05:07:37.513226+00"
6114,"6110336587","6499363352","W fingerin, fuckin, touchin 
Just tell me w wt
Btw dw
am cool w free labor😊",NULL,NULL,"2025-11-14 05:14:01.224899+00"
6122,"6110336587","6499363352","Nd on one moment u said
Am ugly in ma whole life😂

Likw ugly how ugly",NULL,NULL,"2025-11-14 05:26:21.624035+00"
6123,"6960656347","6110336587","Sup yo",NULL,NULL,"2025-11-14 05:28:30.93888+00"
6144,"1469773444","6960656347","Endet nesh neh",NULL,NULL,"2025-11-14 05:50:50.118689+00"
6146,"6960656347","1469773444","Nesh, dehnanegn endet neh nesh",NULL,NULL,"2025-11-14 05:51:13.930448+00"
6147,"1469773444","6960656347","Cool I am man",NULL,NULL,"2025-11-14 05:52:01.913547+00"
6151,"1781787035","1469773444","is there something that you want to ask me",NULL,NULL,"2025-11-14 05:53:32.969552+00"
6153,"1781787035","1469773444","who u?",NULL,NULL,"2025-11-14 05:54:39.463367+00"
6154,"1781787035","1469773444","male or female ?",NULL,NULL,"2025-11-14 05:54:44.984421+00"
6160,"1469773444","6960656347","Why not we taik out of this bot",NULL,NULL,"2025-11-14 05:56:57.236521+00"
6163,"1436892288","6110336587","That's a very direct question👀",NULL,NULL,"2025-11-14 05:59:54.828392+00"
6172,"1469773444","1781787035","Oo good bye beka 😂",NULL,NULL,"2025-11-14 06:05:21.13573+00"
6176,"7383239990","7412135899","Endet nesh",NULL,NULL,"2025-11-14 06:38:19.15494+00"
6221,"7222244857","7388700051","Pussy",NULL,NULL,"2025-11-14 11:10:33.746153+00"
