"id","sender_id","recipient_id","text","sticker_file_id","animation_file_id","created_at"
1,"7388700051","7222244857","hello",NULL,NULL,"2025-10-09 06:44:24.007205+00"
2,"7222244857","7388700051","Halo",NULL,NULL,"2025-10-09 12:12:13.983776+00"
3,"7388700051","7222244857","Halo",NULL,NULL,"2025-10-09 12:12:21.690685+00"
4,"7222244857","7388700051","How is yoou",NULL,NULL,"2025-10-09 12:12:33.711856+00"
5,"1976484709","1199863915","Yo",NULL,NULL,"2025-10-09 13:08:11.118429+00"
6,"1199863915","1976484709","Yo",NULL,NULL,"2025-10-09 13:08:20.85064+00"
7,"1976484709","1199863915","Yo",NULL,NULL,"2025-10-09 13:16:31.012419+00"
8,"5014315387","6913252945","Hi",NULL,NULL,"2025-10-09 16:13:59.109678+00"
9,"7931937025","5014292785","Heyy, man ymesleshal eee guess eski I wanna know so bad😂 ene yemane meslogn neber aydelem alech pink hoodie miyareg ale ende?",NULL,NULL,"2025-10-09 18:12:00.042547+00"
10,"5014292785","7931937025","Pink hoodie eneja ale ende. Honestly hulum kechacha nachew",NULL,NULL,"2025-10-09 18:13:52.724467+00"
11,"5014292785","7931937025","Yo yemane is a player tho😂 I always see him with girls cafe mnamn",NULL,NULL,"2025-10-09 18:14:39.927185+00"
12,"7931937025","5014292785","Awo fr kechacha asf siyasaznu chenketu nw yakesachew eko😂 gn istg am very happy that ur pc1 gurlll",NULL,NULL,"2025-10-09 18:16:35.984815+00"
13,"7931937025","5014292785","Frrr??😂 I can't even imagine him that way he is so strict eko",NULL,NULL,"2025-10-09 18:17:03.933564+00"
14,"5014292785","7931937025","Same gurll. Didn't  think bezu class matoche ezi yehonalu beye.",NULL,NULL,"2025-10-09 18:23:12.211549+00"
15,"7931937025","5014292785","Ere aydelehum ene endiw mawek felge ye were sus..😭😁",NULL,NULL,"2025-10-09 18:23:22.326921+00"
16,"5014292785","7931937025","Honestly I never talked with yemane before but yeah he looks strict",NULL,NULL,"2025-10-09 18:24:03.02953+00"
17,"5014292785","7931937025","Which batch are you",NULL,NULL,"2025-10-09 18:24:18.802764+00"
18,"7931937025","5014292785","Ere hulum bemibal huneta ezi nachew beteley wendochu pc1 meme grp lay mnamn alesh? Eza lay bebzat kezi ss aregew rasu ylkalu",NULL,NULL,"2025-10-09 18:25:01.578055+00"
19,"5014292785","7931937025","Esti send me the group meme yalebeten",NULL,NULL,"2025-10-09 18:26:07.072754+00"
20,"7931937025","5014292785","I did, and that’s exactly why I’m wondering how he can be so soft when it comes to a woman, one time yehonechen lij endalagachesh sil semche keza buhala ferawalew😂",NULL,NULL,"2025-10-09 18:27:40.078443+00"
21,"7931937025","5014292785","2016, wbu?",NULL,NULL,"2025-10-09 18:27:47.911921+00"
22,"5014292785","7931937025","Besmammm endeza beloal ende. I swear I always see him with multiple women at Cafe though like cozying up with them laughing mnamn",NULL,NULL,"2025-10-09 18:29:14.988762+00"
23,"7931937025","5014292785","https://t.me/JustForFunAhhGroup",NULL,NULL,"2025-10-09 18:29:52.264329+00"
24,"5014292785","7931937025","2016 negn eko enem zendero 3rd year right?",NULL,NULL,"2025-10-09 18:29:57.620499+00"
25,"7931937025","5014292785","Ay yemane I am amazed tbh almeslegnem neber😁",NULL,NULL,"2025-10-09 18:30:34.564536+00"
26,"7931937025","5014292785","Yuppp module 8 endet nw tadya ee?",NULL,NULL,"2025-10-09 18:30:35.469245+00"
27,"5014292785","7931937025","Module 8 bezu nw  they weren't lying yehe kebad yehonal selu. Wbu",NULL,NULL,"2025-10-09 18:43:01.943307+00"
28,"7931937025","5014292785","Ere awo aza nw fr how did you manage to study all that while being the Queen of the comment section huh gobez nesh tbh😂 u got a lot of boys crashing on you mnamn that is hilarious😂",NULL,NULL,"2025-10-09 18:53:59.359266+00"
29,"5014292785","7931937025","Teyachew bakesh enes Sera feteche nw😭😂social media lay gezeyen selematefa nw.",NULL,NULL,"2025-10-09 18:55:15.797729+00"
30,"7931937025","5014292785","Enem endanchiw neberku beye grpu eyegebaw ebetebet neber ahun tnsh break lay hogne nw😅, nice to meet you tho...gurl am happy that we talked 🙌",NULL,NULL,"2025-10-09 18:59:13.320255+00"
31,"5014292785","7931937025","Same nice to meet u too",NULL,NULL,"2025-10-09 19:00:19.387171+00"
32,"7931937025","5014292785","Okayyy Good night💗",NULL,NULL,"2025-10-09 19:02:21.561673+00"
33,"5014292785","7931937025","I never said what age?? Eww",NULL,NULL,"2025-10-09 19:02:29.217548+00"
34,"5014292785","7931937025","Good night",NULL,NULL,"2025-10-09 19:02:46.36558+00"
35,"1465944838","5014292785","Endet newu 24 seat online yemikonew",NULL,NULL,"2025-10-09 20:08:50.367626+00"
36,"5014292785","1465944838","Endezi",NULL,NULL,"2025-10-09 20:09:15.095729+00"
37,"6652418571","5918213267","Hey",NULL,NULL,"2025-10-09 21:20:22.798497+00"
38,"5918213267","6652418571","Fuck u",NULL,NULL,"2025-10-10 06:03:26.958379+00"
39,"1446432638","462966491","Heyy u?? U were 5k yesterday?",NULL,NULL,"2025-10-10 07:34:54.880836+00"
40,"462966491","1446432638","No I wasn’t, but I am now",NULL,NULL,"2025-10-10 07:37:50.112501+00"
41,"1446432638","462966491","What's ur name btw? R u self sponsored? U want arc but u didn't get and got COTM.Right ??",NULL,NULL,"2025-10-10 07:40:00.696682+00"
42,"462966491","1446432638","Are you placed in engineering?",NULL,NULL,"2025-10-10 07:41:00.643745+00"
43,"462966491","1446432638","And do you wanna switch or not?",NULL,NULL,"2025-10-10 07:41:10.692098+00"
44,"1446432638","462966491","No yesterday i met smn like u around pre engineering office5k. Btw am senior student, just to now u r her or not.",NULL,NULL,"2025-10-10 07:42:38.584373+00"
45,"462966491","1446432638","Ohh sorry I’m not the person you’re looking for",NULL,NULL,"2025-10-10 07:43:44.849015+00"
46,"1446432638","462966491","If so, Good luck! Fiyo🤞",NULL,NULL,"2025-10-10 07:44:57.772537+00"
47,"462966491","1446432638","Thanks I really need it",NULL,NULL,"2025-10-10 07:55:01.535663+00"
48,"7407858484","1751884518","Honey yet nesh",NULL,NULL,"2025-10-10 09:23:30.962954+00"
49,"1751884518","7407858484","Who is this",NULL,NULL,"2025-10-10 10:02:06.056657+00"
50,"7386771058","5313962840","Yo brodi was wondering where the sheger lounge is and the budget and shi including room mnamn bout to crack some lmk",NULL,NULL,"2025-10-10 11:30:36.845143+00"
51,"7386771058","5313962840","We freshh",NULL,NULL,"2025-10-10 11:34:32.888985+00"
52,"5313962840","7386771058","Chebsi is the same ende mountain 120 or 130 birr and the room was around 1k mnamn bcha if u got 2k-3k it's enough bedenb

Beterefe bedele atechat tolo endtsekrlsh😂",NULL,NULL,"2025-10-10 11:34:41.790899+00"
53,"7407858484","1751884518","The meda gar",NULL,NULL,"2025-10-10 12:24:58.854042+00"
54,"1115042518","8487387358","Tbhh i want my girl fucking me while i tied up gn endi aynet chekes yalech aymeslegnm neber",NULL,NULL,"2025-10-10 12:41:39.681151+00"
55,"8487387358","1115042518","Tell me how u want it",NULL,NULL,"2025-10-10 12:43:05.268615+00"
56,"1115042518","8487387358","Owkayy if her ass is clean i will eat it without hesitation if she tied me up tseguren yza mulu kituan fite lay arga endtaslegn new mfelgew yemren new😂❤️then she can fuck me endtaserkugn",NULL,NULL,"2025-10-10 12:45:50.334307+00"
57,"1115042518","8487387358","gn strapon mnamn mibalew neger stelaw besmeab🙏",NULL,NULL,"2025-10-10 12:47:32.746327+00"
58,"1115042518","8487387358","Thats disgusting",NULL,NULL,"2025-10-10 12:47:41.308149+00"
59,"8487387358","1115042518","Let me dm u",NULL,NULL,"2025-10-10 12:47:41.991855+00"
60,"1115042518","8487387358","Username?",NULL,NULL,"2025-10-10 12:47:57.065919+00"
61,"8487387358","1115042518","Gimme urs",NULL,NULL,"2025-10-10 12:48:05.170199+00"
62,"1115042518","8487387358","lol biyans eshi prove me you're F.",NULL,NULL,"2025-10-10 12:49:41.333352+00"
63,"8487387358","1115042518","How",NULL,NULL,"2025-10-10 12:54:48.155022+00"
64,"1115042518","8487387358","Just voice lakign hey wey selam blesh",NULL,NULL,"2025-10-10 12:55:48.753849+00"
65,"7795615574","6387738491","Hey there",NULL,NULL,"2025-10-10 12:56:09.593865+00"
66,"6387738491","7795615574","Hi",NULL,NULL,"2025-10-10 12:56:20.901915+00"
67,"7795615574","6387738491","I saw ur recent comment,",NULL,NULL,"2025-10-10 12:56:23.737625+00"
68,"7795615574","6387738491","And i am like that too",NULL,NULL,"2025-10-10 12:56:31.805774+00"
69,"7795615574","6387738491","Guessed we could talk",NULL,NULL,"2025-10-10 12:56:37.762879+00"
70,"6387738491","7795615574","What comment",NULL,NULL,"2025-10-10 12:56:48.968669+00"
71,"7795615574","6387738491","And see if we are each others type minamin",NULL,NULL,"2025-10-10 12:56:53.554+00"
72,"7795615574","6387738491","💬 I love both

 👩 Black cat ⚡︎58 Aura",NULL,NULL,"2025-10-10 12:57:03.892161+00"
73,"7795615574","6387738491","This one",NULL,NULL,"2025-10-10 12:57:12.812185+00"
74,"6387738491","7795615574","Ohh i see but i am in relationship",NULL,NULL,"2025-10-10 12:57:29.443024+00"
75,"7795615574","6387738491","Yemir",NULL,NULL,"2025-10-10 12:57:45.213493+00"
76,"7795615574","6387738491","😭😭",NULL,NULL,"2025-10-10 12:57:54.366585+00"
77,"7795615574","6387738491","Got a single friend??😁",NULL,NULL,"2025-10-10 12:58:14.498574+00"
78,"6387738491","7795615574","Yahh im in that kind staff",NULL,NULL,"2025-10-10 12:58:18.030751+00"
81,"6387738491","7795615574","Yes",NULL,NULL,"2025-10-10 12:58:34.783274+00"
82,"7795615574","6387738491","Wel me is tall",NULL,NULL,"2025-10-10 12:58:40.098462+00"
83,"7795615574","6387738491","And i love to be in one",NULL,NULL,"2025-10-10 12:58:49.887507+00"
84,"7795615574","6387738491","Ligjt skinned",NULL,NULL,"2025-10-10 12:58:54.050065+00"
85,"8487387358","1115042518","No here",NULL,NULL,"2025-10-10 12:58:54.497384+00"
88,"7795615574","6387738491","Its cool",NULL,NULL,"2025-10-10 12:59:19.727119+00"
89,"8487387358","1115042518","Text me @Sybau1234567890",NULL,NULL,"2025-10-10 12:59:23.339643+00"
90,"1115042518","8487387358","Yet campus nesh eshi koy😑",NULL,NULL,"2025-10-10 12:59:24.434596+00"
91,"6387738491","7795615574","How tall are u",NULL,NULL,"2025-10-10 12:59:30.097816+00"
92,"7795615574","6387738491","Me 181 or smwhere there",NULL,NULL,"2025-10-10 12:59:30.757723+00"
95,"6387738491","7795615574","tnx",NULL,NULL,"2025-10-10 13:00:08.001953+00"
96,"7795615574","6387738491","Lets talk in dm ayshalim",NULL,NULL,"2025-10-10 13:00:21.657829+00"
97,"7795615574","6387738491","They r prolly reading this",NULL,NULL,"2025-10-10 13:00:29.591905+00"
108,"8487387358","7795615574","Hi",NULL,NULL,"2025-10-10 13:08:58.465069+00"
109,"7795615574","8487387358","Me is sub tho havent had experiences much",NULL,NULL,"2025-10-10 13:09:10.578084+00"
2463,"8109112246","6194922788","U prefer dark or light skinned men?",NULL,NULL,"2025-11-05 13:19:45.760296+00"
2464,"6194922788","8109112246","Nah I am the type to switch between light and brown skin keremt ena bega lay but I consider my self brown skinned cause I am low key prettier yane.",NULL,NULL,"2025-11-05 13:20:25.982397+00"
2471,"6194922788","8109112246","Nigga, I didn’t even test your kisses why would I make a movie for you and your home boys?",NULL,NULL,"2025-11-05 13:24:43.179634+00"
2485,"8109112246","6194922788","U know there are many mens acting like a female on this platform 🙄 😒",NULL,NULL,"2025-11-05 13:35:38.313907+00"
2490,"6194922788","8109112246","“I think you are amazing” say it be voice.",NULL,NULL,"2025-11-05 13:38:59.093285+00"
79,"6387738491","7795615574","No",NULL,NULL,"2025-10-10 12:58:24.910946+00"
80,"7795615574","6387738491","Soo its not that deep",NULL,NULL,"2025-10-10 12:58:29.590376+00"
86,"7795615574","6387738491","I wonder what ur type is like",NULL,NULL,"2025-10-10 12:59:05.743614+00"
87,"6387738491","7795615574","Am short how tall",NULL,NULL,"2025-10-10 12:59:09.246239+00"
93,"6387738491","7795615574","Ohh i am 152",NULL,NULL,"2025-10-10 12:59:41.065951+00"
94,"7795615574","6387738491","Thats lovely",NULL,NULL,"2025-10-10 12:59:52.386378+00"
2465,"6194922788","8109112246","Dark skinned men tbh but I will taste the cream in you and let uk what I think",NULL,NULL,"2025-11-05 13:21:05.44616+00"
2466,"8109112246","6194922788","Ru fr?",NULL,NULL,"2025-11-05 13:21:31.710482+00"
2473,"6194922788","8109112246","Oh I may be the problem meselegn but nonetheless next week is good, Fbe campus negn I think we should test it if we have some sexual chemistry before doing the nasty what do you say?",NULL,NULL,"2025-11-05 13:29:35.993199+00"
2477,"8109112246","6194922788","Ok dont bother abt that...",NULL,NULL,"2025-11-05 13:31:06.13517+00"
2488,"8109112246","6194922788","Ok esh say im real girl be voice",NULL,NULL,"2025-11-05 13:36:58.661193+00"
98,"7795615574","6387738491","@Xyoxyoz",NULL,NULL,"2025-10-10 13:00:55.293857+00"
99,"6387738491","7795615574","I don't think iam ur type",NULL,NULL,"2025-10-10 13:01:26.258643+00"
100,"7795615574","6387738491","Tell me",NULL,NULL,"2025-10-10 13:01:37.530202+00"
101,"7795615574","6387738491","Try me",NULL,NULL,"2025-10-10 13:02:01.258202+00"
102,"6387738491","7795615574","Even if we become together i can't give u what other women's give for there bf",NULL,NULL,"2025-10-10 13:02:20.704359+00"
103,"7795615574","6387738491","Its cool",NULL,NULL,"2025-10-10 13:02:35.465849+00"
104,"6387738491","7795615574","Like that stuff u know what i mean",NULL,NULL,"2025-10-10 13:02:36.404547+00"
105,"7795615574","6387738491","Idk what ur refferingnto exactly tho",NULL,NULL,"2025-10-10 13:02:46.450786+00"
106,"7795615574","6387738491","Lets finish the match up out of this bot say hi there",NULL,NULL,"2025-10-10 13:03:04.550978+00"
107,"7795615574","8487387358","Hi dom girl",NULL,NULL,"2025-10-10 13:08:52.455215+00"
110,"7795615574","8487387358","I was woddeing if we could get tonknow.each other",NULL,NULL,"2025-10-10 13:09:23.28269+00"
111,"7795615574","8487387358","Drop ur username?",NULL,NULL,"2025-10-10 13:09:30.002796+00"
112,"7795615574","8487387358","And also whats ur type like",NULL,NULL,"2025-10-10 13:09:41.460109+00"
113,"8487387358","7795615574","I like konjo wend",NULL,NULL,"2025-10-10 13:10:25.681937+00"
114,"7795615574","8487387358","I gs am fine",NULL,NULL,"2025-10-10 13:10:56.960748+00"
115,"7795615574","8487387358","Got good face card",NULL,NULL,"2025-10-10 13:11:01.937098+00"
116,"7795615574","8487387358","And hot smile",NULL,NULL,"2025-10-10 13:11:39.035054+00"
117,"7795615574","8487387358","More of lips",NULL,NULL,"2025-10-10 13:13:10.431597+00"
118,"7795615574","8487387358","My bad typing it",NULL,NULL,"2025-10-10 13:13:19.218919+00"
119,"7795615574","8487387358","What abt u? How are u like",NULL,NULL,"2025-10-10 13:13:25.54277+00"
120,"7795615574","8487387358","Am tall too 181",NULL,NULL,"2025-10-10 13:13:40.18952+00"
121,"8487387358","7795615574","I'd be ur type dw",NULL,NULL,"2025-10-10 13:15:05.936136+00"
122,"7795615574","8487387358","Ohh i see",NULL,NULL,"2025-10-10 13:15:19.273508+00"
123,"7795615574","8487387358","Love the confidence",NULL,NULL,"2025-10-10 13:15:22.504922+00"
124,"7795615574","8487387358","Ur telegram username please",NULL,NULL,"2025-10-10 13:15:29.419078+00"
125,"7795615574","8487387358","How experienced  are u btw??",NULL,NULL,"2025-10-10 13:15:42.186659+00"
126,"8487387358","7795615574","@Sybau1234567890",NULL,NULL,"2025-10-10 13:16:24.223543+00"
127,"8487387358","7795615574","Dm",NULL,NULL,"2025-10-10 13:16:30.440462+00"
128,"7795615574","8487387358","What up horny girl",NULL,NULL,"2025-10-10 13:23:48.411059+00"
129,"1115042518","1103065697","Tied argesh ride mareg new mfelgiw weys you love that strapon shit?😭",NULL,NULL,"2025-10-10 14:56:19.525888+00"
130,"8436061444","1103065697","I am a sub  looking for girl too",NULL,NULL,"2025-10-10 14:59:20.346695+00"
131,"8436061444","1103065697","A dom girl",NULL,NULL,"2025-10-10 14:59:59.075959+00"
132,"8436061444","1103065697","And i love communicating",NULL,NULL,"2025-10-10 15:00:06.241962+00"
133,"8436061444","1103065697","And wanna have the experiences of that side",NULL,NULL,"2025-10-10 15:00:22.452677+00"
134,"8436061444","1103065697","Sorry  i touched leave chat by mistake",NULL,NULL,"2025-10-10 15:00:54.596545+00"
135,"8436061444","1103065697","Chat History with Karl Marxs left nut

You: I am a sub  looking for girl too( A dom girl, ) And i love communicating
And I wanna have the experiences of that side",NULL,NULL,"2025-10-10 15:01:23.220246+00"
136,"8436061444","1103065697","Reply??",NULL,NULL,"2025-10-10 15:03:24.385606+00"
137,"1115042518","1103065697","Lol kitachu fitachn lay sikemet betam new des milen tbhh😭",NULL,NULL,"2025-10-10 15:03:56.943202+00"
138,"8436061444","8487387358","Melk",NULL,NULL,"2025-10-10 15:11:46.509856+00"
139,"8436061444","8487387358","Ever done fwb??",NULL,NULL,"2025-10-10 15:11:57.629534+00"
140,"8436061444","8487387358","Would taking mone for fwb make a girl hoe?",NULL,NULL,"2025-10-10 15:12:38.961839+00"
141,"8487387358","8436061444","Malet",NULL,NULL,"2025-10-10 15:14:08.820632+00"
142,"8436061444","8487387358","Would taking money for fwb make a girl hoe?",NULL,NULL,"2025-10-10 15:15:43.344828+00"
143,"8487387358","8436061444","No. R u gonna pay",NULL,NULL,"2025-10-10 15:16:52.347133+00"
144,"8436061444","8487387358","Should",NULL,NULL,"2025-10-10 15:17:55.103139+00"
145,"8436061444","8487387358","I",NULL,NULL,"2025-10-10 15:17:57.387571+00"
146,"8487387358","8436061444","Leman",NULL,NULL,"2025-10-10 15:18:06.067544+00"
147,"8436061444","8487387358","How much",NULL,NULL,"2025-10-10 15:18:10.733167+00"
148,"8436061444","8487387358","For u",NULL,NULL,"2025-10-10 15:18:15.61121+00"
149,"8487387358","8436061444","Lene nw?",NULL,NULL,"2025-10-10 15:18:17.347372+00"
150,"8436061444","8487387358","...",NULL,NULL,"2025-10-10 15:18:38.332187+00"
151,"8436061444","8487387358","Aw",NULL,NULL,"2025-10-10 15:18:46.879712+00"
152,"8487387358","8436061444","Konjo neh?",NULL,NULL,"2025-10-10 15:18:49.098568+00"
153,"8436061444","8487387358","i tot u said pay",NULL,NULL,"2025-10-10 15:18:54.15639+00"
154,"8436061444","8487387358","I am hella fine",NULL,NULL,"2025-10-10 15:18:58.842087+00"
155,"8487387358","8436061444","Why would u pay if u r fine",NULL,NULL,"2025-10-10 15:19:11.984226+00"
156,"8436061444","8487387358","If u wanted morw",NULL,NULL,"2025-10-10 15:19:22.531809+00"
157,"8436061444","8487387358","Did u ever get paid or did it randomly",NULL,NULL,"2025-10-10 15:19:48.069211+00"
158,"8436061444","8487387358","Would u even do it",NULL,NULL,"2025-10-10 15:20:00.226827+00"
159,"8487387358","8436061444","Yenen Tarek tewew",NULL,NULL,"2025-10-10 15:20:06.456355+00"
160,"8436061444","8487387358","Cuz most women are afraid",NULL,NULL,"2025-10-10 15:20:07.023659+00"
161,"8487387358","8436061444","Of what",NULL,NULL,"2025-10-10 15:20:37.173163+00"
162,"8436061444","8487387358","Getting  pregnanat",NULL,NULL,"2025-10-10 15:20:58.688149+00"
163,"8436061444","8487387358","Its only safe with a trustabke person",NULL,NULL,"2025-10-10 15:21:22.59574+00"
164,"8436061444","8487387358","Its only safe with a trustable person",NULL,NULL,"2025-10-10 15:21:30.444586+00"
165,"8436061444","8487387358","And a loyal one",NULL,NULL,"2025-10-10 15:21:40.679424+00"
166,"8436061444","8487387358","U are dom or sub?",NULL,NULL,"2025-10-10 15:23:02.26541+00"
167,"8487387358","8436061444","None",NULL,NULL,"2025-10-10 15:23:07.22033+00"
168,"8436061444","8487387358","Switching??",NULL,NULL,"2025-10-10 15:23:57.663198+00"
169,"8487387358","8436061444","Yes",NULL,NULL,"2025-10-10 15:25:07.801508+00"
170,"8436061444","8487387358","I love that",NULL,NULL,"2025-10-10 15:25:35.228732+00"
171,"8436061444","8487387358","Ever done stuff",NULL,NULL,"2025-10-10 15:25:43.282863+00"
172,"8436061444","8487387358","Or your just imagining it",NULL,NULL,"2025-10-10 15:25:52.328611+00"
173,"8487387358","8436061444","Imagination",NULL,NULL,"2025-10-10 15:25:57.888497+00"
174,"8436061444","8487387358","so u masterbate",NULL,NULL,"2025-10-10 15:27:16.355118+00"
175,"7795615574","8132883465","Man or girl?",NULL,NULL,"2025-10-10 15:32:33.303192+00"
176,"7795615574","8132883465","??",NULL,NULL,"2025-10-10 15:33:07.701899+00"
177,"8436061444","7940722669","I like tall girls",NULL,NULL,"2025-10-10 17:01:47.424686+00"
178,"8436061444","7940722669","And i was wondering if we could talk",NULL,NULL,"2025-10-10 17:01:56.645186+00"
179,"8436061444","7940722669","I am 180 or more its has been a while since last time",NULL,NULL,"2025-10-10 17:02:12.835998+00"
180,"7940722669","8436061444","Ok but how old are u😅",NULL,NULL,"2025-10-10 17:02:23.44442+00"
181,"8436061444","7940722669","Big too",NULL,NULL,"2025-10-10 17:02:29.583161+00"
182,"8436061444","7940722669","Old enough",NULL,NULL,"2025-10-10 17:02:34.282121+00"
183,"8436061444","7940722669","4th year",NULL,NULL,"2025-10-10 17:02:37.715089+00"
184,"8436061444","7940722669","What abt u",NULL,NULL,"2025-10-10 17:02:40.264049+00"
185,"7940722669","8436061444","2nd year",NULL,NULL,"2025-10-10 17:02:46.838712+00"
186,"8436061444","7940722669","Soo fair",NULL,NULL,"2025-10-10 17:02:59.602935+00"
187,"8436061444","7940722669","Thats nice",NULL,NULL,"2025-10-10 17:03:08.227978+00"
188,"7940722669","8436061444","😂😂aight",NULL,NULL,"2025-10-10 17:03:13.068024+00"
189,"7940722669","8436061444","Wait",NULL,NULL,"2025-10-10 17:03:20.099039+00"
190,"8436061444","7940722669","So ur username please",NULL,NULL,"2025-10-10 17:03:21.289636+00"
191,"8436061444","7940722669","What?",NULL,NULL,"2025-10-10 17:03:27.338095+00"
192,"7940722669","8436061444","@Mahi4199",NULL,NULL,"2025-10-10 17:03:36.662566+00"
193,"7940722669","8436061444","Here u go",NULL,NULL,"2025-10-10 17:03:40.69406+00"
194,"8436061444","7940722669","Message ne",NULL,NULL,"2025-10-10 17:04:04.703137+00"
195,"8436061444","7940722669","*me",NULL,NULL,"2025-10-10 17:04:07.442161+00"
196,"7940722669","8436061444","On what",NULL,NULL,"2025-10-10 17:04:20.765217+00"
199,"8436061444","7940722669","I just sebt u",NULL,NULL,"2025-10-10 17:04:32.929281+00"
200,"8436061444","7940722669","*sebt u",NULL,NULL,"2025-10-10 17:04:39.455323+00"
201,"8436061444","7940722669","*sent u",NULL,NULL,"2025-10-10 17:04:44.401238+00"
2467,"8363986202","6499363352","Hey I'm just looking for friends to talk to , can we talk ?",NULL,NULL,"2025-11-05 13:21:58.671363+00"
2468,"6194922788","8109112246","I never joke.",NULL,NULL,"2025-11-05 13:22:48.448469+00"
2474,"6194922788","8109112246","And additional question is allowed",NULL,NULL,"2025-11-05 13:29:58.948517+00"
2479,"8109112246","6194922788","Huh?...",NULL,NULL,"2025-11-05 13:32:50.498662+00"
2491,"8109112246","6194922788","Esh say it",NULL,NULL,"2025-11-05 13:39:32.021293+00"
2492,"6194922788","8109112246","What? I said I am a real girl",NULL,NULL,"2025-11-05 13:39:59.820313+00"
2506,"6194922788","8109112246","Do men do this often? Like is this what you guys do when you’re bored? መጀንጀኒግ other men?",NULL,NULL,"2025-11-05 14:05:32.376068+00"
2513,"8109112246","6194922788","Ande bicha eza username lay voice lakena ...then u can delete the chat if u want",NULL,NULL,"2025-11-05 14:08:41.688312+00"
197,"7940722669","8436061444","I don't have ur acc",NULL,NULL,"2025-10-10 17:04:25.996607+00"
202,"8436061444","7940722669","Sry abt the typos😭",NULL,NULL,"2025-10-10 17:04:50.643301+00"
2469,"8109112246","6194922788","So why dont we make a movie?",NULL,NULL,"2025-11-05 13:23:08.449835+00"
2476,"8109112246","6194922788","Im ok with it ene 6 killo negn",NULL,NULL,"2025-11-05 13:30:45.940062+00"
2478,"8109112246","6194922788","Esh can I atleast get ur number?",NULL,NULL,"2025-11-05 13:31:15.931091+00"
2481,"6194922788","8109112246","I think Tuesday is a good date",NULL,NULL,"2025-11-05 13:34:43.421795+00"
2498,"6194922788","8109112246","Endewm thinking about it we’re both girliepops cuz what do you mean you don’t want to send a voice… sus asf",NULL,NULL,"2025-11-05 13:54:15.322839+00"
2500,"6194922788","8109112246","Faking it? For who? Nigga I just want to try new things am bored if you are doubting it bye fortunately for me men are everywhere. No pressure btw we can stop chatting.",NULL,NULL,"2025-11-05 13:56:33.534018+00"
2503,"8109112246","6194922788","Ur afraid to send me even voice eko coz ur a man pretending to be girl😒",NULL,NULL,"2025-11-05 14:01:35.219217+00"
2507,"6194922788","8109112246","Nah",NULL,NULL,"2025-11-05 14:05:50.183853+00"
2512,"8109112246","6194922788","Here my username :Happything_s",NULL,NULL,"2025-11-05 14:07:17.278983+00"
198,"8436061444","7940722669","@xyoxyoz",NULL,NULL,"2025-10-10 17:04:26.07733+00"
203,"7919816582","1751884518","Zm blen date bnadergs",NULL,NULL,"2025-10-10 17:39:33.305286+00"
204,"1751884518","7919816582","Send me ur pic",NULL,NULL,"2025-10-10 18:23:03.021022+00"
205,"7919816582","1751884518","@banana1224 dm me",NULL,NULL,"2025-10-10 18:26:37.823506+00"
206,"1751884518","7919816582","I wanna see ur pic",NULL,NULL,"2025-10-10 18:34:41.66609+00"
207,"855757095","8132883465","Heyy",NULL,NULL,"2025-10-10 18:36:27.627204+00"
208,"8132883465","855757095","Hey 👋",NULL,NULL,"2025-10-10 18:36:49.41252+00"
209,"855757095","8132883465","I relate with your confession and I was hoping we could discuss",NULL,NULL,"2025-10-10 18:37:23.150797+00"
210,"855757095","8132883465","I don't know that many people who agree with me",NULL,NULL,"2025-10-10 18:37:48.608501+00"
211,"855757095","8132883465","Was there a particular reason why you stopped believing?",NULL,NULL,"2025-10-10 18:38:34.275991+00"
212,"8132883465","855757095","Just having no reason to believe 
Mnm prove yemidereg neger atahu",NULL,NULL,"2025-10-10 18:39:49.153641+00"
213,"855757095","8132883465","Have you tried exploring other religions",NULL,NULL,"2025-10-10 18:41:26.146685+00"
214,"855757095","8132883465","Or you just don't believe in any God or gods",NULL,NULL,"2025-10-10 18:41:46.558792+00"
215,"7919816582","1751884518","Eko dm me eza lklshalewa",NULL,NULL,"2025-10-10 18:42:57.634549+00"
216,"8132883465","855757095","I feel like there is no God and I tried to study Quran too and it's more complex than bible 
What about you like what u feel",NULL,NULL,"2025-10-10 18:44:39.397984+00"
217,"1751884518","7919816582","Lemn ezi",NULL,NULL,"2025-10-10 18:46:30.025286+00"
218,"1751884518","7919816582","Eza yene profile ale",NULL,NULL,"2025-10-10 18:46:40.879701+00"
219,"855757095","8132883465","I also feel like there's no God but I'm not completely sure of what I believe in",NULL,NULL,"2025-10-10 18:47:09.289807+00"
220,"855757095","8132883465","Ik for sure I don't believe in Christianity or Islam tho",NULL,NULL,"2025-10-10 18:47:27.750539+00"
221,"855757095","8132883465","I'm still pretending around family tho😭",NULL,NULL,"2025-10-10 18:48:16.905984+00"
222,"7919816582","1751884518","Eko ynura mn chgr alew kaltemechewsh block madreg newa ezo bot eko new des aylm",NULL,NULL,"2025-10-10 18:48:23.958147+00"
223,"1751884518","7919816582","Just lyh",NULL,NULL,"2025-10-10 18:49:00.63102+00"
224,"8132883465","855757095","It's hard ik
Eski contact me
@sol_VIP",NULL,NULL,"2025-10-10 18:51:10.907159+00"
225,"855757095","8132883465","*sigh",NULL,NULL,"2025-10-10 18:52:52.94538+00"
226,"7919816582","1751884518","Comfort slaltesemagn eko new",NULL,NULL,"2025-10-10 18:53:20.15906+00"
227,"1751884518","7919816582","Eshi tellm bout you",NULL,NULL,"2025-10-10 19:08:35.580831+00"
228,"7919816582","1751884518","Sefere selam temari negn 1.70 negn",NULL,NULL,"2025-10-10 19:09:39.584267+00"
229,"1751884518","7919816582","Im in main camp",NULL,NULL,"2025-10-10 19:14:35.571296+00"
230,"7919816582","1751884518","Inbox ney kemr @banana1224",NULL,NULL,"2025-10-10 19:15:38.804495+00"
231,"7919816582","1751884518","Wey kedeberesh ene lmta ngerign username",NULL,NULL,"2025-10-10 19:17:45.89041+00"
232,"855757095","8115373343","Heyy😭",NULL,NULL,"2025-10-10 20:06:10.850196+00"
233,"855757095","8115373343","It took me a week to figure out how the chat works😭",NULL,NULL,"2025-10-10 20:06:35.741081+00"
234,"7919816582","1751884518","Zm alshign eko",NULL,NULL,"2025-10-11 06:02:25.145088+00"
235,"8115373343","855757095","Omg me too😭
But heyyy",NULL,NULL,"2025-10-11 07:05:48.608531+00"
236,"855757095","8115373343","This bot is way too confusing 😭
Text me @heartifiliaFT",NULL,NULL,"2025-10-11 07:40:43.626926+00"
237,"1051999376","6387738491","Heyyyy, z dominator heree🙌",NULL,NULL,"2025-10-11 12:21:12.624796+00"
238,"6387738491","1051999376","Hi",NULL,NULL,"2025-10-11 12:21:57.710295+00"
239,"1051999376","6387738491","Why don't u drop me ur @ nd who knows..",NULL,NULL,"2025-10-11 12:23:51.380971+00"
240,"1051999376","6387738491","Btw u like tall guys?",NULL,NULL,"2025-10-11 12:27:24.281268+00"
241,"6387738491","1051999376","I don't care about his height but i care if he is rich",NULL,NULL,"2025-10-11 12:28:19.01324+00"
242,"1051999376","6387738491","I mean I got car bae..is that enough bae",NULL,NULL,"2025-10-11 12:29:17.833645+00"
243,"6387738491","1051999376","How old are u",NULL,NULL,"2025-10-11 12:29:57.566968+00"
244,"1051999376","6387738491","I mean like old enough to drive you crazy 😏 gn whydo u ask you got an age requirement n shii",NULL,NULL,"2025-10-11 12:33:21.59709+00"
245,"1051999376","6387738491","Alr...22 bae wbu",NULL,NULL,"2025-10-11 12:37:34.331889+00"
246,"6387738491","1051999376","Oh am 23",NULL,NULL,"2025-10-11 12:38:53.195317+00"
247,"6387738491","1051999376","I think it is not gone work",NULL,NULL,"2025-10-11 12:39:09.499275+00"
248,"1051999376","6387738491","Not gone work dym u didn’t even ko gimme a trial period 😏 plus to that I'm gd at changin ppl mind..bb gyal",NULL,NULL,"2025-10-11 12:44:44.656289+00"
249,"6387738491","1051999376","Ok send ur username",NULL,NULL,"2025-10-11 12:45:13.241234+00"
250,"1051999376","6387738491","My snap is xo_yeab nd ma ig is yeab_64 ayoo don't get addicted thoo..🙌",NULL,NULL,"2025-10-11 12:50:06.322941+00"
251,"1051999376","6387738491","What abt urs??",NULL,NULL,"2025-10-11 13:39:02.276568+00"
252,"6387738491","1051999376","Snap mayakill",NULL,NULL,"2025-10-11 13:40:31.607204+00"
253,"6387738491","1051999376","I said hi to u look out",NULL,NULL,"2025-10-11 13:40:52.617291+00"
254,"7628715805","5344544294","Hi",NULL,NULL,"2025-10-11 14:15:32.014552+00"
255,"5344544294","7628715805","Heyyy",NULL,NULL,"2025-10-11 14:15:56.532259+00"
256,"7628715805","5344544294","I liked your sense of humor",NULL,NULL,"2025-10-11 14:17:31.560098+00"
257,"7628715805","5344544294","What's your name",NULL,NULL,"2025-10-11 14:19:09.777624+00"
258,"5344544294","7628715805","Never thought I had one, thanks ❤️",NULL,NULL,"2025-10-11 14:23:38.649535+00"
259,"7628715805","5344544294","Well that's the first thing that came to my mind. I don't even know if i fall in love with you or your humor😂",NULL,NULL,"2025-10-11 14:44:26.316585+00"
260,"7628715805","6981232498","Hi",NULL,NULL,"2025-10-11 14:44:41.409894+00"
261,"1115042518","1103065697","anchis submissive boy eyefelegsh aydel mtwyiw😂😂get a life gurl",NULL,NULL,"2025-10-11 16:19:01.709723+00"
262,"1103065697","1115042518","Wow u got me there lowk😔 not anymore though 😋I bagged a cute guy to toy with. Calls me mommy n shit. Life is good🙏🏽",NULL,NULL,"2025-10-11 16:20:46.292827+00"
263,"1115042518","1103065697","yeahh i'm cute tho🥹",NULL,NULL,"2025-10-11 17:01:05.793399+00"
264,"1115042518","1103065697","Tied up and sitting on my face tchyalesh😭❤️if you're wefram demo beka",NULL,NULL,"2025-10-11 17:02:22.546663+00"
265,"1103065697","1115042518","I like how desperate you are. It's cute",NULL,NULL,"2025-10-11 17:05:04.283929+00"
266,"1115042518","1103065697","I'm V. I know iya weird gn negn momiye",NULL,NULL,"2025-10-11 17:06:27.369262+00"
267,"1115042518","1103065697","Nah i wish you fucked me asreshgn momiye while your hands angeten ankot ride btaregign owww",NULL,NULL,"2025-10-11 17:10:40.953311+00"
268,"1103065697","1115042518","You'd like that baby? But I wouldn't let you cut without my permission",NULL,NULL,"2025-10-11 17:19:26.352255+00"
269,"1115042518","1103065697","Yeahh momiyee ታዛዥ ነኝ🥺🙏 youu grinding my d so hard eskemakast dres while you slapping my face if you want malet new",NULL,NULL,"2025-10-11 17:21:23.326668+00"
270,"1103065697","1115042518","Hmm...what if I wanna make you cum again and again till you have tears streaming down your face? Think you can handle that? I like my pretty boys looking pathetic and weak under me",NULL,NULL,"2025-10-11 17:23:03.635009+00"
271,"1115042518","1103065697","I want that eske maleks dres btnejign fr pls stop momi benatshh eskemlsh dres😭",NULL,NULL,"2025-10-11 17:24:50.893064+00"
272,"1115042518","1103065697","Nahh my fantasies is weird tbh i want controlled my momies so badd tftf eyaregu bibedugn hula des ylegnal tbh eskemibekachew dres",NULL,NULL,"2025-10-11 17:31:14.345449+00"
273,"1115042518","1103065697","beterefe endtbejign efelgalew momiye kechalsh btagegnign des ylegnal",NULL,NULL,"2025-10-11 18:18:49.746348+00"
274,"1103065697","1115042518","What's in it for me though? I'm not interested in fucking you and beating you up for no reason. I want you to eat me out till you can't breathe no more. Then maybe I'll consider fucking you.",NULL,NULL,"2025-10-11 18:53:39.393636+00"
275,"1115042518","1103065697","des ylegnal momiye i will do yalshign be mulu",NULL,NULL,"2025-10-11 20:28:08.565209+00"
276,"5269090357","1298762938","hey girlie
im glad you are concious enough to notice the patterns of the red flag which most girls in love don do
stand for yourself eshy nobody is going to come to save you when these boys break your heart into pieces
don let your guard down. i love you demo☺️",NULL,NULL,"2025-10-11 20:30:45.344698+00"
277,"1115042518","1103065697","I eat your ass ebelawalew tseguren chemkesh yzesh metenfes eskiaktegn እስከማለከልክ dres i will lick it what if you squirt it on my face?😭",NULL,NULL,"2025-10-11 20:30:47.25129+00"
278,"1115042518","1103065697","lemme dm you if you want mom🙏",NULL,NULL,"2025-10-11 20:53:31.008581+00"
279,"7457480544","6499363352","I'd really like to get to know you....can I get ur tg username ?",NULL,NULL,"2025-10-12 07:12:07.573587+00"
280,"6499363352","7457480544","Id love to but then whats the point of anonymity",NULL,NULL,"2025-10-12 07:14:45.070976+00"
281,"7457480544","6499363352","Yeah true😁....maybe I just got too curious about the person behind the message",NULL,NULL,"2025-10-12 07:24:50.575517+00"
282,"6499363352","7457480544","What message",NULL,NULL,"2025-10-12 07:29:17.708399+00"
283,"7457480544","6499363352","💬 Wow is this what a mans fyp looks like 
I wonder why?
Oh wait its cuz u engage in zis kinda stuff 
Anyways thats not true except this once cuz if i had a crush on u and saw zis post i would definitely get an ick😀

👤 Other she ⚡︎982 Aura



This one",NULL,NULL,"2025-10-12 07:30:09.460057+00"
284,"6499363352","7457480544","Did u post that",NULL,NULL,"2025-10-12 07:37:14.538355+00"
285,"7457480544","6499363352","Nope",NULL,NULL,"2025-10-12 07:37:59.335056+00"
286,"6499363352","7457480544","Luteal i guess 😭",NULL,NULL,"2025-10-12 07:39:29.205848+00"
287,"1115042518","1103065697","ere ngstua yehone neger beyign lmotbsh new",NULL,NULL,"2025-10-12 07:39:36.468832+00"
288,"6499363352","5189934287","Sorry that was a mistake",NULL,NULL,"2025-10-12 07:49:44.123349+00"
289,"7457480544","6499363352","No worries ..happens to everyone 😭",NULL,NULL,"2025-10-12 07:50:46.786077+00"
290,"6499363352","5189934287","It doesnt 😭😭
Anyways im glad u didnt write that trash",NULL,NULL,"2025-10-12 07:53:49.014557+00"
291,"7795615574","8487387358","Whats up quuer",NULL,NULL,"2025-10-12 09:43:37.471816+00"
292,"8487387358","7795615574","Can I help?",NULL,NULL,"2025-10-12 09:43:47.7366+00"
293,"6977599613","8487387358","Hey there",NULL,NULL,"2025-10-12 09:57:58.124944+00"
294,"6977599613","8487387358","U bi or les?",NULL,NULL,"2025-10-12 09:58:06.548317+00"
295,"6977599613","8487387358","I am from the  new vent",NULL,NULL,"2025-10-12 09:58:36.769123+00"
296,"8487387358","6977599613","Bi. R u a woman?",NULL,NULL,"2025-10-12 09:58:52.56357+00"
297,"6977599613","8487387358","Yes",NULL,NULL,"2025-10-12 09:59:38.373672+00"
298,"6977599613","8487387358","Ever did anything with a man?",NULL,NULL,"2025-10-12 09:59:51.627587+00"
299,"6977599613","8487387358","Or a girl",NULL,NULL,"2025-10-12 09:59:57.333671+00"
300,"8487387358","6977599613","Nope actually",NULL,NULL,"2025-10-12 10:00:29.744398+00"
301,"8487387358","6977599613","Have u",NULL,NULL,"2025-10-12 10:00:32.220281+00"
302,"6977599613","8487387358","I love girls i think  but idk how totry nnd explore",NULL,NULL,"2025-10-12 10:00:41.246377+00"
303,"6977599613","8487387358","with a man yes",NULL,NULL,"2025-10-12 10:00:51.570452+00"
304,"8487387358","6977599613","Same I'm exploring",NULL,NULL,"2025-10-12 10:01:09.298154+00"
305,"6977599613","8487387358","How did u know u are into girls then",NULL,NULL,"2025-10-12 10:01:15.182349+00"
306,"6977599613","8487387358","So u plan on doing things very soon?",NULL,NULL,"2025-10-12 10:01:29.452287+00"
307,"6977599613","8487387358","Do u have friends that r bi or queer lesbian?",NULL,NULL,"2025-10-12 10:01:48.570514+00"
308,"8487387358","6977599613","I don't have that kind of friends",NULL,NULL,"2025-10-12 10:02:08.669764+00"
309,"8487387358","6977599613","And I don't know if I'm into girls I am on a self-discoveration journey how did you know",NULL,NULL,"2025-10-12 10:02:27.865105+00"
310,"6977599613","8487387358","I just tend tp be attracted neger",NULL,NULL,"2025-10-12 10:03:17.907373+00"
311,"6977599613","8487387358","But the thing is i loved getting a head from a man",NULL,NULL,"2025-10-12 10:03:26.641232+00"
312,"6977599613","8487387358","And the idea of a clit rubbing my clit",NULL,NULL,"2025-10-12 10:03:38.98181+00"
313,"6977599613","8487387358","Are we safe talking like this here",NULL,NULL,"2025-10-12 10:04:17.298641+00"
314,"8487387358","6977599613","I don't think so the admin can read I guess so give me your account",NULL,NULL,"2025-10-12 10:06:34.147933+00"
315,"6977599613","8487387358","@UrCatlover",NULL,NULL,"2025-10-12 10:07:06.173432+00"
316,"1115042518","5237102694","So you're telling me your Bi gurl?😭",NULL,NULL,"2025-10-12 10:48:00.119741+00"
317,"5237102694","1115042518","Ofc...🤷‍♂😏",NULL,NULL,"2025-10-12 10:48:51.365864+00"
318,"1115042518","5237102694","F or M?",NULL,NULL,"2025-10-12 10:49:11.661192+00"
319,"5237102694","1115042518","M",NULL,NULL,"2025-10-12 10:49:34.701917+00"
320,"5237102694","1115042518","And u?",NULL,NULL,"2025-10-12 10:49:39.930661+00"
321,"5237102694","1115042518","❓",NULL,NULL,"2025-10-12 10:55:21.191555+00"
322,"1115042518","5237102694","Nahh i'm not gay broski leave me alone.",NULL,NULL,"2025-10-12 11:00:31.466589+00"
323,"5237102694","1115042518","Are you male too?",NULL,NULL,"2025-10-12 11:00:59.107495+00"
324,"1115042518","5237102694","Yeah",NULL,NULL,"2025-10-12 11:01:33.296149+00"
325,"5237102694","1115042518","So you have 2 dicks?",NULL,NULL,"2025-10-12 11:02:23.149726+00"
326,"1115042518","6179841738","So you're telling me you're Bi😭what's the advantage you got fron this tell me pls.",NULL,NULL,"2025-10-12 11:18:40.472047+00"
327,"1115042518","6179841738","Are you a female?",NULL,NULL,"2025-10-12 11:26:40.374336+00"
328,"1115042518","7612540718","Bisexual mehon gn aydebrm koy?😭",NULL,NULL,"2025-10-12 11:48:16.37257+00"
329,"1115042518","7612540718","M or F?",NULL,NULL,"2025-10-12 11:48:20.300762+00"
330,"7612540718","1115042518","F",NULL,NULL,"2025-10-12 11:48:42.98406+00"
331,"1115042518","7612540718","more attract miyaregush gn wend new weys set?",NULL,NULL,"2025-10-12 11:51:11.740066+00"
332,"7612540718","1115042518","Girls obviously",NULL,NULL,"2025-10-12 11:51:35.239792+00"
333,"7612540718","1115042518","What about you",NULL,NULL,"2025-10-12 11:51:39.018859+00"
334,"1115042518","7612540718","I'm Male lol😭 gn beka you guys stsasamu bye ykombgnal i'm not Bisexual tho.i'm straight.😁",NULL,NULL,"2025-10-12 11:52:30.899861+00"
335,"7612540718","1115042518","I knew it and it's nice meeting you sweetheart",NULL,NULL,"2025-10-12 11:53:07.378235+00"
336,"1115042518","7612540718","Nice to meet you too gurlll😁❤️gn i am more into sub boy slsh beka setoch control biyaregugn des ylegnal haha i know its weird gn thats my nature.",NULL,NULL,"2025-10-12 11:54:34.332543+00"
337,"1115042518","7084003937","Your M or F?🙄",NULL,NULL,"2025-10-12 11:55:23.761135+00"
338,"7612540718","1115042518","It's not weird 😕",NULL,NULL,"2025-10-12 11:58:38.310492+00"
339,"1115042518","7612540718","So you try threesome mnamn with your Gf alongside with man malet new",NULL,NULL,"2025-10-12 11:58:38.654098+00"
340,"1115042518","7612540718","Haha gn dom man new mfelgut bzuwn gize aydel",NULL,NULL,"2025-10-12 11:59:32.405896+00"
341,"6179841738","1115042518","I enjoy being participated wch means i like threesome",NULL,NULL,"2025-10-12 12:03:56.78457+00"
342,"1115042518","7612540718","Haha call me when you guys want a boy lol😂",NULL,NULL,"2025-10-12 12:04:57.876691+00"
343,"6179841738","1115042518","R u  a female?",NULL,NULL,"2025-10-12 12:32:12.404674+00"
344,"1115042518","6179841738","Nopeee",NULL,NULL,"2025-10-12 12:36:20.847215+00"
345,"1115042518","6179841738","Wbu",NULL,NULL,"2025-10-12 12:36:21.303342+00"
346,"1115042518","6179841738","Btw i want threesome so bad like u",NULL,NULL,"2025-10-12 12:42:10.562455+00"
347,"6179841738","1115042518","Am a Man too",NULL,NULL,"2025-10-12 12:47:34.248867+00"
348,"710914858","1146932382","Was up there",NULL,NULL,"2025-10-12 14:22:04.077582+00"
349,"710914858","1146932382","*whats up there",NULL,NULL,"2025-10-12 14:22:12.396541+00"
350,"710914858","1146932382","I was wondering what your take is on men that hustle to be rich",NULL,NULL,"2025-10-12 14:22:56.646821+00"
351,"1146932382","710914858","I appreciate people who try i believe i myself am starting from zero because whats my dad fs aint mine though in the end it will be mine i want to strive on my own method and journey so broke background dont matter and i dont mind too ig",NULL,NULL,"2025-10-12 14:23:01.508589+00"
353,"1146932382","710914858","Hey",NULL,NULL,"2025-10-12 14:23:48.97866+00"
1632,"6110336587","5009377468","Wdm",NULL,NULL,"2025-11-04 11:21:13.047613+00"
352,"1146932382","710914858","I appreciate people who try i believe i myself am starting from zero because whats my dad fs aint mine though in the end it will be mine i want to strive on my own method and journey so broke background dont matter and i dont mind too ig",NULL,NULL,"2025-10-12 14:23:24.97688+00"
354,"710914858","1146932382","U copy pasted this kelela chat right😁",NULL,NULL,"2025-10-12 14:23:49.754401+00"
355,"710914858","1146932382","Lets talk in dms",NULL,NULL,"2025-10-12 14:24:01.094031+00"
356,"1146932382","710914858","No i am not understanding thiz anonymous shit",NULL,NULL,"2025-10-12 14:24:05.999958+00"
357,"710914858","1146932382","I think so too,",NULL,NULL,"2025-10-12 14:24:07.943259+00"
358,"1146932382","710914858","Sure",NULL,NULL,"2025-10-12 14:24:10.192506+00"
359,"1146932382","710914858","@Gudmetsiwu",NULL,NULL,"2025-10-12 14:24:27.198171+00"
360,"710914858","1146932382","That way we wont be confused who we r chating with tho mine currently onthe botnis just u",NULL,NULL,"2025-10-12 14:24:37.135525+00"
361,"1146932382","710914858","I was replying to a comments",NULL,NULL,"2025-10-12 14:24:43.011758+00"
362,"1146932382","710914858","@Gudmetsiwu here is my username",NULL,NULL,"2025-10-12 14:24:55.651147+00"
363,"807504058","1146932382","U hv ig right?",NULL,NULL,"2025-10-12 16:41:38.191006+00"
364,"1146932382","807504058","yep",NULL,NULL,"2025-10-12 16:42:08.585329+00"
365,"1146932382","807504058","send me your ig tho",NULL,NULL,"2025-10-12 16:42:54.908265+00"
366,"807504058","1146932382","Am sorry",NULL,NULL,"2025-10-12 16:43:53.144395+00"
367,"807504058","1146932382","_.ronii_._",NULL,NULL,"2025-10-12 16:44:10.703559+00"
368,"807504058","1146932382","Wbt urs ?",NULL,NULL,"2025-10-12 16:44:28.416216+00"
369,"807504058","1146932382","U there?",NULL,NULL,"2025-10-12 16:45:36.578322+00"
370,"1146932382","807504058","wait",NULL,NULL,"2025-10-12 16:52:26.871874+00"
371,"1146932382","807504058","are you Muslim",NULL,NULL,"2025-10-12 16:52:36.45103+00"
372,"807504058","1146932382","Both mam and dad divorced ena dro ke dad gar nw yakoywet mom wechi nbrch so be lijnt esu gar nbrku so ...am open minded bmilw wsejiw gn is it a factor",NULL,NULL,"2025-10-12 17:03:55.272202+00"
373,"807504058","1146932382","Ma life story be achru 🤷🏽‍♂️",NULL,NULL,"2025-10-12 17:16:22.894451+00"
374,"1320397494","7681628337","hello",NULL,NULL,"2025-10-12 20:40:28.397083+00"
375,"7681628337","1320397494","hi",NULL,NULL,"2025-10-12 20:40:43.740087+00"
376,"8162953981","1320397494","Luv from z north tip of the world",NULL,NULL,"2025-10-12 20:42:53.618694+00"
377,"1320397494","8162953981","aight I guess👍....for what tho",NULL,NULL,"2025-10-12 20:43:47.237316+00"
378,"8162953981","1320397494","Temari nesh serategna",NULL,NULL,"2025-10-12 20:44:30.659023+00"
379,"1320397494","8162953981","nigga am a man🙏",NULL,NULL,"2025-10-12 20:45:21.554684+00"
380,"8162953981","1320397494","What man?

Superman
Batman
Ironman
Antman?",NULL,NULL,"2025-10-12 20:46:57.465655+00"
381,"8162953981","1320397494","Tho am ሱሌይman",NULL,NULL,"2025-10-12 20:50:37.785511+00"
382,"1320397494","8162953981",NULL,NULL,"CgACAgQAAxkBAAE6eXNo7BaD6CrXeMs9fBNn9DilDPf9GAACjwMAAn4fPVPCQ1ylkWmjlDYE","2025-10-12 20:58:44.656168+00"
383,"7222244857","7388700051","Hello dude",NULL,NULL,"2025-10-13 11:32:12.709112+00"
384,"7388700051","7222244857","Good wassup",NULL,NULL,"2025-10-13 11:32:27.111361+00"
385,"7222244857","7388700051","Why did u disappear?",NULL,NULL,"2025-10-13 11:32:38.519295+00"
386,"7388700051","7222244857","Class",NULL,NULL,"2025-10-13 11:32:48.722239+00"
387,"7222244857","7388700051","Ow ok.  What dep are u?",NULL,NULL,"2025-10-13 11:33:08.933164+00"
388,"7388700051","7222244857","Arch",NULL,NULL,"2025-10-13 11:33:15.839219+00"
389,"7222244857","7388700051","Rly? Am at lideta too",NULL,NULL,"2025-10-13 11:33:26.246734+00"
390,"7388700051","7222244857","We should meet",NULL,NULL,"2025-10-13 11:33:32.093392+00"
391,"1115042518","8373033343","Hola",NULL,NULL,"2025-10-13 12:54:09.868449+00"
392,"1115042518","1103065697","ngstua tenafkeshal😭satbejign altewshm",NULL,NULL,"2025-10-13 13:09:11.18109+00"
393,"1115042518","1103065697","tseguren yzesh pussyshn endtabeyign efelgalew enatye",NULL,NULL,"2025-10-13 13:12:01.060624+00"
394,"8373033343","1115042518","Hey",NULL,NULL,"2025-10-13 13:16:54.508921+00"
395,"1103065697","1115042518","Drop your @ and maybe I'll consider it",NULL,NULL,"2025-10-13 13:21:15.470884+00"
396,"1115042518","1103065697","@henesi16",NULL,NULL,"2025-10-13 13:56:10.795203+00"
397,"1115042518","8373033343","M or F?",NULL,NULL,"2025-10-13 13:57:07.539023+00"
398,"1115042518","1103065697","Dm me mommy",NULL,NULL,"2025-10-13 13:58:22.611284+00"
399,"8373033343","1115042518","So straight forward anyways f why did you ask tho",NULL,NULL,"2025-10-13 14:41:14.607518+00"
400,"1115042518","8373033343","you're bisexual ryt?",NULL,NULL,"2025-10-13 14:41:43.309708+00"
401,"8373033343","1115042518","So straight forward again",NULL,NULL,"2025-10-13 15:03:37.008765+00"
402,"8373033343","1115042518","Lemme ask you",NULL,NULL,"2025-10-13 15:03:43.023252+00"
403,"8373033343","1115042518","You a m or f",NULL,NULL,"2025-10-13 15:03:55.717647+00"
404,"1115042518","8373033343","M😭",NULL,NULL,"2025-10-13 15:30:39.322911+00"
405,"1115042518","8373033343","If you have Girlfriend . We can fuck threesome enatye",NULL,NULL,"2025-10-13 15:32:30.356255+00"
406,"1115042518","8373033343","Wanna threesome ? Kefelegsh malete new i'm cute tho",NULL,NULL,"2025-10-13 15:35:01.900689+00"
407,"8373033343","1115042518","Eski koy lemme ask her",NULL,NULL,"2025-10-13 15:44:59.045144+00"
408,"1115042518","8373033343","Haye",NULL,NULL,"2025-10-13 15:45:40.766809+00"
409,"1115042518","8373033343","Haha if both of you want tied me up and riding me till my eyes eskemialeksu dres endezam tchlalachu haha",NULL,NULL,"2025-10-13 15:48:48.144243+00"
410,"8373033343","1115042518","Your pic lemanegnawm she is not online",NULL,NULL,"2025-10-13 15:53:54.004091+00"
411,"1115042518","8373033343","@henesi16 dm me",NULL,NULL,"2025-10-13 16:10:44.656908+00"
412,"1115042518","8373033343","???",NULL,NULL,"2025-10-13 16:31:28.931052+00"
413,"8373033343","1115042518","Nvr mind beka kefelek ke wend gar lagenagnek",NULL,NULL,"2025-10-13 16:54:59.781749+00"
414,"1115042518","8373033343","Sijemer wend neh lol gay arekegn ende man fta fta",NULL,NULL,"2025-10-13 16:59:58.930933+00"
415,"8373033343","1115042518","Ok whatever",NULL,NULL,"2025-10-13 17:17:18.881334+00"
416,"8373033343","1115042518","Believe wat u want",NULL,NULL,"2025-10-13 17:17:30.95896+00"
417,"1115042518","8373033343","yet campus nesh gb",NULL,NULL,"2025-10-13 17:19:57.482735+00"
418,"1115042518","699103879","mnew ye 🐈 seb'awi mebt temuagach negn alsh/k ቀበጥ",NULL,NULL,"2025-10-13 17:25:12.070632+00"
419,"699103879","1115042518","I'm just jobless right now not ቀበጥ... do u really hate cats tho?",NULL,NULL,"2025-10-13 17:27:05.95491+00"
420,"1115042518","699103879","wef altelam gn minakesut mnamn neger ena demo the mother eat her ሙጭሊትስ ena beka yastelugnal dro neberen bet",NULL,NULL,"2025-10-13 17:28:32.382843+00"
421,"699103879","1115042518","I didn't know they were called ሙጭሊት😂 
Wsham eko ynakesal demo they eat their muchlits if they think that they couldn't give them enough care",NULL,NULL,"2025-10-13 17:31:05.597311+00"
422,"1115042518","699103879","lol betam mwedat dmet neberech dro merz belta motech ena keza behuala neberun ግምትትት yalu dmetoch ahun beka ayastelugnm alwedachewmn mehal lay negn hehe",NULL,NULL,"2025-10-13 17:33:25.423655+00"
423,"699103879","1115042518","I also had a kitten. I made a video playing with her and calling her እህቴ (i am an only child) then my mom saw the video and cried then told people. After sometime the kitten died but i acted nonchalant.... i really love cats but my mom wouldn't let me have because i might get attached😭",NULL,NULL,"2025-10-13 17:38:18.962511+00"
424,"1115042518","699103879","Oww enatye ayzosh thats heartbreaking yk enkuan sew our attachments with animals is something else egziabhern ayzosh wdua the only daughter(sure you're F😁) for your family. Hope this year will enlighten you and fruitful endemihon asbalew",NULL,NULL,"2025-10-13 17:43:07.154441+00"
425,"1115042518","699103879","mn dep nesh",NULL,NULL,"2025-10-13 17:43:11.952385+00"
426,"1115042518","699103879","yetenrekeshw",NULL,NULL,"2025-10-13 17:43:37.97478+00"
427,"1115042518","699103879","i mean yetemerekshw",NULL,NULL,"2025-10-13 17:43:47.974948+00"
428,"699103879","1115042518","I'm here to trauma dump not to get to know each other😂",NULL,NULL,"2025-10-13 17:48:02.010422+00"
429,"1115042518","699103879","Haha eshi beka gurl yme😁",NULL,NULL,"2025-10-13 17:49:36.430017+00"
430,"699103879","1115042518","Yme🤜🤛",NULL,NULL,"2025-10-13 17:51:50.717504+00"
431,"7919816582","6499363352","Can i get ur username",NULL,NULL,"2025-10-14 03:24:49.268455+00"
432,"6499363352","7919816582","Im afraid not 
I cant comment freely if someone knows my identity",NULL,NULL,"2025-10-14 03:28:55.568179+00"
433,"7919816582","6499363352","Are ene chgr yelebgnm yefelegshwn mawrat tchialesh plus ezi profilshn meqeyerm tchialesh",NULL,NULL,"2025-10-14 03:41:48.167816+00"
434,"6499363352","7919816582","I dont want to change my profile
Can i ask why tho did i say smtn mean abt ur post?",NULL,NULL,"2025-10-14 03:57:28.401287+00"
435,"7919816582","6499363352","Are post adrge adelem guadegna felge new",NULL,NULL,"2025-10-14 03:58:56.993139+00"
436,"6499363352","7919816582","Ok cool",NULL,NULL,"2025-10-14 04:33:13.494646+00"
437,"7919816582","6499363352","Ena mn bye search ladrg",NULL,NULL,"2025-10-14 04:35:30.555881+00"
438,"5662709983","1760862707","Heyvdude?",NULL,NULL,"2025-10-14 06:58:07.862557+00"
439,"1760862707","5662709983","Hey",NULL,NULL,"2025-10-14 06:58:29.441458+00"
440,"6499363352","7919816582","Im sorry i cant give u😭",NULL,NULL,"2025-10-14 08:02:54.136698+00"
441,"7919816582","6499363352","Fuck u",NULL,NULL,"2025-10-14 08:06:41.434637+00"
442,"6499363352","7919816582","Rly 
Tnx 🫶🏾",NULL,NULL,"2025-10-14 10:25:22.702386+00"
443,"7919816582","6499363352","Eshi",NULL,NULL,"2025-10-14 10:49:07.792634+00"
444,"1051999376","1751884518","Wazuppp u hav commented abt height right..",NULL,NULL,"2025-10-14 10:57:59.81715+00"
445,"1751884518","1051999376","Wsg",NULL,NULL,"2025-10-14 11:02:24.200233+00"
446,"8436061444","7691494441","This a man or a lady hey there tho",NULL,NULL,"2025-10-14 12:38:45.536521+00"
447,"8436061444","7691494441","??",NULL,NULL,"2025-10-14 12:39:56.080812+00"
448,"7691494441","8436061444","Hey to u too I'm a women from which comment section did u find me",NULL,NULL,"2025-10-14 12:40:12.98055+00"
449,"8436061444","7691494441","I just wondered  getting to know amber lol",NULL,NULL,"2025-10-14 12:42:02.093595+00"
450,"7691494441","8436061444","Well I'm a regular aau student nothing special r u a women",NULL,NULL,"2025-10-14 12:43:06.532099+00"
451,"8436061444","7691494441","Do i have to be a women",NULL,NULL,"2025-10-14 12:45:26.284969+00"
452,"8436061444","7691494441","I am not",NULL,NULL,"2025-10-14 12:45:29.448708+00"
453,"8436061444","7691494441","Cool same here",NULL,NULL,"2025-10-14 12:45:39.279921+00"
454,"8436061444","7691494441","Is it allowed to like get to know u",NULL,NULL,"2025-10-14 12:46:05.047186+00"
455,"8436061444","7691494441","I just want to know addis sewoch.... and stuff",NULL,NULL,"2025-10-14 12:46:25.057552+00"
456,"7691494441","8436061444","No 😁",NULL,NULL,"2025-10-14 12:47:25.352211+00"
457,"8436061444","7691494441","Chekensh🥺",NULL,NULL,"2025-10-14 12:47:38.381952+00"
458,"8436061444","7691494441","If it helps change ur mined",NULL,NULL,"2025-10-14 12:48:01.684393+00"
459,"8436061444","7691494441","*mind",NULL,NULL,"2025-10-14 12:48:10.65662+00"
460,"7691494441","8436061444","No wait I was just saying that u don't have to be a women",NULL,NULL,"2025-10-14 12:48:51.366931+00"
461,"8436061444","7691494441","Ohh amber eshii",NULL,NULL,"2025-10-14 12:49:11.714101+00"
462,"8436061444","7691494441","i got it wrong",NULL,NULL,"2025-10-14 12:49:19.353745+00"
463,"8436061444","7691494441","Ur username please",NULL,NULL,"2025-10-14 12:49:25.50256+00"
464,"7691494441","8436061444","I don't have one 😁",NULL,NULL,"2025-10-14 12:49:53.695179+00"
465,"8436061444","7691494441","Get one keza melisesh atifiw sound fair",NULL,NULL,"2025-10-14 12:50:19.297894+00"
466,"8436061444","7691494441","@ambres",NULL,NULL,"2025-10-14 12:51:04.059723+00"
467,"8436061444","7691494441","I just got one for u lol",NULL,NULL,"2025-10-14 12:51:09.991079+00"
468,"8436061444","7691494441","@Amebrs",NULL,NULL,"2025-10-14 12:51:34.478166+00"
469,"8436061444","7691494441","Typo this is wrong",NULL,NULL,"2025-10-14 12:51:42.988431+00"
470,"8436061444","7691494441","Use this:   @Amebrs",NULL,NULL,"2025-10-14 12:51:58.743086+00"
471,"8436061444","7691494441","Its being read prolly thats why I wanted a dm talk",NULL,NULL,"2025-10-14 12:53:36.450933+00"
472,"1051999376","1751884518","I'm gddd wbu",NULL,NULL,"2025-10-14 15:14:51.608558+00"
473,"754688541","5014292785","Hi hi",NULL,NULL,"2025-10-15 03:54:29.793632+00"
474,"1051999376","1751884518","??",NULL,NULL,"2025-10-15 05:49:59.260879+00"
475,"7352497559","5014292785","Gudefela",NULL,NULL,"2025-10-15 07:43:58.847853+00"
476,"703138365","5220837501","Yo",NULL,NULL,"2025-10-15 15:32:30.255252+00"
477,"703138365","5130529877","Yo",NULL,NULL,"2025-10-15 15:32:51.49197+00"
478,"5220837501","703138365","bro h r u ?",NULL,NULL,"2025-10-15 16:06:38.511093+00"
479,"703138365","5130529877","AM GOOD WHO R U",NULL,NULL,"2025-10-15 16:07:23.051686+00"
480,"855757095","7919816582","Heyy",NULL,NULL,"2025-10-15 18:34:46.703243+00"
481,"7919816582","855757095","Hey",NULL,NULL,"2025-10-15 18:35:24.500358+00"
482,"855757095","7919816582","You're a reader right?",NULL,NULL,"2025-10-15 18:35:51.03353+00"
483,"855757095","7919816582","What genre do you mostly read",NULL,NULL,"2025-10-15 18:35:57.549328+00"
484,"7919816582","855757095","Spy",NULL,NULL,"2025-10-15 18:36:22.953044+00"
485,"855757095","7919816582","What's that😭",NULL,NULL,"2025-10-15 18:37:10.632652+00"
486,"7919816582","855757095","Yeslela metsehaft",NULL,NULL,"2025-10-15 18:38:07.247227+00"
487,"855757095","7919816582","Can you give me some examples",NULL,NULL,"2025-10-15 18:38:57.334372+00"
488,"7919816582","855757095","@hakunamatata1224 dm me",NULL,NULL,"2025-10-15 18:40:01.384637+00"
489,"1687141840","8399229432","hello",NULL,NULL,"2025-10-15 19:21:40.689001+00"
490,"8399229432","1687141840","Hey 👋",NULL,NULL,"2025-10-15 19:22:33.393974+00"
491,"1687141840","8399229432","how u doin'",NULL,NULL,"2025-10-15 19:26:21.982524+00"
492,"8399229432","1687141840","Doin' great, how u feelin'",NULL,NULL,"2025-10-15 19:26:58.064795+00"
493,"1687141840","8399229432","cool here",NULL,NULL,"2025-10-15 19:28:43.164706+00"
494,"1687141840","8399229432","so you do lve books, huH?",NULL,NULL,"2025-10-15 19:29:05.471394+00"
495,"8399229432","1687141840","Great,

Yes, ofc reading them 😁",NULL,NULL,"2025-10-15 19:30:33.282347+00"
496,"1687141840","8399229432","ur fav, pls?",NULL,NULL,"2025-10-15 19:31:16.361674+00"
497,"8399229432","1687141840","in which genre?",NULL,NULL,"2025-10-15 19:34:05.767519+00"
498,"1687141840","8399229432","i would go with psychology",NULL,NULL,"2025-10-15 19:36:06.308179+00"
499,"8399229432","1687141840","I don't have that much experience in reading many books, but I would say ""Man's search for meaning"" is great i am reading it now",NULL,NULL,"2025-10-15 19:41:57.005043+00"
500,"1687141840","8399229432","yeah that's greatest of all time - i could say that",NULL,NULL,"2025-10-15 19:43:02.527528+00"
501,"8399229432","1687141840","Oh, you read it?",NULL,NULL,"2025-10-15 19:44:01.843032+00"
502,"1687141840","8399229432","actually it was audiobook",NULL,NULL,"2025-10-15 19:45:36.248039+00"
503,"1687141840","8399229432","i hate this shit, u can talk to me @grateful_boy",NULL,NULL,"2025-10-15 19:49:42.412547+00"
504,"8399229432","1687141840","Yeah, same here",NULL,NULL,"2025-10-15 19:50:05.555374+00"
505,"7724848115","5092379124","Can you explain more cus I think we're kinda misunderstanding eachother 
Let me begin
I'm saying that it's okay for girls to look at men's butt just like we look at theirs",NULL,NULL,"2025-10-15 19:59:42.292202+00"
506,"5092379124","7724848115","Okay for example their ass has a nice shape and big size while ours don't they wear ass revealing clothes while we don't even during sex u'll pound theirs and i think it's natural but the other way around nah nahh",NULL,NULL,"2025-10-15 20:07:32.650029+00"
507,"7724848115","5092379124","Ok just think about it we get to see and get boners by their butts,boobs,face and thighs, isn't fair if they are least get something to get excited by",NULL,NULL,"2025-10-15 20:10:09.87011+00"
508,"5092379124","7724848115","Yeah they can also get aroused by seeing our face, chest, arm, shoulder, dick and by hearing our voices but i don't think they'll get aroused by looking at butt idk there might be some expetionally weird girls",NULL,NULL,"2025-10-15 20:17:00.805669+00"
509,"7724848115","5092379124","Everyone has a kink so yup",NULL,NULL,"2025-10-15 20:26:26.986922+00"
510,"6160727207","8132883465","hey",NULL,NULL,"2025-10-16 16:16:24.585005+00"
511,"8132883465","6160727207","Hey drop ur user eski",NULL,NULL,"2025-10-16 16:17:17.514229+00"
512,"6160727207","8132883465","M/F",NULL,NULL,"2025-10-16 16:17:42.133156+00"
513,"8132883465","6160727207","E😳",NULL,NULL,"2025-10-16 16:17:59.914696+00"
514,"6160727207","8132883465","male or female?",NULL,NULL,"2025-10-16 16:18:14.613046+00"
515,"8132883465","6160727207","Female",NULL,NULL,"2025-10-16 16:18:29.145968+00"
530,"619337522","7679369663","ayo",NULL,NULL,"2025-10-16 16:33:42.155311+00"
516,"6160727207","8132883465","i am male so we can't swap",NULL,NULL,"2025-10-16 16:18:55.099206+00"
527,"619337522","7679369663","not sure tho",NULL,NULL,"2025-10-16 16:31:37.015201+00"
533,"7679369663","619337522","@blue_sunchips",NULL,NULL,"2025-10-16 16:34:42.660818+00"
534,"7679369663","619337522",NULL,"CAACAgQAAxkBAAE9LDFo8R6jqL7Zc4s6n7j9v9ebp5BGPAACFRgAApbWSFEUeBnuxT5UYzYE",NULL,"2025-10-16 16:34:44.018839+00"
2470,"8109112246","6194922788","Huh?",NULL,NULL,"2025-11-05 13:23:54.573823+00"
2482,"8109112246","6194922788","Just to be ur real female...",NULL,NULL,"2025-11-05 13:34:58.635842+00"
2483,"6194922788","8109112246","Mata or ken? How bout the spot?",NULL,NULL,"2025-11-05 13:35:11.645236+00"
2484,"6194922788","8109112246","Okay ask me to say a word and I will be voice",NULL,NULL,"2025-11-05 13:35:27.867021+00"
2494,"7606466781","8096821340","@kbhesien dm me",NULL,NULL,"2025-11-05 13:45:03.552463+00"
2509,"6194922788","8109112246","I sent you a voice 3 fucking times eko",NULL,NULL,"2025-11-05 14:06:10.748484+00"
2515,"6194922788","8109112246","Okayy I am going to search for your username",NULL,NULL,"2025-11-05 14:12:02.649301+00"
2648,"8333529926","5906429938","Heyy
Wanna hv fun?☺️",NULL,NULL,"2025-11-06 17:56:27.32311+00"
2654,"8333529926","788646678","U M or f",NULL,NULL,"2025-11-06 18:31:07.018704+00"
2667,"8109112246","8333529926","Im M wbu?",NULL,NULL,"2025-11-06 19:12:33.621156+00"
2671,"5906429938","756628801","Hey I'm the guy that said the fat thing it's been on my head I'm soo funking sorry please please I'm regrating it and I would like to get to now you what do you say",NULL,NULL,"2025-11-06 19:41:37.287921+00"
2746,"8333529926","8132883465","Heyyy 
I will give u everything a girl would give i fr
u can hv fun like u can do anything that u would do to a girl
Fr like u can enjoy urself like by touchin ma bodies nd lickin  ma di** nd everything yk am more sensitive than a woman fr

I will give u everything nd u can enjoy urself 
I will finger u nd lick ur pussy in everything from under nd with foreplay

Don't doubt ur feelings?
Just lets meet nd u will see💋💋",NULL,NULL,"2025-11-07 06:42:15.177968+00"
517,"8132883465","6160727207","Am a man bro I said only for male eko",NULL,NULL,"2025-10-16 16:19:27.998954+00"
518,"6160727207","8132883465","my bad i didn't see it",NULL,NULL,"2025-10-16 16:20:11.364572+00"
519,"619337522","7679369663","wait wha i thought i could send dms directly tf",NULL,NULL,"2025-10-16 16:20:49.631249+00"
520,"8132883465","6160727207","Eko can u send ur username",NULL,NULL,"2025-10-16 16:21:25.011689+00"
521,"619337522","7679369663","fuck ass bot",NULL,NULL,"2025-10-16 16:21:26.378198+00"
522,"6160727207","8132883465","@unique_6724",NULL,NULL,"2025-10-16 16:23:40.177178+00"
523,"6160727207","5014292785","gudfella endet neshlegn",NULL,NULL,"2025-10-16 16:29:19.023319+00"
524,"7679369663","619337522","😭was confused too",NULL,NULL,"2025-10-16 16:30:51.921144+00"
525,"619337522","7679369663","gang ik from somewhere",NULL,NULL,"2025-10-16 16:31:28.773753+00"
526,"619337522","7679369663","i think",NULL,NULL,"2025-10-16 16:31:34.060712+00"
528,"7679369663","619337522","Same 
Ik someone who talks like this",NULL,NULL,"2025-10-16 16:33:31.100968+00"
529,"7679369663","619337522","Way too familiar",NULL,NULL,"2025-10-16 16:33:35.813876+00"
531,"619337522","7679369663","whats ur @",NULL,NULL,"2025-10-16 16:33:51.308706+00"
2472,"8109112246","6194922788","No movie alalkum girl...a move nw yalkush?",NULL,NULL,"2025-11-05 13:25:33.412825+00"
2480,"6194922788","8109112246","Uk it’s not needed tf are you gonna do with my number?",NULL,NULL,"2025-11-05 13:34:22.204672+00"
2493,"7606466781","8096821340","leave your username",NULL,NULL,"2025-11-05 13:43:30.678842+00"
2649,"8333529926","856677581","Heyy
Wann hv fun?☺️",NULL,NULL,"2025-11-06 17:58:11.364273+00"
2661,"7388700051","6499363352","what do u think about the surge of outsiders to our a",NULL,NULL,"2025-11-06 18:58:25.752824+00"
2747,"5213764043","5014292785","Hey",NULL,NULL,"2025-11-07 08:15:31.637233+00"
532,"619337522","7679369663","just to check dw i dont bite",NULL,NULL,"2025-10-16 16:34:09.370944+00"
535,"6179841738","7647636604","I saw a comment of u "" talk to me"" like shy girl... ላወራሽ ዝግጁ ነኝ",NULL,NULL,"2025-10-16 19:49:37.901551+00"
536,"7647636604","6179841738","Okay",NULL,NULL,"2025-10-16 20:17:57.350031+00"
537,"6179841738","7647636604","LEOLION369,  come on Dm",NULL,NULL,"2025-10-16 20:19:45.727847+00"
538,"6179841738","7647636604","Im waiting for u& u....",NULL,NULL,"2025-10-16 20:23:14.034026+00"
539,"1115042518","7627824015","What do you got from fucking gurls koy?",NULL,NULL,"2025-10-16 20:24:44.520276+00"
540,"1115042518","7647636604","What do you got from fucking gurls koy?",NULL,NULL,"2025-10-16 20:40:07.428706+00"
541,"7795615574","5359690831","Hey,",NULL,NULL,"2025-10-17 07:53:32.469504+00"
542,"7795615574","5359690831","Talk to him yalkush negn",NULL,NULL,"2025-10-17 07:53:44.186522+00"
543,"5359690831","7795615574","Hi",NULL,NULL,"2025-10-17 07:53:52.94328+00"
544,"7795615574","5359690831","Leave me ur user name ena we can figure smthing out",NULL,NULL,"2025-10-17 07:53:58.618388+00"
545,"7795615574","5359690831","What year is he?",NULL,NULL,"2025-10-17 07:54:02.543213+00"
546,"5359690831","7795615574","@taytay_16",NULL,NULL,"2025-10-17 07:55:08.284849+00"
547,"7795615574","5359690831","Dmed ya",NULL,NULL,"2025-10-17 07:55:38.945586+00"
548,"571568870","6142542468","Hey how you doin
I want to buy the tiktok account you have",NULL,NULL,"2025-10-17 10:41:50.520462+00"
549,"6142542468","571568870","Im good tnx 
Yea sure u can",NULL,NULL,"2025-10-17 10:42:22.36764+00"
550,"571568870","6142542468","For how much you sellin and how much followers, following and likes are there",NULL,NULL,"2025-10-17 10:44:16.193359+00"
551,"571568870","7225517972","Hey how you doin
I want to buy the tiktok account you have",NULL,NULL,"2025-10-17 12:59:47.57421+00"
552,"7225517972","571568870","Hello

Which one
Ena how much is your budget",NULL,NULL,"2025-10-17 13:41:21.741458+00"
553,"5237102694","5014292785","Hey gudefela how u doin 🥹",NULL,NULL,"2025-10-17 14:00:28.94723+00"
554,"5237102694","950703820","Hey gilr how sup",NULL,NULL,"2025-10-17 14:16:12.166547+00"
555,"950703820","5237102694","Hey, which one was your confession",NULL,NULL,"2025-10-17 15:20:33.262643+00"
556,"5237102694","950703820","I think it's about finding relationship",NULL,NULL,"2025-10-17 15:23:54.854798+00"
557,"950703820","5237102694","there are a lot of confessions like that😂",NULL,NULL,"2025-10-17 15:26:06.055052+00"
558,"5237102694","950703820","So do u mind if we get know 1 another...do u hv aguy?",NULL,NULL,"2025-10-17 15:30:02.925674+00"
559,"950703820","5237102694","nahhh man i can't, if you want any educational related stuff let me know",NULL,NULL,"2025-10-17 15:35:20.943168+00"
560,"5237102694","950703820","What do you mean girl...🥹",NULL,NULL,"2025-10-17 15:35:50.158693+00"
561,"5237102694","950703820","Do u hv a guy?",NULL,NULL,"2025-10-17 15:36:03.036764+00"
562,"571568870","7225517972","I would like to know the price of the 1k and the 10k",NULL,NULL,"2025-10-17 15:36:36.772175+00"
563,"950703820","5237102694","i thought you started the chat after reading a comment and needed a help",NULL,NULL,"2025-10-17 15:41:13.377315+00"
564,"950703820","5237102694","no",NULL,NULL,"2025-10-17 15:41:19.454654+00"
565,"5237102694","950703820","So why do u ignore me...dont u need any guy?",NULL,NULL,"2025-10-17 15:43:26.79181+00"
566,"5237102694","950703820","Eski let me see the text",NULL,NULL,"2025-10-17 15:43:41.561502+00"
567,"950703820","5237102694","nope , no i don't any",NULL,NULL,"2025-10-17 15:46:48.429947+00"
568,"5237102694","950703820","Esh sle mndnw mtfelegew?",NULL,NULL,"2025-10-17 15:47:36.618053+00"
569,"950703820","5237102694","i have commented on more than 10 confessions idk",NULL,NULL,"2025-10-17 15:48:03.071949+00"
570,"950703820","5237102694","Health and wealth😂",NULL,NULL,"2025-10-17 15:48:25.231904+00"
571,"7225517972","571568870","Bale 1000 700 birr
10k 5000",NULL,NULL,"2025-10-17 15:49:02.599227+00"
572,"5237102694","950703820","Gn bf lmnnw matfelegew?🥹🥹🥹",NULL,NULL,"2025-10-17 15:49:28.185038+00"
573,"5237102694","950703820","😭😭😂",NULL,NULL,"2025-10-17 15:49:40.272971+00"
574,"950703820","5237102694","begizew yemetal and i know now is not the time",NULL,NULL,"2025-10-17 15:53:04.112627+00"
575,"950703820","5237102694","wby",NULL,NULL,"2025-10-17 15:53:10.986757+00"
576,"5237102694","950703820","Appreciate you fr!!👏👏👏",NULL,NULL,"2025-10-17 15:53:50.703833+00"
577,"5237102694","950703820","Are you 2nd year?",NULL,NULL,"2025-10-17 15:54:07.857555+00"
578,"5237102694","950703820","It's not about magbat...it's just chill together,share our feelings tho😏",NULL,NULL,"2025-10-17 15:54:58.734548+00"
579,"950703820","5237102694","4th",NULL,NULL,"2025-10-17 16:03:41.980501+00"
580,"5237102694","950703820","Still 4th and dont hv aguy??...or ur kidding me😤🙄",NULL,NULL,"2025-10-17 16:04:30.318403+00"
581,"950703820","5237102694","chill with the wrong people will drain you",NULL,NULL,"2025-10-17 16:04:31.93303+00"
582,"5237102694","950703820","Yea ofc i know that",NULL,NULL,"2025-10-17 16:04:53.251823+00"
583,"5237102694","950703820","But you can just close and see their intentions 🤷‍♂",NULL,NULL,"2025-10-17 16:05:19.477777+00"
584,"950703820","5237102694","i don't want too, people hv their own priorities",NULL,NULL,"2025-10-17 16:06:07.91967+00"
585,"5237102694","950703820","Ok can I get ur ig...",NULL,NULL,"2025-10-17 16:06:38.995652+00"
586,"950703820","5237102694","i did and i didn't like it",NULL,NULL,"2025-10-17 16:07:03.023148+00"
587,"950703820","5237102694","nope",NULL,NULL,"2025-10-17 16:07:08.429422+00"
588,"5237102694","950703820","If then I dont force and I respect ur priorities tho😊",NULL,NULL,"2025-10-17 16:07:18.901965+00"
589,"5237102694","950703820","Can i know the reason?",NULL,NULL,"2025-10-17 16:07:33.75732+00"
590,"950703820","5237102694","thank you",NULL,NULL,"2025-10-17 16:07:40.63188+00"
591,"950703820","5237102694","cause i would like to remain anonymous",NULL,NULL,"2025-10-17 16:08:15.047844+00"
592,"5237102694","950703820","This is the worst decision why u deduct other guys with the 1 u did😭😭😭",NULL,NULL,"2025-10-17 16:08:34.954304+00"
593,"5237102694","950703820","Hv u still got ur v card?",NULL,NULL,"2025-10-17 16:09:32.405361+00"
594,"950703820","5237102694","because it is the same pattern, same questions, same disrespect. May God be with you goodbye.",NULL,NULL,"2025-10-17 16:13:18.874245+00"
595,"5237102694","950703820","Hv I dis respected you 😭😭😭😭when?",NULL,NULL,"2025-10-17 16:14:30.148954+00"
596,"5703576013","7732498367","Hi",NULL,NULL,"2025-10-17 16:39:46.11554+00"
597,"571568870","7225517972","Snt like and watch time alaw",NULL,NULL,"2025-10-17 16:40:03.759965+00"
598,"5703576013","7732498367","Hi",NULL,NULL,"2025-10-17 16:41:21.398316+00"
599,"7732498367","5703576013","Hey",NULL,NULL,"2025-10-17 16:41:40.381512+00"
600,"5703576013","7732498367","I really needed some one to talk to",NULL,NULL,"2025-10-17 16:42:36.909538+00"
601,"7732498367","5703576013","Send me ur @",NULL,NULL,"2025-10-17 16:43:30.551663+00"
602,"5703576013","7732498367","I don't have that i don't know how to make one",NULL,NULL,"2025-10-17 16:45:22.606586+00"
603,"7732498367","5703576013","Mine is isandro_0",NULL,NULL,"2025-10-17 16:46:14.354905+00"
604,"5703576013","7732498367","I couldn't find it do you have another",NULL,NULL,"2025-10-17 16:46:41.222846+00"
605,"7225517972","571568870","Ay bado nw",NULL,NULL,"2025-10-17 16:47:28.846807+00"
606,"5703576013","7732498367","I just made mine it's Zx98qw",NULL,NULL,"2025-10-17 16:51:21.928557+00"
607,"571568870","7225517972","Enda followers becha mn wagaw alaw ena bado kahone price astekakel ena legezah",NULL,NULL,"2025-10-17 17:04:13.060719+00"
608,"7225517972","571568870","Ere aykensm bro",NULL,NULL,"2025-10-17 17:34:24.763616+00"
609,"571568870","7225517972","eshi melkam meshet",NULL,NULL,"2025-10-17 17:37:46.025623+00"
610,"6142542468","571568870","Idk how much im sellin it has 8k followers and like 400 likes it was a business page but im deleting all the posts",NULL,NULL,"2025-10-17 18:09:39.876498+00"
611,"571568870","6142542468","Can I see it
Tell me the account name",NULL,NULL,"2025-10-17 19:27:04.193736+00"
612,"629782812","7388700051","Bees in the trap",NULL,NULL,"2025-10-18 12:54:26.868193+00"
613,"7388700051","629782812","It's beez",NULL,NULL,"2025-10-18 12:55:29.680338+00"
614,"629782812","7388700051","Thanks for the correction king",NULL,NULL,"2025-10-18 13:06:25.706651+00"
615,"7388700051","629782812","I got u",NULL,NULL,"2025-10-18 13:07:02.546288+00"
616,"6333691485","7758177630","Hi  , i wanna get dorm at 4k form proctors , send me ur number",NULL,NULL,"2025-10-20 11:39:05.959702+00"
617,"7758177630","6333691485","Wend or set?",NULL,NULL,"2025-10-20 11:56:59.758506+00"
618,"6333691485","7758177630","Set",NULL,NULL,"2025-10-20 11:57:29.958216+00"
619,"7758177630","6333691485","4 kilo migegn aymeslegnm ahun lay, 6 kilo new mihomew most likely...",NULL,NULL,"2025-10-20 12:00:43.386002+00"
620,"6333691485","7758177630","Esti please try",NULL,NULL,"2025-10-20 12:56:28.825325+00"
621,"6333691485","7758177630","Im willing to pay",NULL,NULL,"2025-10-20 12:56:29.853528+00"
622,"6333691485","7758177630","@Hilwa_09 text me",NULL,NULL,"2025-10-20 12:57:59.272549+00"
623,"8373033343","7679369663","Rice mask tutorial",NULL,NULL,"2025-10-20 17:31:13.244503+00"
624,"8373033343","7084003937","Wutete endistekakel felege nbr",NULL,NULL,"2025-10-20 17:42:36.999687+00"
625,"7084003937","8373033343","Dm argign",NULL,NULL,"2025-10-20 17:43:25.760738+00"
626,"7084003937","8373033343","@Michealmore",NULL,NULL,"2025-10-20 17:48:23.993847+00"
627,"7084003937","8373033343","/privacy",NULL,NULL,"2025-10-21 08:26:26.800624+00"
628,"8373033343","7084003937","??",NULL,NULL,"2025-10-21 11:17:39.723858+00"
629,"1815638450","6815529351","Hey",NULL,NULL,"2025-10-21 18:27:31.970587+00"
630,"6815529351","1815638450","Sup",NULL,NULL,"2025-10-21 18:27:41.399303+00"
631,"1815638450","6815529351","How u doing",NULL,NULL,"2025-10-21 18:27:55.33102+00"
632,"8178595410","7231257941","Hey sup",NULL,NULL,"2025-10-21 18:59:48.737498+00"
633,"7231257941","8178595410","Hi there are make or female😁",NULL,NULL,"2025-10-21 19:00:47.918782+00"
634,"8178595410","7231257941","I'm male and u?😊",NULL,NULL,"2025-10-21 19:01:14.785285+00"
635,"7231257941","8178595410","I am male brother have nice time😂",NULL,NULL,"2025-10-21 19:02:11.335131+00"
636,"8178595410","7231257941","Tf😭😭😭 really?",NULL,NULL,"2025-10-21 19:02:52.728121+00"
637,"7231257941","8178595410","Ymr nw bak",NULL,NULL,"2025-10-21 19:03:13.576009+00"
638,"8109112246","5014292785","Hey girl...can i ask u only 1 question?",NULL,NULL,"2025-10-21 19:05:18.479987+00"
639,"8109112246","5014292785","Do u mind?",NULL,NULL,"2025-10-21 20:14:17.328048+00"
640,"6367489225","5014292785","Hey",NULL,NULL,"2025-10-21 21:51:06.335014+00"
641,"5014292785","6367489225","Hi",NULL,NULL,"2025-10-21 21:51:41.561117+00"
642,"6367489225","5014292785","Didn't expect that u will reply honestly... Btw I am Abel... Can we get to know each other?",NULL,NULL,"2025-10-21 21:52:29.937762+00"
643,"5014292785","6367489225","Okay sure",NULL,NULL,"2025-10-21 21:52:39.908083+00"
644,"6367489225","5014292785","I can't expect u to tell me ur name 🤦🏻‍♂️... Well if that will make u comfortable that's okay with me.",NULL,NULL,"2025-10-21 21:54:11.135939+00"
645,"6367489225","5014292785","But talking here feels unnatural. I don't mind a fake profile but text me in this account and we can talk comfortably. I would love to know u more. 
@abela_hz",NULL,NULL,"2025-10-21 21:55:19.14225+00"
646,"6367489225","5014292785","@abel_hz",NULL,NULL,"2025-10-21 21:55:55.238544+00"
647,"5405718080","896207190","Hey broski",NULL,NULL,"2025-10-22 03:34:02.253593+00"
648,"8345240157","1103065697","Hey Dear, I am down to be ur submissive obedient boy",NULL,NULL,"2025-10-22 07:02:24.33287+00"
649,"8345240157","1103065697","I thought ur into femdom..",NULL,NULL,"2025-10-22 07:06:16.103227+00"
650,"7388700051","7897386358","Help",NULL,NULL,"2025-10-22 09:31:15.471908+00"
651,"6344107400","6499363352","How did u even remember that?",NULL,NULL,"2025-10-22 11:03:02.071904+00"
652,"6499363352","6344107400","Bruh ur Shakespeare's inspo 
(in a vile way)",NULL,NULL,"2025-10-22 11:05:13.681042+00"
653,"6344107400","6499363352","I wrote that like a year or two minamn ago. But it was real. U a girl?",NULL,NULL,"2025-10-22 11:06:24.461177+00"
654,"6499363352","6344107400","Why repost it then 
Use this talent for s good cause 😭",NULL,NULL,"2025-10-22 11:08:25.976043+00"
655,"6344107400","6499363352","I use it eko. Do you love literature?",NULL,NULL,"2025-10-22 11:08:55.674974+00"
656,"6499363352","6344107400","Not much 
I used to write for highschool classes i was actually good at it too but im easily distracted so i got bored",NULL,NULL,"2025-10-22 11:11:06.559731+00"
657,"6344107400","6499363352","Are you a girl?",NULL,NULL,"2025-10-22 11:11:51.557444+00"
658,"6499363352","6344107400","Ya",NULL,NULL,"2025-10-22 11:11:59.497928+00"
659,"6499363352","6344107400","Anyways i hope u write bigger better things in the future",NULL,NULL,"2025-10-22 11:12:17.278832+00"
660,"6344107400","6499363352","May I see urs tho?",NULL,NULL,"2025-10-22 11:12:33.212743+00"
661,"6344107400","6499363352","Anything u wrote?",NULL,NULL,"2025-10-22 11:12:40.76979+00"
662,"6344107400","6499363352","Hey Gudfela",NULL,NULL,"2025-10-22 11:13:09.117451+00"
663,"6499363352","6344107400","The last time i wrote was like 2 yrs ago idk if i can find it",NULL,NULL,"2025-10-22 11:13:12.181103+00"
664,"6499363352","6344107400","If i do tho i'll send it to u",NULL,NULL,"2025-10-22 11:13:20.221551+00"
665,"6344107400","6499363352","Well I can show u some but we gotta go out of this bot",NULL,NULL,"2025-10-22 11:13:46.126699+00"
666,"6499363352","6344107400","Nahhh i comment freely cuz ts is anonymous",NULL,NULL,"2025-10-22 11:14:14.912741+00"
667,"6499363352","6344107400","Gudefela??",NULL,NULL,"2025-10-22 11:14:40.283296+00"
668,"6344107400","6499363352","It will be anonymous until you want to know more about me.",NULL,NULL,"2025-10-22 11:15:01.775136+00"
669,"6344107400","6499363352","Yeah gudefela",NULL,NULL,"2025-10-22 11:15:09.777096+00"
670,"6344107400","6499363352","People are engaging more",NULL,NULL,"2025-10-22 11:15:17.939148+00"
671,"6344107400","6499363352","And everyone things I just copied",NULL,NULL,"2025-10-22 11:15:32.301842+00"
672,"6344107400","6499363352","Yidebral",NULL,NULL,"2025-10-22 11:15:45.748656+00"
673,"6499363352","6344107400","Im not gudefela uk that right",NULL,NULL,"2025-10-22 11:16:20.326608+00"
674,"6499363352","6344107400","Lol did u mean to hit her up😭",NULL,NULL,"2025-10-22 11:16:34.837826+00"
675,"6344107400","6499363352","Hey who?",NULL,NULL,"2025-10-22 11:16:41.79103+00"
676,"6499363352","6344107400","I meam u could have edited it",NULL,NULL,"2025-10-22 11:16:45.675161+00"
677,"6344107400","6499363352","Haha baksh kenekash yikeral beka I don’t want to lie",NULL,NULL,"2025-10-22 11:17:37.491032+00"
678,"6344107400","6499363352","Yeah I was talking to her too but I am not good at bots",NULL,NULL,"2025-10-22 11:18:05.19402+00"
679,"6344107400","6499363352","She is the one who thought I copied from someone else",NULL,NULL,"2025-10-22 11:20:00.659822+00"
680,"6344107400","6499363352","Anyways girl if you wanna talk more you have to dm me.",NULL,NULL,"2025-10-22 11:21:27.917214+00"
681,"6344107400","6499363352","@paralexix here is my account let me talk to her now beka",NULL,NULL,"2025-10-22 11:22:39.14917+00"
682,"6344107400","5014292785","Hey girl",NULL,NULL,"2025-10-22 11:23:09.455975+00"
683,"6344107400","5014292785","Anchi gudfela",NULL,NULL,"2025-10-22 11:26:02.74324+00"
684,"6344107400","5014292785","That post was mine",NULL,NULL,"2025-10-22 11:26:18.814352+00"
685,"5014292785","6344107400","Ena mn lerdah",NULL,NULL,"2025-10-22 11:29:09.309543+00"
686,"6344107400","5014292785","Ere yemireda yirdash",NULL,NULL,"2025-10-22 11:29:25.527868+00"
687,"5014292785","6344107400","Amen",NULL,NULL,"2025-10-22 11:29:35.698357+00"
688,"6344107400","5014292785","Mn lirdash ene",NULL,NULL,"2025-10-22 11:29:38.846554+00"
689,"6344107400","5014292785","Haha amen",NULL,NULL,"2025-10-22 11:29:44.91094+00"
690,"5014292785","6344107400","Mnm",NULL,NULL,"2025-10-22 11:29:45.483316+00"
691,"6344107400","5014292785","You are famous here",NULL,NULL,"2025-10-22 11:29:53.446723+00"
692,"5014292785","6344107400","I know",NULL,NULL,"2025-10-22 11:29:59.065701+00"
693,"6344107400","5014292785","How old are u tho",NULL,NULL,"2025-10-22 11:30:22.678045+00"
694,"5014292785","6344107400","Why",NULL,NULL,"2025-10-22 11:30:29.469568+00"
695,"6344107400","5014292785","Just to know",NULL,NULL,"2025-10-22 11:30:34.323379+00"
696,"6344107400","5014292785","To have a reference",NULL,NULL,"2025-10-22 11:30:40.388877+00"
697,"6344107400","5014292785","That who I am talking with",NULL,NULL,"2025-10-22 11:30:46.491805+00"
698,"5014292785","6344107400","21",NULL,NULL,"2025-10-22 11:31:52.674675+00"
699,"6344107400","5014292785","My god",NULL,NULL,"2025-10-22 11:31:56.409848+00"
700,"6344107400","5014292785","Fr?",NULL,NULL,"2025-10-22 11:31:58.645637+00"
701,"6344107400","5014292785","Betam felfela nesha endee",NULL,NULL,"2025-10-22 11:32:33.016308+00"
702,"6344107400","5014292785","U sure u r only 21?",NULL,NULL,"2025-10-22 11:32:50.900963+00"
703,"5014292785","6344107400","Sent meseyeh nbr",NULL,NULL,"2025-10-22 11:32:53.753424+00"
704,"6344107400","5014292785","Ay beka at least 25 minamn or 24",NULL,NULL,"2025-10-22 11:33:10.209018+00"
879,"5014292785","6356474261","Why",NULL,NULL,"2025-10-25 12:14:23.001595+00"
705,"6344682126","1760862707","You told me that 500etb was the standard for this thing. Do you know a place/places in general?",NULL,NULL,"2025-10-22 11:33:17.519775+00"
712,"6344107400","5014292785","Ay tidenegchalesh",NULL,NULL,"2025-10-22 11:41:07.123008+00"
713,"6344107400","5014292785","What kind of men do you like ekuyochish weys more older man?",NULL,NULL,"2025-10-22 11:41:49.914016+00"
2475,"6194922788","8109112246","I don’t think this is needed but when we are together and I say no to anything it means NO!",NULL,NULL,"2025-11-05 13:30:39.41775+00"
2650,"8333529926","8072898920","Heyy
Wanna hv fun😊",NULL,NULL,"2025-11-06 18:11:09.412182+00"
2656,"8333529926","788646678","Good
Hv fun",NULL,NULL,"2025-11-06 18:32:55.318379+00"
2660,"7984980757","7973649446","Yes?",NULL,NULL,"2025-11-06 18:53:50.2509+00"
2748,"346320754","1222542336","I was asking who you? but ur right I should’ve said hello
Yoo-hoo 😉",NULL,NULL,"2025-11-07 08:53:21.854896+00"
706,"6344107400","5014292785","I posted that vent long  ago eko how do you remember it",NULL,NULL,"2025-10-22 11:35:27.526205+00"
707,"5014292785","6344107400","I don't remember it. Awkewalew mech alku",NULL,NULL,"2025-10-22 11:37:10.519833+00"
708,"6344107400","5014292785","How do you know it is copy paste then",NULL,NULL,"2025-10-22 11:38:01.772799+00"
710,"6344107400","5014292785","So alascheniksh",NULL,NULL,"2025-10-22 11:39:53.775881+00"
718,"6344107400","5014292785","How old is ur preference tho?",NULL,NULL,"2025-10-22 11:45:09.592506+00"
719,"6344107400","5014292785","Girl I gotta go now. Talk to u later",NULL,NULL,"2025-10-22 11:47:53.536929+00"
2486,"6194922788","8109112246","Well my pussy can’t be replicated in real life so you are good.",NULL,NULL,"2025-11-05 13:36:18.366982+00"
2487,"8109112246","6194922788","Ok esh say im real girl be voice",NULL,NULL,"2025-11-05 13:36:18.915888+00"
2651,"6110336587","7541294991","Heyy
U M or F",NULL,NULL,"2025-11-06 18:14:59.305054+00"
2658,"346320754","1222542336","You who 👀",NULL,NULL,"2025-11-06 18:45:44.078568+00"
2668,"5906429938","8333529926","Ya always",NULL,NULL,"2025-11-06 19:12:48.951276+00"
2749,"1222542336","346320754","It is I, mee hee lol",NULL,NULL,"2025-11-07 08:59:42.375498+00"
2750,"346320754","1222542336","Can I get ur username and we can go Wee haa 😅",NULL,NULL,"2025-11-07 09:01:22.283514+00"
2752,"346320754","1222542336","gocebew , here u go",NULL,NULL,"2025-11-07 09:03:24.415239+00"
2754,"6490842744","5014292785","H",NULL,NULL,"2025-11-07 09:35:19.563277+00"
2760,"5014292785","6490842744","Hana wbu?",NULL,NULL,"2025-11-07 09:43:30.823503+00"
2767,"8178595410","333933994","Hey",NULL,NULL,"2025-11-07 10:16:37.838536+00"
2775,"8178595410","333933994","Mtak kehone adera tell me...",NULL,NULL,"2025-11-07 10:19:02.745826+00"
2778,"8178595410","333933994","Just ezi temar hona balege yehonech",NULL,NULL,"2025-11-07 10:19:38.231528+00"
2781,"8178595410","333933994","Bruh why silent?🙄",NULL,NULL,"2025-11-07 10:25:58.890442+00"
709,"6344107400","5014292785","Anyways you are a kid I am shimagle I guess compared to you",NULL,NULL,"2025-10-22 11:39:43.733887+00"
711,"5014292785","6344107400","Sent neh",NULL,NULL,"2025-10-22 11:40:23.03695+00"
714,"5014292785","6344107400","30 sent neh",NULL,NULL,"2025-10-22 11:43:01.078641+00"
715,"6344107400","5014292785","Haha",NULL,NULL,"2025-10-22 11:43:10.722338+00"
716,"6344107400","5014292785","Someone is trying to look smart here",NULL,NULL,"2025-10-22 11:43:31.273554+00"
717,"6344107400","5014292785","R u 21 gn?",NULL,NULL,"2025-10-22 11:44:18.429913+00"
720,"1377944646","5924560478","Heyy",NULL,NULL,"2025-10-22 12:53:23.580964+00"
721,"6344107400","5014292785","Hey girl",NULL,NULL,"2025-10-22 13:46:57.040538+00"
722,"5014292785","6344107400","Hi",NULL,NULL,"2025-10-22 14:10:12.781792+00"
723,"6344107400","5014292785","How are you",NULL,NULL,"2025-10-22 14:10:29.198549+00"
724,"5014292785","6344107400","Alw",NULL,NULL,"2025-10-22 14:12:14.301371+00"
725,"6344107400","5014292785","How was ur day",NULL,NULL,"2025-10-22 14:12:54.594329+00"
726,"6344107400","6499363352","Hey girl",NULL,NULL,"2025-10-22 14:17:35.811293+00"
727,"6499363352","6344107400","Hey girly",NULL,NULL,"2025-10-22 14:19:06.274215+00"
728,"6344107400","6499363352","Haha now I am girly",NULL,NULL,"2025-10-22 14:19:19.695954+00"
729,"6499363352","6344107400","Sorry",NULL,NULL,"2025-10-22 14:37:34.901178+00"
730,"6344107400","6499363352","I am not girly tho",NULL,NULL,"2025-10-22 14:38:32.115377+00"
731,"6499363352","6344107400","Ok sorry",NULL,NULL,"2025-10-22 14:39:55.133021+00"
732,"6344107400","6499363352","So who should I call u",NULL,NULL,"2025-10-22 14:40:30.707318+00"
733,"6499363352","6344107400","Other she",NULL,NULL,"2025-10-22 14:41:09.902149+00"
734,"6344107400","6499363352","Haha no no name",NULL,NULL,"2025-10-22 14:41:30.028389+00"
735,"641739565","6332613822","Bro are you second year?",NULL,NULL,"2025-10-22 14:44:14.463162+00"
736,"6499363352","6344107400","Nah",NULL,NULL,"2025-10-22 14:44:21.710192+00"
737,"6344107400","6499363352","I am Yonas tho",NULL,NULL,"2025-10-22 14:59:28.368025+00"
738,"6499363352","6344107400","Its anonymous for a reason😭",NULL,NULL,"2025-10-22 15:00:05.755154+00"
739,"6344107400","6499363352","There are million yonas in this country but I don’t care if you know me demo",NULL,NULL,"2025-10-22 15:01:14.827386+00"
740,"6344107400","6499363352","U here",NULL,NULL,"2025-10-22 16:43:36.435731+00"
741,"6499363352","6344107400","Yea",NULL,NULL,"2025-10-22 16:44:37.343964+00"
742,"6344107400","6499363352","So how was ur day",NULL,NULL,"2025-10-22 16:44:49.224775+00"
743,"6499363352","6344107400","Normal",NULL,NULL,"2025-10-22 16:44:58.365332+00"
744,"6499363352","6344107400","Which campus u at",NULL,NULL,"2025-10-22 16:45:04.143196+00"
745,"6344107400","6499363352","I am not in campus anymore",NULL,NULL,"2025-10-22 16:45:23.882091+00"
746,"6499363352","6344107400","🙄 ohhhhh rly 
Wow ok",NULL,NULL,"2025-10-22 16:46:00.171764+00"
747,"6344107400","6499363352","Yeah which campus are u",NULL,NULL,"2025-10-22 16:46:32.128229+00"
748,"6344107400","6499363352","It’s been awhile since I finished school actually",NULL,NULL,"2025-10-22 16:48:36.919504+00"
749,"6499363352","6344107400","So ur old",NULL,NULL,"2025-10-22 16:48:59.167957+00"
750,"6499363352","6344107400","Got that",NULL,NULL,"2025-10-22 16:49:04.155912+00"
751,"6499363352","6344107400","Whachu doin here then",NULL,NULL,"2025-10-22 16:49:10.581602+00"
752,"6344107400","6499363352","I am old yeah",NULL,NULL,"2025-10-22 16:49:49.20304+00"
753,"6344107400","6499363352","Just refreshing memories",NULL,NULL,"2025-10-22 16:50:04.756394+00"
754,"6499363352","6344107400","Cool",NULL,NULL,"2025-10-22 16:50:10.287337+00"
755,"6344107400","6499363352","You will not leave when u leave my dear",NULL,NULL,"2025-10-22 16:50:20.128076+00"
756,"6499363352","6344107400","What",NULL,NULL,"2025-10-22 16:50:33.306+00"
757,"6344107400","6499363352","Gibi",NULL,NULL,"2025-10-22 16:51:16.286518+00"
758,"6344107400","6499363352","Yinafkal",NULL,NULL,"2025-10-22 16:52:22.133879+00"
759,"6499363352","6344107400","I dont think i will",NULL,NULL,"2025-10-22 16:52:52.296318+00"
760,"6344107400","6499363352","Which year r u now",NULL,NULL,"2025-10-22 16:53:13.739085+00"
761,"6499363352","6344107400","2",NULL,NULL,"2025-10-22 16:53:41.84629+00"
762,"6344107400","6499363352","Mn dept",NULL,NULL,"2025-10-22 16:53:57.813304+00"
763,"6499363352","6344107400","Nahh i aint sayn that",NULL,NULL,"2025-10-22 16:54:18.498985+00"
764,"6344107400","6499363352","Bcha 2nd yr honesh new yemereresh",NULL,NULL,"2025-10-22 16:54:38.997208+00"
765,"6499363352","6344107400","Yep",NULL,NULL,"2025-10-22 16:57:18.199508+00"
766,"6344107400","6499363352","Chill you will never get these years back",NULL,NULL,"2025-10-22 16:58:12.382922+00"
767,"6344107400","6499363352","Life will be even harder after gibi",NULL,NULL,"2025-10-22 16:58:26.19909+00"
768,"6499363352","6344107400","Bettee being w cocky ahh teens",NULL,NULL,"2025-10-22 16:59:18.828093+00"
769,"6344107400","6499363352","Yeah yeah I know esuma",NULL,NULL,"2025-10-22 17:00:22.457874+00"
770,"6344107400","6499363352","But plan for business minamn if you are good in business",NULL,NULL,"2025-10-22 17:00:37.860397+00"
771,"6344107400","6499363352","Learn as much as you can",NULL,NULL,"2025-10-22 17:00:46.936495+00"
772,"6344107400","6499363352","prepare for life while you are there",NULL,NULL,"2025-10-22 17:01:04.904238+00"
773,"6499363352","6344107400","Yea i guess its better than beinf butchered by life so i'll enjoy while i can",NULL,NULL,"2025-10-22 17:01:35.687934+00"
774,"6344107400","6499363352","Yeah",NULL,NULL,"2025-10-22 17:01:55.929058+00"
775,"6344107400","6499363352","In the mean time u gotta live",NULL,NULL,"2025-10-22 17:02:09.187057+00"
776,"6344107400","6499363352","Enjoy ur time even now",NULL,NULL,"2025-10-22 17:02:16.500523+00"
777,"6499363352","6344107400","Ok tnx",NULL,NULL,"2025-10-22 17:05:53.473659+00"
778,"6344107400","6499363352","Do you have a bf?",NULL,NULL,"2025-10-22 17:06:05.480602+00"
779,"6499363352","6344107400","No why",NULL,NULL,"2025-10-22 17:06:27.095004+00"
780,"6344107400","6499363352","Get one",NULL,NULL,"2025-10-22 17:06:34.061329+00"
781,"6499363352","6344107400","NEVER",NULL,NULL,"2025-10-22 17:06:40.790155+00"
782,"6344107400","6499363352","Mn eyeserash new",NULL,NULL,"2025-10-22 17:06:40.879778+00"
783,"6344107400","6499363352","How old ru",NULL,NULL,"2025-10-22 17:06:44.544836+00"
784,"6499363352","6344107400","Romania",NULL,NULL,"2025-10-22 17:07:04.734857+00"
785,"6344107400","6499363352","What?",NULL,NULL,"2025-10-22 17:07:20.80858+00"
786,"6499363352","6344107400","Its a meme look it up",NULL,NULL,"2025-10-22 17:07:30.603567+00"
787,"6344107400","6499363352","Send me esti",NULL,NULL,"2025-10-22 17:08:17.1511+00"
788,"6499363352","6344107400","Just search how old are u romania in tiktok 
U old people are so easily tires",NULL,NULL,"2025-10-22 17:09:01.829817+00"
789,"6344107400","6499363352","Haha 😆",NULL,NULL,"2025-10-22 17:09:17.43745+00"
790,"6344107400","6499363352","Haha so 21?",NULL,NULL,"2025-10-22 17:10:59.212388+00"
791,"6499363352","6344107400","No",NULL,NULL,"2025-10-22 17:14:50.577774+00"
792,"6344107400","6499363352","Algebagnm baksh",NULL,NULL,"2025-10-22 17:15:00.649546+00"
793,"6344107400","6499363352","How old r u I am romania",NULL,NULL,"2025-10-22 17:15:10.85028+00"
794,"6344107400","6499363352","Wtf is that",NULL,NULL,"2025-10-22 17:15:13.784875+00"
795,"6160727207","6892367093","where's the trade group at?",NULL,NULL,"2025-10-22 17:36:03.851565+00"
796,"855757095","7439766390","Hi",NULL,NULL,"2025-10-22 17:46:24.119141+00"
797,"7439766390","855757095","Selam",NULL,NULL,"2025-10-22 17:54:27.660245+00"
798,"7439766390","855757095","Selam",NULL,NULL,"2025-10-22 17:54:34.276455+00"
799,"855757095","7439766390","There's a tutoring job if you're interested",NULL,NULL,"2025-10-22 17:55:33.179548+00"
800,"855757095","7439766390","I thought it might be helpful for you",NULL,NULL,"2025-10-22 17:55:48.049065+00"
801,"7439766390","855757095","ere eshi ds ylegnal betam",NULL,NULL,"2025-10-22 17:56:21.189558+00"
802,"855757095","7439766390","https://docs.google.com/forms/d/e/1FAIpQLSfWWdCqSayzAFyyPy7sZ9pgpuWgnLWGzK2TsWLWKbltcWEHFw/viewform?usp=header",NULL,NULL,"2025-10-22 17:56:59.515126+00"
803,"855757095","7439766390","Apply on this",NULL,NULL,"2025-10-22 17:57:07.270104+00"
804,"855757095","7439766390","I also work bezi demo since you're smart aykebdhm",NULL,NULL,"2025-10-22 17:57:25.109342+00"
805,"7439766390","855757095","like ahun magegnet chlalw sera",NULL,NULL,"2025-10-22 17:59:14.841277+00"
806,"855757095","7439766390","Wedyawunu latagegn tchlaleh",NULL,NULL,"2025-10-22 18:00:14.699008+00"
807,"855757095","7439766390","Gn tnsh ketagesk yimetal",NULL,NULL,"2025-10-22 18:00:34.46756+00"
808,"855757095","7439766390","Dorm newa mtnorew? Rak bil chigir alew?",NULL,NULL,"2025-10-22 18:00:53.421216+00"
809,"7439766390","855757095","It's depends, betam kalrake it's okay",NULL,NULL,"2025-10-22 18:08:22.068102+00"
810,"7439766390","855757095","Eshi ere",NULL,NULL,"2025-10-22 18:08:49.231199+00"
811,"855757095","7439766390","Apply ena you can ask me anything you'd like",NULL,NULL,"2025-10-22 18:12:51.531118+00"
812,"855757095","7439766390","@HeartifiliaFT",NULL,NULL,"2025-10-22 18:13:19.4594+00"
813,"855757095","7032013638","Heyy",NULL,NULL,"2025-10-22 18:18:38.874822+00"
814,"7032013638","855757095","Hi",NULL,NULL,"2025-10-22 18:19:17.807214+00"
815,"7032013638","855757095","Hi",NULL,NULL,"2025-10-22 18:19:27.628924+00"
816,"855757095","7032013638","What's up",NULL,NULL,"2025-10-22 18:20:13.626086+00"
817,"855757095","7032013638","Did you get to create the community you were talking about",NULL,NULL,"2025-10-22 18:20:29.337922+00"
818,"7032013638","855757095","I just opened a grp yesterday. I plan on building it.",NULL,NULL,"2025-10-22 18:21:05.453171+00"
819,"7032013638","855757095","So u send me ur usernamr",NULL,NULL,"2025-10-22 18:21:47.810738+00"
820,"7032013638","855757095","Dm, i need ur acc",NULL,NULL,"2025-10-22 18:22:11.161623+00"
821,"855757095","7032013638","@HeartifiliaFT",NULL,NULL,"2025-10-22 18:22:20.924152+00"
822,"5713614056","6634362515","Howdy",NULL,NULL,"2025-10-23 09:23:07.370193+00"
823,"5713614056","6634362515","Ur responses are kinda sharp...it hurts man",NULL,NULL,"2025-10-23 09:23:19.915539+00"
824,"6634362515","5713614056","Ik",NULL,NULL,"2025-10-23 09:23:31.023213+00"
825,"6634362515","5713614056","That's the point",NULL,NULL,"2025-10-23 09:23:37.157902+00"
826,"8109112246","5014292785","We will share a dinner soon",NULL,NULL,"2025-10-23 13:53:34.890598+00"
827,"5014292785","8109112246","Ymn dinner",NULL,NULL,"2025-10-23 13:53:45.581114+00"
828,"8109112246","5014292785","Just get dinner,drunk and enjoy😉",NULL,NULL,"2025-10-23 13:54:20.0902+00"
829,"5014292785","5237102694","Who r u?",NULL,NULL,"2025-10-23 13:54:30.180112+00"
830,"5237102694","5014292785","What do u mean?",NULL,NULL,"2025-10-23 13:54:58.163688+00"
831,"5014292785","5237102694","Who am I speaking to",NULL,NULL,"2025-10-23 13:55:09.344601+00"
832,"5237102694","5014292785","Just random guy in 6 killo...hope ur here to and wonder if I can get some",NULL,NULL,"2025-10-23 13:55:50.586763+00"
833,"5014292785","5237102694","Get some what",NULL,NULL,"2025-10-23 13:56:13.645952+00"
834,"8109112246","5014292785","Do u Mind?",NULL,NULL,"2025-10-23 13:56:16.124525+00"
835,"5237102694","5014292785","Some time from u...cls yizen",NULL,NULL,"2025-10-23 13:57:00.252607+00"
836,"5014292785","5237102694","Jezba",NULL,NULL,"2025-10-23 13:57:09.786376+00"
837,"5014292785","5237102694","Do u think u r talking to a prostitute",NULL,NULL,"2025-10-23 13:57:40.506157+00"
838,"5237102694","5014292785","Why tho😢😳😳",NULL,NULL,"2025-10-23 13:57:47.983384+00"
839,"5237102694","5014292785","Not like that just balefew lijoch endezi siyaregu ayiche nw",NULL,NULL,"2025-10-23 13:58:28.411563+00"
840,"5014292785","5237102694","Mn seyaregu",NULL,NULL,"2025-10-23 13:58:41.080039+00"
841,"5237102694","5014292785","Eza 5 killo jerba yalew bar hido siyasnanu,...",NULL,NULL,"2025-10-23 13:59:56.801866+00"
842,"5237102694","5014292785","Enam body counte snt meselesh...",NULL,NULL,"2025-10-23 14:02:46.281547+00"
843,"8109112246","5014292785","Mn alsh ?",NULL,NULL,"2025-10-23 14:03:16.062094+00"
844,"6170475301","7231257941","hello",NULL,NULL,"2025-10-23 15:17:18.831049+00"
845,"7231257941","6170475301","Hello",NULL,NULL,"2025-10-23 15:19:06.37963+00"
846,"666702479","8132883465","What r the online tasks bruh",NULL,NULL,"2025-10-23 19:50:14.217379+00"
847,"6692034060","7032013638","I came across your user name on aau confessions comment section discussing the desire to create aau atheist/ agnostic group. I consider myself as an agnostic and want to join such groups.",NULL,NULL,"2025-10-23 20:53:58.056207+00"
848,"7032013638","6692034060","Send me ur user name I've already created one...",NULL,NULL,"2025-10-23 20:54:46.611409+00"
849,"6692034060","7032013638","Thank you!
@courageousnigga",NULL,NULL,"2025-10-23 20:55:21.937237+00"
850,"7032013638","6692034060","I hope u're not a tracker. I've said things which could led to stoning 😭😁😂",NULL,NULL,"2025-10-23 20:55:31.18168+00"
851,"6692034060","7032013638","Oh no brah😆😆",NULL,NULL,"2025-10-23 20:55:52.242537+00"
852,"7032013638","6692034060","Tf is wiz Ur story",NULL,NULL,"2025-10-23 20:56:23.049508+00"
853,"7032013638","6692034060","I'll add u😁",NULL,NULL,"2025-10-23 20:56:56.668453+00"
854,"8105323981","666702479","Man what kind of wild things u talkin about??",NULL,NULL,"2025-10-24 07:30:34.750703+00"
855,"7032013638","6634362515","https://t.me/+WGbuax5fQ0pkNWU0",NULL,NULL,"2025-10-24 07:59:39.174809+00"
856,"7032013638","6634362515","U an atheist right?",NULL,NULL,"2025-10-24 08:00:05.762923+00"
857,"1712195775","5647903240","👋 hi, are u an atheist?",NULL,NULL,"2025-10-24 08:02:41.62012+00"
858,"5647903240","1712195775","No",NULL,NULL,"2025-10-24 08:03:33.215158+00"
859,"7032013638","6634362515","👋hi... U an atheist. right?",NULL,NULL,"2025-10-24 08:03:43.91897+00"
860,"1712195775","5647903240","Alr, sry 2 bother u?",NULL,NULL,"2025-10-24 08:08:34.474874+00"
861,"1712195775","5647903240","Confession #2756

For muslims especially women like why are u people still muslim and even worse why are u defending it? Like I've tried to listen to muslim scholars and debates and honestly islam is really a fucked up dangerous ideology for freedom, social progress 
... overall for development like what do u mean mohammed married a 6 year old and 🍇 her at 9(he was 50+ degmo) and he had 12 wives and promises more( something like 72 ) in heaven, it even allowed slavery and he raped and allowed raping slaves and also it gave men the right to beat wives who refuse sex(seriously this is fucked up) , a woman’s testimony is treated as half a man’s and inheritance laws give male heirs twice the share of female heirs, thieves can be punished by having their hands cut off (as if thieves had it easy like im not defending stealing but cutting their hands is straight ድድብና) and adultery is punished by stoning(another ድድብና) leaving islam and blasphemy carry death penalties(and yeah islamic countries still allows that according to sharia law), Muslim men can marry christian or jewish women but muslim women are barred from marrying non muslim men(is this the equality u guys gave for women), Free Muslims can’t be enslaved but non muslims could be,  drinking alcohol can mean 40–80 lashes(again drinking is bad but violence is worse) and these aren’t the only fucked up things i saw ur imams say like  there are many more examples  and it’s no wonder most countries see islamic law as backward and u can all it “Islamophobia” if you want but people should wake up and if your religion is true, defend it without attacking others also for girls only why do u guys wear hijab like even if it's not mandatory why do u think ur allah ordered it

#Religion #Mental
I thought u might be atheist...",NULL,NULL,"2025-10-24 08:09:38.150607+00"
862,"6634362515","7032013638","I mostly identify as an agnostic.. but yes",NULL,NULL,"2025-10-24 08:34:09.795238+00"
863,"7032013638","6634362515","I see... bro I'm building an atheist and agnostic community. I opened a grp ts week, so join and help us get more members...
https://t.me/+WGbuax5fQ0pkNWU0",NULL,NULL,"2025-10-24 09:33:25.842363+00"
864,"7205880436","7388700051","Hey",NULL,NULL,"2025-10-24 14:06:29.400297+00"
865,"7388700051","7205880436","halo",NULL,NULL,"2025-10-24 14:52:36.881526+00"
866,"8178595410","5799933418","Ru male or female?",NULL,NULL,"2025-10-24 16:46:32.859509+00"
867,"5799933418","8178595410","Male .
what the?",NULL,NULL,"2025-10-24 16:48:11.57852+00"
868,"8178595410","5799933418","Ur male ...so he used ur anus🤕🥹",NULL,NULL,"2025-10-24 16:50:01.70227+00"
869,"8178595410","5799933418","Im female i could help that nbr eko 😞🤕",NULL,NULL,"2025-10-24 16:50:11.19609+00"
870,"5799933418","8178595410","Then help 
Give me your..",NULL,NULL,"2025-10-24 16:53:52.679257+00"
871,"5924560478","1377944646","Hay sry I didn't know how this bot worked",NULL,NULL,"2025-10-24 19:02:19.467347+00"
872,"5924560478","1377944646","How did u say you gonna help again?",NULL,NULL,"2025-10-24 19:24:51.805057+00"
873,"8178595410","7293631010","Hey selam ru freshman? M/f?",NULL,NULL,"2025-10-25 11:19:12.615513+00"
874,"8327870332","5014292785","why are you in this bot 24 7",NULL,NULL,"2025-10-25 11:23:05.717811+00"
875,"5014292785","8327870332","Not only in this bot. I'm just chronically online",NULL,NULL,"2025-10-25 11:23:30.454654+00"
876,"6356474261","5014292785","Hey there",NULL,NULL,"2025-10-25 12:08:17.47077+00"
877,"5014292785","6356474261","Hi",NULL,NULL,"2025-10-25 12:09:51.578588+00"
878,"6356474261","5014292785","Send me ur tg account",NULL,NULL,"2025-10-25 12:11:13.691395+00"
880,"6634362515","5713614056","Bonjour",NULL,NULL,"2025-10-25 15:32:23.738217+00"
881,"6634362515","5713614056","/confess",NULL,NULL,"2025-10-25 16:25:26.623544+00"
882,"8141527168","6692034060","So here u are",NULL,NULL,"2025-10-25 19:24:25.105154+00"
883,"8141527168","6692034060","i'm not sure if i send it or 
Anyways talk to me if u get the message",NULL,NULL,"2025-10-25 19:26:00.85278+00"
884,"6692034060","8141527168","Which message? I am already talking with you. Contact u with @Oceaneyes556. Right?",NULL,NULL,"2025-10-25 19:27:22.499189+00"
885,"8141527168","6692034060","Ow yes",NULL,NULL,"2025-10-25 19:28:14.544054+00"
886,"6499363352","7388700051","Hey 
Jst a question if i follow u does it mean i get notified whenever u comment😀",NULL,NULL,"2025-10-26 09:24:36.186052+00"
887,"7388700051","6499363352","I guess yeah. You'll get ur daily wisdom dose",NULL,NULL,"2025-10-26 09:28:01.417031+00"
888,"6499363352","7388700051","But i say a bunch of things i dont everyone to keep up w 😭
Nvm tnx",NULL,NULL,"2025-10-26 09:29:07.439893+00"
889,"7388700051","6499363352","I followed u cuz it will be easy to attack u",NULL,NULL,"2025-10-26 09:32:48.509966+00"
890,"6499363352","7388700051","Attack ?
U wanna attack me",NULL,NULL,"2025-10-26 09:36:15.419685+00"
891,"7388700051","6499363352","Ja",NULL,NULL,"2025-10-26 09:37:01.821656+00"
892,"6499363352","7388700051","Heh
Omo why do u wanna attack me
Did i say smtn mean to u",NULL,NULL,"2025-10-26 09:39:14.098207+00"
893,"7388700051","6499363352","It's in my nature to attack the weak",NULL,NULL,"2025-10-26 09:41:05.913259+00"
894,"6499363352","7388700051","Me u n gudefela need too have a meeting on how to councel this generation clearly we are the wise fathers",NULL,NULL,"2025-10-26 09:44:09.077688+00"
895,"7388700051","6499363352","Are u implying a threesome or I'm reading the room wrong",NULL,NULL,"2025-10-26 09:47:32.101546+00"
896,"6499363352","7388700051","Uk what 
Have a good day the confessions are already traumatic enough",NULL,NULL,"2025-10-26 09:49:18.756669+00"
897,"7388700051","6499363352","😂😂I'm playin",NULL,NULL,"2025-10-26 09:50:16.979385+00"
898,"6499363352","7388700051","U better be",NULL,NULL,"2025-10-26 09:56:48.67651+00"
899,"7388700051","6499363352","Gday",NULL,NULL,"2025-10-26 10:04:01.062238+00"
900,"1115042518","8487387358","han🥲class jemerachu",NULL,NULL,"2025-10-26 12:56:28.267216+00"
901,"8487387358","1115042518","Man neh",NULL,NULL,"2025-10-26 12:57:10.562687+00"
902,"1115042518","8487387358","Hehe your sub boy lbelsh😂anchima andun tebseshal kfu🥹",NULL,NULL,"2025-10-26 12:58:09.109078+00"
903,"7388700051","6499363352","did u solve the scavenger hunt thing??",NULL,NULL,"2025-10-26 14:11:23.395016+00"
904,"6499363352","7388700051","Wait im not even playing the game
Is there a link mnamn join ladrg",NULL,NULL,"2025-10-26 14:11:58.138723+00"
905,"7388700051","6499363352","how do u have 100 points tadiya?",NULL,NULL,"2025-10-26 14:14:02.011742+00"
906,"7388700051","6499363352","there is a 5k games button in the bot now. and it has the first clue",NULL,NULL,"2025-10-26 14:14:29.629993+00"
907,"6499363352","7388700051","I have some connections here and there😉",NULL,NULL,"2025-10-26 14:14:47.460528+00"
908,"6499363352","7388700051","Lene almetalgnm",NULL,NULL,"2025-10-26 14:15:05.201515+00"
909,"6499363352","7388700051","Smama whats the hint u were given",NULL,NULL,"2025-10-26 14:19:20.798437+00"
910,"7388700051","6499363352","🔎 Scavenger Hunt

Every secret has a beginning… Find where it all started. The first words ever spoken hold your first clue its out there for everybody to see",NULL,NULL,"2025-10-26 14:19:34.549086+00"
911,"6499363352","7388700051","And u can get 100 points by reading there privacy info i jst was reading it this morning ena when u finish u can claim the points",NULL,NULL,"2025-10-26 14:20:29.987773+00"
912,"6499363352","7388700051","Omg smae clue mn yhon",NULL,NULL,"2025-10-26 14:20:38.575991+00"
913,"7388700051","6499363352","i solved it",NULL,NULL,"2025-10-26 14:21:32.303546+00"
914,"7388700051","6499363352","i thought u did too",NULL,NULL,"2025-10-26 14:21:37.468794+00"
915,"6499363352","7388700051","No i didnt",NULL,NULL,"2025-10-26 14:21:43.81003+00"
916,"7388700051","6499363352","and was surprised that u maybe solved it",NULL,NULL,"2025-10-26 14:22:01.070691+00"
917,"7388700051","6499363352","i did",NULL,NULL,"2025-10-26 14:22:20.250702+00"
918,"6499363352","7388700051","No i jst read the rules version updates mnamn",NULL,NULL,"2025-10-26 14:22:25.297331+00"
919,"6499363352","7388700051","How do u type in ur answer for the scavenger hunt",NULL,NULL,"2025-10-26 14:25:00.791058+00"
920,"7388700051","6499363352","u dont type. its like a clue that leads to another clue mnamn then at the end u will get a link then u will win",NULL,NULL,"2025-10-26 14:26:09.04759+00"
921,"6499363352","7388700051","Ee aw aw i jst found clue 2 😀
Im so confused where does everyone decide who they are",NULL,NULL,"2025-10-26 14:27:35.067116+00"
922,"6499363352","7388700051","I found clue 3 yeaaay",NULL,NULL,"2025-10-26 14:28:30.379375+00"
923,"6499363352","7388700051","Man why u still got 50 points i told u there is a hunt for a free point its in the menu",NULL,NULL,"2025-10-26 14:31:50.230228+00"
924,"6499363352","7388700051","U need to help me out",NULL,NULL,"2025-10-26 14:38:00.015691+00"
925,"7388700051","6499363352","yetu gar nesh ahun",NULL,NULL,"2025-10-26 14:40:52.039514+00"
926,"7388700051","6499363352","what does the clue say?",NULL,NULL,"2025-10-26 14:41:01.508158+00"
927,"6499363352","7388700051","Replying to:

CLUE 4: Before five came three.Go back to the joy we shared then, the answer’s watching from the top right.",NULL,NULL,"2025-10-26 14:41:05.611509+00"
928,"7388700051","6499363352","like there is a msg (image) posted when the channel reached 3k",NULL,NULL,"2025-10-26 14:41:50.312541+00"
929,"7388700051","6499363352","look there",NULL,NULL,"2025-10-26 14:41:56.257299+00"
930,"6499363352","7388700051","Uk what nvm",NULL,NULL,"2025-10-26 14:43:24.688017+00"
931,"6499363352","7388700051","Clue 5 is even confusing",NULL,NULL,"2025-10-26 14:43:36.270016+00"
932,"6499363352","7388700051","Oh wait its the description😭",NULL,NULL,"2025-10-26 14:44:23.13359+00"
933,"6499363352","7388700051","/privacy",NULL,NULL,"2025-10-26 14:44:45.95217+00"
934,"7388700051","6499363352","i think u won accidentaly😂",NULL,NULL,"2025-10-26 14:45:00.865511+00"
935,"6499363352","7388700051","Yes 😭",NULL,NULL,"2025-10-26 14:45:05.943548+00"
936,"6499363352","7388700051","I feel like stupid person😭",NULL,NULL,"2025-10-26 14:45:16.631636+00"
937,"6499363352","7388700051","Yale flagote ashenefku 
And u knew but u didnt say anything😭",NULL,NULL,"2025-10-26 14:45:41.052438+00"
938,"7388700051","6499363352","damn nd i tot u were smart",NULL,NULL,"2025-10-26 14:45:54.0855+00"
939,"6499363352","7388700051","U literally gave me 1 hint i did it on my own",NULL,NULL,"2025-10-26 14:46:46.521547+00"
940,"7388700051","6499363352","u couldnt solve it w out ma help so..",NULL,NULL,"2025-10-26 14:50:04.267817+00"
941,"6499363352","7388700051","But i did tho 
I did it without knowing there was a game",NULL,NULL,"2025-10-26 14:50:24.783373+00"
942,"7388700051","6499363352","thats luck😭 why would u even read /privacy",NULL,NULL,"2025-10-26 14:51:51.509047+00"
943,"6499363352","7388700051","Idk i was just trying to see if they had a loophole we didnt know so they were tring to get our info mnamn 
Bcha i decided at 8 in the morning",NULL,NULL,"2025-10-26 14:55:36.53058+00"
944,"6499363352","5095946794","I feel bad i gotta tell u what the clue means girly",NULL,NULL,"2025-10-26 15:39:26.642782+00"
945,"6499363352","5095946794","Check their post when they had 3k subs",NULL,NULL,"2025-10-26 15:39:48.772378+00"
946,"5095946794","6499363352","I found clue 6 before clue 5 when i went to the bio
But thanks",NULL,NULL,"2025-10-26 15:41:36.601763+00"
947,"5095946794","6499363352","I found clue 6 before clue 5 when i went to the bio
But thanks",NULL,NULL,"2025-10-26 15:41:52.074648+00"
948,"5095946794","6499363352","Did you find the 7th clue? 
What is invisible hidden in plain sight?????",NULL,NULL,"2025-10-26 16:05:43.522739+00"
949,"6499363352","5095946794","Its on the bot menu 
Go to the privacy info",NULL,NULL,"2025-10-26 16:11:30.580167+00"
950,"5095946794","6499363352","/privacy",NULL,NULL,"2025-10-26 16:11:51.218008+00"
951,"5095946794","6499363352","Thank you🙏
I kept sending messages by accident.",NULL,NULL,"2025-10-26 16:13:21.526055+00"
952,"6499363352","5095946794","Its ok",NULL,NULL,"2025-10-26 16:18:07.154039+00"
953,"8425643190","1103065697","Hey",NULL,NULL,"2025-10-27 15:55:49.423488+00"
954,"8425643190","1103065697","Selam nw😊",NULL,NULL,"2025-10-27 16:01:01.276695+00"
955,"8425643190","1103065697","You don’t have to raise your voice — I already know who’s in charge😁

Rizz from ur sincerely 😁",NULL,NULL,"2025-10-27 16:21:33.30307+00"
956,"5237102694","6499363352","Hello",NULL,NULL,"2025-10-28 03:45:46.495698+00"
957,"6499363352","5237102694","Hey",NULL,NULL,"2025-10-28 04:10:21.887157+00"
958,"5237102694","6499363352","Can i get ur ig",NULL,NULL,"2025-10-28 04:16:47.685162+00"
959,"6499363352","5237102694","I dont use ig",NULL,NULL,"2025-10-28 04:25:08.38109+00"
992,"957328380","5014292785","Hello gude if thats how ppl makolamet u here😅",NULL,NULL,"2025-10-28 12:12:10.723229+00"
993,"5014292785","957328380","They don't lol",NULL,NULL,"2025-10-28 12:12:42.449275+00"
994,"957328380","5014292785","Oh beka I will kezare buhala idk why but I like all ur comments I think that became my hobby what should I do😭",NULL,NULL,"2025-10-28 12:13:40.101265+00"
995,"5014292785","957328380","Ere bakeh hehe I think you should keep on liking",NULL,NULL,"2025-10-28 12:17:20.48874+00"
996,"957328380","5014292785","Eshii aleka😭",NULL,NULL,"2025-10-28 12:39:49.730986+00"
997,"5014292785","957328380","Why do u like me tho",NULL,NULL,"2025-10-28 12:41:11.664839+00"
998,"957328380","5014292785","Idk I like your humor it's unique",NULL,NULL,"2025-10-28 12:46:13.317527+00"
999,"8143776031","5010994956","Hello",NULL,NULL,"2025-10-28 14:33:19.987219+00"
1000,"8143776031","5010994956","You requested to chat earlier, whats up?",NULL,NULL,"2025-10-28 14:33:33.175267+00"
1001,"5014292785","5786382261","Hey 👋",NULL,NULL,"2025-10-28 15:55:11.506921+00"
1002,"5786382261","5014292785","Hey",NULL,NULL,"2025-10-28 15:55:33.329431+00"
1003,"5786382261","5014292785","The legendary gudefela 😭",NULL,NULL,"2025-10-28 15:55:44.664366+00"
1004,"5014292785","5786382261","Just wanted to let u know I like ur comments.",NULL,NULL,"2025-10-28 15:56:04.786297+00"
1005,"5786382261","5014292785","i’m honored",NULL,NULL,"2025-10-28 15:56:28.869171+00"
1006,"5786382261","5014292785","you too",NULL,NULL,"2025-10-28 15:56:31.092779+00"
1007,"5786382261","5014292785","wait which in particular",NULL,NULL,"2025-10-28 15:56:40.095562+00"
1008,"5014292785","5786382261","Just most of ur opinions",NULL,NULL,"2025-10-28 15:56:53.829434+00"
1009,"5786382261","5014292785","pick one i comment a lot",NULL,NULL,"2025-10-28 15:58:41.480936+00"
1010,"5014292785","5786382261","Like the one about love being transactional.",NULL,NULL,"2025-10-28 16:03:51.066193+00"
1011,"5014292785","5786382261","Sentegna amet neh",NULL,NULL,"2025-10-28 16:03:58.510228+00"
1012,"5786382261","5014292785","2nd",NULL,NULL,"2025-10-28 16:10:03.955492+00"
1013,"5786382261","5014292785","you?",NULL,NULL,"2025-10-28 16:10:05.560358+00"
1014,"5014292785","5786382261","3rd",NULL,NULL,"2025-10-28 16:10:27.457938+00"
1015,"5786382261","5014292785","i thought you’d be much older",NULL,NULL,"2025-10-28 16:11:38.307691+00"
1016,"5014292785","5786382261","Hehe why?",NULL,NULL,"2025-10-28 16:11:59.201007+00"
1017,"5014292785","5786382261","Do I sound wise 😂😭",NULL,NULL,"2025-10-28 16:12:08.135649+00"
1018,"5786382261","5014292785","yes betam 😭",NULL,NULL,"2025-10-28 16:15:01.436242+00"
1019,"5786382261","5014292785","interesting that you agreed with my comment on love being transactional",NULL,NULL,"2025-10-28 16:16:09.375664+00"
1020,"5014292785","5786382261","I mean it doesn't have to be transactional",NULL,NULL,"2025-10-28 16:16:32.423508+00"
1021,"5014292785","5786382261","And yeah u r right the author was talking about how it has become transactional.",NULL,NULL,"2025-10-28 16:17:12.827912+00"
1022,"5014292785","5786382261","Anyway yet campus neh",NULL,NULL,"2025-10-28 16:17:21.914439+00"
1023,"5786382261","5014292785","commerce",NULL,NULL,"2025-10-28 16:18:10.391347+00"
1024,"5786382261","5014292785","u?",NULL,NULL,"2025-10-28 16:18:13.642652+00"
1025,"5014292785","5786382261","Sefere selam😭",NULL,NULL,"2025-10-28 16:19:00.823667+00"
1026,"5786382261","5014292785","fucking hell 😭",NULL,NULL,"2025-10-28 16:19:38.087406+00"
1027,"5786382261","5014292785","eza min ale sijemer",NULL,NULL,"2025-10-28 16:19:45.618473+00"
1028,"5786382261","5014292785","i have no idea about the campus",NULL,NULL,"2025-10-28 16:19:57.423487+00"
1029,"5014292785","5786382261","It's a health campus",NULL,NULL,"2025-10-28 16:20:48.621381+00"
1030,"5014292785","5786382261","And yeah the sefer is hell",NULL,NULL,"2025-10-28 16:20:56.09944+00"
1031,"5786382261","5014292785","ironic",NULL,NULL,"2025-10-28 16:21:15.521562+00"
1032,"5786382261","5014292785","ayzon",NULL,NULL,"2025-10-28 16:21:25.681539+00"
1033,"5786382261","5014292785","u there?",NULL,NULL,"2025-10-28 16:23:58.082444+00"
1034,"5786382261","5014292785","i accidentally left 😭",NULL,NULL,"2025-10-28 16:24:04.91569+00"
1035,"5014292785","5786382261","Ya still here",NULL,NULL,"2025-10-28 16:24:46.33426+00"
1036,"5786382261","5014292785","so you a med student",NULL,NULL,"2025-10-28 16:25:19.970555+00"
1037,"5014292785","5786382261","Yes",NULL,NULL,"2025-10-28 16:25:27.225442+00"
1038,"5014292785","5786382261","Wbu",NULL,NULL,"2025-10-28 16:25:28.420985+00"
1039,"5786382261","5014292785","logistics",NULL,NULL,"2025-10-28 16:25:40.521658+00"
1040,"5786382261","5014292785","tuff",NULL,NULL,"2025-10-28 16:25:43.270761+00"
1041,"5786382261","5014292785","how is it",NULL,NULL,"2025-10-28 16:25:47.925009+00"
1042,"5014292785","5786382261","Well it is very demanding you would probably see my comments there crying about it LOL",NULL,NULL,"2025-10-28 16:26:09.617411+00"
1043,"5786382261","5014292785","flegeshw new med",NULL,NULL,"2025-10-28 16:26:31.481682+00"
1044,"5786382261","5014292785","in this economy??",NULL,NULL,"2025-10-28 16:26:38.048485+00"
1045,"5014292785","5786382261","Yes I love the science  I'm very passionate about it it's just that you have to be diligent and I think I lack that",NULL,NULL,"2025-10-28 16:27:15.482279+00"
1046,"5014292785","5786382261","How old r u btw",NULL,NULL,"2025-10-28 16:27:23.822539+00"
1047,"5786382261","5014292785","we are not in a country that rewards passion just saying",NULL,NULL,"2025-10-28 16:28:26.271831+00"
1048,"5786382261","5014292785","i’m really young 😭",NULL,NULL,"2025-10-28 16:28:48.577247+00"
1049,"5786382261","5014292785","guess",NULL,NULL,"2025-10-28 16:28:51.532948+00"
1050,"5014292785","5786382261","18?",NULL,NULL,"2025-10-28 16:29:57.78171+00"
1051,"5786382261","5014292785","just turned 19 like 3 days ago",NULL,NULL,"2025-10-28 16:30:33.018706+00"
1052,"5786382261","5014292785","hbu",NULL,NULL,"2025-10-28 16:30:38.508459+00"
1053,"5014292785","5786382261","Am I a pedo😭lol",NULL,NULL,"2025-10-28 16:31:47.479006+00"
1054,"5014292785","5786382261","21",NULL,NULL,"2025-10-28 16:31:52.654227+00"
1055,"5786382261","5014292785","mtsm everyone is older than me 😭",NULL,NULL,"2025-10-28 16:33:07.411673+00"
1056,"5786382261","5014292785","i’m snitching",NULL,NULL,"2025-10-28 16:33:18.193777+00"
1057,"5014292785","5786382261","😂 to who",NULL,NULL,"2025-10-28 16:34:51.199361+00"
1058,"5786382261","5014292785","idk police",NULL,NULL,"2025-10-28 16:35:42.308096+00"
1059,"5014292785","5786382261","😂😂imma be ur sis dw",NULL,NULL,"2025-10-28 16:37:29.913633+00"
1060,"5786382261","5014292785","crazy",NULL,NULL,"2025-10-28 16:39:40.707994+00"
1061,"5014292785","5786382261","Why",NULL,NULL,"2025-10-28 16:41:13.965981+00"
1062,"5014292785","5786382261","Already got siblings?",NULL,NULL,"2025-10-28 16:41:22.224524+00"
1063,"5786382261","5014292785","mhm",NULL,NULL,"2025-10-28 16:46:13.532645+00"
1064,"5786382261","5014292785","one sister and little brother",NULL,NULL,"2025-10-28 16:46:22.594023+00"
1065,"5786382261","5014292785","anchis",NULL,NULL,"2025-10-28 16:47:19.41148+00"
1066,"5014292785","5786382261","And talak ehet alechegn",NULL,NULL,"2025-10-28 16:48:22.850229+00"
1067,"5786382261","5014292785","last child nesha",NULL,NULL,"2025-10-28 16:49:11.250939+00"
1068,"5014292785","5786382261","Yes Antes",NULL,NULL,"2025-10-28 16:51:00.393267+00"
1069,"5786382261","5014292785","middle",NULL,NULL,"2025-10-28 16:57:40.632303+00"
1070,"5014292785","5786382261","Middle child zemetegna nachew yebalal",NULL,NULL,"2025-10-28 17:02:19.220213+00"
1071,"5786382261","5014292785","betam true",NULL,NULL,"2025-10-28 17:03:12.502989+00"
1072,"5014292785","5786382261","Neh ende ere atmeslem",NULL,NULL,"2025-10-28 17:03:34.75925+00"
1073,"5786382261","5014292785","and last children are spoilt demo i know from my brother",NULL,NULL,"2025-10-28 17:03:37.155013+00"
1074,"5786382261","5014292785","i am yemr",NULL,NULL,"2025-10-28 17:03:46.305963+00"
1075,"5786382261","5014292785","if i really warm up to someone im a little talkative gin doesn’t happen much",NULL,NULL,"2025-10-28 17:04:24.047491+00"
1076,"5014292785","5786382261","Ene I'm not spoiled tho",NULL,NULL,"2025-10-28 17:04:30.546039+00"
1077,"5786382261","5014292785","sure… 😏",NULL,NULL,"2025-10-28 17:06:22.138669+00"
1078,"5786382261","5014292785","at least they are bossy mnamn",NULL,NULL,"2025-10-28 17:06:42.663057+00"
1633,"7977727953","8178595410","Yeah",NULL,NULL,"2025-11-04 11:22:07.871404+00"
1079,"5014292785","5786382261","Nope I am not that either",NULL,NULL,"2025-10-28 17:06:57.825575+00"
1081,"5786382261","5014292785","i mean what do you want",NULL,NULL,"2025-10-28 17:08:51.561824+00"
1084,"5014292785","5786382261","Ya I'm here",NULL,NULL,"2025-10-28 17:13:37.720365+00"
2489,"8109112246","6194922788","....??",NULL,NULL,"2025-11-05 13:37:32.737595+00"
2501,"6194922788","8109112246","I didn’t at first…",NULL,NULL,"2025-11-05 13:57:04.189201+00"
2504,"8109112246","6194922788","Esh dersoshal? ...voice likeshalew",NULL,NULL,"2025-11-05 14:02:55.292218+00"
2510,"8109112246","6194922788","Ymr mnm ngr almetam...enem 1 likesh nbr gn botu ayfekedem",NULL,NULL,"2025-11-05 14:06:50.441395+00"
2511,"8109112246","6194922788","So be telegram lakelegn begeta!!!!!!!",NULL,NULL,"2025-11-05 14:07:01.181008+00"
2514,"8109112246","6194922788","Any response?",NULL,NULL,"2025-11-05 14:11:11.588411+00"
2652,"8333529926","788646678","Heyy",NULL,NULL,"2025-11-06 18:30:14.060184+00"
2657,"788646678","8333529926","lol",NULL,NULL,"2025-11-06 18:33:03.419+00"
2751,"1222542336","346320754","Wouldn't it be better if you give me yours?",NULL,NULL,"2025-11-07 09:01:58.432586+00"
1080,"5014292785","5786382261","R we gonna keep on talking ezi lay weyes👀",NULL,NULL,"2025-10-28 17:07:12.11735+00"
2495,"8109112246","6194922788","I think ur faking!",NULL,NULL,"2025-11-05 13:48:55.05838+00"
2502,"8109112246","6194922788","Nah.... so why dont we makeout today?",NULL,NULL,"2025-11-05 14:00:58.673389+00"
2505,"6194922788","8109112246","Currently I am on my period so I want to kill myself plus bet negn next week nw dorm megebaw",NULL,NULL,"2025-11-05 14:04:16.907039+00"
2653,"788646678","8333529926","Sup",NULL,NULL,"2025-11-06 18:30:22.69576+00"
2655,"788646678","8333529926","Men nga",NULL,NULL,"2025-11-06 18:31:49.11445+00"
2662,"7388700051","6499363352","*what do u think about the surge of outsiders to our sacred place?",NULL,NULL,"2025-11-06 18:58:38.351359+00"
2753,"346320754","1222542336","@gocebew or like this",NULL,NULL,"2025-11-07 09:08:59.339679+00"
2759,"6490842744","5014292785","So what is your name....or do you wanna stay anonymous",NULL,NULL,"2025-11-07 09:42:18.757708+00"
2770,"333933994","8178595410","Boy 

Wbu?",NULL,NULL,"2025-11-07 10:17:47.611995+00"
2776,"333933994","8178595410","Ayzon",NULL,NULL,"2025-11-07 10:19:08.322593+00"
2785,"1103065697","1136410666","Drop your @ bby",NULL,NULL,"2025-11-07 11:05:18.034682+00"
1082,"5014292785","5786382261","What's ur username?tg",NULL,NULL,"2025-10-28 17:09:39.502256+00"
1087,"5014292785","5786382261","@exodus138",NULL,NULL,"2025-10-28 17:14:48.426303+00"
2496,"8109112246","6194922788","Eski prove lakelegn biyesh emb alsh eko😏",NULL,NULL,"2025-11-05 13:49:21.586598+00"
2497,"6499363352","8363986202","U a girl",NULL,NULL,"2025-11-05 13:50:20.357338+00"
2499,"8109112246","6194922788","You're doubting that im a man?😒😒",NULL,NULL,"2025-11-05 13:55:20.375561+00"
2659,"1222542336","346320754","It was supposed to be read as yoo-hoo as in hello",NULL,NULL,"2025-11-06 18:47:38.821355+00"
2663,"8109112246","8333529926","Hey sup",NULL,NULL,"2025-11-06 19:06:37.372613+00"
2755,"6490842744","5014292785","Hi",NULL,NULL,"2025-11-07 09:35:26.209119+00"
2780,"8178595410","333933994","Ngregna😏😢",NULL,NULL,"2025-11-07 10:21:29.174207+00"
1083,"5786382261","5014292785","gudefela u der?",NULL,NULL,"2025-10-28 17:13:27.748248+00"
1085,"5786382261","5014292785","give me your username instead",NULL,NULL,"2025-10-28 17:14:05.015234+00"
2508,"8109112246","6194922788","Esh send ur voice...I only want to sure thats ur girl eko ymr🤧😒😏",NULL,NULL,"2025-11-05 14:05:52.107014+00"
2664,"8333529926","8109112246","Heyy",NULL,NULL,"2025-11-06 19:09:38.135933+00"
2665,"8109112246","8333529926","Ru boy or girl?",NULL,NULL,"2025-11-06 19:10:11.688187+00"
2666,"8333529926","8109112246","U first?",NULL,NULL,"2025-11-06 19:11:55.985876+00"
2673,"5906429938","756628801","Hey come on talk to me @Mewoooo67 this my account",NULL,NULL,"2025-11-06 19:56:27.142114+00"
2756,"5014292785","6490842744","Can I help?",NULL,NULL,"2025-11-07 09:37:34.226227+00"
2761,"6490842744","5014292785","Bini",NULL,NULL,"2025-11-07 09:43:52.507801+00"
2777,"8178595410","333933994","Takalek?",NULL,NULL,"2025-11-07 10:19:18.26283+00"
2782,"333933994","8178595410","Bro leben tebashiw alakem sry",NULL,NULL,"2025-11-07 10:30:13.11868+00"
1086,"5786382261","5014292785","i don’t have one",NULL,NULL,"2025-10-28 17:14:10.202657+00"
1088,"8333529926","1835875563","Hey",NULL,NULL,"2025-10-29 08:05:47.152581+00"
1089,"1835875563","8333529926","Hi",NULL,NULL,"2025-10-29 08:06:02.527196+00"
1090,"8333529926","1835875563","Can u send me ur tg username",NULL,NULL,"2025-10-29 08:06:34.072189+00"
1091,"1835875563","8333529926","Sure,  @s4rina_0",NULL,NULL,"2025-10-29 08:08:51.957162+00"
1092,"855757095","710914858","Hey",NULL,NULL,"2025-10-29 09:04:06.855913+00"
1093,"710914858","855757095","/privacy",NULL,NULL,"2025-10-29 10:11:06.1886+00"
1094,"710914858","855757095","Hey",NULL,NULL,"2025-10-29 10:11:39.634128+00"
1095,"855757095","710914858","Heyy",NULL,NULL,"2025-10-29 11:15:36.330658+00"
1096,"855757095","710914858","How're you",NULL,NULL,"2025-10-29 11:15:39.861343+00"
1097,"710914858","855757095","Am fine",NULL,NULL,"2025-10-29 12:13:24.813322+00"
1098,"710914858","855757095","Who is this",NULL,NULL,"2025-10-29 12:13:31.649127+00"
1099,"5505407559","6499363352","hi",NULL,NULL,"2025-10-29 12:14:47.945956+00"
1100,"6499363352","5505407559","Hey",NULL,NULL,"2025-10-29 12:16:30.153283+00"
1101,"5505407559","6499363352","can i ask you ur name",NULL,NULL,"2025-10-29 12:19:37.048756+00"
1102,"6499363352","5505407559","I cant tell u that 
Im sooo sorry",NULL,NULL,"2025-10-29 12:32:26.142674+00"
1103,"1199863915","957328380","Heyy",NULL,NULL,"2025-10-29 18:24:58.436977+00"
1104,"957328380","1199863915","Man lebel",NULL,NULL,"2025-10-29 18:25:11.726181+00"
1105,"1199863915","957328380","Your mom",NULL,NULL,"2025-10-29 18:25:23.393819+00"
1106,"957328380","1199863915",NULL,"CAACAgQAAxkBAAFPRappAlweD6oacWv99JgI0znej33dXQACgA4AAjC78VO1rWUxCEKH_TYE",NULL,"2025-10-29 18:25:35.85164+00"
1107,"957328380","5014292785","Last time I ended the chat seasion and forgot my chat was private I thought u ghosted me",NULL,NULL,"2025-10-29 18:29:59.918534+00"
1108,"5014292785","957328380","Oh I see",NULL,NULL,"2025-10-29 18:54:18.071321+00"
1109,"957328380","5014292785","Yea my bad hope u have a great night gude 😄",NULL,NULL,"2025-10-29 19:03:37.253732+00"
1110,"957328380","5014292785","Yea my bad hope u have a great night gude 😄",NULL,NULL,"2025-10-29 19:06:20.387293+00"
1111,"7531904484","6692034060","Hi, how're u doin?",NULL,NULL,"2025-10-29 20:15:36.106387+00"
1112,"6692034060","7531904484","doing great. and u",NULL,NULL,"2025-10-29 20:17:04.318965+00"
1113,"7531904484","6692034060","Same goes for me.",NULL,NULL,"2025-10-29 20:17:35.902797+00"
1114,"6692034060","7531904484","you wanna chat more? like u requested me",NULL,NULL,"2025-10-29 20:18:58.150027+00"
1115,"7531904484","6692034060","Yeah well that was the case. I hope u don't mind",NULL,NULL,"2025-10-29 20:19:51.15035+00"
1116,"6692034060","7531904484","I don't dude.",NULL,NULL,"2025-10-29 20:21:02.605981+00"
1117,"6692034060","7531904484","have u got my username?",NULL,NULL,"2025-10-29 20:21:26.503222+00"
1118,"7531904484","6692034060","@Aria4life123",NULL,NULL,"2025-10-29 20:22:24.160417+00"
1119,"6692034060","7531904484","sure",NULL,NULL,"2025-10-29 20:22:53.294171+00"
1120,"6060179344","6692034060","Hi",NULL,NULL,"2025-10-30 17:10:59.130553+00"
1121,"6692034060","6060179344","Can we talk to each other inbox?",NULL,NULL,"2025-10-30 17:11:38.605899+00"
1122,"6060179344","6692034060","Hmm not yet",NULL,NULL,"2025-10-30 17:12:10.515062+00"
1123,"6060179344","6692034060","Let's chat here first",NULL,NULL,"2025-10-30 17:12:41.152376+00"
1124,"6692034060","6060179344","You said you're a childfree woman. I want get to know you. Can we?",NULL,NULL,"2025-10-30 17:13:51.177008+00"
1125,"6060179344","6692034060","Ya sure",NULL,NULL,"2025-10-30 17:14:02.584612+00"
1126,"6692034060","6060179344","send me ur @",NULL,NULL,"2025-10-30 17:14:32.835119+00"
1127,"6060179344","6692034060","Not yet, let's chat thru here first. These messages are only visible to us, right?",NULL,NULL,"2025-10-30 17:15:39.914831+00"
1128,"6692034060","6060179344","Yeah, but I don't like this experience for unknown reason",NULL,NULL,"2025-10-30 17:17:28.922315+00"
1129,"6060179344","6692034060","I don't feel comfortable giving you my @ yet",NULL,NULL,"2025-10-30 17:21:02.407228+00"
1130,"6692034060","6060179344","You think I am gonna hack you or what?",NULL,NULL,"2025-10-30 17:21:43.974452+00"
1131,"6060179344","6692034060","No bruh 😭 what's the problem if we chat here",NULL,NULL,"2025-10-30 17:22:20.224886+00"
1132,"6692034060","6060179344","okay let's talk i just didn't feel it here yk.",NULL,NULL,"2025-10-30 17:23:55.968082+00"
1133,"6692034060","6060179344","what do u study?",NULL,NULL,"2025-10-30 17:24:13.736361+00"
1134,"6060179344","6692034060","Chemical engineering. U?",NULL,NULL,"2025-10-30 17:24:36.497469+00"
1135,"6060179344","6692034060","Also, how old are you",NULL,NULL,"2025-10-30 17:24:55.527769+00"
1136,"6692034060","6060179344","I am civil eng 2nd year. 23 yrs old",NULL,NULL,"2025-10-30 17:25:27.756886+00"
1137,"6692034060","6060179344","wbu",NULL,NULL,"2025-10-30 17:25:30.038468+00"
1138,"6060179344","6692034060","I;",NULL,NULL,"2025-10-30 17:25:51.344558+00"
1139,"6060179344","6692034060","*I'm 19",NULL,NULL,"2025-10-30 17:26:00.618066+00"
1140,"6060179344","6692034060","2nd year",NULL,NULL,"2025-10-30 17:26:09.501857+00"
1141,"6692034060","6060179344","Are you sure about not having kids?",NULL,NULL,"2025-10-30 17:26:52.835684+00"
1142,"6060179344","6692034060","100%. I've always known I wasn't gonna be a mom. Although my family won't be happy when they find out 😭",NULL,NULL,"2025-10-30 17:28:08.810988+00"
1143,"6060179344","6692034060","I'm curious, how come you don't want kids? This is the first time I heard this from an Ethiopian man",NULL,NULL,"2025-10-30 17:29:11.017694+00"
1144,"6692034060","6060179344","It was because of the way I was raised.",NULL,NULL,"2025-10-30 17:30:24.383053+00"
1145,"6692034060","6060179344","where are u from?",NULL,NULL,"2025-10-30 17:30:29.689861+00"
1146,"6060179344","6692034060","How were you raised?",NULL,NULL,"2025-10-30 17:30:49.451924+00"
1147,"6060179344","6692034060","I'm from Addis",NULL,NULL,"2025-10-30 17:31:00.303696+00"
1148,"6060179344","6692034060","Hbu",NULL,NULL,"2025-10-30 17:31:06.39767+00"
1149,"6060179344","6692034060","Also, what is your religion?",NULL,NULL,"2025-10-30 17:31:17.165688+00"
1150,"6692034060","6060179344","I'm from wellega",NULL,NULL,"2025-10-30 17:31:29.562665+00"
1151,"6692034060","6060179344","I'm an atheist",NULL,NULL,"2025-10-30 17:31:40.008036+00"
1152,"6060179344","6692034060","Same, I'm an atheist",NULL,NULL,"2025-10-30 17:32:06.971869+00"
1153,"6060179344","6692034060","Do your family know?",NULL,NULL,"2025-10-30 17:32:23.01968+00"
1154,"6692034060","6060179344","kinda. they know that I am skeptic
what about urs",NULL,NULL,"2025-10-30 17:33:01.120022+00"
1155,"6060179344","6692034060","They don't know, I won't tell them anytime soon",NULL,NULL,"2025-10-30 17:33:43.409921+00"
1156,"6692034060","6060179344","what's their religion?",NULL,NULL,"2025-10-30 17:33:59.916285+00"
1157,"6060179344","6692034060","Orthodox",NULL,NULL,"2025-10-30 17:34:14.461456+00"
1158,"6060179344","6692034060","hbu",NULL,NULL,"2025-10-30 17:34:19.020212+00"
1159,"6692034060","6060179344","mine are protestants.",NULL,NULL,"2025-10-30 17:34:44.993705+00"
1160,"6692034060","6060179344","what's your type?",NULL,NULL,"2025-10-30 17:34:57.655079+00"
1161,"6060179344","6692034060","I don't have a specific type, gn I like a man who works out and is smart. Also nice clean teeth and a decent hairline. Also we must match at least a little bit on hobbies and interests",NULL,NULL,"2025-10-30 17:38:10.059762+00"
1162,"6060179344","6692034060","How about you?",NULL,NULL,"2025-10-30 17:38:21.475745+00"
1163,"6060179344","6692034060","Also, what are your interests?",NULL,NULL,"2025-10-30 17:38:32.249735+00"
1164,"6692034060","6060179344","I'm sorry. i am 168, normal hairline, not worked out yet (although i am considering it). teeth? oh no

what about personality? party animal?",NULL,NULL,"2025-10-30 17:43:22.672662+00"
1165,"6692034060","6060179344","i mean 168 cm long",NULL,NULL,"2025-10-30 17:45:14.444228+00"
1166,"6060179344","6692034060","168 is good (I'm 157 cm), I'm NOT a party animal, an ideal way of spending my time is watching a movie/anime, reading books/manga or drawing. I'm laid back, I don't do gym either (although I'll start next week)",NULL,NULL,"2025-10-30 17:50:12.81604+00"
1167,"6692034060","6060179344","what kind of behavior do you hate from people?
i hate people who expect perfection and judge

I always try to be a decent person. I very much value openness",NULL,NULL,"2025-10-30 17:57:09.005033+00"
1168,"6060179344","6692034060","I hate judgmental people, people who talk behind people's backs all the time, people who are mean for no reason and people who lie for no reason at all. I had a friend who did that (lying), never again. Also, people whose intentions aren't pure",NULL,NULL,"2025-10-30 18:03:11.777192+00"
1169,"6060179344","6692034060","I also try to be decent, at the very least treat people with basic decency",NULL,NULL,"2025-10-30 18:04:12.623359+00"
1170,"6692034060","6060179344","That's great

what about comparison?",NULL,NULL,"2025-10-30 18:05:01.80695+00"
1176,"6692034060","6060179344","That's great. Yhunlsh. But do you mind about your partner not having a degree? I am kinda sure I will be a virtual worker based in portugal.",NULL,NULL,"2025-10-30 18:16:09.693254+00"
1179,"6692034060","6060179344","I'm sorry ... sis",NULL,NULL,"2025-10-30 18:19:55.172593+00"
2516,"8109112246","6194922788","Ok thanks tho...im waiting for u",NULL,NULL,"2025-11-05 14:12:31.426333+00"
2522,"826378948","8333529926","Who are u✋️ I'm confused",NULL,NULL,"2025-11-05 15:41:51.705232+00"
2669,"8109112246","8333529926","??",NULL,NULL,"2025-11-06 19:13:37.779226+00"
2670,"8109112246","8333529926","Hey dont u gonna tell me?",NULL,NULL,"2025-11-06 19:16:36.831613+00"
2757,"6490842744","5014292785","Just a chat could be awesome ...if its ok",NULL,NULL,"2025-11-07 09:38:22.267688+00"
1171,"6060179344","6692034060","Comparison about what?",NULL,NULL,"2025-10-30 18:05:39.877573+00"
1172,"6692034060","6060179344","do you like to compare people?",NULL,NULL,"2025-10-30 18:05:59.903038+00"
1175,"6060179344","6692034060","That actually might be a dealbreaker. I plan on getting my masters abroad, maybe in America and then hopefully living there",NULL,NULL,"2025-10-30 18:11:49.494021+00"
1178,"6692034060","6060179344","Yarglsh.... If you plan on going to USA, you will easily such guys.",NULL,NULL,"2025-10-30 18:19:47.374493+00"
2517,"466664482","477462298","So do you know him?",NULL,NULL,"2025-11-05 14:38:17.843658+00"
2519,"8333529926","7773846469","Heyy, wt is goin on?
everything good?",NULL,NULL,"2025-11-05 15:40:41.751982+00"
2530,"8333529926","826378948","Ofc am a guy😊",NULL,NULL,"2025-11-05 15:47:29.633679+00"
2533,"7773846469","8333529926","yup, all good. with u?",NULL,NULL,"2025-11-05 15:50:52.692891+00"
2540,"8333529926","7773846469","Its Obvious
Ur age, gender nd interest",NULL,NULL,"2025-11-05 16:23:08.412854+00"
2672,"5906429938","756628801","It's just that you got it wrong I really wane get to now you I'm series",NULL,NULL,"2025-11-06 19:42:48.805609+00"
2758,"5014292785","6490842744","Okay",NULL,NULL,"2025-11-07 09:40:27.989478+00"
2766,"8178595410","1794187848","Im still talking u eko",NULL,NULL,"2025-11-07 10:04:54.316358+00"
1173,"6060179344","6692034060","Eh no. I mean I know when I like one person over another but I don't go out of my way to compare",NULL,NULL,"2025-10-30 18:07:23.748791+00"
1174,"6692034060","6060179344","what about educational status? i mean It's inevitable Civil at some point and start freelancing full-time. Do you mind about that?",NULL,NULL,"2025-10-30 18:10:43.60463+00"
1177,"6060179344","6692034060","A degree is necessary I'm afraid",NULL,NULL,"2025-10-30 18:17:11.314421+00"
1180,"6872457299","558918331","Bnvg",NULL,NULL,"2025-10-30 18:51:06.797183+00"
1181,"6060179344","6692034060","Don't be sorry.  It's a factor you can't control. I'm glad we tried",NULL,NULL,"2025-10-30 19:02:34.438051+00"
1182,"6692034060","6060179344","I am glad too. You seem to be a clever girl. Wish you all the best!",NULL,NULL,"2025-10-30 19:05:33.699887+00"
1183,"8318502636","7795615574","Hi my name is michael and i a 4th year student and i'm incredibly lonely because of my introverted persona i like music and movies may sound sadistic but they are the only thing that i truly enjoy in this life even though there are things i wish to do in this life so yeah that's mostly about it .tell me about yourself",NULL,NULL,"2025-10-31 19:46:05.564448+00"
1184,"7795615574","7032013638","You an admin there",NULL,NULL,"2025-10-31 20:01:48.664797+00"
1185,"7032013638","7795615574","Why do u ask?",NULL,NULL,"2025-10-31 20:02:09.553519+00"
1186,"7795615574","7032013638","Was wondering why u suggested the group",NULL,NULL,"2025-10-31 20:02:46.90735+00"
1187,"7795615574","7032013638","Prefer chating in dms than this bot tbh",NULL,NULL,"2025-10-31 20:03:06.901178+00"
1188,"7032013638","7795615574","I thought u were bored, so i wana get u hyped...",NULL,NULL,"2025-10-31 20:03:19.735274+00"
1189,"7032013638","7795615574","Alr... dm the owner. It's me.",NULL,NULL,"2025-10-31 20:03:41.90835+00"
1190,"6110336587","1760862707","Hey",NULL,NULL,"2025-11-01 04:48:08.670825+00"
1191,"6110336587","1760862707","Hey",NULL,NULL,"2025-11-01 05:02:34.418405+00"
1192,"6110336587","1198287475","Hey",NULL,NULL,"2025-11-01 05:03:00.254972+00"
1193,"6110336587","6444601776","Hey",NULL,NULL,"2025-11-01 05:05:19.059862+00"
1194,"1198287475","6110336587","Sup",NULL,NULL,"2025-11-01 05:05:39.833837+00"
1195,"1760862707","6110336587","Hey",NULL,NULL,"2025-11-01 05:06:12.47113+00"
1196,"6444601776","6110336587","Hey",NULL,NULL,"2025-11-01 05:06:46.101457+00"
1197,"6110336587","6444601776","How's it goin?",NULL,NULL,"2025-11-01 05:07:29.981341+00"
1198,"5662709983","1760862707","Hey",NULL,NULL,"2025-11-01 05:07:54.481478+00"
1199,"1760862707","6110336587","Pis",NULL,NULL,"2025-11-01 05:08:06.588022+00"
1200,"6444601776","6110336587","Its goin good😂",NULL,NULL,"2025-11-01 05:08:07.64827+00"
1201,"6110336587","6444601776","😂😂 can u send me ur tg username if u don mind",NULL,NULL,"2025-11-01 05:10:00.550947+00"
1202,"6444601776","6110336587","U ar a girl right",NULL,NULL,"2025-11-01 05:10:36.95591+00"
1203,"6110336587","6444601776","Nah nah",NULL,NULL,"2025-11-01 05:11:02.090467+00"
1204,"6444601776","6110336587","Then no😔",NULL,NULL,"2025-11-01 05:11:28.443813+00"
1205,"6110336587","6444601776","Lets talk, nd share fun stuffs
Hope you will enjoy it fr
Like lets make our connection our safest nd comfort spot",NULL,NULL,"2025-11-01 05:12:21.133302+00"
1206,"6444601776","6110336587","Why would u want that",NULL,NULL,"2025-11-01 05:13:17.33945+00"
1207,"6444601776","6110336587","Now i have it share to her",NULL,NULL,"2025-11-01 05:13:51.100285+00"
1208,"6110336587","6444601776","Just to get out of borin life
Yk after We do our stuffs like our things 
We cn chat, talk nd all
Like to do all good stuffs w u nd share them w u",NULL,NULL,"2025-11-01 05:16:07.784775+00"
1209,"6444601776","6110336587","Do u think that can get u out of ur boring life",NULL,NULL,"2025-11-01 05:17:35.366281+00"
1210,"6110336587","6444601776","May be
Gn like to share something meaningful experiences to get the most out of life☺️
Like a non judgement spot yk
Just makin fun with lots of things",NULL,NULL,"2025-11-01 05:19:51.064682+00"
1211,"6444601776","6110336587","Its good but like meeting or knowing peoples from online makes me uncomfortable",NULL,NULL,"2025-11-01 05:21:48.839057+00"
1212,"6110336587","6444601776","Aha gotcha😂
Don't worry no pressure
I will come straight like with ma honest personality
Nthng fake, deceive here, am here to connect someone who values me yk cares abt me
nd I value u too nd care bt ur thing",NULL,NULL,"2025-11-01 05:25:58.53589+00"
1213,"6110336587","6444601776","U scared what if its fake, right?😂",NULL,NULL,"2025-11-01 05:27:13.032005+00"
1214,"6444601776","6110336587","I am a man",NULL,NULL,"2025-11-01 05:27:22.381852+00"
1215,"6444601776","6110336587","No what if u ar creepy😭",NULL,NULL,"2025-11-01 05:27:32.85291+00"
1216,"6110336587","6444601776","Nah nah
Im like am easy goin nd a little bit in between extrovert nd introvert
I will ve fun w someone whom i find interesting, playful just good w sense of humor",NULL,NULL,"2025-11-01 05:31:03.514993+00"
1217,"6444601776","6110336587","Good sense of humor like me",NULL,NULL,"2025-11-01 05:31:59.815506+00"
1218,"6110336587","6444601776","Yeah😂
If uve it, then we r good☺️
Once i got a spot interesting nd safest nd comfortable, am really playful nd all",NULL,NULL,"2025-11-01 05:33:25.296719+00"
1219,"6444601776","6110336587","Alright",NULL,NULL,"2025-11-01 05:35:11.21636+00"
1220,"6110336587","6444601776","So We r good now😂
Ahuns Miss detective , can i ve ur tg username?😏",NULL,NULL,"2025-11-01 05:38:11.280667+00"
1221,"6444601776","6110336587","Mr detective dont u want a guy friend",NULL,NULL,"2025-11-01 05:39:01.803315+00"
1222,"6110336587","6444601776","Kay, that's good actually if ur good nd playful",NULL,NULL,"2025-11-01 05:40:07.205198+00"
1223,"6444601776","6110336587","Gay gay",NULL,NULL,"2025-11-01 05:40:22.1221+00"
1224,"6110336587","1760862707","How u doin?",NULL,NULL,"2025-11-01 05:41:20.585227+00"
1225,"6444601776","6110336587","Am kidding ante",NULL,NULL,"2025-11-01 05:41:48.026266+00"
1226,"6110336587","1760862707","So who r u then?
nd what r u? Im like ur gender",NULL,NULL,"2025-11-01 05:43:12.331987+00"
1227,"6444601776","6110336587","I leavethechat unintentianally",NULL,NULL,"2025-11-01 05:47:41.85107+00"
1228,"6110336587","1760862707","Its okay
U can't escape from me😂",NULL,NULL,"2025-11-01 05:49:36.048498+00"
1229,"6110336587","1760862707","??
Now tbh just wanna experience stuffs w funny girls
They r like good at it especially if she is playful, teasin nd all
I just wanna see how is it goin",NULL,NULL,"2025-11-01 05:51:16.643083+00"
1230,"1760862707","6110336587","No , bruh . I am getting message from 3 people😂 and then I donno how to reply for each",NULL,NULL,"2025-11-01 05:51:18.805995+00"
1231,"1760862707","6110336587","God😂😂  I am confused , can u tell me ur nickname , please?",NULL,NULL,"2025-11-01 05:52:15.774102+00"
1232,"6110336587","1760862707","Perry😂",NULL,NULL,"2025-11-01 05:56:06.752023+00"
1233,"1760862707","6110336587","Tf ? I don't even know this nickname still😂😂

Anyways let's get to know each other",NULL,NULL,"2025-11-01 05:58:49.271784+00"
1234,"6110336587","1760862707","Guess if they all accepted ur chat request, a singl message will reach out to all😂",NULL,NULL,"2025-11-01 05:59:01.779609+00"
1235,"1760862707","6110336587","U r not kidding , right?😂🤨🤨🤨

I just asked one girl 😂",NULL,NULL,"2025-11-01 05:59:48.59322+00"
1236,"6110336587","1760862707","Kay then
Gn u m or f 
to make things clear😂 im like am M",NULL,NULL,"2025-11-01 06:00:07.799028+00"
1237,"8333529926","5405718080","Hey",NULL,NULL,"2025-11-01 06:02:24.839207+00"
1238,"6110336587","6155445620","/confess",NULL,NULL,"2025-11-01 06:04:12.240975+00"
1239,"6110336587","6444601776","Its okay
U can't escape from me😂",NULL,NULL,"2025-11-01 06:04:52.933055+00"
1240,"6110336587","6444601776","??
Now tbh just wanna experience stuffs w funny girls
They r like good at it especially if she is playful, teasin nd all
I just wanna see how is it goin",NULL,NULL,"2025-11-01 06:05:07.442054+00"
1241,"6110336587","7795615574","Heyy",NULL,NULL,"2025-11-01 06:05:30.660429+00"
1242,"6444601776","6110336587","U think am funny",NULL,NULL,"2025-11-01 06:07:26.565196+00"
1243,"7795615574","6110336587","Heyy",NULL,NULL,"2025-11-01 06:08:20.287174+00"
1244,"7795615574","6110336587","Tell me a little bit abt",NULL,NULL,"2025-11-01 06:08:34.906577+00"
1245,"7795615574","6110336587","U",NULL,NULL,"2025-11-01 06:08:36.146041+00"
1246,"7795615574","6110336587","Descriptions from age to gender to.major and interests",NULL,NULL,"2025-11-01 06:08:51.797228+00"
1247,"5405718080","8333529926","How're you doing?",NULL,NULL,"2025-11-01 06:09:26.516598+00"
1636,"6110336587","5009377468","Wdym",NULL,NULL,"2025-11-04 11:22:45.044576+00"
1248,"6110336587","6444601776","Guess nd ur a little bit curious
Nd love that honestly
nd ur so annoyin😂",NULL,NULL,"2025-11-01 06:10:47.692109+00"
1249,"6444601776","6110336587","Yes i am😂",NULL,NULL,"2025-11-01 06:11:41.208262+00"
1250,"8178595410","6444601776","Hello",NULL,NULL,"2025-11-01 06:12:38.675184+00"
1251,"8178595410","6444601776","Ru m/f?",NULL,NULL,"2025-11-01 06:12:49.076822+00"
1252,"6110336587","7795615574","Oh ma Gosh that's a lot😂
Eski lemme try
Am M, 20 nd BAIS
ND i really love havin fun like w anything like talkin, tryin new things, Watchin a movie together nd adventurous stuffs
Im like am good😂",NULL,NULL,"2025-11-01 06:14:24.733779+00"
1253,"6110336587","6444601776","Then that's good actually😂
Tell me a lil abt urself like ur age, gender, major nd interests",NULL,NULL,"2025-11-01 06:17:30.653576+00"
1254,"8333529926","5405718080","Doin well, how abt u, everything good?",NULL,NULL,"2025-11-01 06:18:30.542854+00"
1255,"8333529926","529129628","Heyyy",NULL,NULL,"2025-11-01 06:20:18.399121+00"
1259,"6444601776","6110336587","Just send me ur username i think its better to confess there😂",NULL,NULL,"2025-11-01 06:24:47.333052+00"
1260,"8333529926","529129628","Am m actually
Ur chillin at least😂 that's good tbf",NULL,NULL,"2025-11-01 06:25:07.293223+00"
1261,"6110336587","6444601776","Sure then
Yea its good to vent on reliable spot at least😂
@Vineesaaa",NULL,NULL,"2025-11-01 06:29:00.399124+00"
2518,"8333529926","826378948","Heyy, wt is goin on?
everything good?",NULL,NULL,"2025-11-05 15:40:21.065862+00"
2521,"8333529926","826378948","I just said, hyd?",NULL,NULL,"2025-11-05 15:41:25.739742+00"
2523,"8333529926","1940613654","Heyy, wt is goin on?
everything good?",NULL,NULL,"2025-11-05 15:42:05.653189+00"
2525,"1940613654","8333529926","Yeah, everything is almost nice.",NULL,NULL,"2025-11-05 15:43:03.274844+00"
2531,"1940613654","8333529926","Gender I don't know 
Age 22 
Interested in music, science and movies.",NULL,NULL,"2025-11-05 15:48:15.752274+00"
2535,"8333529926","7773846469","Same here",NULL,NULL,"2025-11-05 16:05:06.227174+00"
2537,"7773846469","8333529926","what?",NULL,NULL,"2025-11-05 16:19:47.73737+00"
2538,"8333529926","826378948","Is there smthg prblm with am guy",NULL,NULL,"2025-11-05 16:22:19.995853+00"
2539,"7606466781","6555318648","@kbhesien dm me",NULL,NULL,"2025-11-05 16:22:31.07313+00"
2553,"7877688414","1103065697","@Nochoe",NULL,NULL,"2025-11-05 18:46:56.592107+00"
2555,"7877688414","1103065697","💬 Phew, I honestly thought I was delusional for wanting a dominant girl. I’m tall and considered very attractive, but still, there’s something about craving a woman’s control and wanting to fully satisfy her that really draws me in. It’s not just about attraction — it’s the feeling of giving up power that excites me. I’ve even learned about findom — financial domination — where submission goes beyond the emotional and becomes part of a lifestyle or relationship dynamic but still cant find a girl who is into it ...so can we talk please 🙏",NULL,NULL,"2025-11-05 18:51:40.341161+00"
2674,"8109112246","8333529926","Why ru not talking tho???",NULL,NULL,"2025-11-06 20:02:27.420414+00"
2762,"5014292785","6490842744","Yet campus?",NULL,NULL,"2025-11-07 09:44:07.743208+00"
2763,"6490842744","5014292785","I am not a stud of aau...",NULL,NULL,"2025-11-07 09:44:32.384907+00"
2764,"6490842744","5014292785","Currently working",NULL,NULL,"2025-11-07 09:44:44.143901+00"
1256,"6444601776","6110336587","U want me to tell u all this things at once 😂",NULL,NULL,"2025-11-01 06:20:19.89535+00"
1257,"5405718080","8333529926","It's good, just chilling as usual. Are you male or female?",NULL,NULL,"2025-11-01 06:23:12.330051+00"
1258,"6110336587","6444601776","Yeah, why not😂
Im like I can't know u just cuz u tell me those stuffs
Guess ur scared what if am known, don't be scared amn't fortuneteller😂",NULL,NULL,"2025-11-01 06:23:36.10476+00"
1262,"8333529926","5405718080","Am m actually
Ur chillin at least😂 that's good tbf",NULL,NULL,"2025-11-01 06:36:43.892223+00"
1263,"1760862707","6110336587","am M bro 😂😂😂",NULL,NULL,"2025-11-01 06:42:47.441772+00"
1264,"6155445620","6110336587","Hi",NULL,NULL,"2025-11-01 06:46:28.54123+00"
1265,"6110336587","6155445620","Hey stranger, how is it goin?",NULL,NULL,"2025-11-01 06:50:15.159388+00"
1266,"6110336587","1609398709","Hey daisy
How u doin",NULL,NULL,"2025-11-01 07:04:17.703551+00"
1267,"5405718080","8333529926","Goodness I thought you were a girl",NULL,NULL,"2025-11-01 07:04:22.929902+00"
1268,"1609398709","6110336587","hi anon im doing great",NULL,NULL,"2025-11-01 07:07:27.949884+00"
1269,"6110336587","1609398709","Good",NULL,NULL,"2025-11-01 07:12:13.338666+00"
1270,"1609398709","6110336587","good",NULL,NULL,"2025-11-01 07:19:16.065966+00"
1271,"8333529926","5405718080","Ur cooked then😁",NULL,NULL,"2025-11-01 07:31:22.356088+00"
1272,"8178595410","1609398709","Hey yo sup",NULL,NULL,"2025-11-01 07:33:21.212553+00"
1273,"1609398709","8178595410","hi hu",NULL,NULL,"2025-11-01 08:13:13.900606+00"
1274,"6110336587","529129628","Hey, how u doin?",NULL,NULL,"2025-11-01 08:26:46.806529+00"
1275,"8333529926","7413384637","Hey bombastic, hyd buddy?",NULL,NULL,"2025-11-01 18:46:38.369755+00"
1276,"7413384637","8333529926","hey how u",NULL,NULL,"2025-11-01 18:47:44.750665+00"
1277,"8333529926","7413384637","Am good
I really really miss ya, u sweet😍""",NULL,NULL,"2025-11-01 18:48:30.587198+00"
1278,"7413384637","8333529926","huh",NULL,NULL,"2025-11-01 18:52:16.52937+00"
1279,"7413384637","8333529926","why are u talking to me",NULL,NULL,"2025-11-01 18:52:29.46118+00"
1280,"8333529926","7413384637","Cuz I wanted to talkin to U
U seem a lit bit sexy just a little bit, which is good actually☺️",NULL,NULL,"2025-11-01 18:54:09.197193+00"
1281,"7413384637","8333529926","ewww",NULL,NULL,"2025-11-01 18:55:37.758034+00"
1282,"7413384637","8333529926","get a life bro",NULL,NULL,"2025-11-01 18:58:32.576607+00"
1283,"8333529926","7647636604","Hey siana, hyd buddy?",NULL,NULL,"2025-11-01 18:59:49.267319+00"
1284,"8333529926","7413384637","Thanks i will then",NULL,NULL,"2025-11-01 19:00:59.280958+00"
1285,"7647636604","8333529926","Hello, am fine",NULL,NULL,"2025-11-01 19:03:17.020887+00"
1286,"8333529926","7647636604","Am good😂
I really really miss ya, u sweet😍",NULL,NULL,"2025-11-01 19:04:46.413808+00"
1287,"7647636604","8333529926","You're a man right",NULL,NULL,"2025-11-01 19:09:21.046981+00"
1288,"7647636604","8333529926","Tbh I am obsessed with girls",NULL,NULL,"2025-11-01 19:09:36.996971+00"
1289,"8333529926","7647636604","Am obsessed w u then
I find u like sexy nd attractive",NULL,NULL,"2025-11-01 19:11:03.147618+00"
1290,"7647636604","8333529926","Send me ur di**",NULL,NULL,"2025-11-01 19:12:22.142317+00"
1291,"8333529926","7647636604","Come on private",NULL,NULL,"2025-11-01 19:13:01.225622+00"
1292,"8333529926","7647636604","Umma fuck u as hell
With oral se* nd everything u want 

Am gonna squeeze ur titties, am gonna kiss ur pussy
U wanted to be touched ur pussy
Am gonna feed u ma di** as u want
Am gonna fuck u fuck u like a dog, at the back asf
Stright
I wannna hold u ur ass, fu** ur ass
Come on",NULL,NULL,"2025-11-01 19:27:20.179172+00"
1293,"7773846469","6458234898","hey",NULL,NULL,"2025-11-01 22:13:19.900294+00"
1294,"6458234898","7773846469","Hey",NULL,NULL,"2025-11-01 22:13:36.623387+00"
1295,"7773846469","6458234898","how's you?",NULL,NULL,"2025-11-01 22:14:09.911429+00"
1296,"6458234898","7773846469","Fine man you?",NULL,NULL,"2025-11-01 22:14:55.150317+00"
1297,"7773846469","6458234898","cool. me is fine as well. whatchu doin up this late?",NULL,NULL,"2025-11-01 22:16:01.688515+00"
1298,"6458234898","7773846469","Nothing really watching reels never expected ethio telecom to be the first one to say happy birth day but it made my night with free internet",NULL,NULL,"2025-11-01 22:17:56.264054+00"
1299,"6458234898","7773846469","You?",NULL,NULL,"2025-11-01 22:18:06.517232+00"
1300,"7773846469","6458234898","what? for real? it's your birthday? 😱",NULL,NULL,"2025-11-01 22:19:52.264924+00"
1301,"6458234898","7773846469","Times flies by what are you doing rn ?",NULL,NULL,"2025-11-01 22:21:09.381357+00"
1302,"7773846469","6458234898","woah, happy birthday though ma guy 🤗",NULL,NULL,"2025-11-01 22:23:27.438236+00"
1303,"7773846469","6458234898","me i've picked up this bad habit of staying up very late. i'm now trying to sleep, but i can't.",NULL,NULL,"2025-11-01 22:23:58.550156+00"
1304,"6458234898","7773846469","Thanks man and ya at some point it starts to intervene with your life by making you so tired all day",NULL,NULL,"2025-11-01 22:25:26.432061+00"
1305,"6458234898","7773846469","You freshman?",NULL,NULL,"2025-11-01 22:25:34.037045+00"
1306,"7773846469","6458234898","nah, i'm 3rd year. you?",NULL,NULL,"2025-11-01 22:26:36.881046+00"
1307,"6458234898","7773846469","Ohh i am fresh are you in main campus or?",NULL,NULL,"2025-11-01 22:26:58.001176+00"
1308,"7773846469","6458234898","what?! oh wow. i didn't think you were a freshman. gee, alright. that means you younger than me 😭.",NULL,NULL,"2025-11-01 22:29:48.229108+00"
1309,"6458234898","7773846469","You are literally an unc man😭 so which department are you in",NULL,NULL,"2025-11-01 22:30:18.550629+00"
1310,"7773846469","6458234898","😭 omg, i can't believe this. i'm in biomed eng.",NULL,NULL,"2025-11-01 22:31:24.08024+00"
1311,"6458234898","7773846469","No wonder you can't sleep You are already experiencing nightmares in your day to day life",NULL,NULL,"2025-11-01 22:36:32.694489+00"
1312,"7773846469","6458234898","nah, the department isn't bad. i actually really love it.",NULL,NULL,"2025-11-01 22:38:31.841793+00"
1313,"7773846469","6458234898","if you don't love it, it might not be for you. but if you love it, it's a pretty amazing one.",NULL,NULL,"2025-11-01 22:38:58.471028+00"
1314,"6458234898","7773846469","Well glad you are enjoying it",NULL,NULL,"2025-11-01 22:39:37.925056+00"
1315,"7773846469","6458234898","yeah, what do you want to join by the way?",NULL,NULL,"2025-11-01 22:43:17.988363+00"
1316,"6458234898","7773846469","Well i was think of law but now i am leaning more into logistics and supply chain management do you have any recommendations",NULL,NULL,"2025-11-01 22:44:54.917515+00"
1317,"7773846469","6458234898","ah, so you're doing a social sciences degree?",NULL,NULL,"2025-11-01 22:45:29.749207+00"
1318,"6458234898","7773846469","Ya natural is NOT for the weak and i am the weakest solder god can have",NULL,NULL,"2025-11-01 22:46:31.065215+00"
1319,"7773846469","6458234898","nah, i wouldn't last a week in social sciences classes 😄. it's just different. some like ns, some like ss.",NULL,NULL,"2025-11-01 22:49:05.243393+00"
1320,"7773846469","6458234898","i don't have recommendations for you on the department though, i know nothing about that side of the world. 😁",NULL,NULL,"2025-11-01 22:49:31.650954+00"
1321,"6458234898","7773846469","Ya i don't like anything at all i just wanna rest and watch my movies all day but the world doesn't work that way now i gotta get j*b ughh atleast you were honest tho many habsha people rather get sk8nned alive than saying i don't know",NULL,NULL,"2025-11-01 22:57:19.065899+00"
1322,"1115042518","7647636604","Tell us😭😁",NULL,NULL,"2025-11-02 02:24:58.558333+00"
1323,"8333529926","5946411786","Hey, hyd buddy?",NULL,NULL,"2025-11-02 03:54:05.682019+00"
1324,"8333529926","7049798795","Hey stardust, hyd buddy?",NULL,NULL,"2025-11-02 04:05:38.517768+00"
1325,"7049798795","8333529926","am good thanks 😌 you?",NULL,NULL,"2025-11-02 04:11:46.142097+00"
1326,"8333529926","7049798795","doin well☺️
Mn nw smthg wrong
U seem a lil bit exhausted😭",NULL,NULL,"2025-11-02 04:15:00.993124+00"
1327,"7049798795","8333529926","🫩 ow wow how did you know lol",NULL,NULL,"2025-11-02 04:17:03.678654+00"
1328,"8333529926","7049798795","I just ve this super power
Do u wanna try it😂",NULL,NULL,"2025-11-02 04:18:39.637134+00"
1329,"8333529926","7049798795","Endie endie don be like this eh☺️
I just felt it like its all over read on ur text that ur lowkey not okay😌",NULL,NULL,"2025-11-02 04:30:29.546179+00"
1330,"7049798795","8333529926","😂 hell sure I wanna try it",NULL,NULL,"2025-11-02 04:34:39.740095+00"
2229,"7686939779","8333529926","Heyyy",NULL,NULL,"2025-11-05 04:16:22.618302+00"
1331,"7049798795","8333529926","Lowkey lol but am good thanks 😊",NULL,NULL,"2025-11-02 04:35:14.727289+00"
2520,"826378948","8333529926","Wdym",NULL,NULL,"2025-11-05 15:40:51.786624+00"
2524,"8333529926","826378948","Well u don't know me
Don't be confused tho",NULL,NULL,"2025-11-05 15:42:52.212725+00"
2534,"1940613654","8333529926","Okay, born with a d!ck",NULL,NULL,"2025-11-05 15:51:08.446567+00"
2544,"454739367","7838626961","yeah am good .. waht abt you",NULL,NULL,"2025-11-05 18:38:29.082131+00"
2552,"7231257941","6499363352","Let's talk on chat no other intention just let's be friend username:@Bune77",NULL,NULL,"2025-11-05 18:46:48.285378+00"
2675,"8109112246","7679369663","Hey sup",NULL,NULL,"2025-11-06 20:14:18.506452+00"
2765,"6490842744","5014292785","So you just wanna fuck cumpus student?",NULL,NULL,"2025-11-07 09:50:21.146106+00"
2771,"8178595410","333933994","Tekeka bidataam😂😂",NULL,NULL,"2025-11-07 10:17:58.897931+00"
2773,"333933994","8178595410","Mnw komebh?",NULL,NULL,"2025-11-07 10:18:35.273991+00"
2774,"8178595410","333933994","Awo ymr🤧🤧",NULL,NULL,"2025-11-07 10:18:46.094115+00"
2786,"1136410666","1103065697","@yeab_sira7",NULL,NULL,"2025-11-07 11:06:31.543986+00"
1332,"8333529926","7049798795","U sure? Most ppl can't handle ma kinda power😂
Its really dangerous for normal ppl
i won be responsible if smthg wrong happens😁",NULL,NULL,"2025-11-02 04:39:20.394225+00"
1333,"8333529926","7049798795","Glad that ur good now😊",NULL,NULL,"2025-11-02 04:40:15.974501+00"
1334,"7049798795","8333529926","😂normal ppl? You calling yourself abnormal is diabolical",NULL,NULL,"2025-11-02 05:24:34.642616+00"
1335,"7049798795","8333529926","Try me then",NULL,NULL,"2025-11-02 05:24:40.839535+00"
1336,"8333529926","7049798795","Diabolical?  Nah just exceptionally interesting😏
Like i just use ma power on ppl who can handle it... like u😂",NULL,NULL,"2025-11-02 05:39:19.527472+00"
1337,"8333529926","7049798795","Kay then
Sit down nd take a meditaiting position, close ur eyes nd try to block outside noises from internalizin to ur mind
nd
Take a deep breath, remember ur alone in this world nd stay a lil bit

Then...😊",NULL,NULL,"2025-11-02 05:48:35.835604+00"
1338,"7049798795","8333529926","Then what",NULL,NULL,"2025-11-02 05:51:14.18898+00"
1339,"7049798795","8333529926","One moment u say I can't handle it next you say I can 😂 sure",NULL,NULL,"2025-11-02 05:51:59.395735+00"
1340,"8333529926","7049798795","just do what i said
Did u finish it?",NULL,NULL,"2025-11-02 05:55:29.556628+00"
1341,"8333529926","7049798795","Cuz 1stly i thought ur lame😂
But then i doubted nd checked it out again then, guess wt? ma superpower were wrong😁 
nd now i rly find u special😏",NULL,NULL,"2025-11-02 05:58:25.92092+00"
1342,"7049798795","8333529926","Ouch 🫩 lame????",NULL,NULL,"2025-11-02 06:05:35.014836+00"
1343,"7049798795","8333529926","😂if I closed my eyes and meditate I won't cone and see this",NULL,NULL,"2025-11-02 06:05:59.431738+00"
1344,"8333529926","7049798795","Jeez i said lame😂 ma bad
Gn ur good now ur sweet😊",NULL,NULL,"2025-11-02 06:09:07.011392+00"
1345,"8333529926","7049798795","So which means ur not doin what i said😂
Ayesh that's why i said its rly dangerous😊
I thought u could hamdle it😂?",NULL,NULL,"2025-11-02 06:11:15.331698+00"
1346,"6110336587","1198287475","Hyd buddy?",NULL,NULL,"2025-11-02 06:18:24.004562+00"
1347,"8333529926","7795615574","Hey, hyd buddy?",NULL,NULL,"2025-11-02 06:35:46.812802+00"
1348,"7795615574","8333529926","hey, Am good, how abt u?
tell me abt u and which comment ur from,  ke gender to a few details",NULL,NULL,"2025-11-02 06:37:06.078546+00"
1349,"7795615574","7277297826","Hey there, what ur definition of hb?",NULL,NULL,"2025-11-02 06:39:47.107457+00"
1350,"8333529926","7795615574","Doin well
Am m tbh
nd one moment on ur confession u said i think u said am lonely nd i wanna get out of it
What abt u?",NULL,NULL,"2025-11-02 06:41:32.620207+00"
1351,"7049798795","8333529926","Wait alright😂 I can handle it but fine leave it be I will let u hv it",NULL,NULL,"2025-11-02 07:00:11.283953+00"
1352,"7795615574","8054428677","Hey there, what is ur definition of hb?",NULL,NULL,"2025-11-02 07:06:32.968234+00"
1353,"7795615574","8054428677","Silsh I lowkey know but i wanna hear yr side of it",NULL,NULL,"2025-11-02 07:18:21.113923+00"
1354,"8333529926","7049798795","Kay then
Ve u heard some kinda voices like a whisper said
Let this superpower rise nd..... flow into this girl😂
She is a lil bit annoyin....but all good😊


Now open ur eye widely😂
take a photo of it nd send it to me
We hv to stare each other so that it fully works😏😁",NULL,NULL,"2025-11-02 07:20:05.455071+00"
1355,"8054428677","7795615574","Ayyo broski that was jus a joke chill out",NULL,NULL,"2025-11-02 07:30:16.120264+00"
1356,"7795615574","8054428677","Am chiill dont worry lol",NULL,NULL,"2025-11-02 07:33:31.050435+00"
1357,"6110336587","756628801","Heyy, wt is goin on? Everything good?",NULL,NULL,"2025-11-02 08:06:34.832114+00"
1358,"8333529926","7647636604","Where u goin
U di**head",NULL,NULL,"2025-11-02 08:12:26.873778+00"
1359,"448028959","955679410","I requested your chat after seeing this cool comment of yours ""seen the movies myltiple times heard audio book multiple times reqd the physical books nultipe time and i mean also the cursed child play book, played the games evn hogwarts legacy so yeah"" as a dedicated HP fan and a gaming enthusiast I couldn't let it pass, if you are interested in talking further drop ur username ✌",NULL,NULL,"2025-11-02 08:22:44.62293+00"
1360,"7049798795","8333529926","Well I did not expect that ending lol",NULL,NULL,"2025-11-02 08:27:47.50971+00"
1361,"8333529926","7049798795","Well am a good author then😂
Cuz ur expectation doesn't match with the actual endin lol
What were u expectin tho?",NULL,NULL,"2025-11-02 08:30:48.350514+00"
1362,"7049798795","8333529926","Nothing tbh 😂 and definitely not that",NULL,NULL,"2025-11-02 08:33:02.147724+00"
1363,"8333529926","7049798795","Gn, what was r u feelin
am all ears
am tryna so bad to get u out of those bad states

But guess it turns out ain't succeeded may be i will try harder in the future😊",NULL,NULL,"2025-11-02 08:33:36.607778+00"
1364,"8333529926","7049798795","How do ya see the endin tho?

Does it make me a bad author😂",NULL,NULL,"2025-11-02 08:35:16.543617+00"
1365,"1198287475","6110336587","not much wbt u?",NULL,NULL,"2025-11-02 08:36:10.464541+00"
1366,"8333529926","5011355321","Hey, wt goin on?
Everything good?",NULL,NULL,"2025-11-02 08:36:51.578566+00"
1367,"6110336587","1198287475","Doin well actually
Just chillin around on ma bed watchin some yt videos nd movies",NULL,NULL,"2025-11-02 08:38:56.913789+00"
1368,"6110336587","1198287475","Mn nw smthg wrong u seem a lil bit exhausted😌",NULL,NULL,"2025-11-02 08:39:43.500834+00"
1369,"1198287475","6110336587","yea but i'm wondering when did i accept a private chat",NULL,NULL,"2025-11-02 08:41:03.764336+00"
1370,"7049798795","8333529926","Nah you are good😂",NULL,NULL,"2025-11-02 08:42:36.61375+00"
1371,"1198287475","6110336587","are you the one who left the chat earlier?",NULL,NULL,"2025-11-02 08:44:14.937864+00"
1372,"6110336587","1198287475","Hahaha
Lucky u.... now u end up w me here
Wanna talk in private",NULL,NULL,"2025-11-02 08:44:15.705874+00"
1373,"1198287475","6110336587","well seems like i don't have a choice",NULL,NULL,"2025-11-02 08:45:13.482986+00"
1374,"6110336587","1198287475","Idk may be Tbh i don remember
Guess fate decided😊",NULL,NULL,"2025-11-02 08:45:14.406796+00"
1375,"1198287475","6110336587","since you said u're on ya bed watching movies and shit i'm assuming a girl i'm i right?",NULL,NULL,"2025-11-02 08:46:48.913756+00"
1376,"6110336587","1198287475","Y do u say that",NULL,NULL,"2025-11-02 08:47:19.302799+00"
1377,"6110336587","1198287475","Nah, actually am M😭",NULL,NULL,"2025-11-02 08:47:36.595396+00"
1378,"5011355321","8333529926","Yeah, what’s up?",NULL,NULL,"2025-11-02 08:47:43.346241+00"
1379,"1198287475","6110336587","cuz i'm watching a movie too but NOT on ma bed😂",NULL,NULL,"2025-11-02 08:48:11.979807+00"
1380,"8333529926","7049798795","Thanks
Eyadenanekshgn bicha balhone😂",NULL,NULL,"2025-11-02 08:48:51.772096+00"
1381,"6110336587","1198287475","So what if u come on ma bed nd watch a movie together😂

But on one condition there can't be touch like each other😂
Unless i would say don't come😊",NULL,NULL,"2025-11-02 08:50:36.990244+00"
1382,"8333529926","7049798795","am all ears tho
What were u feelin? 
Lemme hear it if u don't mind😊

like ydebrewal blesh kehone 
Bo worries i hv like this big ear betam were mesmat ewedalehu😂

Tbh i find u well expressive nd smart on this confession💯 which is good actually😊",NULL,NULL,"2025-11-02 08:53:14.862669+00"
1383,"1198287475","6110336587","ow i knew it i knew u was a simp 😂 
fuck i was simping too but ended up with a man smh",NULL,NULL,"2025-11-02 08:53:49.555163+00"
1384,"6110336587","1198287475","So, ur a man or what😂",NULL,NULL,"2025-11-02 08:56:58.226209+00"
1385,"1198287475","6110336587","nigga ofc i'm a man the fact that you asked means u go both ways💀",NULL,NULL,"2025-11-02 08:58:40.372329+00"
1386,"6110336587","1198287475","Never man, ur mistaken😭",NULL,NULL,"2025-11-02 09:17:26.055799+00"
1387,"7049798795","8333529926","What was I feeling?",NULL,NULL,"2025-11-02 09:29:52.148017+00"
1388,"8333529926","5011355321","Doin good
U seem a lil cheerful
Like ur vibe is good😊",NULL,NULL,"2025-11-02 09:52:10.266625+00"
1389,"8333529926","7049798795","Now, we r tryna be teasin😭
Idk may be off",NULL,NULL,"2025-11-02 09:53:34.914693+00"
1390,"5011355321","8333529926","Thanks twin",NULL,NULL,"2025-11-02 09:59:08.127908+00"
1392,"8333529926","6499363352","Hey, hyd?",NULL,NULL,"2025-11-02 10:05:29.972379+00"
1462,"7049798795","8333529926","Heyyyyy there 😆welcome ☺️☺️ it's good to have you here",NULL,NULL,"2025-11-03 02:08:26.842783+00"
1391,"8333529926","5011355321","So what r u up to now? A lio bit curious

Im like that guy the dark skinned one in 5 kilo is ur cousin, right?
Ena u was like u should approach him😂
Ena i was thikin of approaching u like talkin to u nd havin fun w u
U seem good nd find u well expressive which is good actually😊",NULL,NULL,"2025-11-02 10:02:21.098073+00"
1393,"5011355321","8333529926","How’d yk I’m that girl tho",NULL,NULL,"2025-11-02 10:07:49.179912+00"
1394,"8333529926","5011355321","Ive this superpower😂
Wanna try it😊",NULL,NULL,"2025-11-02 10:10:03.201058+00"
2526,"826378948","8333529926","Well i am",NULL,NULL,"2025-11-05 15:43:38.300859+00"
2532,"8333529926","1940613654","How come u don know ur gender?

Just tell me",NULL,NULL,"2025-11-05 15:49:10.881375+00"
2543,"7838626961","454739367","Hi, you good??",NULL,NULL,"2025-11-05 18:38:00.525612+00"
2545,"457325288","7231257941","Hello",NULL,NULL,"2025-11-05 18:38:39.112713+00"
2551,"6499363352","7231257941","Hey",NULL,NULL,"2025-11-05 18:45:13.677258+00"
2676,"6499363352","7388700051","What are u talkin abt😀",NULL,NULL,"2025-11-07 00:29:36.863572+00"
2768,"333933994","8178595410","Hey baby boo",NULL,NULL,"2025-11-07 10:16:44.848328+00"
1395,"8333529926","5011355321","Ende mnw
Don't be amazed its just like I found u in the comment section

Like u said u should approach him nd really like u said that
Im bka i kept imagining abt u, ur good tbh",NULL,NULL,"2025-11-02 10:16:40.203357+00"
1396,"5237102694","650462012","Yo chill",NULL,NULL,"2025-11-02 10:20:13.954214+00"
1397,"6499363352","8333529926","Im good hbu",NULL,NULL,"2025-11-02 10:29:49.132126+00"
1398,"7795615574","1201360478","Hi, ur username lakilign we can talk",NULL,NULL,"2025-11-02 12:20:31.673085+00"
1399,"1201360478","7795615574","Bemn?",NULL,NULL,"2025-11-02 12:21:13.355553+00"
1400,"7795615574","1201360478","Exihu gar nigerign",NULL,NULL,"2025-11-02 12:22:24.738291+00"
1401,"7795615574","1201360478","Telegram",NULL,NULL,"2025-11-02 12:22:28.610056+00"
1402,"999212136","1201360478","Can you  send me your @ ?",NULL,NULL,"2025-11-02 12:23:51.507526+00"
1403,"1201360478","7795615574","Send me urs",NULL,NULL,"2025-11-02 12:24:51.701317+00"
1404,"7795615574","1201360478","@Yaaaaaaaaaaaaat",NULL,NULL,"2025-11-02 12:27:18.287392+00"
1405,"8333529926","6499363352","Am good too
Can u send me ur tg username if u don't mind",NULL,NULL,"2025-11-02 13:38:44.540218+00"
1406,"6233075737","7168900029","Hi",NULL,NULL,"2025-11-02 13:47:09.683539+00"
1407,"7049798795","8333529926","Huh 😂 blud Idk what u on but I was fine",NULL,NULL,"2025-11-02 13:49:59.053334+00"
1408,"8266579417","7168900029","Hi bro",NULL,NULL,"2025-11-02 13:52:04.202585+00"
1409,"7168900029","8266579417","Yo wassup",NULL,NULL,"2025-11-02 13:54:52.193059+00"
1410,"8266579417","7168900029","Which campus are you",NULL,NULL,"2025-11-02 13:55:18.242029+00"
1411,"7168900029","8266579417","What's is this interrogation",NULL,NULL,"2025-11-02 13:55:37.71748+00"
1412,"7168900029","8266579417","Fbe ?? Wbu",NULL,NULL,"2025-11-02 13:55:47.161527+00"
1413,"8266579417","7168900029","SSC",NULL,NULL,"2025-11-02 13:56:30.240907+00"
1414,"8266579417","7168900029","Can I get ur username",NULL,NULL,"2025-11-02 13:56:59.780213+00"
1415,"7168900029","8266579417","I have to confess something",NULL,NULL,"2025-11-02 13:59:18.350231+00"
1416,"7168900029","8266579417","I am a women idk if u think I a man",NULL,NULL,"2025-11-02 13:59:32.802805+00"
1417,"8266579417","7168900029","I want woman anyways 😊😍",NULL,NULL,"2025-11-02 14:00:00.553252+00"
1418,"7168900029","8266579417","Eh",NULL,NULL,"2025-11-02 14:01:41.406629+00"
1419,"8266579417","7168900029","😍😊🥰 my queen",NULL,NULL,"2025-11-02 14:02:24.422026+00"
1420,"7168900029","8266579417","I am sorry I can't share mt username idk what will happen at the end of the day",NULL,NULL,"2025-11-02 14:02:28.951943+00"
1421,"8266579417","7168900029","I wanna get u💋😊😍",NULL,NULL,"2025-11-02 14:03:11.721315+00"
1422,"7168900029","8266579417","Share yours and I will dm",NULL,NULL,"2025-11-02 14:06:56.950518+00"
1423,"8333529926","7049798795","Ma bad😭
Sorry if i was mistaken
Can u tell me a lil bit abt u like ur age, gen, major nd hobby",NULL,NULL,"2025-11-02 14:21:19.701741+00"
1424,"8333529926","1730816223","Hey, hyd?
Can u send me ur tg username",NULL,NULL,"2025-11-02 14:22:41.913568+00"
1425,"7049798795","8333529926","Why am I being interrogated 😭",NULL,NULL,"2025-11-02 14:37:05.526179+00"
1426,"8333529926","1730816223","Cuz u seem like a lil professional criminal😂 nd accused of...... takin me away

ur up to no good, i highkey suspect u😊",NULL,NULL,"2025-11-02 14:45:52.550318+00"
1427,"8333529926","7049798795","Cuz u seem like a lil professional criminal😂 nd accused of...... takin me away

ur up to no good, i highkey suspect u😊",NULL,NULL,"2025-11-02 14:46:22.424108+00"
1428,"6499363352","8333529926","Im sorry i cant",NULL,NULL,"2025-11-02 15:04:07.015015+00"
1429,"8333529926","6499363352","Kay then ur ig😂",NULL,NULL,"2025-11-02 15:10:22.795658+00"
1430,"6953908944","999212136","Hi",NULL,NULL,"2025-11-02 15:25:12.783024+00"
1431,"6499363352","8333529926","I dont use that app",NULL,NULL,"2025-11-02 15:27:17.387445+00"
1432,"8266579417","7168900029","@Uuuuuuui8900",NULL,NULL,"2025-11-02 15:29:35.105921+00"
1433,"1730816223","8333529926","heyy  smooth",NULL,NULL,"2025-11-02 16:17:26.969336+00"
1434,"1730816223","8333529926","@prettyflowersah",NULL,NULL,"2025-11-02 16:17:31.002322+00"
1435,"7049798795","8333529926","And obviously have no idea what u r sayin☺️",NULL,NULL,"2025-11-02 16:31:07.623392+00"
1436,"8333529926","1730816223","Glad that ur doin okay
Thanks😊",NULL,NULL,"2025-11-02 16:41:44.144965+00"
1437,"8333529926","7049798795","am just goin w the flow
Guess am bad at jokes😭

Lets talk, nd share fun stuffs
Hope you will enjoy it fr
Like lets make our connection our safest nd comfort spot😊",NULL,NULL,"2025-11-02 16:55:43.65273+00"
1438,"8333529926","7049798795","That's y i did interrogate u",NULL,NULL,"2025-11-02 16:58:27.530245+00"
1439,"8333529926","7049798795","Kay thank u 4 ur time",NULL,NULL,"2025-11-02 17:18:10.952006+00"
1440,"6110336587","5396646037","Hay, What's goin on
everything good?",NULL,NULL,"2025-11-02 17:21:26.229035+00"
1441,"6110336587","579014332","Hay, What's goin on
everything good?",NULL,NULL,"2025-11-02 17:21:46.194478+00"
1442,"7049798795","8333529926","Sure I don't mind fun stuff but it seems like u left so thank you for ur time as well👍",NULL,NULL,"2025-11-02 17:43:56.362952+00"
1443,"5396646037","6110336587","Yeah wby stranger😁",NULL,NULL,"2025-11-02 17:53:57.860469+00"
1444,"6458234898","7277297826","Post nut clarity hitsቨ",NULL,NULL,"2025-11-02 18:22:49.179948+00"
1445,"8333529926","7049798795","well i regreted it, am comin back again😂

Can i get a warm welcome😊",NULL,NULL,"2025-11-02 18:40:22.535097+00"
1446,"6110336587","579014332","Doin well too
Wt are u up to now?
Can u send me ur tg username if u don't mind😊",NULL,NULL,"2025-11-02 18:42:21.412865+00"
1447,"5011355321","8333529926","You’ve never seen me before?",NULL,NULL,"2025-11-02 18:43:30.898042+00"
1448,"6110336587","5396646037","Doin well too
Wt are u up to now?
Can u send me ur tg username if u don't mind😊",NULL,NULL,"2025-11-02 18:47:57.064709+00"
1449,"8333529926","5011355321","Yeah tbh
Gn like sometimes u can create a person on ur mind like u paint them, how do they look like
U can gauge them out of their word cuz their word is their mirror reflection

So from what ive get 
U seem an easygoin w a good sense of humor like w a good vibe🥰
That's wt i get when i tryna paint u😊",NULL,NULL,"2025-11-02 18:52:31.590052+00"
1450,"5011355321","8333529926","Describe what I look like",NULL,NULL,"2025-11-02 19:01:03.259026+00"
1451,"8333529926","5011355321","Ur look?
Am gonna be honest w u here, its really hard😭
So kinda brown skinned nd w a good eyes nd eyebrow w a good smile like the killer one i can say this surely
W a beaitiful hair nd a medium height for women
Gn like ur deadly gorgeous for sure cuz most of the time good things r comin from a good stuff
So like i would say that
Idk its hard tbh",NULL,NULL,"2025-11-02 19:10:03.037875+00"
1452,"5011355321","8333529926","You’re wrong I’m not that girl",NULL,NULL,"2025-11-02 19:33:07.272376+00"
1453,"8333529926","5011355321","gn like beauty is on the eye of a beholder
I like this old proverb

Cuz i really like charmin, plaful nd teasin person like a funny one w a good sense of humor nd facial expression
Especially for ladies, this is really really workin for ladies
Omg i love it fr
No matter how their look is i swear",NULL,NULL,"2025-11-02 19:34:25.095228+00"
1454,"5011355321","8333529926","You have no clue who I am eko",NULL,NULL,"2025-11-02 19:34:46.148499+00"
1455,"5011355321","8333529926","You don’t know anything  bout me",NULL,NULL,"2025-11-02 19:34:57.425159+00"
1456,"8333529926","5011355321","ur right i dunno anythig abt u
Gn like as i told u
U tryna paint someone like out of their thing
Ma bad if am wrong nd then

Lemme hear it if u don mind what kinda look u hv
But tbh i don care abt someone's look cuz i rly like to hv fun w like to share meaningful experiences together",NULL,NULL,"2025-11-02 19:37:37.896185+00"
1457,"5011355321","8333529926","I don’t understand how you could make all these generalizations over a comment I made. I don’t understand how it works I would love to know how it did.",NULL,NULL,"2025-11-02 19:52:05.153996+00"
1458,"8333529926","5011355321","I just felt it
Its like ma gut said that
I found u a lit bit curious too which is good actually",NULL,NULL,"2025-11-02 19:59:16.26927+00"
1459,"5011355321","8333529926","wanna move to chat",NULL,NULL,"2025-11-02 20:15:24.343528+00"
1460,"8333529926","5011355321","Y not? Sure",NULL,NULL,"2025-11-02 20:17:44.435411+00"
1461,"7049798795","8333529926","Yeah sure you can",NULL,NULL,"2025-11-03 02:07:17.514868+00"
1548,"1846368634","6692034060","Heyy",NULL,NULL,"2025-11-04 07:24:18.507032+00"
1463,"8333529926","5011355321","Heyyy
Are u alive right now☺️
Wanna move to chat",NULL,NULL,"2025-11-03 02:11:19.931163+00"
1464,"8333529926","7049798795","Heyyy
Are u alive right now☺️
Glad that am with u on ur side😊
Wanna move to chat",NULL,NULL,"2025-11-03 02:12:34.60745+00"
1465,"7049798795","8333529926","I am alive 😂 lol what u doing at this hour",NULL,NULL,"2025-11-03 02:14:47.780003+00"
1466,"8333529926","7049798795","U were just showin up nd comin over to me😂 nd wakin me up
Now am with u😊",NULL,NULL,"2025-11-03 02:16:29.186028+00"
1467,"8333529926","7049798795","Don't u feel that☺️",NULL,NULL,"2025-11-03 02:19:09.220544+00"
1468,"8333529926","7049798795","Ummma ask u back now? 

Why are u showin up, comin over to me nd wakin me up nf keepin me alive?😊

Why don't u leave me alone😂",NULL,NULL,"2025-11-03 02:39:22.451329+00"
1469,"8333529926","7049798795","Ummma ask u back now? 

Why are u showin up, comin over to me nd wakin me up nf keepin me alive?😊

Why don't u leave me alone😂",NULL,NULL,"2025-11-03 02:42:25.243559+00"
1470,"7049798795","8333529926","I left u alone u decided to come back😂",NULL,NULL,"2025-11-03 02:48:38.519035+00"
1471,"8333529926","7049798795","So which means u won't leave me again😊
Tbh i enjoy ur company asf
Ur good at caring nd welcomin😂",NULL,NULL,"2025-11-03 04:21:10.998097+00"
1472,"8333529926","7049798795","nd thanks for ur welcome ceremony😊
I didn't expect that tbh

So stardust lets talk on tg
@dynamicvida",NULL,NULL,"2025-11-03 04:23:28.993519+00"
1473,"8333529926","7049798795","Like in provate",NULL,NULL,"2025-11-03 04:24:54.871346+00"
1474,"7049798795","8333529926","Ohhh....sure",NULL,NULL,"2025-11-03 04:34:44.668819+00"
1475,"8436061444","7201782013","Hey, what kinda bet are you considering and where?",NULL,NULL,"2025-11-03 06:20:23.577194+00"
1476,"7201782013","8436061444","Send me ur number or social so we can talk bedenb didn't decide yet",NULL,NULL,"2025-11-03 06:27:21.590335+00"
1477,"8436061444","7201782013","@Betkirayy",NULL,NULL,"2025-11-03 06:28:26.466267+00"
1478,"8436061444","7201782013","Had to make up... yaw someone might read this biye new nothing fishy lol",NULL,NULL,"2025-11-03 06:28:47.664896+00"
1479,"8333529926","955679410","Hey kidist, wt is goin on?
Everything good?",NULL,NULL,"2025-11-03 15:46:32.176357+00"
1480,"955679410","8333529926","All good, you",NULL,NULL,"2025-11-03 15:50:31.475754+00"
1481,"8333529926","955679410","am good too
Can u send me ur tg username if u don't mind",NULL,NULL,"2025-11-03 15:55:52.285303+00"
1482,"8333529926","955679410","Lets talk, lets hv fun nd share meaningful experiences together",NULL,NULL,"2025-11-03 15:57:13.03566+00"
1483,"6110336587","5949936801","Hey, wt is goin on?
everything good?",NULL,NULL,"2025-11-03 16:01:14.685341+00"
1484,"5949936801","6110336587","Yeah why",NULL,NULL,"2025-11-03 16:20:02.206204+00"
1485,"6110336587","5949936801","Cuz i wanna talk to u😂",NULL,NULL,"2025-11-03 16:37:06.220163+00"
1486,"6110336587","7191883532","Hey, wt is goin on?
everything good?",NULL,NULL,"2025-11-03 17:18:15.329814+00"
1487,"8178595410","7293631010","Hey sup",NULL,NULL,"2025-11-03 18:02:08.70346+00"
1488,"8178595410","7293631010","Are u the nows girl?",NULL,NULL,"2025-11-03 18:02:40.869941+00"
1489,"7293631010","8178595410","what up?",NULL,NULL,"2025-11-03 18:02:56.090605+00"
1490,"7293631010","8178595410","what?",NULL,NULL,"2025-11-03 18:03:03.301518+00"
1491,"8178595410","7293631010","Ru owner of confession 4100?",NULL,NULL,"2025-11-03 18:03:29.621953+00"
1492,"8178595410","7293631010","??",NULL,NULL,"2025-11-03 18:04:04.973654+00"
1493,"1794187848","8178595410","Can u send me ur username",NULL,NULL,"2025-11-03 18:04:08.867932+00"
1494,"7293631010","8178595410","no",NULL,NULL,"2025-11-03 18:04:11.219827+00"
1495,"8178595410","7293631010","Ok are u male or female?",NULL,NULL,"2025-11-03 18:04:28.543643+00"
1496,"7293631010","8178595410","female",NULL,NULL,"2025-11-03 18:04:53.039542+00"
1497,"8178595410","7293631010","Ok do you wanna talk ,can I share u my username?",NULL,NULL,"2025-11-03 18:05:26.939335+00"
1498,"7293631010","8178595410","why",NULL,NULL,"2025-11-03 18:05:45.763805+00"
1499,"8178595410","7293631010","Just real talks👄",NULL,NULL,"2025-11-03 18:06:09.623969+00"
1500,"7293631010","8178595410","fuck you",NULL,NULL,"2025-11-03 18:06:19.710803+00"
1501,"8178595410","7293631010","Why tho?",NULL,NULL,"2025-11-03 18:06:34.745851+00"
1502,"8178595410","7293631010","We can also go hookup if u want!😊",NULL,NULL,"2025-11-03 18:07:06.283442+00"
1503,"8178595410","7293631010","Deal?",NULL,NULL,"2025-11-03 18:10:19.21869+00"
1504,"8178595410","1794187848","Hello",NULL,NULL,"2025-11-03 18:11:08.068174+00"
1505,"8178595410","1794187848","Ru the owner of confession 4100?",NULL,NULL,"2025-11-03 18:11:23.692451+00"
1506,"8178595410","1794187848","Any response?",NULL,NULL,"2025-11-03 18:15:03.715063+00"
1507,"8178595410","7293631010","Hello",NULL,NULL,"2025-11-03 18:18:01.296563+00"
1508,"8178595410","7293631010","Ru owner of confession 4100?",NULL,NULL,"2025-11-03 18:18:16.290503+00"
1509,"7293631010","8178595410","what the fuck is going on?",NULL,NULL,"2025-11-03 18:18:44.524087+00"
1510,"8178595410","7293631010","What?",NULL,NULL,"2025-11-03 18:19:06.938657+00"
1511,"7293631010","8178595410","i am not the owner, why everybody is sending me messages?",NULL,NULL,"2025-11-03 18:19:31.549712+00"
1512,"8178595410","7293631010","Are you girl?",NULL,NULL,"2025-11-03 18:23:46.592713+00"
1513,"7293631010","8178595410","yes, but how did you get my account?",NULL,NULL,"2025-11-03 18:24:36.314407+00"
1514,"8178595410","7293631010","Just use accepted the request before",NULL,NULL,"2025-11-03 18:26:10.654566+00"
1515,"7293631010","8178595410","wdym",NULL,NULL,"2025-11-03 18:26:30.288852+00"
1516,"8178595410","7293631010","Are u finding a partner?",NULL,NULL,"2025-11-03 18:26:42.898285+00"
1517,"8178595410","7293631010","Im here if tho!",NULL,NULL,"2025-11-03 18:26:59.240825+00"
1518,"7293631010","8178595410","how did you get my account?",NULL,NULL,"2025-11-03 18:27:04.715973+00"
1519,"8178595410","7293631010","I requested you to chat here and u approved me and its okay eko😢",NULL,NULL,"2025-11-03 18:27:46.645537+00"
1520,"7293631010","8178595410","i never did",NULL,NULL,"2025-11-03 18:27:57.983483+00"
1521,"8178595410","7293631010","Really?",NULL,NULL,"2025-11-03 18:28:06.407966+00"
1522,"7293631010","8178595410","yesssssss",NULL,NULL,"2025-11-03 18:28:11.631573+00"
1523,"8178595410","7293631010","Nah u did!",NULL,NULL,"2025-11-03 18:28:19.691852+00"
1524,"7293631010","8178595410","i swear i didn't",NULL,NULL,"2025-11-03 18:28:30.179837+00"
1525,"8178595410","7293631010","Im chatting u from my chat history",NULL,NULL,"2025-11-03 18:28:34.242159+00"
1526,"7293631010","8178595410","just leave me alone",NULL,NULL,"2025-11-03 18:28:49.240896+00"
1527,"8178595410","7293631010","Esh do u open to relationship?",NULL,NULL,"2025-11-03 18:28:52.402239+00"
1528,"7293631010","8178595410","no",NULL,NULL,"2025-11-03 18:29:06.563613+00"
1529,"8178595410","7293631010","Why😢😢😳",NULL,NULL,"2025-11-03 18:29:17.204971+00"
1530,"8178595410","7293631010","Do u hv a guy?",NULL,NULL,"2025-11-03 18:29:24.921073+00"
1531,"7293631010","8178595410","yes",NULL,NULL,"2025-11-03 18:29:46.740214+00"
1532,"8178595410","7293631010","No way",NULL,NULL,"2025-11-03 18:30:03.171674+00"
1533,"7293631010","8178595410","go fuck your self, how do i stop this?",NULL,NULL,"2025-11-03 18:30:24.251061+00"
1534,"8178595410","7293631010","Esh can u find me ur friends username who need a partner pls?",NULL,NULL,"2025-11-03 18:30:34.015592+00"
1535,"8178595410","6444601776","Hello",NULL,NULL,"2025-11-03 18:31:26.878736+00"
1536,"8178595410","6444601776","Are u owner of confession 4100?",NULL,NULL,"2025-11-03 18:31:38.849281+00"
1537,"8178595410","7977727953","Hey sup",NULL,NULL,"2025-11-04 05:31:26.726701+00"
1538,"5949936801","6110336587","😂😂😂 ohhh okay 

Heyy wsg",NULL,NULL,"2025-11-04 06:19:13.86657+00"
1539,"6110336587","5949936801","Everything ia good
R u alive😂",NULL,NULL,"2025-11-04 06:28:18.225028+00"
1540,"5949936801","6110336587","Apparently I am what about still breathing",NULL,NULL,"2025-11-04 06:39:50.336618+00"
1541,"1967468387","1320397494","Yhen channel yekefetew manew owner ??",NULL,NULL,"2025-11-04 06:39:54.423043+00"
1542,"6110336587","5949936801","At least ur breathing😂

Do ya snore when u go to sleep?😂",NULL,NULL,"2025-11-04 06:46:00.253657+00"
1543,"5949936801","6110336587","No I don't even sleep",NULL,NULL,"2025-11-04 06:56:56.897634+00"
1544,"6110336587","5949936801","Wt r u workin on?

Mn ale be enklf enkua btasalfiw😭",NULL,NULL,"2025-11-04 07:09:33.402079+00"
1545,"6692034060","1846368634","Hi",NULL,NULL,"2025-11-04 07:11:09.254544+00"
1546,"5949936801","6110336587","Trying to build pyramids

The job  keeping me up",NULL,NULL,"2025-11-04 07:15:44.828642+00"
1547,"6110336587","5949936801","😂😂😂

Ayy, u better build a bride across Pacific ocean😂",NULL,NULL,"2025-11-04 07:20:16.995485+00"
1549,"5949936801","6110336587","😁😁Thought about it  but I'm afraid of oceans",NULL,NULL,"2025-11-04 07:24:29.548987+00"
1554,"6692034060","1846368634","Yep",NULL,NULL,"2025-11-04 07:45:44.002444+00"
1560,"6110336587","5949936801","Ive partnership w them😂",NULL,NULL,"2025-11-04 08:07:52.409846+00"
2527,"8333529926","1940613654","Ur age, gender nd interest😊",NULL,NULL,"2025-11-05 15:43:53.733975+00"
2528,"8333529926","826378948","Its anonymous right?
I wanna talk to u😅
Then i said heyy
Smthg problem?",NULL,NULL,"2025-11-05 15:44:39.448004+00"
2529,"826378948","8333529926","Are u a guy ?",NULL,NULL,"2025-11-05 15:46:27.525015+00"
2677,"1136410666","1103065697","If u r still interested i wanna be ur sub",NULL,NULL,"2025-11-07 02:27:10.210314+00"
2769,"8178595410","333933994","Ru boy or girl?",NULL,NULL,"2025-11-07 10:17:38.565104+00"
1550,"6692034060","1846368634","You good?",NULL,NULL,"2025-11-04 07:26:28.283328+00"
1551,"6110336587","5949936801","Nope😂
That's ma empire no one can hurt U
What if i take u there ende hassab",NULL,NULL,"2025-11-04 07:32:20.031854+00"
1552,"1846368634","6692034060","i'm good, you good?",NULL,NULL,"2025-11-04 07:42:18.104359+00"
1553,"5949936801","6110336587","Who ru captain Jack sparrow?

Tempting but already planned to go to everest",NULL,NULL,"2025-11-04 07:43:00.229187+00"
1555,"6692034060","1846368634","Just wanted to say hi",NULL,NULL,"2025-11-04 07:46:01.739568+00"
1556,"6110336587","5949936801","Everest 😂
I will be sailing solo then😂
I was gonna say we could steal a ship but fine enjoy freezing while I sail into the sunset",NULL,NULL,"2025-11-04 07:49:58.47356+00"
1557,"7737303624","1609398709","Tyyy for the support really appreciat that",NULL,NULL,"2025-11-04 07:53:31.887556+00"
1558,"1609398709","7737303624","which support?",NULL,NULL,"2025-11-04 07:56:49.318896+00"
1559,"5949936801","6110336587","Enjoy the sharks ig",NULL,NULL,"2025-11-04 08:02:48.519503+00"
1561,"6110336587","5949936801","Wannna move to chat😊",NULL,NULL,"2025-11-04 08:09:51.122927+00"
1562,"5949936801","6110336587","Maybe",NULL,NULL,"2025-11-04 08:14:49.088858+00"
1563,"5949936801","6110336587","And I've corporation with wind and snow",NULL,NULL,"2025-11-04 08:15:10.214526+00"
1564,"6110336587","5949936801","So what is we go to everest nd enjoy the view together🥰

nd then to Pacific ocean nd havin fun at the beach nd watchin a gorgeous sunrise nd sunset😊

Mutual benfit😂",NULL,NULL,"2025-11-04 08:22:15.881944+00"
1565,"6110336587","5949936801","Kay then
@dynamicvida",NULL,NULL,"2025-11-04 08:22:46.568024+00"
1566,"8109112246","5014292785","Girl...I fucked 1 girl last night n she said that she gonna kill me ymr what should I do here😬",NULL,NULL,"2025-11-04 08:39:21.569048+00"
1567,"8109112246","7050798852","Hey",NULL,NULL,"2025-11-04 08:42:38.502406+00"
1568,"7050798852","8109112246","Hey , r u lezbo babe 😘",NULL,NULL,"2025-11-04 08:44:59.222437+00"
1569,"7050798852","8109112246","/confess",NULL,NULL,"2025-11-04 08:45:55.663205+00"
1570,"8109112246","7050798852","/confess",NULL,NULL,"2025-11-04 08:46:50.829929+00"
1571,"8109112246","7050798852","Ok...are m/f?",NULL,NULL,"2025-11-04 08:47:09.976207+00"
1572,"7050798852","8109112246","Any lesbo and girl who is bisexual here who want to have one man on ur group hit me up now",NULL,NULL,"2025-11-04 08:47:26.36301+00"
1573,"8109112246","7050798852","Are u boy?",NULL,NULL,"2025-11-04 08:47:55.692793+00"
1574,"7050798852","8109112246","Am m but love u guys",NULL,NULL,"2025-11-04 08:48:25.506294+00"
1575,"8109112246","7050798852","How fuck ur self we only need girl to join us...not any man!",NULL,NULL,"2025-11-04 08:49:15.690163+00"
1576,"7050798852","8109112246","Be group kegebachu in the middle don't forget me",NULL,NULL,"2025-11-04 08:49:18.967683+00"
1577,"8109112246","7050798852","What do u mean to forgot u?",NULL,NULL,"2025-11-04 08:49:46.79156+00"
1578,"7050798852","8109112246","Invite me to ur lesbo sex party",NULL,NULL,"2025-11-04 08:50:33.986286+00"
1579,"8109112246","7050798852","Ur male or female?",NULL,NULL,"2025-11-04 08:50:54.865219+00"
1580,"7050798852","8109112246","Am male wth",NULL,NULL,"2025-11-04 08:51:14.491694+00"
1581,"8333529926","7239352530","Heyyy
I saw u trynna do ur period blood rituals
If u can do it for me plz😂

am gonna give u info abt me😂",NULL,NULL,"2025-11-04 08:51:32.67326+00"
1582,"8109112246","7050798852","We only need girl not man!",NULL,NULL,"2025-11-04 08:51:43.561202+00"
1583,"8333529926","7239352530","Heyyy
I saw u trynna do ur period blood rituals
If u do, do it for me plz😂

am gonna give u info abt me😂",NULL,NULL,"2025-11-04 08:51:54.399386+00"
1584,"7050798852","8109112246","But if u r bisexual I will have u group sex erasu betam fwa aregachuhalew please 🙏",NULL,NULL,"2025-11-04 08:51:58.582768+00"
1585,"8109112246","7050798852","We do have many dildos...no need of urs",NULL,NULL,"2025-11-04 08:52:20.149842+00"
1586,"8109112246","7050798852","Mn dep nek?",NULL,NULL,"2025-11-04 08:52:28.098594+00"
1587,"7050798852","8109112246","Or send me video of u having sex !",NULL,NULL,"2025-11-04 08:53:10.737663+00"
1588,"8109112246","7050798852","No!",NULL,NULL,"2025-11-04 08:54:38.922066+00"
1589,"7239352530","8333529926","Ok then tell me about unself 🙄",NULL,NULL,"2025-11-04 08:54:59.744514+00"
1590,"7239352530","8333529926","Ok then tell me about urself 🙄",NULL,NULL,"2025-11-04 08:55:09.806294+00"
1591,"8109112246","8132883465","Hey...u wanna join us?",NULL,NULL,"2025-11-04 08:55:14.245298+00"
1592,"8132883465","8109112246","Yup",NULL,NULL,"2025-11-04 08:55:21.816777+00"
1593,"8109112246","8132883465","Are u male or female?",NULL,NULL,"2025-11-04 08:55:23.809425+00"
1594,"8333529926","7239352530","What we gonna do eza behuala tho",NULL,NULL,"2025-11-04 08:57:21.972787+00"
1595,"841889605","8189007505","I think i am more freakier and looks innocent than u i bet",NULL,NULL,"2025-11-04 08:57:27.542409+00"
1596,"7239352530","8333529926","Are u male or? 🙄🤔",NULL,NULL,"2025-11-04 08:59:07.368784+00"
1597,"8333529926","7239352530","yeah am M

I was just messin w u 
I know what we gonna do😊",NULL,NULL,"2025-11-04 09:00:25.277121+00"
1598,"7050798852","8109112246","Hey llemnsh echlalew gn lesbian set betam new mwedew be akal staregu bayachu or ene involve btaregugn betam des ylegnal ewnet asrechugn eski",NULL,NULL,"2025-11-04 09:02:34.648158+00"
1599,"8109112246","8132883465","They dont let u join gn i can help u with that in private",NULL,NULL,"2025-11-04 09:03:29.880986+00"
1600,"8109112246","8132883465","Do u hv big ***?",NULL,NULL,"2025-11-04 09:03:46.121654+00"
1601,"7239352530","8333529926","But I don't know what we gonna do🙄 let me know",NULL,NULL,"2025-11-04 09:05:01.733134+00"
1602,"8132883465","8109112246","Male",NULL,NULL,"2025-11-04 09:05:58.523781+00"
1603,"8333529926","7239352530","May be a running race😂",NULL,NULL,"2025-11-04 09:07:16.080358+00"
1604,"8132883465","8109112246","Yeah it's big 
Are u male or female",NULL,NULL,"2025-11-04 09:11:53.189523+00"
1605,"8333529926","7239352530","Wt were u doin that stuff for im like what were u expectin",NULL,NULL,"2025-11-04 09:14:21.278053+00"
1606,"7050798852","8109112246","And group kalachu ye telegram channel video milekek kehon esun eyayehu enkwa erasen larka ye smet guday takiwalesh  be smet lfeneda new ene ga yemimetut setoch endalu chewa zilt nachew or straight hona yemtakiyat set alech ende ene aynet sew mtfelg tebaberign please thank you",NULL,NULL,"2025-11-04 09:44:34.94481+00"
1607,"8109112246","7050798852","Do u hv big ***",NULL,NULL,"2025-11-04 09:46:11.378711+00"
1608,"8109112246","7050798852","If that i can help u",NULL,NULL,"2025-11-04 09:46:20.769456+00"
1609,"841889605","8189007505","I mean if anyone sees me they will never think of that i think like that… i like to make the other persob hornier. Me and my friend even fucked a girl together and he even sucked my d",NULL,NULL,"2025-11-04 10:45:23.225361+00"
1610,"7977727953","8178595410","Wanna get naughty",NULL,NULL,"2025-11-04 10:45:58.996821+00"
1611,"8178595410","7977727953","I want girl like mee too... we have Dillon dont need a man",NULL,NULL,"2025-11-04 10:47:15.439114+00"
1612,"7977727953","8178595410","What",NULL,NULL,"2025-11-04 11:03:50.26121+00"
1613,"7977727953","8178595410","You are girl?",NULL,NULL,"2025-11-04 11:03:57.8698+00"
1614,"8178595410","7977727953","im a girl what about u?",NULL,NULL,"2025-11-04 11:08:07.751898+00"
1615,"6872457299","558918331","Fhj",NULL,NULL,"2025-11-04 11:08:14.962331+00"
1616,"8178595410","7977727953","I need girl👧",NULL,NULL,"2025-11-04 11:11:47.094985+00"
1617,"7977727953","8178595410","Oh",NULL,NULL,"2025-11-04 11:12:19.347903+00"
1618,"7977727953","8178595410","Nevermind",NULL,NULL,"2025-11-04 11:12:22.268287+00"
1619,"7977727953","8178595410","Im a dude",NULL,NULL,"2025-11-04 11:12:26.033448+00"
1620,"8178595410","7977727953","Are u girl?",NULL,NULL,"2025-11-04 11:12:28.882881+00"
1621,"8178595410","7977727953","Really?",NULL,NULL,"2025-11-04 11:12:36.117689+00"
1622,"8178595410","7977727953","Tekeka bidatam...ene set meslogn😭😂",NULL,NULL,"2025-11-04 11:12:53.083765+00"
1623,"7977727953","8178595410","😅",NULL,NULL,"2025-11-04 11:13:53.971252+00"
1624,"7977727953","8178595410","Homos in a different stream",NULL,NULL,"2025-11-04 11:14:04.627931+00"
1625,"8178595410","7977727953","Esh mebedat mtfeleg metak alech?",NULL,NULL,"2025-11-04 11:14:29.654521+00"
1626,"8178595410","7977727953","Pls kalech ngregn ymr betam temtognal...feelingun takalek biye asebalew",NULL,NULL,"2025-11-04 11:15:02.246496+00"
1627,"8189007505","841889605","So U gay?",NULL,NULL,"2025-11-04 11:16:18.941813+00"
1628,"841889605","8189007505","like boobs much to be called that lol
but i dont mind to be honest",NULL,NULL,"2025-11-04 11:17:01.319753+00"
1629,"8189007505","841889605","I mean freaky as in strictly girls and making them addicted",NULL,NULL,"2025-11-04 11:17:55.433644+00"
2536,"8333529926","7773846469","Ur age, gender, nd interest",NULL,NULL,"2025-11-05 16:05:18.089297+00"
2678,"8333529926","7059792329","Heyy",NULL,NULL,"2025-11-07 03:31:01.668558+00"
2679,"7059792329","8333529926","Hey",NULL,NULL,"2025-11-07 03:31:24.540277+00"
2683,"753215699","1731264064","My nigga",NULL,NULL,"2025-11-07 03:37:08.663366+00"
2772,"8178595410","333933994","Sima mebedat mtfeleg set takalek?",NULL,NULL,"2025-11-07 10:18:13.65169+00"
1630,"6110336587","5009377468","Heyy
Ur gender",NULL,NULL,"2025-11-04 11:18:01.450632+00"
1635,"7977727953","8178595410","Will let u know if I come across",NULL,NULL,"2025-11-04 11:22:33.895601+00"
1646,"8178595410","1609398709","Set nesha?",NULL,NULL,"2025-11-04 11:32:06.109586+00"
1648,"5009377468","6110336587","What do you have with my gender",NULL,NULL,"2025-11-04 11:37:10.755238+00"
1655,"5806772573","8333529926","Every thing is good",NULL,NULL,"2025-11-04 12:19:43.783226+00"
2541,"7231257941","6499363352","Hi",NULL,NULL,"2025-11-05 18:14:39.712113+00"
2680,"8333529926","7059792329","U m or f",NULL,NULL,"2025-11-07 03:32:59.156656+00"
2681,"7059792329","8333529926","Male",NULL,NULL,"2025-11-07 03:33:09.453297+00"
2684,"5756352968","6110336587","Hi",NULL,NULL,"2025-11-07 03:57:04.676857+00"
2685,"6110336587","5756352968","Heyy",NULL,NULL,"2025-11-07 03:57:24.236074+00"
2779,"8178595410","333933994","Mn alk?",NULL,NULL,"2025-11-07 10:20:01.626919+00"
2783,"8178595410","333933994","Eree😂😂",NULL,NULL,"2025-11-07 10:30:37.774859+00"
2784,"8178595410","7214434853","Hey",NULL,NULL,"2025-11-07 10:31:07.094987+00"
1631,"5009377468","6110336587","Full state",NULL,NULL,"2025-11-04 11:19:19.319226+00"
1643,"5237102694","650462012","Hey sup",NULL,NULL,"2025-11-04 11:31:08.628967+00"
2542,"7877688414","1103065697","💬 Phew, I honestly thought I was delusional for wanting a dominant girl. I’m tall and considered very attractive, but still, there’s something about craving a woman’s control and wanting to fully satisfy her that really draws me in. It’s not just about attraction — it’s the feeling of giving up power that excites me. I’ve even learned about findom — financial domination — where submission goes beyond the emotional and becomes part of a lifestyle or relationship dynamic but still cant find a girl who is into it ...so can we talk please 🙏",NULL,NULL,"2025-11-05 18:14:54.192326+00"
2682,"8333529926","1711245975","Heyy",NULL,NULL,"2025-11-07 03:33:23.227106+00"
2787,"346320754","1222542336","Yoo-hoo",NULL,NULL,"2025-11-07 11:35:25.791458+00"
1634,"7977727953","8178595410","Gn I dont know no one",NULL,NULL,"2025-11-04 11:22:25.302102+00"
1645,"8178595410","1609398709","Hey sup",NULL,NULL,"2025-11-04 11:32:02.051948+00"
2546,"7838626961","454739367","I'm ok",NULL,NULL,"2025-11-05 18:39:48.030125+00"
2547,"454739367","7838626961","tell me real ...where you fromm",NULL,NULL,"2025-11-05 18:40:05.076239+00"
2558,"454739367","8333529926","male",NULL,NULL,"2025-11-05 19:07:08.975912+00"
2564,"457325288","8333529926","M",NULL,NULL,"2025-11-05 19:14:58.631225+00"
2686,"6110336587","5806772573","Sup",NULL,NULL,"2025-11-07 04:01:20.312351+00"
2788,"6870565233","6305576966","Hey",NULL,NULL,"2025-11-07 11:52:40.761393+00"
2789,"8421592857","6110336587","Hmmm",NULL,NULL,"2025-11-07 11:55:59.719889+00"
1637,"7977727953","8178595410","Confession #4259

So, she asked me what kind of girl I'm into. Like a total idiot, I told her, ""Someone like you."" Then she said I'm not her type. Has anyone else been shot down like that? 💔

✨

#Crush #Trauma #Relationship",NULL,NULL,"2025-11-04 11:25:34.790879+00"
1640,"8178595410","7977727953","Mbedat mtfeleg set kalle ahununu lakelegn😔😔",NULL,NULL,"2025-11-04 11:29:47.937767+00"
1641,"7977727953","8178595410","Sure",NULL,NULL,"2025-11-04 11:30:16.385918+00"
1644,"5237102694","650462012","Are u male or female?",NULL,NULL,"2025-11-04 11:31:17.687618+00"
1651,"5009377468","6110336587","👨‍🦱",NULL,NULL,"2025-11-04 11:49:22.011452+00"
2548,"1103065697","7877688414","Drop your @ pretty boy",NULL,NULL,"2025-11-05 18:44:07.989066+00"
2554,"457325288","5014292785","Hello",NULL,NULL,"2025-11-05 18:50:56.494167+00"
2587,"1990620507","8178595410","😂",NULL,NULL,"2025-11-05 20:11:01.289248+00"
2595,"8178595410","1990620507","Enesu chewa nachew ayfelegum meselegn ante ga alut?",NULL,NULL,"2025-11-05 20:16:42.774213+00"
2687,"6110336587","8402831744","Heyy",NULL,NULL,"2025-11-07 04:08:26.802831+00"
2689,"6110336587","8402831744","U first?",NULL,NULL,"2025-11-07 04:10:59.74919+00"
2790,"400568980","7680496063","Hy",NULL,NULL,"2025-11-07 12:14:24.483703+00"
2804,"8178595410","7214434853","Ru boy or girl?",NULL,NULL,"2025-11-07 13:14:15.508599+00"
2805,"7214434853","8178595410","A boy",NULL,NULL,"2025-11-07 13:14:22.833764+00"
1638,"7977727953","8178595410","This you? 💀",NULL,NULL,"2025-11-04 11:25:43.472728+00"
1647,"6110336587","5009377468","I said
Wt is u r gender?
I didn't ask that",NULL,NULL,"2025-11-04 11:33:11.338642+00"
1649,"8178595410","1609398709","Any response?",NULL,NULL,"2025-11-04 11:39:20.197528+00"
1653,"8178595410","1609398709","Im talking u eko🤷‍♂🤷‍♂😡😡😡😡",NULL,NULL,"2025-11-04 12:06:06.007962+00"
1662,"8333529926","5806772573","Then ur campus?
Where can i find u?",NULL,NULL,"2025-11-04 12:28:54.536714+00"
1666,"7168900029","8333529926","Wdym",NULL,NULL,"2025-11-04 12:35:24.124972+00"
1667,"7168900029","8333529926","Bruh I don't know you 😐",NULL,NULL,"2025-11-04 12:35:33.552831+00"
2549,"7231257941","6499363352","Hi☺️",NULL,NULL,"2025-11-05 18:44:59.528565+00"
2550,"6499363352","7231257941","Hey",NULL,NULL,"2025-11-05 18:45:07.423633+00"
2560,"6502408270","8333529926","M",NULL,NULL,"2025-11-05 19:12:42.387856+00"
2568,"8333529926","1092294687","U m or f",NULL,NULL,"2025-11-05 19:28:08.166638+00"
2576,"8333529926","1092294687","Heyyy",NULL,NULL,"2025-11-05 19:39:11.033565+00"
2688,"8402831744","6110336587","Hey are u a man or a woman??",NULL,NULL,"2025-11-07 04:09:09.085057+00"
2691,"8402831744","6110336587","Am a man and u?",NULL,NULL,"2025-11-07 04:12:07.11067+00"
2707,"8333529926","8132883465","M",NULL,NULL,"2025-11-07 04:45:17.285342+00"
2791,"400568980","6307144522","Hy",NULL,NULL,"2025-11-07 12:15:01.259212+00"
1639,"8178595410","7977727953","Bruh...pls help me out",NULL,NULL,"2025-11-04 11:29:26.861313+00"
2556,"5014292785","457325288","Hi",NULL,NULL,"2025-11-05 18:56:12.632265+00"
2567,"1459730751","8333529926","M",NULL,NULL,"2025-11-05 19:25:41.246858+00"
2569,"1092294687","8333529926","Why did u ask?",NULL,NULL,"2025-11-05 19:29:22.518215+00"
2690,"8402831744","6110336587","How should I pronounce u are u a female or a male",NULL,NULL,"2025-11-07 04:11:14.027392+00"
2792,"400568980","8411844354","Hy",NULL,NULL,"2025-11-07 12:15:20.514193+00"
2795,"7813594896","7050798852","🤔",NULL,NULL,"2025-11-07 12:22:08.245332+00"
2798,"7813594896","7050798852","Anonymous will I see  nothing that's not fair nahom u",NULL,NULL,"2025-11-07 12:42:48.731724+00"
1642,"5009377468","6110336587","I can do both",NULL,NULL,"2025-11-04 11:30:25.545262+00"
1650,"6110336587","5009377468","Just tell me
Then we r good",NULL,NULL,"2025-11-04 11:40:13.733926+00"
1652,"6110336587","5009377468","Sorry am man☺️ 
nd i can't do both",NULL,NULL,"2025-11-04 12:03:03.436479+00"
1654,"8333529926","5806772573","Heyyy, wt is goin on?
everything good?",NULL,NULL,"2025-11-04 12:19:18.228349+00"
1656,"8333529926","5806772573","May i know
Ur age, gender, age nd interest?",NULL,NULL,"2025-11-04 12:20:40.243328+00"
1657,"5806772573","8333529926","Tell me bout u first",NULL,NULL,"2025-11-04 12:21:08.572557+00"
1658,"8333529926","5806772573","am M nd 20
Then Go ahead",NULL,NULL,"2025-11-04 12:22:12.768168+00"
1659,"5806772573","8333529926","Am F nd 22",NULL,NULL,"2025-11-04 12:22:31.800685+00"
1660,"8333529926","5806772573","Ur interest?",NULL,NULL,"2025-11-04 12:23:13.595332+00"
1661,"5806772573","8333529926","Yes I am",NULL,NULL,"2025-11-04 12:23:23.567926+00"
1663,"8333529926","7168900029","Heyyy, wt is goin on?
everything good?",NULL,NULL,"2025-11-04 12:30:30.327414+00"
1664,"8178595410","1609398709","Huh...",NULL,NULL,"2025-11-04 12:32:10.149275+00"
1665,"5806772573","8333529926","I am in Black Lion, where do you want us to meet?",NULL,NULL,"2025-11-04 12:34:47.082359+00"
1668,"8333529926","5806772573","Kay lets go to private chat",NULL,NULL,"2025-11-04 12:38:54.261026+00"
1669,"5806772573","8333529926","Okay",NULL,NULL,"2025-11-04 12:39:25.458395+00"
1670,"8333529926","5806772573","@dynamicvida",NULL,NULL,"2025-11-04 12:39:52.959256+00"
1671,"5806772573","8333529926","@CodeBlueCoffee",NULL,NULL,"2025-11-04 12:42:46.312905+00"
1672,"841889605","8189007505","Yea yea i got that
Was saying there are more freaky than you dw",NULL,NULL,"2025-11-04 12:53:20.70193+00"
1673,"841889605","8189007505","U thought i was interested on u or sth",NULL,NULL,"2025-11-04 12:53:42.895341+00"
1674,"7050798852","8109112246","He'll yea n can long up to 15min",NULL,NULL,"2025-11-04 12:59:00.226485+00"
1675,"7050798852","8109112246","Yea like let me see u kissing her you know...😌",NULL,NULL,"2025-11-04 13:00:12.97923+00"
1676,"8109112246","7050798852","What u want?",NULL,NULL,"2025-11-04 13:04:17.208583+00"
1677,"8109112246","7050798852","Are u male or female?",NULL,NULL,"2025-11-04 13:04:24.67101+00"
1678,"7050798852","8109112246","Am male n I want to be in ur groups",NULL,NULL,"2025-11-04 13:10:46.738553+00"
1679,"7050798852","8109112246","Yo make one of u orgazm!",NULL,NULL,"2025-11-04 13:11:12.844096+00"
1680,"8109112246","7050798852","We are already...",NULL,NULL,"2025-11-04 13:13:51.730685+00"
1681,"8109112246","7050798852","Btw sex mareg tiwedalek?🙌",NULL,NULL,"2025-11-04 13:14:15.567807+00"
1682,"7050798852","8109112246","Like....... guy fucking me?",NULL,NULL,"2025-11-04 13:14:49.834218+00"
1683,"8109112246","7050798852","No to with girl",NULL,NULL,"2025-11-04 13:15:15.996619+00"
1684,"8109112246","7050798852","Wend neka",NULL,NULL,"2025-11-04 13:15:23.290076+00"
1685,"7050798852","8109112246","Ohhh sorry",NULL,NULL,"2025-11-04 13:15:25.082503+00"
1686,"8109112246","7050798852","..?",NULL,NULL,"2025-11-04 13:15:39.611297+00"
1687,"7050798852","8109112246","Awo wend negn 
Hell yea I fucking love to fuck",NULL,NULL,"2025-11-04 13:16:06.355096+00"
1688,"8109112246","7050798852","Can u try me ...i want to try it fr",NULL,NULL,"2025-11-04 13:16:45.482675+00"
1689,"7050798852","8109112246","Sint dekika tkoyalesh",NULL,NULL,"2025-11-04 13:17:20.602789+00"
1690,"7050798852","8109112246","To cum",NULL,NULL,"2025-11-04 13:17:31.041546+00"
1691,"8109112246","7050798852","I dunno like be finger 7 mnamn",NULL,NULL,"2025-11-04 13:17:49.608685+00"
1692,"7050798852","8109112246","15 min eloyalew be jelaye bcha",NULL,NULL,"2025-11-04 13:18:15.847529+00"
1693,"7050798852","8109112246","Eyenefawsh",NULL,NULL,"2025-11-04 13:18:23.661681+00"
1694,"8109112246","7050798852","So can u makeout",NULL,NULL,"2025-11-04 13:18:43.852812+00"
1695,"7050798852","8109112246","7 min si very easy for me betam I will make u die",NULL,NULL,"2025-11-04 13:19:10.977319+00"
1696,"8109112246","7050798852","I hv big boob's too",NULL,NULL,"2025-11-04 13:19:42.753336+00"
1697,"8109112246","7050798852","U wanna see?",NULL,NULL,"2025-11-04 13:19:51.059699+00"
1698,"7050798852","8109112246","Is that even a question babe",NULL,NULL,"2025-11-04 13:19:56.558482+00"
1699,"8109112246","7050798852","What?",NULL,NULL,"2025-11-04 13:20:06.348593+00"
1700,"7050798852","8109112246","Hell yea show me",NULL,NULL,"2025-11-04 13:20:35.646304+00"
1701,"8109112246","7050798852","Hope u seen it",NULL,NULL,"2025-11-04 13:21:12.128268+00"
1702,"7050798852","8109112246","How long u think a dick is big for u to make u",NULL,NULL,"2025-11-04 13:21:50.394531+00"
1703,"7050798852","8109112246","Ur tg account",NULL,NULL,"2025-11-04 13:22:09.301471+00"
1704,"8109112246","7050798852","15 bhon des yilegnal gn wannaw thickness nw ene mfelegew",NULL,NULL,"2025-11-04 13:22:45.890233+00"
1705,"7050798852","8109112246","Like 15cm?",NULL,NULL,"2025-11-04 13:23:09.899941+00"
1706,"8109112246","7050798852","Enem tnsh wefer sleml esum wefram bhon arf nw",NULL,NULL,"2025-11-04 13:23:31.099238+00"
1707,"7050798852","8109112246","Ok cool",NULL,NULL,"2025-11-04 13:24:11.098257+00"
1708,"8109112246","7050798852","Yet gebi nek,?",NULL,NULL,"2025-11-04 13:24:29.96613+00"
1709,"7050798852","8109112246","Noo am on other college",NULL,NULL,"2025-11-04 13:24:59.856202+00"
1710,"7050798852","8109112246","Show me ur boobs fr",NULL,NULL,"2025-11-04 13:25:23.836339+00"
1711,"8109112246","7050798852","Ahun alayekem ende🥵",NULL,NULL,"2025-11-04 13:25:56.516246+00"
1712,"8109112246","7050798852","Yet?",NULL,NULL,"2025-11-04 13:26:13.920323+00"
1713,"7050798852","8109112246","Noo u didn't send me any pic",NULL,NULL,"2025-11-04 13:26:16.049398+00"
1714,"8109112246","7050798852","Ehen alayekem??😳",NULL,NULL,"2025-11-04 13:26:42.34074+00"
1715,"7050798852","8109112246","Wey be tg account lakilgn",NULL,NULL,"2025-11-04 13:27:08.574427+00"
1716,"8109112246","7050798852","Ahunm alayekem?...likehalew eko",NULL,NULL,"2025-11-04 13:27:35.092177+00"
1717,"7050798852","8109112246","Yetun ??",NULL,NULL,"2025-11-04 13:27:40.867859+00"
1718,"8109112246","7050798852","Photon likehalew eko",NULL,NULL,"2025-11-04 13:28:06.719485+00"
1719,"7050798852","8109112246","Thus is a bot eko andand rule linorew ychlal be tg lakilgn",NULL,NULL,"2025-11-04 13:28:45.476098+00"
1720,"558918331","8235079863","😳?",NULL,NULL,"2025-11-04 13:35:13.774909+00"
1721,"7050798852","8109112246","This is bot eko layfekd ychlal nude pic be tg accounts lakilgn",NULL,NULL,"2025-11-04 13:35:16.531705+00"
1722,"7050798852","8109112246","No mnm pic yelem fr",NULL,NULL,"2025-11-04 13:35:17.14412+00"
1723,"7050798852","8109112246","This is my acc hit me bezi @Fukle786",NULL,NULL,"2025-11-04 13:36:16.967453+00"
1724,"7050798852","8109112246","@Fukle786 bezi acc lakilgn",NULL,NULL,"2025-11-04 13:37:22.023809+00"
1725,"7050798852","8109112246","I think connection problem yhonal lkelsh neber message bezi account lakilgn @Fukle786 this bot may not allow things like this",NULL,NULL,"2025-11-04 13:43:38.444715+00"
1726,"8333529926","7168900029","Are u interested?",NULL,NULL,"2025-11-04 13:54:11.757466+00"
1727,"8235079863","558918331","😌",NULL,NULL,"2025-11-04 13:58:04.054082+00"
1728,"558918331","8235079863","Wt",NULL,NULL,"2025-11-04 14:01:20.909219+00"
1729,"7168900029","8333529926","In what",NULL,NULL,"2025-11-04 14:02:11.896526+00"
1730,"8333529926","7168900029","Its clear☺️",NULL,NULL,"2025-11-04 14:02:53.555014+00"
1731,"8235079863","558918331","Ntn I just wanna talk",NULL,NULL,"2025-11-04 14:04:56.867476+00"
1732,"1609398709","8178595410","bro mndn new calm down 😭",NULL,NULL,"2025-11-04 14:15:31.366918+00"
1733,"558918331","8235079863","Ok 
Introduce ur self",NULL,NULL,"2025-11-04 14:17:37.509238+00"
1734,"7168900029","8333529926",NULL,"CAACAgQAAxkDAAFULnxpBu91sX2UprSfPTta9AHwG_nBVwAC7hgAAheYIVMBzmNMKIx6HDYE",NULL,"2025-11-04 14:21:11.503075+00"
1735,"8333529926","7168900029","Its obvious",NULL,NULL,"2025-11-04 14:25:35.205787+00"
1736,"7168900029","8333529926",NULL,"CAACAgQAAxkBAAFa0kppCgzuJFodVJULx8tVaAuuEWUdeAACLxkAAm1oUFBhTjz2O66zUDYE",NULL,"2025-11-04 14:25:50.516976+00"
1737,"7168900029","8333529926",NULL,"CAACAgQAAxkDAAFXeqNpCQNWoTWBZyyOC1A-0Sqh5n_IAQACTBsAAjr26VOrVXhRzXwoUDYE",NULL,"2025-11-04 14:25:51.071049+00"
1738,"7168900029","8333529926","Bruh get out of my face",NULL,NULL,"2025-11-04 14:26:07.73672+00"
1739,"7168900029","8333529926","It's obvious ??? What's obvious that u are ignorant 😃",NULL,NULL,"2025-11-04 14:26:29.293697+00"
1740,"1341748621","1609398709","Hello",NULL,NULL,"2025-11-04 14:26:44.976229+00"
1741,"1609398709","1341748621","hi",NULL,NULL,"2025-11-04 14:27:55.537513+00"
1742,"1341748621","1609398709","You wanna sex with me",NULL,NULL,"2025-11-04 14:28:24.254574+00"
1743,"1609398709","1341748621","no pls kys",NULL,NULL,"2025-11-04 14:28:48.48354+00"
1744,"1341748621","1609398709","Why i wanna sex with you by secret",NULL,NULL,"2025-11-04 14:29:18.888304+00"
1745,"6110336587","5806772573","Heyyy, wt is goin on?
everything good?",NULL,NULL,"2025-11-04 14:37:35.970592+00"
1753,"558918331","8235079863","Can I ask u a question",NULL,NULL,"2025-11-04 14:52:03.947236+00"
2557,"8333529926","454739367","U M or F",NULL,NULL,"2025-11-05 19:07:01.060489+00"
2559,"8333529926","6502408270","U M or F",NULL,NULL,"2025-11-05 19:12:32.607485+00"
2562,"457325288","5014292785","Nice to meet you Gudish fela 😊",NULL,NULL,"2025-11-05 19:14:11.764192+00"
2570,"8333529926","1092294687","Just curious",NULL,NULL,"2025-11-05 19:30:10.191162+00"
2571,"1092294687","8333529926","F",NULL,NULL,"2025-11-05 19:30:47.41625+00"
2575,"5686257332","389256985","Sup",NULL,NULL,"2025-11-05 19:34:09.579807+00"
2577,"6499363352","7231257941","Nah i'll pass up on that
Tnx tho",NULL,NULL,"2025-11-05 19:39:31.653014+00"
2692,"6909260412","8333529926","Hey r u girl",NULL,NULL,"2025-11-07 04:13:32.807016+00"
2793,"7050798852","7813594896","Like u give advice about how to get girls right beteley yemiyamru chikochn?",NULL,NULL,"2025-11-07 12:20:57.613488+00"
2797,"7050798852","7813594896","What",NULL,NULL,"2025-11-07 12:29:54.910211+00"
2802,"8178595410","7214434853","Hello sup",NULL,NULL,"2025-11-07 13:13:57.758907+00"
2803,"8178595410","7214434853","Who is",NULL,NULL,"2025-11-07 13:13:59.312955+00"
1746,"8235079863","558918331","Im afomia 
Freshman 
And cute asfffff",NULL,NULL,"2025-11-04 14:39:42.101729+00"
1751,"8235079863","558918331","Ohhh ok
Nice to meet u yonas😌",NULL,NULL,"2025-11-04 14:48:30.065094+00"
1755,"558918331","8235079863","R u the one who confess about some ppl stare at me ...
First answer this",NULL,NULL,"2025-11-04 14:54:12.062982+00"
1761,"7207009148","8333529926","What fun",NULL,NULL,"2025-11-04 15:01:04.80231+00"
2561,"6502408270","8333529926","U?",NULL,NULL,"2025-11-05 19:12:56.546531+00"
2693,"5756352968","6110336587","Hru 
This feels weird gen seems like talking to a bot",NULL,NULL,"2025-11-07 04:22:24.27901+00"
2696,"5756352968","6110336587","Got it now
Am doing good 
you gibi temari ryt",NULL,NULL,"2025-11-07 04:34:56.790192+00"
2705,"8132883465","8333529926","Male or female?",NULL,NULL,"2025-11-07 04:44:03.65689+00"
2708,"831697106","6110336587","Yeah okay what's good 😊 u a girl?",NULL,NULL,"2025-11-07 04:45:34.726636+00"
2709,"6110336587","831697106","Nah a M",NULL,NULL,"2025-11-07 04:46:06.53332+00"
2794,"7050798852","7813594896","Then how like...",NULL,NULL,"2025-11-07 12:21:17.991643+00"
2796,"7207009148","1259973619","Ok fev_6545",NULL,NULL,"2025-11-07 12:28:43.196061+00"
1747,"558918331","8235079863","Am Yonas 
Accounting 3rd 
And most people think am costra when they see me but am the opp of that😭",NULL,NULL,"2025-11-04 14:43:04.199587+00"
1748,"650462012","5237102694","Whachu mean,why",NULL,NULL,"2025-11-04 14:47:02.84476+00"
1749,"5237102694","650462012","Wanna fuck?",NULL,NULL,"2025-11-04 14:47:40.933986+00"
1752,"558918331","8235079863","R u the one who confess about some ppl stare at me ...",NULL,NULL,"2025-11-04 14:51:41.492347+00"
1754,"8235079863","558918331","Sure",NULL,NULL,"2025-11-04 14:53:27.262214+00"
1758,"5237102694","650462012","I really wanna do that",NULL,NULL,"2025-11-04 14:58:02.062675+00"
1762,"558918331","8235079863","My question is  
why  r u talking to me u feel lonely or wt",NULL,NULL,"2025-11-04 15:02:11.111229+00"
1763,"650462012","5237102694","/confess",NULL,NULL,"2025-11-04 15:17:01.37286+00"
1764,"5237102694","650462012","U r girl right?",NULL,NULL,"2025-11-04 15:25:36.941864+00"
1766,"5237102694","650462012","Pls i really need that...waiting for ur response",NULL,NULL,"2025-11-04 15:27:09.186862+00"
1773,"8235079863","558918331","Wend mesyah naw 
Weys u don't trust setochm",NULL,NULL,"2025-11-04 15:59:55.87232+00"
1785,"558918331","8235079863","AA nesh ende",NULL,NULL,"2025-11-04 16:12:11.25566+00"
1791,"558918331","8235079863","Ye wendoch boarding new eko",NULL,NULL,"2025-11-04 16:14:25.741765+00"
1792,"558918331","8235079863","Unity?? Semichew alakm",NULL,NULL,"2025-11-04 16:14:35.416626+00"
1804,"8235079863","558918331","Nah . High-school miraf academy naw wede ayat",NULL,NULL,"2025-11-04 16:20:37.669553+00"
1805,"8235079863","558918331","Jemo yalwn brunch naw bezu saw miyakw",NULL,NULL,"2025-11-04 16:21:00.685222+00"
1811,"558918331","8235079863","@It_Is_Me_Yon",NULL,NULL,"2025-11-04 16:26:58.052849+00"
1813,"7050798852","7277297826","So r u bi",NULL,NULL,"2025-11-04 16:28:08.798433+00"
1825,"5237102694","7862773644","😘",NULL,NULL,"2025-11-04 17:11:43.8079+00"
1830,"8189007505","841889605","Liking a dudes dick isn't being freaky, it's a disorder",NULL,NULL,"2025-11-04 17:28:41.957956+00"
2563,"8333529926","457325288","U M or F",NULL,NULL,"2025-11-05 19:14:33.845951+00"
2565,"457325288","8333529926","What about u",NULL,NULL,"2025-11-05 19:15:29.976702+00"
2572,"8333529926","1092294687","Ur age, major nd interest",NULL,NULL,"2025-11-05 19:31:52.776298+00"
2585,"1990620507","8178595410","U",NULL,NULL,"2025-11-05 20:10:33.885316+00"
2694,"6110336587","5756352968","Doin good, nd u?
Yeah its kinda weird like u send a txt to a bot then the bot forwarded it😂",NULL,NULL,"2025-11-07 04:26:08.165999+00"
2697,"6110336587","1767733168","Yea, ur not mistaken
U as well ryt",NULL,NULL,"2025-11-07 04:36:15.065417+00"
2799,"7214434853","8178595410","Hey",NULL,NULL,"2025-11-07 12:46:32.884434+00"
1750,"650462012","5237102694","Why u Said that",NULL,NULL,"2025-11-04 14:47:54.518933+00"
1756,"8333529926","7207009148","Hey, wanna hv fun?",NULL,NULL,"2025-11-04 14:54:22.193738+00"
1757,"8235079863","558918331","lol nooo, not me😭😂",NULL,NULL,"2025-11-04 14:57:28.065406+00"
1759,"650462012","5237102694","I saw a guy at the registrar tday,am a Muslim but he's so damn gorgeous dark type skin and i rly like him",NULL,NULL,"2025-11-04 14:58:35.632825+00"
1760,"558918331","8235079863","Ere lemawek new mnm lewt ylwm",NULL,NULL,"2025-11-04 14:58:45.103487+00"
1765,"737484765","5014292785","drop you acc",NULL,NULL,"2025-11-04 15:25:59.702296+00"
1767,"8333529926","7207009148","Its obvious☺️ eko",NULL,NULL,"2025-11-04 15:27:21.752858+00"
1768,"5237102694","650462012","Mn alsh?",NULL,NULL,"2025-11-04 15:36:56.461488+00"
1769,"8235079863","558918331","bro I'm not that desperate😭😭 I just like meeting addis sawochn",NULL,NULL,"2025-11-04 15:42:29.997965+00"
1770,"558918331","8235079863","Sew alaminim specially from confess that's why enji normal new lene",NULL,NULL,"2025-11-04 15:52:59.066718+00"
1771,"8235079863","558918331","Ohh ene rasu
My trust issue beka 😭😭😭😭😭😭😭😭😭😭",NULL,NULL,"2025-11-04 15:57:58.736689+00"
1772,"558918331","8235079863","Yene trust issue related to gender new legizew",NULL,NULL,"2025-11-04 15:59:26.806272+00"
1774,"8235079863","558918331","N?",NULL,NULL,"2025-11-04 15:59:58.046291+00"
1775,"558918331","8235079863","Ay wend bemilew yize new",NULL,NULL,"2025-11-04 16:01:21.588561+00"
1776,"558918331","8235079863","Setoch ga trust issue alegn malet alichilim mknyat nikiki yelegnm most the time dorm game eyetechawetiku new or demo tegnichalew so be setoch lamarir alichilim",NULL,NULL,"2025-11-04 16:02:16.059848+00"
1777,"8235079863","558918331","Ohh okay so Introvert nah malet naw",NULL,NULL,"2025-11-04 16:06:59.189047+00"
1778,"8235079863","558918331","Weys sigma nah😭",NULL,NULL,"2025-11-04 16:07:09.34619+00"
1779,"558918331","8235079863","No huletunm hugne adelem",NULL,NULL,"2025-11-04 16:07:57.166636+00"
1780,"558918331","8235079863","By the way set ga bcha adelem maligibabaw ke wendigam new yihen yahil alaweram ignore aregalew feligew adelem simesilegn yetemarikubet highschool effect new 😭",NULL,NULL,"2025-11-04 16:09:37.307966+00"
1781,"8235079863","558918331","Yet naw yetmarkw 
Saint Joseph ?",NULL,NULL,"2025-11-04 16:10:47.546422+00"
1782,"8235079863","558918331","This means Introvert nah eko",NULL,NULL,"2025-11-04 16:10:57.018953+00"
1783,"558918331","8235079863","Introvert enkuan adelem betam kift AF negn😭 letegibabagn sew",NULL,NULL,"2025-11-04 16:11:41.396353+00"
1784,"558918331","8235079863","St.joseph enkuan adelem endeza ayinet tmro new boarding school wede akaki kality new",NULL,NULL,"2025-11-04 16:12:07.741602+00"
1786,"8235079863","558918331","Okay I gotcha",NULL,NULL,"2025-11-04 16:12:45.051335+00"
1787,"8235079863","558918331","Yea nagn",NULL,NULL,"2025-11-04 16:12:50.276609+00"
1788,"558918331","8235079863","Yt tmro nbrsh",NULL,NULL,"2025-11-04 16:13:03.919971+00"
1789,"8235079863","558918331","Ena boarding normal adl ende",NULL,NULL,"2025-11-04 16:13:13.066913+00"
1790,"8235079863","558918331","Unity",NULL,NULL,"2025-11-04 16:13:17.996756+00"
1793,"8235079863","558918331","Really?",NULL,NULL,"2025-11-04 16:15:28.367805+00"
1794,"8235079863","558918331","Endeeeee how",NULL,NULL,"2025-11-04 16:15:37.932939+00"
1795,"558918331","8235079863","Leyetignaw new reply eko ylwm😭",NULL,NULL,"2025-11-04 16:15:52.441857+00"
1796,"8235079863","558918331","Unity alakwm yalkw nawa . Endet atakwm gerji",NULL,NULL,"2025-11-04 16:16:47.56988+00"
1797,"558918331","8235079863","Unity college new ende",NULL,NULL,"2025-11-04 16:17:16.095528+00"
1798,"558918331","8235079863","Ene eko high school nbr yeteyekush",NULL,NULL,"2025-11-04 16:18:13.767116+00"
1799,"558918331","8235079863","AAU adeleshim malet new",NULL,NULL,"2025-11-04 16:18:21.287107+00"
1800,"8235079863","558918331","Yea adlwm ere",NULL,NULL,"2025-11-04 16:18:58.020232+00"
1801,"558918331","8235079863","Unit uv nesh malet new",NULL,NULL,"2025-11-04 16:19:19.355722+00"
1802,"8235079863","558918331","Unity nagn",NULL,NULL,"2025-11-04 16:19:31.287387+00"
1803,"558918331","8235079863","Ene eko unity alakewum yalkush highschool eyaweran sileneber new",NULL,NULL,"2025-11-04 16:20:05.273943+00"
1806,"558918331","8235079863","Ene mnm malakewus 😭",NULL,NULL,"2025-11-04 16:21:20.159328+00"
1807,"8235079863","558918331","😭😭😭mtsm",NULL,NULL,"2025-11-04 16:21:44.421379+00"
1808,"558918331","8235079863","Yihen yahil bota alakm alinkesakesim that's why",NULL,NULL,"2025-11-04 16:22:05.18991+00"
1809,"558918331","8235079863","Wt if we exchange username",NULL,NULL,"2025-11-04 16:22:17.483197+00"
1810,"8235079863","558918331","Okay send me yanten hi elhlaw",NULL,NULL,"2025-11-04 16:25:56.809131+00"
1812,"7050798852","7277297826","Hey",NULL,NULL,"2025-11-04 16:27:33.895564+00"
1814,"7050798852","7277297826","/confess",NULL,NULL,"2025-11-04 16:39:37.856587+00"
1815,"734987473","6307144522","👀",NULL,NULL,"2025-11-04 16:41:50.817182+00"
1816,"5237102694","7862773644","Hey sup",NULL,NULL,"2025-11-04 16:59:05.376879+00"
1817,"5237102694","7862773644","Are u m/f?",NULL,NULL,"2025-11-04 16:59:12.032936+00"
1818,"7862773644","5237102694","F",NULL,NULL,"2025-11-04 16:59:44.34242+00"
1819,"5237102694","7862773644","Ok can u contact me on telegram?",NULL,NULL,"2025-11-04 17:01:45.782545+00"
1820,"7862773644","5237102694","First r u m/f",NULL,NULL,"2025-11-04 17:02:28.751294+00"
1821,"5237102694","7862773644","Im M",NULL,NULL,"2025-11-04 17:03:15.243931+00"
1822,"5237102694","7862773644","U want m or f?",NULL,NULL,"2025-11-04 17:03:28.170386+00"
1823,"7862773644","5237102694","@Pbyaa_1",NULL,NULL,"2025-11-04 17:03:55.411661+00"
1824,"5237102694","7862773644","Can u frist say hi on my  tg username",NULL,NULL,"2025-11-04 17:10:39.177083+00"
1826,"5237102694","7862773644","Huh u said hi?",NULL,NULL,"2025-11-04 17:12:18.246937+00"
1827,"5237102694","7862773644","Username:Happything_s",NULL,NULL,"2025-11-04 17:12:24.982226+00"
1828,"5280617271","1609398709","Hey . I was the one who requested a message for you . Could u leave me ur Username here",NULL,NULL,"2025-11-04 17:14:29.999858+00"
1829,"5280617271","1609398709","Hey . I was the one who requested a message for you . Could u leave me ur Username here",NULL,NULL,"2025-11-04 17:16:41.172419+00"
1831,"8333529926","7207009148","Heyyy
I really need u so bad right now 
Are u in 6 kilo
Pls come nd lets hv fun i swera u will enjoy it☺️",NULL,NULL,"2025-11-04 18:11:54.925835+00"
1832,"8333529926","7207009148","Lets meet at the stadium",NULL,NULL,"2025-11-04 18:12:48.413045+00"
1833,"2056021138","6499363352","Hey",NULL,NULL,"2025-11-04 18:45:31.51069+00"
1834,"6499363352","2056021138","Hi",NULL,NULL,"2025-11-04 18:47:00.503921+00"
1835,"2056021138","6499363352","What is ur real name 🧐",NULL,NULL,"2025-11-04 18:58:17.929379+00"
1836,"1246961688","466664482","Hello",NULL,NULL,"2025-11-04 19:15:00.885321+00"
1837,"8333529926","466664482","Heyy
Wanna hv fun?
I think u wanna date someone",NULL,NULL,"2025-11-04 19:16:23.808668+00"
1838,"8333529926","466664482","Someone new",NULL,NULL,"2025-11-04 19:17:13.894268+00"
1839,"466664482","8333529926","Huh",NULL,NULL,"2025-11-04 19:17:36.520688+00"
1840,"8333529926","466664482","Wanna hv fun? Like right now",NULL,NULL,"2025-11-04 19:18:21.117517+00"
1841,"466664482","8333529926","Ew leave me alone enda",NULL,NULL,"2025-11-04 19:18:40.984745+00"
1842,"8333529926","466664482","Pls come nd lets hv fun i swear u will enjoy it☺️
if u wanna see የደስታን ጥግ 
Lets meet at the stadium",NULL,NULL,"2025-11-04 19:20:40.909895+00"
1843,"2056021138","6499363352","I mean what's ur name",NULL,NULL,"2025-11-04 19:22:23.218799+00"
1844,"6499363352","2056021138","Other she",NULL,NULL,"2025-11-04 19:22:58.948584+00"
1845,"6499363352","2056021138","Other she is my name",NULL,NULL,"2025-11-04 19:23:10.473126+00"
1846,"2056021138","6499363352","Nah..ur real name",NULL,NULL,"2025-11-04 19:24:22.542186+00"
1847,"8333529926","1020692984","Heyy",NULL,NULL,"2025-11-04 19:26:11.217239+00"
1848,"8379107583","5204985308","Hey it's me here and I've a little advice for u and I guess it might be helpful for ya✌️",NULL,NULL,"2025-11-04 19:26:50.301896+00"
1849,"6499363352","2056021138","I aint gonna tell u that",NULL,NULL,"2025-11-04 19:27:22.0522+00"
1850,"2056021138","6499363352","Aight....what year are u",NULL,NULL,"2025-11-04 19:27:59.997535+00"
1851,"2056021138","6499363352","This bot sucks...send me ir username",NULL,NULL,"2025-11-04 19:28:49.758227+00"
1852,"6499363352","2056021138","Bruh i talk a lot to be sharing private info sorry",NULL,NULL,"2025-11-04 19:36:39.003536+00"
1853,"2056021138","6499363352","What u wanna talk about then",NULL,NULL,"2025-11-04 19:37:35.629568+00"
1854,"7231257941","7838626961","Hi ☺️ no reason I just want talk with u 🥹",NULL,NULL,"2025-11-04 19:37:41.663666+00"
1855,"7838626961","7231257941","/confess",NULL,NULL,"2025-11-04 19:42:16.522236+00"
1856,"7231257941","7838626961","Hi ☺️ no reason I just want talk with u 🥹",NULL,NULL,"2025-11-04 19:43:15.60849+00"
1857,"7838626961","7231257941","Ok hii",NULL,NULL,"2025-11-04 19:43:40.061892+00"
1859,"7838626961","7231257941","I'm good , and you?",NULL,NULL,"2025-11-04 19:44:55.204063+00"
1860,"7231257941","7838626961","I'm fine nice too Meet u let's get to know each other I am firaol ☺️",NULL,NULL,"2025-11-04 19:47:02.539431+00"
1864,"6499363352","2056021138","Good for u",NULL,NULL,"2025-11-04 19:55:44.98758+00"
1887,"1115129736","1201453400","Exactly",NULL,NULL,"2025-11-04 20:13:14.326484+00"
2566,"8333529926","1459730751","U m or f",NULL,NULL,"2025-11-05 19:25:05.431348+00"
2573,"1092294687","8333529926","😂😂what ru trying to do?",NULL,NULL,"2025-11-05 19:32:15.660937+00"
2574,"8333529926","1092294687","Just tell me ende😂",NULL,NULL,"2025-11-05 19:33:06.784027+00"
2695,"6110336587","1767733168","Hey, hyd?
This feels weird gen seems like talking to a bot",NULL,NULL,"2025-11-07 04:30:48.332388+00"
2698,"8333529926","8132883465","Hey, hyd?",NULL,NULL,"2025-11-07 04:40:57.686962+00"
2699,"6110336587","831697106","Hey, hyd?",NULL,NULL,"2025-11-07 04:41:31.931663+00"
2800,"6633997755","8072898920","Hello",NULL,NULL,"2025-11-07 12:49:16.372131+00"
2801,"7813594896","7050798852","Yetewkuh makes no sense  😕 batyign mn yefexral",NULL,NULL,"2025-11-07 12:50:05.408694+00"
1858,"7231257941","7838626961","Hiii😊 how are u doing",NULL,NULL,"2025-11-04 19:44:18.510987+00"
1861,"2056021138","6499363352","So what u wanna talk about",NULL,NULL,"2025-11-04 19:53:46.994198+00"
1862,"6499363352","2056021138","Idk
U want advice or sumn?",NULL,NULL,"2025-11-04 19:55:14.203216+00"
1863,"2056021138","6499363352","😂😂😂oh hell yeah...",NULL,NULL,"2025-11-04 19:55:44.305853+00"
1865,"2056021138","6499363352","So give me advice on anything u want",NULL,NULL,"2025-11-04 19:56:22.424893+00"
1866,"6499363352","2056021138","The good for u wasnt too u btw😭
It was a comment the bot messed it up
Ask and u shall receive",NULL,NULL,"2025-11-04 19:57:50.680958+00"
1869,"6499363352","2056021138","Dont f around 
If school aint for u quit soon and dont waste ur time
Dont be misogynistic 
Being racist stinks so dont do that 
Dont makw fun of ppl its rude be kind to everyone it wont cost u anything and try to be positive in any situation",NULL,NULL,"2025-11-04 20:01:04.367026+00"
1888,"1201453400","1115129736","I guess that makes us agnostics🤷‍♀️",NULL,NULL,"2025-11-04 20:13:24.860977+00"
2578,"8178595410","1990620507","He sup",NULL,NULL,"2025-11-05 20:09:06.421111+00"
2584,"8178595410","1990620507","Fuck u niggaa😭😭😂",NULL,NULL,"2025-11-05 20:10:32.801643+00"
2590,"1990620507","8178595410","By the way be cool if you are obsessed the become harder for u eyfelke endalfelege",NULL,NULL,"2025-11-05 20:13:05.011413+00"
2601,"7050798852","829653636","Sra Ken lay slehonku mata mata abren masterbation enaregalen haye",NULL,NULL,"2025-11-05 21:19:42.765864+00"
2700,"8132883465","8333529926","Sup buddy 
Who is this",NULL,NULL,"2025-11-07 04:42:24.863525+00"
2702,"6191862654","6909260412","Hello",NULL,NULL,"2025-11-07 04:42:44.500169+00"
2703,"831697106","6110336587","Keyetgnaw vent nw?",NULL,NULL,"2025-11-07 04:42:58.892597+00"
2704,"8333529926","8132883465","Well u don't know me
Ur campus nd interest?",NULL,NULL,"2025-11-07 04:43:16.287753+00"
2710,"831697106","6110336587","Okay broski so what can i help you with?",NULL,NULL,"2025-11-07 04:46:34.855169+00"
2712,"8333529926","8132883465","Nah nah
Lets try nd u will hv fun fr like
U will enjoy urself, u can get anything from me like wt female would w u
Like to hv fun",NULL,NULL,"2025-11-07 04:49:16.122061+00"
2806,"5934419901","7501176620","hi there",NULL,NULL,"2025-11-07 15:26:28.023949+00"
1867,"2056021138","6499363352","😂😂okay....so give me any advice that you think will help me",NULL,NULL,"2025-11-04 19:59:18.249209+00"
1868,"2056021138","6499363352","Btw is this safe chat😭",NULL,NULL,"2025-11-04 20:00:09.884617+00"
2579,"1990620507","8178595410","Hey",NULL,NULL,"2025-11-05 20:09:55.329484+00"
2588,"8178595410","1990620507","Mebedat ymtfeleg set takalek ende?",NULL,NULL,"2025-11-05 20:11:19.096263+00"
2589,"1990620507","8178595410","U have good dick",NULL,NULL,"2025-11-05 20:11:45.686316+00"
2594,"1990620507","8178595410","Am m need friend with benefit",NULL,NULL,"2025-11-05 20:16:37.151277+00"
2701,"831697106","6110336587","Im good u",NULL,NULL,"2025-11-07 04:42:36.212891+00"
2706,"6110336587","831697106","From the man who appeared it the gir's bathroom",NULL,NULL,"2025-11-07 04:44:38.991631+00"
2807,"7501176620","5934419901","What up",NULL,NULL,"2025-11-07 15:27:06.212844+00"
1870,"6499363352","2056021138","Lol cliché mkr new gn tekebel",NULL,NULL,"2025-11-04 20:01:13.900178+00"
1871,"6499363352","2056021138","I hope it is safe",NULL,NULL,"2025-11-04 20:01:24.409001+00"
1873,"6499363352","2056021138","Ikr cliche",NULL,NULL,"2025-11-04 20:04:52.870305+00"
1875,"1115129736","1201453400","Ok",NULL,NULL,"2025-11-04 20:08:32.288772+00"
1876,"1201453400","1115129736","Okay?",NULL,NULL,"2025-11-04 20:09:13.183956+00"
1880,"6499363352","2056021138","Nonchalant shii😏",NULL,NULL,"2025-11-04 20:11:39.877938+00"
1881,"1201453400","1115129736","I was confused😭",NULL,NULL,"2025-11-04 20:11:55.437106+00"
1882,"6499363352","2056021138","Lol nah i jst wanna comment freely",NULL,NULL,"2025-11-04 20:11:57.893297+00"
2580,"8178595410","1990620507","U request me to chat right?",NULL,NULL,"2025-11-05 20:10:08.258697+00"
2581,"8178595410","1990620507","Ru m or f?",NULL,NULL,"2025-11-05 20:10:16.810744+00"
2591,"8178595410","1990620507","Yea dicke betam tilk nw ymr...gn set atawut lemekekat😏",NULL,NULL,"2025-11-05 20:13:52.373103+00"
2593,"1990620507","8178595410","Class yelum",NULL,NULL,"2025-11-05 20:15:31.953368+00"
2597,"1990620507","8178595410","No one is like that everybody needs",NULL,NULL,"2025-11-05 20:17:19.462205+00"
2711,"8132883465","8333529926","Alright am lesb , and I don't want male",NULL,NULL,"2025-11-07 04:47:50.256374+00"
2713,"8132883465","8333529926","Nah stapp it",NULL,NULL,"2025-11-07 04:53:22.644375+00"
2808,"5934419901","7501176620","I have seen ur  thoughts its kinda......",NULL,NULL,"2025-11-07 15:28:45.798942+00"
1872,"2056021138","6499363352","This looks the advice chat gpt gave me😭😂",NULL,NULL,"2025-11-04 20:03:57.866405+00"
1874,"2056021138","6499363352","So what year are you",NULL,NULL,"2025-11-04 20:05:47.268241+00"
1877,"6499363352","2056021138","No personal info sorry",NULL,NULL,"2025-11-04 20:10:03.087571+00"
1878,"2056021138","6499363352","Aight 😂u mysterious or wha??",NULL,NULL,"2025-11-04 20:10:59.179866+00"
1879,"1115129736","1201453400","That wasn't wat i mean't to send",NULL,NULL,"2025-11-04 20:11:28.463583+00"
1883,"1115129736","1201453400","Saw u talkin abt god and athiest stuff",NULL,NULL,"2025-11-04 20:12:03.870679+00"
1884,"1115129736","1201453400","And am kinda in simillar situation",NULL,NULL,"2025-11-04 20:12:45.669422+00"
1885,"2056021138","6499363352","Tbh...this ain't nonchalant 🥲😅",NULL,NULL,"2025-11-04 20:12:55.372109+00"
1886,"1201453400","1115129736","As in you don't know where you stand?",NULL,NULL,"2025-11-04 20:13:01.8252+00"
1889,"1201453400","1115129736","Im very passionate and curious about this tbh",NULL,NULL,"2025-11-04 20:13:40.979176+00"
1890,"6499363352","2056021138","Ik ik",NULL,NULL,"2025-11-04 20:13:48.411622+00"
1891,"2056021138","6499363352","I mean..still won't affect it",NULL,NULL,"2025-11-04 20:13:51.80038+00"
1892,"6499363352","2056021138","Are u the 67 guy 
Ur bad at jokes",NULL,NULL,"2025-11-04 20:14:02.825585+00"
1893,"7050798852","8109112246","Let's make out  were u at",NULL,NULL,"2025-11-04 20:14:09.175993+00"
1894,"6499363352","2056021138","It will affect it",NULL,NULL,"2025-11-04 20:14:20.934521+00"
1895,"2056021138","6499363352","😂😂😂cmonn...i feel violated fr",NULL,NULL,"2025-11-04 20:14:44.08557+00"
1896,"1115129736","1201453400","Me too like alot  of  terrible things happened in my life ena  i can't see where this relgion helped me",NULL,NULL,"2025-11-04 20:14:55.400837+00"
1897,"1201453400","1115129736","Oh I see. That's a very rough place to be",NULL,NULL,"2025-11-04 20:16:00.414325+00"
1898,"1115129736","1201453400","May i ask wat u religion is",NULL,NULL,"2025-11-04 20:16:02.974429+00"
1899,"1201453400","1115129736","Religion by itself or what I was raised as?",NULL,NULL,"2025-11-04 20:16:23.005716+00"
1900,"1115129736","1201453400","And why have this doubts",NULL,NULL,"2025-11-04 20:16:33.492225+00"
1901,"2056021138","6499363352","This looks like reverse pickup line",NULL,NULL,"2025-11-04 20:16:53.654668+00"
1902,"1115129736","1201453400","Wat do u believe in are u orthodox,protestant...",NULL,NULL,"2025-11-04 20:17:17.249417+00"
1903,"7050798852","8109112246","/confess",NULL,NULL,"2025-11-04 20:17:43.64781+00"
1904,"1201453400","1115129736","My doubts mostly started from how the world around me is. I haven't really gone through much tbh",NULL,NULL,"2025-11-04 20:17:48.59662+00"
1905,"1201453400","1115129736","Protestant. You?",NULL,NULL,"2025-11-04 20:17:58.539231+00"
1906,"7050798852","8109112246","/confess",NULL,NULL,"2025-11-04 20:18:15.709923+00"
1907,"1115129736","1201453400","ortho.",NULL,NULL,"2025-11-04 20:19:05.600996+00"
1908,"1201453400","1115129736","Cool",NULL,NULL,"2025-11-04 20:19:53.008984+00"
1909,"1115129736","1201453400","From wat u observe around u right",NULL,NULL,"2025-11-04 20:19:58.82002+00"
1910,"1201453400","1115129736","Yesss",NULL,NULL,"2025-11-04 20:20:06.247569+00"
1911,"1201453400","1115129736","What was your case?",NULL,NULL,"2025-11-04 20:20:10.953629+00"
1912,"1115129736","1201453400","Can i give u my username",NULL,NULL,"2025-11-04 20:20:52.601263+00"
1913,"1115129736","1201453400","So we could chat there",NULL,NULL,"2025-11-04 20:21:00.692012+00"
1914,"1115129736","1201453400","@Grandward679",NULL,NULL,"2025-11-04 20:22:14.480836+00"
1915,"1115129736","1201453400","If u don't feel comfortable it's cool",NULL,NULL,"2025-11-04 20:22:51.483994+00"
1916,"1201453400","1115129736","I don't mind",NULL,NULL,"2025-11-04 20:25:08.466405+00"
1917,"5256285571","1846368634","Why are you suggesting cheating in a peacefull relationship lol",NULL,NULL,"2025-11-04 20:33:27.442722+00"
1918,"5256285571","1846368634","How old r you tho ?",NULL,NULL,"2025-11-04 20:33:33.918176+00"
1919,"1846368634","7080234868","forgot to add that she should leave him first",NULL,NULL,"2025-11-04 20:38:20.40478+00"
1920,"7050798852","8109112246","Let's make out where u at",NULL,NULL,"2025-11-04 20:39:27.717817+00"
1921,"1846368634","5256285571","forgot to add that she should leave him first",NULL,NULL,"2025-11-04 20:41:34.324598+00"
1922,"5256285571","1846368634","Tenegna aydeleshm anchima 😂😂",NULL,NULL,"2025-11-04 20:42:47.964184+00"
1923,"5256285571","1846368634","Ewnetm local witch 💀",NULL,NULL,"2025-11-04 20:43:15.627222+00"
1924,"1846368634","5256285571","cheat kemetarg ayishalem beleh nw🙂",NULL,NULL,"2025-11-04 20:43:44.021332+00"
1925,"5256285571","1846368634","At first place why would u even recommend such ideas ende",NULL,NULL,"2025-11-04 20:44:18.301008+00"
1926,"5256285571","1846368634","Instead interest lose endatareg help miyadergatn hasab post ataregim nbr ?",NULL,NULL,"2025-11-04 20:44:45.079117+00"
1927,"1846368634","5256285571","cause i want to tf, and she asked for it",NULL,NULL,"2025-11-04 20:44:45.388065+00"
1928,"5699373461","7758177630","Hey",NULL,NULL,"2025-11-04 20:44:45.982695+00"
1929,"5256285571","1846368634","Weys u a cheater too",NULL,NULL,"2025-11-04 20:44:51.843812+00"
1930,"1846368634","5256285571","who are you the cheater police?",NULL,NULL,"2025-11-04 20:45:03.858648+00"
1931,"5256285571","1846368634","How old u ? Fr 😂",NULL,NULL,"2025-11-04 20:45:24.63366+00"
1932,"1846368634","5256285571","probably older than you, how old are you",NULL,NULL,"2025-11-04 20:45:46.381366+00"
1933,"5256285571","1846368634","Thats In yo dream shawty",NULL,NULL,"2025-11-04 20:46:12.175549+00"
1934,"5256285571","1846368634","Am 26",NULL,NULL,"2025-11-04 20:46:16.736878+00"
1935,"5256285571","1846368634","U probly 20 - 21",NULL,NULL,"2025-11-04 20:46:24.326934+00"
1936,"1846368634","5256285571","i'm 22 genius",NULL,NULL,"2025-11-04 20:46:35.880468+00"
1937,"1846368634","5256285571","what you doing here anyways, you're too old for this channel",NULL,NULL,"2025-11-04 20:46:48.804172+00"
1938,"5256285571","1846368634","Oohhhhh that's why I understand",NULL,NULL,"2025-11-04 20:46:55.007082+00"
1939,"1846368634","5256285571","oh you do now?",NULL,NULL,"2025-11-04 20:47:03.975758+00"
1940,"5256285571","1846368634","Yeah expected behaviour at this age 🥸",NULL,NULL,"2025-11-04 20:47:26.217979+00"
1941,"5256285571","1846368634","To teach you not to cheat honey",NULL,NULL,"2025-11-04 20:47:46.084253+00"
1942,"1846368634","5256285571","good then it means i'm on the right track",NULL,NULL,"2025-11-04 20:48:06.860299+00"
1943,"1846368634","5256285571","no you just don't have a life for sure",NULL,NULL,"2025-11-04 20:48:35.0248+00"
1944,"5256285571","1846368634","You're on a right track to hell sweetheart",NULL,NULL,"2025-11-04 20:48:36.999289+00"
1945,"7868086659","7826484265","Why",NULL,NULL,"2025-11-04 20:48:45.735677+00"
1946,"1846368634","5256285571","good thing i'm atheist eh?",NULL,NULL,"2025-11-04 20:48:49.62975+00"
1947,"5256285571","1846368634","Are youuuu ???",NULL,NULL,"2025-11-04 20:49:02.865121+00"
1948,"1846368634","5256285571","YEAHHHHHHHHHHHHHHH",NULL,NULL,"2025-11-04 20:49:15.632896+00"
1949,"5256285571","1846368634","Life more than you expect",NULL,NULL,"2025-11-04 20:49:19.89156+00"
1950,"5256285571","1846368634","Philosophy new majorish ?",NULL,NULL,"2025-11-04 20:49:34.620784+00"
1951,"1846368634","5256285571","hell no, medical student here",NULL,NULL,"2025-11-04 20:49:53.062994+00"
1952,"5256285571","1846368634","Then ?",NULL,NULL,"2025-11-04 20:50:05.606351+00"
1953,"1846368634","5256285571","ante sera yelehem koy ategnam",NULL,NULL,"2025-11-04 20:50:07.646571+00"
1954,"1846368634","5256285571","then what?",NULL,NULL,"2025-11-04 20:50:10.973926+00"
1955,"5014292785","299850552","Hii",NULL,NULL,"2025-11-04 20:50:16.949101+00"
1956,"5256285571","1846368634","Teregna negn sra bota",NULL,NULL,"2025-11-04 20:50:18.286217+00"
1957,"5256285571","1846368634","What's ur major",NULL,NULL,"2025-11-04 20:50:40.900222+00"
1958,"299850552","5014292785","Hello",NULL,NULL,"2025-11-04 20:50:52.457095+00"
1959,"5014292785","299850552","Hru",NULL,NULL,"2025-11-04 20:51:04.760585+00"
1960,"299850552","5014292785","Im good how are you?",NULL,NULL,"2025-11-04 20:51:16.241371+00"
1961,"5014292785","299850552","I'm good",NULL,NULL,"2025-11-04 20:51:25.707224+00"
1962,"1846368634","5256285571","told you i'm a medical student",NULL,NULL,"2025-11-04 20:51:38.329068+00"
1963,"5256285571","1846368634","Sanitewawek le enkilfe endezi ketechenekshilgn, imagine if we get to know .... 

Sweet of you",NULL,NULL,"2025-11-04 20:51:44.639061+00"
1964,"299850552","5014292785","What's your name?",NULL,NULL,"2025-11-04 20:52:01.230513+00"
1965,"5256285571","1846368634","Many branches of medicine",NULL,NULL,"2025-11-04 20:52:01.470667+00"
1967,"1846368634","5256285571","the main one",NULL,NULL,"2025-11-04 20:52:15.158653+00"
1970,"5256285571","1846368634","C2",NULL,NULL,"2025-11-04 20:52:28.32711+00"
1966,"1846368634","5256285571","nigga idc about you just wondering why a grown ass man is arguing with me on a chatbot lol",NULL,NULL,"2025-11-04 20:52:10.019961+00"
1971,"5256285571","1846368634","Pc1 ?",NULL,NULL,"2025-11-04 20:52:31.752742+00"
1974,"1846368634","5256285571","mtsum",NULL,NULL,"2025-11-04 20:53:56.951899+00"
1976,"5256285571","1846368634","Answer my question first",NULL,NULL,"2025-11-04 20:54:27.20213+00"
1978,"5014292785","299850552","Hana you?",NULL,NULL,"2025-11-04 20:54:34.107906+00"
1994,"5256285571","1846368634","Kinda busy with work.",NULL,NULL,"2025-11-04 20:57:08.915365+00"
1997,"5256285571","1846368634","Yet new mtmariw ?",NULL,NULL,"2025-11-04 20:58:28.157339+00"
2002,"5256285571","1846368634","Ain't gonna kidnap u kid",NULL,NULL,"2025-11-04 20:59:20.259762+00"
2003,"1846368634","5256285571","that's something a kidnaper would say",NULL,NULL,"2025-11-04 20:59:36.873244+00"
2013,"5256285571","1846368634","Btw. New research suggests that medical students tend to cheat more",NULL,NULL,"2025-11-04 21:02:23.95249+00"
2020,"5256285571","1846368634","Leba enat, lijuan atamnm yibalal",NULL,NULL,"2025-11-04 21:03:25.751616+00"
2023,"5256285571","1846368634","Leba 🙈",NULL,NULL,"2025-11-04 21:04:00.58645+00"
2033,"1846368634","5256285571","not true, you expect less from everyone so you don't get disappointed when they fuck you over and also you care less about stuff and do what you want",NULL,NULL,"2025-11-04 21:05:36.48102+00"
2035,"5256285571","1846368634","That's what I smell",NULL,NULL,"2025-11-04 21:06:12.165659+00"
2040,"5256285571","1846368634","Tey tey miss witch",NULL,NULL,"2025-11-04 21:06:44.791228+00"
2041,"1846368634","5256285571","now that i've seen what you look like you're in danger",NULL,NULL,"2025-11-04 21:07:17.821888+00"
2060,"1846368634","5256285571","unless i got to you first",NULL,NULL,"2025-11-04 21:12:15.482559+00"
2061,"5256285571","1846368634","Mndnw mtaswerign anchi lij",NULL,NULL,"2025-11-04 21:12:16.081353+00"
2062,"1846368634","5256285571","hahaha you're scared",NULL,NULL,"2025-11-04 21:12:31.802642+00"
2064,"5014292785","299850552","Oh nice do you enjoy coding or is it for the money",NULL,NULL,"2025-11-04 21:13:04.926757+00"
2067,"5256285571","1846368634","U got tselot metsehaf",NULL,NULL,"2025-11-04 21:13:46.779475+00"
2068,"299850552","5014292785","A little bit of both",NULL,NULL,"2025-11-04 21:13:53.660998+00"
2074,"1846368634","5256285571","no actually you need help, you're the one with imaginary friends at this big age💀",NULL,NULL,"2025-11-04 21:15:34.343006+00"
2082,"5256285571","1846368634","Since you said this",NULL,NULL,"2025-11-04 21:17:29.997644+00"
2083,"299850552","5014292785","I'm a self sponsored student but yeah it is a very very competitive department my class is full of smart kids its hard to catchup",NULL,NULL,"2025-11-04 21:17:39.776387+00"
2084,"1846368634","5256285571","would you believe me if i do lol",NULL,NULL,"2025-11-04 21:17:43.281482+00"
2099,"5256285571","1846368634","Option 2 ?",NULL,NULL,"2025-11-04 21:21:13.802416+00"
2100,"299850552","5014292785","Hehe ik you are",NULL,NULL,"2025-11-04 21:21:36.50838+00"
2109,"5014292785","299850552","19 cuz I'm 19 myself beyanes ekul enhun enji",NULL,NULL,"2025-11-04 21:37:12.116185+00"
2110,"299850552","5014292785","fair enough",NULL,NULL,"2025-11-04 21:37:52.164778+00"
2113,"5014292785","299850552","What's the smallest age  u would date ante",NULL,NULL,"2025-11-04 21:40:46.437696+00"
2114,"299850552","5014292785","19 cause 18 would be so weird me dating a girl as soon as she becomes legal",NULL,NULL,"2025-11-04 21:42:14.813785+00"
2116,"299850552","5014292785","Ikr hehe",NULL,NULL,"2025-11-04 21:44:34.706019+00"
2117,"299850552","5014292785","What's the highest you'd go for tho",NULL,NULL,"2025-11-04 21:44:41.975349+00"
2118,"5014292785","299850552","26 mnamn wbu",NULL,NULL,"2025-11-04 21:46:07.357348+00"
2119,"299850552","5014292785","prolly 21",NULL,NULL,"2025-11-04 21:47:05.600279+00"
2121,"5014292785","299850552","You're 21 yourself and the highest you would go for is 21?",NULL,NULL,"2025-11-04 21:47:49.533845+00"
2582,"1990620507","8178595410","Yap",NULL,NULL,"2025-11-05 20:10:18.118451+00"
2583,"1990620507","8178595410","M",NULL,NULL,"2025-11-05 20:10:22.931647+00"
2586,"8178595410","1990620507","Enem set eyefelekut nw eko😂",NULL,NULL,"2025-11-05 20:10:50.57423+00"
2596,"1990620507","8178595410","Haha",NULL,NULL,"2025-11-05 20:17:01.3429+00"
2809,"7501176620","5934419901","Kinda.... ?",NULL,NULL,"2025-11-07 15:30:08.995528+00"
2829,"6149607586","1103065697","No  am not like that u will understand that  when we talk",NULL,NULL,"2025-11-07 16:34:48.270606+00"
2835,"6149607586","1103065697","Why are you silent?",NULL,NULL,"2025-11-07 16:41:55.442064+00"
2837,"1103065697","6149607586","I don't think we have the same vibe😬",NULL,NULL,"2025-11-07 16:51:19.378794+00"
1968,"1846368634","5256285571","medical doctor",NULL,NULL,"2025-11-04 20:52:21.474174+00"
1969,"5256285571","1846368634","C1 ?",NULL,NULL,"2025-11-04 20:52:24.830153+00"
1984,"5256285571","1846368634","Okayyyyyy",NULL,NULL,"2025-11-04 20:55:38.705225+00"
1985,"5256285571","1846368634","Business management 
Nurse",NULL,NULL,"2025-11-04 20:56:05.457554+00"
1987,"299850552","5014292785","Nice to meet you Hana, my name's Bonie",NULL,NULL,"2025-11-04 20:56:26.492051+00"
2000,"1846368634","5256285571","sorry",NULL,NULL,"2025-11-04 20:59:00.165468+00"
2018,"299850552","5014292785","nope not in aau",NULL,NULL,"2025-11-04 21:03:12.992253+00"
2019,"1846368634","5256285571","no and i think everyone cheats\",NULL,NULL,"2025-11-04 21:03:21.192729+00"
2051,"1846368634","5256285571","are you scared?",NULL,NULL,"2025-11-04 21:10:20.044236+00"
2052,"299850552","5014292785","Software 5kilo",NULL,NULL,"2025-11-04 21:10:39.658714+00"
2056,"1846368634","5256285571","ouchhh",NULL,NULL,"2025-11-04 21:11:24.556223+00"
2063,"5256285571","1846368634","Ene kidus menfes yitebkegnal 🤷‍♂",NULL,NULL,"2025-11-04 21:12:45.097031+00"
2065,"5256285571","1846368634","Gin I could help you to get u out this",NULL,NULL,"2025-11-04 21:13:09.551195+00"
2066,"5256285571","1846368634","Mata mata abren entselyalen",NULL,NULL,"2025-11-04 21:13:36.40092+00"
2069,"299850552","5014292785","i enjoy coding and it so happen to be a high paying job hehe",NULL,NULL,"2025-11-04 21:14:19.110403+00"
2070,"1846368634","5256285571","gurl😂 gerare here",NULL,NULL,"2025-11-04 21:14:26.205966+00"
2071,"1846368634","5256285571","do i look like i need help",NULL,NULL,"2025-11-04 21:14:34.459153+00"
2075,"5256285571","1846368634","All the words you mention are like 

Atheist
Cheat 
Witch
Hoax",NULL,NULL,"2025-11-04 21:15:45.96209+00"
2094,"5256285571","1846368634","Won't u ask mine ?",NULL,NULL,"2025-11-04 21:20:26.863586+00"
2095,"1846368634","5256285571","okay what's your name",NULL,NULL,"2025-11-04 21:20:41.530487+00"
2096,"5014292785","299850552","I'm jk dw",NULL,NULL,"2025-11-04 21:20:46.379953+00"
2097,"5256285571","1846368634","Yonathan",NULL,NULL,"2025-11-04 21:20:54.186461+00"
2101,"1846368634","5256285571","good talk, but i gotta go now",NULL,NULL,"2025-11-04 21:21:39.447625+00"
2102,"299850552","5014292785","Sentegna amet nesh?",NULL,NULL,"2025-11-04 21:21:44.484441+00"
2105,"5014292785","299850552","2nd wbu",NULL,NULL,"2025-11-04 21:22:40.176519+00"
2592,"8178595410","1990620507","What do u mean man?",NULL,NULL,"2025-11-05 20:14:41.823455+00"
2810,"5934419901","7501176620","am realy attracted by ur thoughts It realy sweet 💋",NULL,NULL,"2025-11-07 15:32:34.419099+00"
2813,"5934419901","7501176620","It doesn't matter as long as you have long 🍆🍆",NULL,NULL,"2025-11-07 15:59:50.754395+00"
2819,"7501176620","5934419901","Send a flick",NULL,NULL,"2025-11-07 16:07:42.696593+00"
2827,"6149607586","1103065697","@haileleultaye",NULL,NULL,"2025-11-07 16:32:05.367573+00"
2833,"1609398709","6048970412","? winter",NULL,NULL,"2025-11-07 16:40:31.830415+00"
1972,"1846368634","5256285571","why are you leaving 10 gize",NULL,NULL,"2025-11-04 20:53:36.807536+00"
1973,"5256285571","1846368634","Tesasche leave eyalkut fr sry",NULL,NULL,"2025-11-04 20:53:48.437782+00"
1981,"5256285571","1846368634","Wayy to internship huhhhh",NULL,NULL,"2025-11-04 20:55:22.781889+00"
1982,"5256285571","1846368634","Okayyyy Doc",NULL,NULL,"2025-11-04 20:55:28.172655+00"
2008,"5256285571","1846368634","Takr a deep look esti. Here u go",NULL,NULL,"2025-11-04 21:00:25.526236+00"
2043,"1846368634","5256285571","i can easily put a hoax on you lol",NULL,NULL,"2025-11-04 21:07:31.362312+00"
2048,"1846368634","5256285571","the spirits don't like that",NULL,NULL,"2025-11-04 21:09:46.707887+00"
2053,"5256285571","1846368634","You gon send them through text tf u mean u scared ? 😂",NULL,NULL,"2025-11-04 21:10:52.280361+00"
2072,"1846368634","5256285571","sweet of you but no",NULL,NULL,"2025-11-04 21:14:37.813262+00"
2598,"8178595410","1609398709","Hey sup",NULL,NULL,"2025-11-05 20:19:37.376224+00"
2811,"5934419901","7501176620","????",NULL,NULL,"2025-11-07 15:43:05.951593+00"
1975,"1846368634","5256285571","what's your job btw",NULL,NULL,"2025-11-04 20:54:03.59855+00"
1979,"1846368634","5256285571","what was your question?",NULL,NULL,"2025-11-04 20:54:37.516512+00"
1998,"5256285571","1846368634","Paulo's ?",NULL,NULL,"2025-11-04 20:58:32.348849+00"
1999,"1846368634","5256285571","now i'm not gonna give out that info",NULL,NULL,"2025-11-04 20:58:55.929531+00"
2001,"5256285571","1846368634","Bruhhhh",NULL,NULL,"2025-11-04 20:59:10.509258+00"
2009,"299850552","5014292785","Hehe yeahh, not a lot of bonie. Hulet sew agignchalew with that name so far tho",NULL,NULL,"2025-11-04 21:00:41.339188+00"
2012,"5256285571","1846368634","Or just a person who trusts everything, like I do",NULL,NULL,"2025-11-04 21:01:37.927874+00"
2017,"1846368634","5256285571","skeptical for sure i don't trust anyone",NULL,NULL,"2025-11-04 21:03:00.905095+00"
2021,"5256285571","1846368634","Were they talking about u lol ?",NULL,NULL,"2025-11-04 21:03:38.891085+00"
2022,"1846368634","5256285571","probably",NULL,NULL,"2025-11-04 21:03:46.500688+00"
2027,"1846368634","5256285571","fuck people",NULL,NULL,"2025-11-04 21:04:27.908375+00"
2032,"5256285571","1846368634","Over think eyaregsh",NULL,NULL,"2025-11-04 21:05:12.907816+00"
2034,"5256285571","1846368634","U got past trauma or some 🙈",NULL,NULL,"2025-11-04 21:05:59.894225+00"
2037,"299850552","5014292785","yet campus nesh and what department",NULL,NULL,"2025-11-04 21:06:23.275203+00"
2038,"1846368634","5256285571","i traumatize people backh",NULL,NULL,"2025-11-04 21:06:28.904476+00"
2042,"5256285571","1846368634","ቀጭኒት teregagi 🙄",NULL,NULL,"2025-11-04 21:07:21.716223+00"
2599,"7050798852","829653636","Bro sorry eshi ebet egebalew biye lela guday grtmogn new network slalagegne yalgebalk. To lo ema ye ndet wsane yemtwesin kehone endet new relationship build mnaregew ene Ena ante ebet yegebahun erasu 4:30 new endagatami guday getmogn enji ante asteltehegn aydelem",NULL,NULL,"2025-11-05 21:15:42.959386+00"
2600,"8132883465","7647636604","Hey",NULL,NULL,"2025-11-05 21:17:56.633018+00"
2812,"7501176620","5934419901","What if I'm 4'11 and seriously burnt and don't have a nose ?",NULL,NULL,"2025-11-07 15:57:15.439491+00"
2817,"7501176620","5934419901","I know you're a man",NULL,NULL,"2025-11-07 16:04:33.767972+00"
2818,"5934419901","7501176620","no am girl",NULL,NULL,"2025-11-07 16:05:02.516788+00"
2821,"6048970412","1609398709","/✨winter",NULL,NULL,"2025-11-07 16:25:46.951067+00"
2823,"1103065697","6149607586","Hey",NULL,NULL,"2025-11-07 16:28:17.019202+00"
2824,"6149607586","1103065697","Good",NULL,NULL,"2025-11-07 16:29:06.905432+00"
2832,"7501176620","5529459683","Why did you ask to talk ?",NULL,NULL,"2025-11-07 16:38:54.187469+00"
2840,"7501176620","401160041","What's up",NULL,NULL,"2025-11-07 17:04:38.452312+00"
2859,"6499363352","5723927134","Im sorry for the wrong reply le lela comment yetsafkutn new😭
Bcha rich enough to spoil the nieces",NULL,NULL,"2025-11-07 17:31:47.724519+00"
1977,"5256285571","1846368634","What year r u",NULL,NULL,"2025-11-04 20:54:34.080381+00"
1980,"1846368634","5256285571","4th",NULL,NULL,"2025-11-04 20:55:01.486566+00"
1986,"5256285571","1846368634","1st year public health",NULL,NULL,"2025-11-04 20:56:21.514435+00"
1990,"5256285571","1846368634","Gin akuarchewalehu public healthun",NULL,NULL,"2025-11-04 20:56:36.448539+00"
1991,"1846368634","5256285571","why did you",NULL,NULL,"2025-11-04 20:56:44.434545+00"
1992,"5256285571","1846368634","I said life more than you expect honey",NULL,NULL,"2025-11-04 20:56:52.935794+00"
1995,"5256285571","1846368634","Responsibilities and so on",NULL,NULL,"2025-11-04 20:57:20.764302+00"
1996,"1846368634","5256285571","i see",NULL,NULL,"2025-11-04 20:58:03.797377+00"
2011,"5256285571","1846368634","Are you skeptical person ? Overall with ur life",NULL,NULL,"2025-11-04 21:01:14.553906+00"
2036,"1846368634","5256285571","do i sound traumatized lol",NULL,NULL,"2025-11-04 21:06:17.903226+00"
2044,"5256285571","1846368634","Wegahut 🗡🗡",NULL,NULL,"2025-11-04 21:08:26.418935+00"
2054,"5256285571","1846368634","ዳዊት እደግምብሻለሁ.",NULL,NULL,"2025-11-04 21:11:18.970279+00"
2055,"1846368634","5256285571","i don't have to send them",NULL,NULL,"2025-11-04 21:11:22.305328+00"
2078,"1846368634","5256285571","yegna holy, i'm holier than you btw",NULL,NULL,"2025-11-04 21:16:25.146533+00"
2079,"5256285571","1846368634","Imaginaryyy ?",NULL,NULL,"2025-11-04 21:16:34.951683+00"
2602,"400568980","8521308273","Hey",NULL,NULL,"2025-11-06 00:14:10.181054+00"
2603,"400568980","8521308273","/privacy",NULL,NULL,"2025-11-06 00:14:32.942648+00"
2814,"7501176620","5934419901","me lady you surprise me too",NULL,NULL,"2025-11-07 16:01:58.26648+00"
2826,"6149607586","1103065697","Oh, I was thinking that too.",NULL,NULL,"2025-11-07 16:31:57.958928+00"
2834,"6048970412","1609398709","አንዴት  መፃፍ እንዳለብኝ አላቅም 😭",NULL,NULL,"2025-11-07 16:41:35.829988+00"
2836,"6048970412","1609398709","Teach me how to reply the message",NULL,NULL,"2025-11-07 16:46:16.590804+00"
1983,"1846368634","5256285571","now answer whats your job",NULL,NULL,"2025-11-04 20:55:32.032421+00"
1988,"1846368634","5256285571","ouu niceee",NULL,NULL,"2025-11-04 20:56:29.393723+00"
1989,"1846368634","5256285571","so you do have a life",NULL,NULL,"2025-11-04 20:56:33.903822+00"
1993,"5014292785","299850552","That's a unic name.",NULL,NULL,"2025-11-04 20:57:07.958832+00"
2004,"5256285571","1846368634","I got a life 😭",NULL,NULL,"2025-11-04 20:59:37.040309+00"
2005,"5256285571","1846368634","Do I look like a kidnapper ?",NULL,NULL,"2025-11-04 20:59:58.574993+00"
2006,"5256285571","1846368634","@yoniarg",NULL,NULL,"2025-11-04 21:00:03.992208+00"
2007,"1846368634","5256285571","i don't know what you look like but you sould like it",NULL,NULL,"2025-11-04 21:00:09.915042+00"
2010,"1846368634","5256285571","oh yeah... you look like you have the potential",NULL,NULL,"2025-11-04 21:00:47.696244+00"
2014,"5014292785","299850552","Where? In aau?",NULL,NULL,"2025-11-04 21:02:24.553743+00"
2015,"5256285571","1846368634","U've seen that ?",NULL,NULL,"2025-11-04 21:02:31.568216+00"
2016,"5014292785","299850552","Like is that actually your name on paper like on your ID because I've never heard that name honestly",NULL,NULL,"2025-11-04 21:02:50.512437+00"
2024,"1846368634","5256285571","cheater*",NULL,NULL,"2025-11-04 21:04:08.004782+00"
2025,"5256285571","1846368634","Sewma emegni",NULL,NULL,"2025-11-04 21:04:12.542806+00"
2026,"299850552","5014292785","My real name is Nabon. But nobody calls me that except my teachers",NULL,NULL,"2025-11-04 21:04:13.723314+00"
2028,"5256285571","1846368634","Life would be easy",NULL,NULL,"2025-11-04 21:04:32.200659+00"
2029,"1846368634","5256285571","life is easy",NULL,NULL,"2025-11-04 21:04:40.010783+00"
2030,"5014292785","299850552","Oh I see",NULL,NULL,"2025-11-04 21:04:46.596011+00"
2031,"5256285571","1846368634","Teteratari sew yechinket nuro new minorew",NULL,NULL,"2025-11-04 21:04:51.42624+00"
2039,"5256285571","1846368634","Weys is the med school 😂",NULL,NULL,"2025-11-04 21:06:28.998059+00"
2045,"5256285571","1846368634","Yhe ሚጠናወትሽን menfes",NULL,NULL,"2025-11-04 21:08:43.063783+00"
2046,"5256285571","1846368634","U need holy water my beloved sister",NULL,NULL,"2025-11-04 21:09:20.335301+00"
2047,"1846368634","5256285571","no esu yakatelegnal lol",NULL,NULL,"2025-11-04 21:09:35.634278+00"
2049,"5014292785","299850552","Arch lideta wbu?",NULL,NULL,"2025-11-04 21:09:56.965689+00"
2050,"5256285571","1846368634","😂😂 anchima alebish. Begeta sm ere endezi aybalim",NULL,NULL,"2025-11-04 21:10:09.267266+00"
2057,"5256285571","1846368634","Waaaa arfesh tekemechi 🤣",NULL,NULL,"2025-11-04 21:11:29.389241+00"
2058,"5256285571","1846368634","Ezi kuch beye new maschohish 💀",NULL,NULL,"2025-11-04 21:11:57.550482+00"
2059,"5256285571","1846368634","Ere ykr yibelegn besmeam",NULL,NULL,"2025-11-04 21:12:06.955194+00"
2073,"5256285571","1846368634","Yeah u need help ma'am",NULL,NULL,"2025-11-04 21:14:56.877216+00"
2076,"5256285571","1846368634","Erkus menfes sebisib kalat",NULL,NULL,"2025-11-04 21:16:00.245482+00"
2077,"5014292785","299850552","Yeah yeah esun nw mensemaw egnam. I heard it's a very competitive department to get into you must be smart. Like I'm thinking you got 3.9 GPA or something",NULL,NULL,"2025-11-04 21:16:20.313325+00"
2080,"5256285571","1846368634","Eshi mayilgna",NULL,NULL,"2025-11-04 21:17:07.935809+00"
2081,"1846368634","5256285571","why",NULL,NULL,"2025-11-04 21:17:17.649348+00"
2085,"5256285571","1846368634","Yaw setmeyi mechohish slemayker",NULL,NULL,"2025-11-04 21:18:09.734434+00"
2086,"5014292785","299850552","Oh u rich then lol",NULL,NULL,"2025-11-04 21:18:17.426878+00"
2087,"5256285571","1846368634","What's ur name gin",NULL,NULL,"2025-11-04 21:18:42.686888+00"
2088,"299850552","5014292785","Haha i wouldn't say that",NULL,NULL,"2025-11-04 21:19:29.105043+00"
2089,"1846368634","5256285571","Naomi",NULL,NULL,"2025-11-04 21:19:29.461123+00"
2090,"5256285571","1846368634","Nayo",NULL,NULL,"2025-11-04 21:19:41.740077+00"
2091,"5256285571","1846368634","Nanny",NULL,NULL,"2025-11-04 21:19:55.914169+00"
2092,"1846368634","5256285571","nanny is crazy",NULL,NULL,"2025-11-04 21:20:06.944244+00"
2093,"5256285571","1846368634","Aight nanny",NULL,NULL,"2025-11-04 21:20:19.980886+00"
2098,"1846368634","5256285571","yoyo",NULL,NULL,"2025-11-04 21:21:01.140031+00"
2103,"5256285571","1846368634","What's ur IG",NULL,NULL,"2025-11-04 21:21:51.672088+00"
2104,"1846368634","5256285571","and don't worry i won't put a curse on you",NULL,NULL,"2025-11-04 21:21:52.278568+00"
2106,"299850552","5014292785","3rd",NULL,NULL,"2025-11-04 21:23:58.896946+00"
2107,"5014292785","299850552","Oh ande amet talake then. I do like older men lol",NULL,NULL,"2025-11-04 21:31:02.367965+00"
2108,"299850552","5014292785","What is the smallest age u'd date?",NULL,NULL,"2025-11-04 21:35:29.451973+00"
2111,"5014292785","299850552","Wbu?",NULL,NULL,"2025-11-04 21:39:01.355478+00"
2112,"299850552","5014292785","i'm 21",NULL,NULL,"2025-11-04 21:40:02.829968+00"
2115,"5014292785","299850552","Yeah pedo behavior lol",NULL,NULL,"2025-11-04 21:44:13.704799+00"
2120,"5014292785","299850552","What? Wdym",NULL,NULL,"2025-11-04 21:47:25.473189+00"
2122,"299850552","5014292785","Yeah I wouldnt want to date a girl older than me",NULL,NULL,"2025-11-04 21:48:19.669203+00"
2123,"5014292785","299850552","Rly ? Why?",NULL,NULL,"2025-11-04 21:49:12.413709+00"
2124,"299850552","5014292785","enenja i dont prefer that",NULL,NULL,"2025-11-04 21:51:39.086212+00"
2125,"5014292785","299850552","Like not even close ages ? Like 22 or 23",NULL,NULL,"2025-11-04 21:52:06.125308+00"
2126,"299850552","5014292785","Nope nope",NULL,NULL,"2025-11-04 21:52:58.599604+00"
2127,"299850552","5014292785","a few months is fine",NULL,NULL,"2025-11-04 21:53:05.29748+00"
2128,"5014292785","299850552","I see ay Tru",NULL,NULL,"2025-11-04 21:54:27.196135+00"
2129,"5014292785","299850552","Lenegeru idky most men like younger",NULL,NULL,"2025-11-04 21:54:42.284282+00"
2130,"299850552","5014292785","Thats how its supposed to be",NULL,NULL,"2025-11-04 21:55:08.664337+00"
2131,"5014292785","299850552","Who said that?",NULL,NULL,"2025-11-04 21:55:21.452342+00"
2132,"299850552","5014292785","councilors would advise that",NULL,NULL,"2025-11-04 21:56:30.031683+00"
2133,"5014292785","299850552","What councilors?",NULL,NULL,"2025-11-04 21:56:52.298352+00"
2134,"299850552","5014292785","Marriage",NULL,NULL,"2025-11-04 21:58:03.209851+00"
2135,"5014292785","299850552","Oh u listen to those?",NULL,NULL,"2025-11-04 21:58:34.70245+00"
2136,"299850552","5014292785","Its been like that throughout history",NULL,NULL,"2025-11-04 21:58:45.050712+00"
2137,"299850552","5014292785","Psychological too its better mnamn",NULL,NULL,"2025-11-04 21:58:56.323468+00"
2138,"299850552","5014292785","I mean i dont actively listen to marriage councilors",NULL,NULL,"2025-11-04 21:59:43.731306+00"
2139,"5014292785","299850552","Why not? don't you want to like get married one day or something",NULL,NULL,"2025-11-04 22:00:53.492697+00"
2140,"5014292785","299850552","It's better for what honestly a lot of people say that and I don't understand what's the appeal or do you agree with people who say women mature more and Men yazegalu mnamn",NULL,NULL,"2025-11-04 22:01:50.089613+00"
2141,"299850552","5014292785","I do gn its not like i sit on a sunday afternoon open a youtube video on marriage",NULL,NULL,"2025-11-04 22:02:54.264236+00"
2142,"299850552","5014292785","Yeah yeah women do mature early. And I believe men are the leaders of the house so matured sayhon demo he'll hurt his family, his wife, his kids and himself so",NULL,NULL,"2025-11-04 22:04:02.573115+00"
2143,"5014292785","299850552","So u r a traditional man then",NULL,NULL,"2025-11-04 22:04:51.630199+00"
2144,"299850552","5014292785","Sure",NULL,NULL,"2025-11-04 22:05:38.63776+00"
2145,"299850552","5014292785","Hbu",NULL,NULL,"2025-11-04 22:05:55.006717+00"
2146,"5014292785","299850552","I am not.",NULL,NULL,"2025-11-04 22:06:13.240773+00"
2147,"5014292785","299850552","So did u find ur traditional women yet?",NULL,NULL,"2025-11-04 22:06:47.06948+00"
2148,"299850552","5014292785","so you're a feminist",NULL,NULL,"2025-11-04 22:07:05.841939+00"
2149,"299850552","5014292785","Nah",NULL,NULL,"2025-11-04 22:07:19.837973+00"
2150,"5014292785","299850552","Yes I thought you knew",NULL,NULL,"2025-11-04 22:07:25.598125+00"
2151,"299850552","5014292785","How would i know",NULL,NULL,"2025-11-04 22:07:52.408254+00"
2152,"299850552","5014292785","So i guess u hate men then huh",NULL,NULL,"2025-11-04 22:10:24.001913+00"
2153,"5014292785","299850552","What😂 no",NULL,NULL,"2025-11-04 22:11:41.612203+00"
2154,"299850552","5014292785","Every feminist ive ever met had some level of hatred towards men",NULL,NULL,"2025-11-04 22:12:14.103202+00"
2155,"5014292785","299850552","Could be a coincidence engdh.",NULL,NULL,"2025-11-04 22:12:59.03686+00"
2156,"299850552","5014292785","yeah maybe",NULL,NULL,"2025-11-04 22:13:32.290202+00"
2604,"8333529926","5408250991","Heyy",NULL,NULL,"2025-11-06 01:36:01.893424+00"
2815,"5934419901","7501176620","what is the surprise about it........",NULL,NULL,"2025-11-07 16:03:47.170921+00"
2816,"7501176620","5934419901","that wasn't for you I was replying to gudefela",NULL,NULL,"2025-11-07 16:04:26.524745+00"
2838,"401160041","7501176620","Hi",NULL,NULL,"2025-11-07 16:56:13.166208+00"
2157,"5014292785","299850552","So what's your thought on Purity culture I like having this discussions that's why I asked",NULL,NULL,"2025-11-04 22:14:04.24012+00"
2161,"5014292785","299850552","It's basically about virginity mnamn how people should stay virgin before marriage blah blah but it's often for women not often actually like  entirely.",NULL,NULL,"2025-11-04 22:17:31.054281+00"
2163,"299850552","5014292785","Ohh okay got it.",NULL,NULL,"2025-11-04 22:18:32.937006+00"
2605,"8521308273","400568980","Hello! Which confession are you from?",NULL,NULL,"2025-11-06 02:53:40.900222+00"
2612,"5806772573","8333529926","Hey",NULL,NULL,"2025-11-06 04:15:40.342478+00"
2613,"8333529926","5806772573","Where did u go that day?",NULL,NULL,"2025-11-06 04:16:16.993726+00"
2820,"6149607586","1103065697","Hi",NULL,NULL,"2025-11-07 16:23:40.421497+00"
2831,"7501176620","5934419901","See you're a man, or you're gay maybe you saw that I don't bash gay people like everyone and thought I was gay too (I'm not)",NULL,NULL,"2025-11-07 16:38:32.065932+00"
2843,"401160041","7501176620","Nvm",NULL,NULL,"2025-11-07 17:09:26.881968+00"
2848,"1609398709","6048970412","you are replying eko 😭",NULL,NULL,"2025-11-07 17:17:25.014932+00"
2850,"8402831744","1098949446","Yep am a man set mesiyeh endatfetn nw😂😂
So how are u man",NULL,NULL,"2025-11-07 17:18:57.064783+00"
2853,"5723927134","6499363352","Greetings n salutations",NULL,NULL,"2025-11-07 17:28:51.037165+00"
2856,"5723927134","6499363352","That's wsup",NULL,NULL,"2025-11-07 17:30:39.099411+00"
2158,"299850552","5014292785","What do you mean by purity culture",NULL,NULL,"2025-11-04 22:14:34.129382+00"
2159,"5014292785","299850552","You don't know about it? Like sebal semtehem atawkim?",NULL,NULL,"2025-11-04 22:15:33.71499+00"
2162,"5014292785","299850552","And how The Virginity of a woman is tied to being pure or tied to her value mnamn",NULL,NULL,"2025-11-04 22:18:06.220311+00"
2164,"299850552","5014292785","Are you a virgin? slesu kemawratachn befit",NULL,NULL,"2025-11-04 22:19:06.547259+00"
2165,"5014292785","299850552","Yes are you going to filter yourself based off of that lol",NULL,NULL,"2025-11-04 22:19:37.595882+00"
2174,"299850552","5014292785","Enenja Too much kalhone i dont think the ladies care about that",NULL,NULL,"2025-11-04 22:31:45.201951+00"
2176,"8333529926","7441787503","Heyy wt is goin on
Everything good?",NULL,NULL,"2025-11-04 22:34:20.804328+00"
2178,"5014292785","299850552","Yanten hasab encheres  then I'll get to mine.",NULL,NULL,"2025-11-04 22:35:14.762112+00"
2186,"5014292785","299850552","You didn't answer my question about genuine relationship and how it leads to cheating and my second question was your sexual status I have already answered mine so it's only fair.",NULL,NULL,"2025-11-04 22:41:27.839609+00"
2187,"299850552","5014292785","Those questions didnt come thru",NULL,NULL,"2025-11-04 22:42:22.075292+00"
2194,"5014292785","299850552","Also I want to say you seem like a person who's very closed off and avoids answering questions if we want to have an honest conversation I would like it if you communicate in a clear way. And not avoid questions or let me know if you actually don't want to answer them instead of dismissing or deflecting",NULL,NULL,"2025-11-04 23:03:08.211357+00"
2199,"5014292785","299850552","@Hastalavistababes1 there u go",NULL,NULL,"2025-11-04 23:15:13.855367+00"
2606,"477462298","466664482","I have some clues, but tell me if there is a chance would you be his ex or you would be the guy?",NULL,NULL,"2025-11-06 03:48:14.056434+00"
2607,"8333529926","6909260412","Heyy",NULL,NULL,"2025-11-06 04:07:12.933506+00"
2609,"8333529926","6909260412","U first?
U m or f",NULL,NULL,"2025-11-06 04:08:20.070602+00"
2822,"6048970412","1609398709","Is every thing alright",NULL,NULL,"2025-11-07 16:27:56.861223+00"
2828,"1103065697","6149607586","You seem religious and stuff. Why do you wanna talk to me?",NULL,NULL,"2025-11-07 16:32:55.426924+00"
2839,"6048970412","1609398709","Teach me how to reply the message",NULL,NULL,"2025-11-07 16:56:41.865615+00"
2160,"299850552","5014292785","A few times but didnt ask what they meant by that",NULL,NULL,"2025-11-04 22:16:08.896872+00"
2166,"299850552","5014292785","Ay no its just I wanted more context hehe",NULL,NULL,"2025-11-04 22:20:59.033957+00"
2167,"5014292785","299850552","So go on what do u think about it",NULL,NULL,"2025-11-04 22:22:17.264181+00"
2168,"299850552","5014292785","should people stay virgins before marriage? absolutely. Does it only apply to women? Absolutely not. Is a woman unpure because she had sex before marriage no. 

But in the context of reality, should a woman keep her virginity more than a man should? Yes because the consequences for women is more brutal.",NULL,NULL,"2025-11-04 22:24:33.849299+00"
2169,"5014292785","299850552","So you're telling me if two girls were presented to you one is a virgin and one is not you wouldn't value them  based off of their sexual status?",NULL,NULL,"2025-11-04 22:26:02.023581+00"
2170,"299850552","5014292785","I wouldnt say your value is less than this virgin girl but i would probably choose the girl who's never had sex before to marry. Ofc there's a lot of things that needs to be put into tbe equation like their personality, their characters, their looks, their principles and mindsets etc gn like yihenn hulu consider banareg ena choose based of their sexual history bityi im sure 99% men choose a virgin girl",NULL,NULL,"2025-11-04 22:28:54.719647+00"
2171,"5014292785","299850552","Eko why?",NULL,NULL,"2025-11-04 22:29:36.540692+00"
2172,"5014292785","299850552","Also what do u think women would choose? Virgin man or",NULL,NULL,"2025-11-04 22:30:06.587243+00"
2173,"299850552","5014292785","Ende its simple girls eko sex siyaregu there'll be an emotional attachment to that man eko. Plus if you've experienced sex with another man there's a good chance you'll cheat. Statistically speaking.",NULL,NULL,"2025-11-04 22:31:12.614288+00"
2175,"299850552","5014292785","hbu tho what's ur thought",NULL,NULL,"2025-11-04 22:34:08.533004+00"
2177,"7441787503","8333529926","Yeah what's up?",NULL,NULL,"2025-11-04 22:34:54.898452+00"
2179,"8333529926","7441787503","Ur age, gender, major nd interest",NULL,NULL,"2025-11-04 22:35:22.951501+00"
2180,"7441787503","8333529926","U a guy or a girl?",NULL,NULL,"2025-11-04 22:36:22.259127+00"
2181,"299850552","5014292785","Ene chershalew eko if u dont have questions",NULL,NULL,"2025-11-04 22:36:50.868742+00"
2182,"8333529926","7441787503","Just tell me ur gender😊",NULL,NULL,"2025-11-04 22:36:51.667839+00"
2183,"7441787503","8333529926","Male",NULL,NULL,"2025-11-04 22:37:54.430348+00"
2184,"5014292785","299850552","Well I don't know if you noticed but I asked you two questions",NULL,NULL,"2025-11-04 22:39:23.462434+00"
2185,"299850552","5014292785","i answered both of them eko",NULL,NULL,"2025-11-04 22:40:04.948716+00"
2188,"299850552","5014292785","So like sex arga matawk set lj having sex a big deal new she wont do it unless she really loves that dude. Sex karegech behuala gn something easy yihonal ena she could do it with someone who attracts her. leza new a virgin girl with a self controlled disciplined man arif combo new",NULL,NULL,"2025-11-04 22:44:26.674175+00"
2189,"299850552","5014292785","I have 0bodh count",NULL,NULL,"2025-11-04 22:44:58.82271+00"
2190,"299850552","5014292785","now can u tell me ur thoughts?",NULL,NULL,"2025-11-04 22:53:28.265575+00"
2191,"8333529926","7441787503","am M
Nd i can't do both sorry",NULL,NULL,"2025-11-04 22:59:48.928811+00"
2192,"8333529926","856370712","Heyy",NULL,NULL,"2025-11-04 23:00:09.718897+00"
2193,"5014292785","299850552","Well I agree with some of the things you said like how it doesn't relate to her being pure or valuable but you also seem to hold misogynistic thought wrapped as logic and that would be the fact that you think a woman who's not a virgin is more likely to cheat or would be unfaithful. And I think a woman who has had sex before is also capable of deciding against it in the future or being more selective because she understands the emotional risks more. Also credible studies show that infidelity doesn't actually relate to past sexual experiences when age personality religion relationship satisfactions Etc are considered.",NULL,NULL,"2025-11-04 23:00:35.267098+00"
2195,"299850552","5014292785","Sure — here’s a more human, natural, slightly informal version of your counter-argument, keeping every point but softening the tone and adding a few natural imperfections:

⸻

Yeah I get your point, and you’re right that having sex before doesn’t automatically mean someone will cheat. But saying there’s no connection at all isn’t totally accurate either. Human behavior usually follows patterns that come from things like attachment style, impulse control, and what someone’s experienced before. Some solid studies in behavioral and evolutionary psychology actually show that early sexual behavior, especially when mixed with impulsiveness or low commitment, can be linked with a higher chance of cheating not as a moral thing, just statistically. So mentioning that possibility isn’t misogyny, it’s just recognizing data and how certain traits connect. There’s a big difference between talking about what’s likely and judging what’s right or wrong and mixing those two kinda weakens the logic behind the argument.",NULL,NULL,"2025-11-04 23:05:11.256132+00"
2196,"299850552","5014292785","I gave your argument to chatgpt and asked what its thought is and thats what it gave me",NULL,NULL,"2025-11-04 23:06:20.105346+00"
2197,"299850552","5014292785","oh not at all ere kdm yeteyekshachew tyakewoch they didnt come through yelem enega",NULL,NULL,"2025-11-04 23:06:48.410434+00"
2198,"299850552","5014292785","I am communicating in a clear way arent i? I did not deflect questions no reason for me to do so. but drop ur @ we should DM the bot is a bit inconvenient",NULL,NULL,"2025-11-04 23:12:44.420348+00"
2200,"8521308273","400568980","Hello?",NULL,NULL,"2025-11-05 02:30:56.273499+00"
2201,"6499363352","2056021138","Wait what 
No im being deadass i wouldn't be surprised if that was u",NULL,NULL,"2025-11-05 03:03:00.447968+00"
2202,"8109112246","7050798852","Im in 6k wbu?",NULL,NULL,"2025-11-05 03:11:14.470433+00"
2203,"8333529926","5949936801","Heyyy wt is goin on
Everything good?",NULL,NULL,"2025-11-05 03:42:36.92231+00"
2204,"5949936801","8333529926","Yeah how you doing",NULL,NULL,"2025-11-05 03:44:23.910132+00"
2205,"8333529926","5949936801","Doin well Thanks😊",NULL,NULL,"2025-11-05 03:45:02.044871+00"
2206,"8333529926","5949936801","Ur age, gender, major nd interest?",NULL,NULL,"2025-11-05 03:46:54.209162+00"
2207,"6110336587","5204985308","Heyy",NULL,NULL,"2025-11-05 03:47:18.087443+00"
2208,"5204985308","6110336587","Hi",NULL,NULL,"2025-11-05 03:47:52.827714+00"
2209,"6110336587","5204985308","Sup, everything good?",NULL,NULL,"2025-11-05 03:48:32.726219+00"
2210,"6110336587","5204985308","Ur age, major, nd interest?
Like wanna hv fun😊",NULL,NULL,"2025-11-05 03:50:52.863327+00"
2211,"8333529926","462966491","Heyyy wt is goin on
Everything good?",NULL,NULL,"2025-11-05 03:51:37.485891+00"
2212,"462966491","8333529926","Its getting harder than I expected. Thanks for asking though",NULL,NULL,"2025-11-05 03:54:40.071549+00"
2213,"8333529926","462966491","U freshman?",NULL,NULL,"2025-11-05 03:55:37.57591+00"
2214,"462966491","8333529926","2nd year, hby?",NULL,NULL,"2025-11-05 03:55:51.357323+00"
2215,"8333529926","462966491","3rd year",NULL,NULL,"2025-11-05 03:56:15.411283+00"
2216,"462966491","8333529926","Oh from which confession did you see me tho?",NULL,NULL,"2025-11-05 03:57:05.923983+00"
2217,"8333529926","462966491","4380",NULL,NULL,"2025-11-05 04:01:45.936048+00"
2218,"8333529926","462966491","I like ur idea there tbh
Ur major nd interest?",NULL,NULL,"2025-11-05 04:03:57.514969+00"
2219,"8333529926","7838626961","Heyyy wt is goin on
Everything good?",NULL,NULL,"2025-11-05 04:05:32.174251+00"
2220,"8333529926","7686939779","Heyyy, wt is goin on
Everything good?",NULL,NULL,"2025-11-05 04:06:02.705222+00"
2221,"462966491","8333529926","I’m from marketing department",NULL,NULL,"2025-11-05 04:10:51.294394+00"
2222,"462966491","8333529926","Hby?",NULL,NULL,"2025-11-05 04:10:55.905169+00"
2223,"8333529926","5949936801","BAIS",NULL,NULL,"2025-11-05 04:11:13.406736+00"
2224,"462966491","8333529926","Oh are you the author of that confession?",NULL,NULL,"2025-11-05 04:11:17.225045+00"
2225,"8333529926","5949936801","Nah nah
am M",NULL,NULL,"2025-11-05 04:11:38.593801+00"
2226,"8333529926","462966491","BAIS",NULL,NULL,"2025-11-05 04:12:33.799682+00"
2227,"8333529926","462966491","Ndh nah
am M",NULL,NULL,"2025-11-05 04:12:47.79623+00"
2228,"462966491","8333529926","Ohh so we’re in the same campus anyways😅",NULL,NULL,"2025-11-05 04:15:06.983065+00"
2231,"462966491","8333529926","Really? Why gn?",NULL,NULL,"2025-11-05 04:18:45.163642+00"
2237,"8333529926","462966491","Why don u like it?
Endie Come on😊",NULL,NULL,"2025-11-05 04:23:45.674093+00"
2242,"8333529926","7686939779","Heyy 
Come one
U don wanna hv fun stuffs like talki nd sharin fun stuffs
Hvin meaningful experiences nd all if ur playful nd interesting☺️",NULL,NULL,"2025-11-05 04:43:18.922542+00"
2608,"6909260412","8333529926","Hey ru girl or boy",NULL,NULL,"2025-11-06 04:07:30.978224+00"
2610,"6909260412","8333529926","Am boy confess argshala",NULL,NULL,"2025-11-06 04:08:50.912075+00"
2825,"1103065697","6149607586","You wanna give me your account so we can talk on there or what?",NULL,NULL,"2025-11-07 16:30:02.149972+00"
2230,"8333529926","462966491","Yeah commerce
I love commerce betamm",NULL,NULL,"2025-11-05 04:17:22.392033+00"
2238,"462966491","8333529926","Will reply in a few mins, I’m in a rush not to be late for class😅",NULL,NULL,"2025-11-05 04:26:21.373947+00"
2239,"8333529926","462966491","Ofc take ur time😊

Yk that i don want u to be late for class😂",NULL,NULL,"2025-11-05 04:30:01.46316+00"
2243,"5237102694","5204985308","Hey sup",NULL,NULL,"2025-11-05 05:00:09.337834+00"
2246,"462966491","8333529926","Heyy you still there?😂",NULL,NULL,"2025-11-05 05:08:02.622989+00"
2251,"462966491","8333529926","Well, I won’t defend myself on that. I’m always late for everything😭 even for the class that I am in a rush for😂",NULL,NULL,"2025-11-05 05:18:30.206878+00"
2611,"8333529926","5806772573","Heyy",NULL,NULL,"2025-11-06 04:12:55.191127+00"
2614,"8333529926","5806772573","??",NULL,NULL,"2025-11-06 04:20:47.547493+00"
2830,"6149607586","1103065697","???",NULL,NULL,"2025-11-07 16:38:22.106593+00"
2841,"401160041","7501176620","You funny whats your @",NULL,NULL,"2025-11-07 17:05:50.506741+00"
2232,"8333529926","7686939779","Ur age, gender, major nd interest😊",NULL,NULL,"2025-11-05 04:18:49.892958+00"
2233,"7686939779","8333529926","20,ofc F mgmt ...wby",NULL,NULL,"2025-11-05 04:20:02.446094+00"
2236,"8333529926","7686939779","20, ofc M😂
BAIS
Ur interest??",NULL,NULL,"2025-11-05 04:22:43.008491+00"
2615,"466664482","477462298","Why does that mean??",NULL,NULL,"2025-11-06 05:38:19.286384+00"
2842,"7501176620","401160041","Why you want it ?",NULL,NULL,"2025-11-07 17:08:38.86458+00"
2845,"8402831744","1098949446","U a man or a woman??",NULL,NULL,"2025-11-07 17:16:14.034748+00"
2849,"1098949446","8402831744","HEYY",NULL,NULL,"2025-11-07 17:18:25.240149+00"
2234,"462966491","8333529926","I don’t like it that much",NULL,NULL,"2025-11-05 04:20:26.488244+00"
2235,"8333529926","462966491","Like the vibe of the campus is real like It has got a real vibe
Everything there is amazin

nd then the commute nd the Journey is like a memory all by itself like am hvin fun so much
nd ma friends there r amazig like real friends as far as ma academy is concerned 
Bicha commerce is amazin",NULL,NULL,"2025-11-05 04:21:45.483247+00"
2240,"7686939779","8333529926","Eatin sleepin ...",NULL,NULL,"2025-11-05 04:38:19.311398+00"
2241,"8333529926","7686939779","How abt 
Hvin fun.... yk what am askin?",NULL,NULL,"2025-11-05 04:39:44.220001+00"
2244,"5237102694","5204985308","Username:Happything_s",NULL,NULL,"2025-11-05 05:00:31.085226+00"
2245,"7686939779","8333529926","Alr",NULL,NULL,"2025-11-05 05:03:42.615442+00"
2247,"8333529926","462966491","Yeah
Ur lost eko bezaw tefash eko😭

I think uve been just comin back from mars😂",NULL,NULL,"2025-11-05 05:10:21.68106+00"
2248,"462966491","8333529926","Its just 30 mins eko😂",NULL,NULL,"2025-11-05 05:12:05.294059+00"
2249,"8333529926","462966491","Is it 30 min a few min😂
Its good tho Keseat ga yaleshn kedime maweke
Degmo eko U were just gone hanged me here😂",NULL,NULL,"2025-11-05 05:13:59.563952+00"
2250,"8333529926","462966491","Now the question is

Tell me a lil bit abt mars😂😊",NULL,NULL,"2025-11-05 05:14:29.029378+00"
2252,"462966491","8333529926","I would say Mars is just 30 minutes away from our campus😂",NULL,NULL,"2025-11-05 05:19:17.376956+00"
2253,"8333529926","462966491","Endesu bey
So am here w a famous lady, huh?😂",NULL,NULL,"2025-11-05 05:19:43.810635+00"
2254,"8333529926","462966491","Oh come on
Mars has lots of things u can talk abt endie😂
So how was ur space expedition😊",NULL,NULL,"2025-11-05 05:21:06.167258+00"
2255,"8333529926","462966491","Do u arrive there tho?
I just start worrying abt u Guess😂
Gn degmo Endatakabji its just a lil bit😂",NULL,NULL,"2025-11-05 05:22:55.928996+00"
2256,"462966491","8333529926","Depends on your definition for famous😂 if it means “late for everything” then yeah",NULL,NULL,"2025-11-05 05:25:00.062675+00"
2257,"8333529926","462966491","Hey lets go to private chat😊
@dynamicvida",NULL,NULL,"2025-11-05 05:25:57.174258+00"
2258,"5949936801","8333529926","Umm y",NULL,NULL,"2025-11-05 06:05:29.994083+00"
2259,"5949936801","8333529926","Huh?",NULL,NULL,"2025-11-05 06:05:30.591921+00"
2260,"5949936801","8333529926","Yoo you're glitching",NULL,NULL,"2025-11-05 06:05:30.972858+00"
2261,"8109112246","5014292785","Hey yo...wanna suck ur down there?",NULL,NULL,"2025-11-05 06:11:01.965178+00"
2262,"1361042730","1940613654","heyyyy",NULL,NULL,"2025-11-05 06:12:20.729582+00"
2263,"8109112246","5014292785","Im talking u eko...response sichegn",NULL,NULL,"2025-11-05 06:12:23.163576+00"
2264,"1940613654","1361042730","Hey",NULL,NULL,"2025-11-05 06:12:37.388843+00"
2265,"1361042730","1940613654","how are you doing, i requested by accident thb",NULL,NULL,"2025-11-05 06:12:59.130757+00"
2266,"8109112246","5014292785","Ere gudefela pls response 🙏 😭 😢 😔 😪",NULL,NULL,"2025-11-05 06:13:04.29177+00"
2267,"1361042730","1940613654","tbh",NULL,NULL,"2025-11-05 06:13:04.672063+00"
2268,"8109112246","5014292785","Ere begeta atichawechign😭😭😭",NULL,NULL,"2025-11-05 06:13:40.669367+00"
2269,"8109112246","5014292785","Ymren nw eko😭😭😭",NULL,NULL,"2025-11-05 06:14:04.153894+00"
2270,"1361042730","1940613654","@astro13697 text me here",NULL,NULL,"2025-11-05 06:14:20.332259+00"
2271,"1940613654","1361042730","Ow, that's normal. 😅People do that most of the time",NULL,NULL,"2025-11-05 06:14:30.969728+00"
2272,"8109112246","5014292785","I want to suck down there😭😭😭😭",NULL,NULL,"2025-11-05 06:14:35.032448+00"
2273,"1940613654","1361042730","Sure I will",NULL,NULL,"2025-11-05 06:14:35.612686+00"
2274,"8109112246","5014292785","Esh be birr libdash 5k??",NULL,NULL,"2025-11-05 06:15:03.731985+00"
2275,"8109112246","5014292785","Accounteshn lakelegn",NULL,NULL,"2025-11-05 06:15:16.61763+00"
2276,"8109112246","5014292785","Ymren nw swear to God!",NULL,NULL,"2025-11-05 06:15:32.247927+00"
2277,"8109112246","5014292785","Im fr eski just politely  let me know ur response!",NULL,NULL,"2025-11-05 06:16:45.071759+00"
2278,"8109112246","5014292785","Ere begeta yehone ngr biyegn😭😭😭",NULL,NULL,"2025-11-05 06:17:35.090231+00"
2279,"8109112246","5014292785","Adera begeta sim hizheshiwalew response sichegn",NULL,NULL,"2025-11-05 06:19:30.627635+00"
2280,"8109112246","5014292785","I won't leave u until I get response 😡",NULL,NULL,"2025-11-05 06:24:54.078725+00"
2281,"7050798852","8109112246","Mexico negn engenagnalen snt seat ymechshal",NULL,NULL,"2025-11-05 06:38:15.744022+00"
2282,"8109112246","7050798852","Temar or mndnw mtseraw?",NULL,NULL,"2025-11-05 06:39:09.591748+00"
2283,"8109112246","7050798852","Eski phone numbreshn lakelegn",NULL,NULL,"2025-11-05 06:39:34.449994+00"
2284,"8109112246","7050798852","Lakia?",NULL,NULL,"2025-11-05 06:41:31.679515+00"
2285,"7050798852","8109112246","Temari",NULL,NULL,"2025-11-05 06:42:12.306995+00"
2286,"8109112246","7050798852","Ok silk lakelegna",NULL,NULL,"2025-11-05 06:42:30.401789+00"
2287,"8109112246","7050798852","Wey demo telegram username",NULL,NULL,"2025-11-05 06:42:48.708577+00"
2288,"7050798852","8109112246","Telegram @Fukle786",NULL,NULL,"2025-11-05 06:43:08.720451+00"
2289,"8109112246","7050798852","Wendi neka?",NULL,NULL,"2025-11-05 06:43:27.180278+00"
2290,"7050798852","8109112246","Yemn temari nesh",NULL,NULL,"2025-11-05 06:43:27.408831+00"
2291,"8109112246","7050798852","Logistics",NULL,NULL,"2025-11-05 06:43:41.548413+00"
2292,"7050798852","8109112246","Ofc",NULL,NULL,"2025-11-05 06:43:49.525232+00"
2293,"7050798852","8109112246","Sntegna amet",NULL,NULL,"2025-11-05 06:44:13.023215+00"
2294,"8109112246","7050798852","No ene set nbr yefelekut",NULL,NULL,"2025-11-05 06:44:13.080628+00"
2295,"8109112246","7050798852","3rd",NULL,NULL,"2025-11-05 06:44:23.174943+00"
2296,"7050798852","8109112246","I will contcontact u and we will make out sometimesometimes",NULL,NULL,"2025-11-05 06:45:15.368291+00"
2297,"8109112246","7050798852","Bruh...mebedat mtfeleg mitak set alech?",NULL,NULL,"2025-11-05 06:45:40.215462+00"
2298,"8109112246","7050798852","Huh,?",NULL,NULL,"2025-11-05 06:46:13.448063+00"
2299,"7050798852","8109112246","Ere alu bedenb",NULL,NULL,"2025-11-05 06:46:19.831543+00"
2300,"8109112246","7050798852","Ymr bel",NULL,NULL,"2025-11-05 06:46:27.687241+00"
2301,"8109112246","7050798852","Temar or mn nachew?",NULL,NULL,"2025-11-05 06:46:37.326132+00"
2302,"8109112246","7050798852","Telegram:Happything_s",NULL,NULL,"2025-11-05 06:47:08.661042+00"
2303,"8109112246","7050798852","Eski ahun hi belegn beza enawra man",NULL,NULL,"2025-11-05 06:47:22.658924+00"
2304,"7050798852","8109112246","Yemr alu andegnawa she is working class andegnawa 2tegna amet temari nat",NULL,NULL,"2025-11-05 06:47:24.761733+00"
2305,"7050798852","8109112246","R u girl",NULL,NULL,"2025-11-05 06:47:44.326427+00"
2306,"8109112246","7050798852","Esh be telegram hi belegn",NULL,NULL,"2025-11-05 06:47:49.096855+00"
2307,"8109112246","7050798852","Can u help me get her telegram?",NULL,NULL,"2025-11-05 06:48:41.76776+00"
2308,"8363986202","462966491","I just want to check if ur the girl i had a crush i hope it is ok , i only know ur name and ur face",NULL,NULL,"2025-11-05 06:53:41.525921+00"
2309,"462966491","8363986202","Okay sure tell me what my name is and I’ll tell you if you’re right or not",NULL,NULL,"2025-11-05 06:55:16.792091+00"
2310,"7050798852","7277297826","Are u girl or boy",NULL,NULL,"2025-11-05 06:55:49.866823+00"
2311,"8363986202","462966491","Is fiyameta ur pseudonym if it is ur not the girl",NULL,NULL,"2025-11-05 06:57:47.009759+00"
2312,"462966491","8363986202","Yeah its not my real name",NULL,NULL,"2025-11-05 06:59:19.988775+00"
2313,"462966491","8363986202","Good luck finding you crush lol",NULL,NULL,"2025-11-05 06:59:48.697569+00"
2314,"6692034060","7679369663","Hey there",NULL,NULL,"2025-11-05 07:32:27.629614+00"
2315,"7679369663","6692034060","Hey",NULL,NULL,"2025-11-05 07:33:20.305254+00"
2316,"6692034060","7679369663","Can we get to know each other?",NULL,NULL,"2025-11-05 07:34:12.706967+00"
2317,"7679369663","6692034060","Sure but is there something u wanna talk about?",NULL,NULL,"2025-11-05 07:35:55.684974+00"
2318,"6692034060","7679369663","I just want friendship. I am a male btw",NULL,NULL,"2025-11-05 07:37:09.131755+00"
2319,"6307144522","400568980","Yo",NULL,NULL,"2025-11-05 07:45:59.850674+00"
2320,"8333529926","7686939779","So, what r u up to now?

Wanna move to chat",NULL,NULL,"2025-11-05 07:49:38.300341+00"
2321,"7277297826","7050798852","Boy",NULL,NULL,"2025-11-05 07:50:04.568414+00"
2322,"7050798852","8109112246","So r u girl or boy",NULL,NULL,"2025-11-05 07:50:13.796789+00"
2323,"8109112246","7050798852","Im boy why,?",NULL,NULL,"2025-11-05 07:58:12.277842+00"
2324,"8109112246","7050798852","So r u girl or boy?",NULL,NULL,"2025-11-05 08:00:50.530089+00"
2325,"6512706008","8389245936","Hey just curious when the girl went missing sra botawa hedek check argehatal?",NULL,NULL,"2025-11-05 09:08:18.111034+00"
2326,"8389245936","6512706008","She is dead.",NULL,NULL,"2025-11-05 09:10:37.483807+00"
2330,"8389245936","6512706008","Yes, Cancer.",NULL,NULL,"2025-11-05 09:20:45.730638+00"
2844,"1098949446","8402831744","Hey girl",NULL,NULL,"2025-11-07 17:15:24.589036+00"
2855,"6499363352","5723927134","And if im not??",NULL,NULL,"2025-11-07 17:30:18.727705+00"
2327,"6512706008","8389245936","Oh my god temelshe eyanebebkut neber ur vent she’s gone stil I thought she left the place am so sorry about that 
Tama new?",NULL,NULL,"2025-11-05 09:14:03.760668+00"
2328,"6512706008","8389245936","Oh my god temelshe eyanebebkut neber ur vent she’s gone stil I thought she left the place am so sorry about that 
Tama new?",NULL,NULL,"2025-11-05 09:14:28.390426+00"
2329,"278637012","7553206571","What's up bro",NULL,NULL,"2025-11-05 09:19:54.19955+00"
2331,"6512706008","8389245936","How are u managing with everything that’s going on?",NULL,NULL,"2025-11-05 09:51:24.430325+00"
2332,"8389245936","6512706008","I mean honestly I am trying.....I am meeting new people, I'm being open about it instead of holding it in.",NULL,NULL,"2025-11-05 10:12:18.153932+00"
2333,"6512706008","8389245936","Honestly that’s really good I’m glad u are trying and opening up  that’s not easy to do
How long is it since she’s gone",NULL,NULL,"2025-11-05 10:20:00.630044+00"
2334,"8389245936","6512706008","Its been almost 2 years ...",NULL,NULL,"2025-11-05 10:34:22.854302+00"
2335,"6977599613","8265101763","You a mna or a girl?",NULL,NULL,"2025-11-05 10:38:30.523084+00"
2336,"6512706008","8389245936","What’s been helping you the most lately?",NULL,NULL,"2025-11-05 10:38:33.844409+00"
2337,"8265101763","6977599613","I'm a man, you?",NULL,NULL,"2025-11-05 10:38:54.698823+00"
2338,"8109112246","5014292785","Anch kidm mn endarekush ayesh😂",NULL,NULL,"2025-11-05 10:39:27.218572+00"
2339,"6977599613","8265101763","Man too",NULL,NULL,"2025-11-05 10:41:56.183111+00"
2340,"6977599613","8265101763","Am not the confessor too so",NULL,NULL,"2025-11-05 10:42:04.223523+00"
2341,"8389245936","6512706008","......Dating for the most part. I just want to believe that there are other girls too.",NULL,NULL,"2025-11-05 10:44:27.078288+00"
2342,"6512706008","8389245936","So are u in relationship ?",NULL,NULL,"2025-11-05 10:45:28.231131+00"
2343,"6977599613","6110336587","Hey, u a man?",NULL,NULL,"2025-11-05 10:46:33.77808+00"
2344,"6977599613","6110336587","Or a girl",NULL,NULL,"2025-11-05 10:46:42.127201+00"
2345,"6110336587","6977599613","A man",NULL,NULL,"2025-11-05 10:46:55.648083+00"
2346,"8389245936","6512706008","No I am not. I mean I’m not trying to rush into anything , I just want to meet people, share moments, and maybe find someone whose soul feels familiar. But sometimes, when I open up about my past, people get scared. They hear that I once lost the love of my life to cancer, and they think my heart is still living in the past that I could never love again the same way.
What they don’t see is that love didn’t break me, it shaped me. It taught me how precious time is, how deep love can go, and how rare it is to find someone who makes the world feel gentle again. I’m not searching for what I lost  I’m hoping to build something new, something real, with someone brave enough to see that my heart still knows how to love… maybe even more deeply than before.",NULL,NULL,"2025-11-05 11:02:17.704218+00"
2347,"6512706008","8389245936","That’s really deep u have been through a lot but you still speak with so much hope 
u are such a positive man kemer",NULL,NULL,"2025-11-05 11:13:09.466285+00"
2348,"8389245936","6512706008","Thanks. And you are such a good listener I mean reader😊",NULL,NULL,"2025-11-05 11:16:41.58365+00"
2349,"6512706008","8389245936","Aw thank you 😊 u make it easy to read 
too
May I ask ur name?",NULL,NULL,"2025-11-05 11:19:47.777238+00"
2350,"8389245936","6512706008","I am Michael.
What's yours?",NULL,NULL,"2025-11-05 11:21:00.701601+00"
2351,"6512706008","8389245936","Sipara",NULL,NULL,"2025-11-05 11:21:27.134282+00"
2352,"8389245936","6512706008","Pretty name. I bet it comes with a beautiful smile too 😊",NULL,NULL,"2025-11-05 11:25:20.209627+00"
2353,"6512706008","8389245936","It is 😁
U said ur 25 right?",NULL,NULL,"2025-11-05 11:29:08.211757+00"
2354,"8389245936","6512706008","I am 27 now. That was 2 years ago.",NULL,NULL,"2025-11-05 11:31:28.950979+00"
2355,"8389245936","6512706008","How about you?",NULL,NULL,"2025-11-05 11:31:45.959775+00"
2356,"6512706008","8389245936","Am 23",NULL,NULL,"2025-11-05 11:31:58.340606+00"
2357,"6512706008","8389245936","So are u still doing ur masters degree or chersekal",NULL,NULL,"2025-11-05 11:32:27.170368+00"
2358,"8389245936","6512706008","I am still doing my masters.",NULL,NULL,"2025-11-05 11:35:41.997283+00"
2359,"5690353758","1609398709","girl can i inbox you???",NULL,NULL,"2025-11-05 11:36:53.66691+00"
2360,"6512706008","8389245936","In what field?",NULL,NULL,"2025-11-05 11:36:59.397027+00"
2361,"1609398709","5690353758","??",NULL,NULL,"2025-11-05 11:38:00.001744+00"
2362,"8389245936","6512706008","MBA",NULL,NULL,"2025-11-05 11:40:17.100827+00"
2363,"8389245936","6512706008","How about you ?",NULL,NULL,"2025-11-05 11:40:34.230593+00"
2364,"6512706008","8389245936","Am a 3rd year pharmacy student",NULL,NULL,"2025-11-05 11:43:58.350807+00"
2365,"6512706008","8389245936","What do u do for a living?",NULL,NULL,"2025-11-05 11:44:10.565091+00"
2366,"8389245936","6512706008","I am a digital marketing specialist. Working in the  I - gaming industry.",NULL,NULL,"2025-11-05 11:48:04.293536+00"
2367,"6512706008","8389245936","Huh 🤔 my first time hearing it",NULL,NULL,"2025-11-05 11:49:11.873929+00"
2368,"8389245936","6512706008","Which one? the job or the industry...",NULL,NULL,"2025-11-05 11:53:02.096587+00"
2369,"6512706008","8389245936","The industry",NULL,NULL,"2025-11-05 11:57:27.637358+00"
2370,"7050798852","829653636","R u boy or girl",NULL,NULL,"2025-11-05 12:01:37.732304+00"
2371,"7050798852","829653636","And What about ur sexuality",NULL,NULL,"2025-11-05 12:02:43.842117+00"
2372,"829653636","7050798852","I'm a boy",NULL,NULL,"2025-11-05 12:04:05.994361+00"
2373,"829653636","7050798852","Bi",NULL,NULL,"2025-11-05 12:04:08.951031+00"
2374,"7050798852","829653636","So I am new to gay things can u gide me",NULL,NULL,"2025-11-05 12:05:03.980253+00"
2375,"8389245936","6512706008","So it's basically about online incentivized games.

Hey, Is it okay if we share contacts so we can talk outside here ...?",NULL,NULL,"2025-11-05 12:05:26.483374+00"
2376,"829653636","7050798852","Yea text me your account",NULL,NULL,"2025-11-05 12:06:32.617984+00"
2377,"7050798852","829653636","@Fukle786",NULL,NULL,"2025-11-05 12:06:48.865556+00"
2378,"6512706008","8389245936","Sure send me ur username name and I will say hey",NULL,NULL,"2025-11-05 12:07:13.182762+00"
2379,"7050798852","829653636","How did u get in this situation",NULL,NULL,"2025-11-05 12:07:14.490647+00"
2380,"8389245936","6512706008","@mike3t",NULL,NULL,"2025-11-05 12:10:38.646219+00"
2381,"8109112246","6194922788","Hey",NULL,NULL,"2025-11-05 12:14:25.862887+00"
2382,"6380670350","8317962343","Hello",NULL,NULL,"2025-11-05 12:21:48.136595+00"
2383,"6380670350","8317962343","Bb",NULL,NULL,"2025-11-05 12:24:41.388649+00"
2384,"6194922788","8109112246","Hey",NULL,NULL,"2025-11-05 12:24:53.725875+00"
2385,"8411844354","7058670155","Bro u r correct",NULL,NULL,"2025-11-05 12:38:06.293194+00"
2386,"8411844354","7058670155","R u here",NULL,NULL,"2025-11-05 12:38:40.712378+00"
2387,"7058670155","8411844354","Thanks for your understanding 👍",NULL,NULL,"2025-11-05 12:38:41.95539+00"
2388,"8411844354","7058670155","I'gay  but g",NULL,NULL,"2025-11-05 12:39:14.156387+00"
2389,"7058670155","8411844354","?",NULL,NULL,"2025-11-05 12:41:05.967552+00"
2390,"8411844354","7058670155","If ur gay tell me we will fuck",NULL,NULL,"2025-11-05 12:41:31.673595+00"
2391,"7058670155","8411844354","እናትን ልብዳ አንተ ቡሽጢ 🤬",NULL,NULL,"2025-11-05 12:42:01.829795+00"
2392,"6490842744","8178595410","Wanna fuck?",NULL,NULL,"2025-11-05 12:42:09.513911+00"
2393,"8178595410","6490842744","Are u male or female?",NULL,NULL,"2025-11-05 12:42:29.257473+00"
2394,"8411844354","7058670155","U want see my dick",NULL,NULL,"2025-11-05 12:42:29.2214+00"
2395,"6490842744","8178595410","Male",NULL,NULL,"2025-11-05 12:42:38.631202+00"
2396,"8178595410","6490842744","Tebeda man enem male negn😭😭😂",NULL,NULL,"2025-11-05 12:42:54.188812+00"
2397,"8178595410","6490842744","Ena simaa...",NULL,NULL,"2025-11-05 12:43:06.84147+00"
2398,"8178595410","6490842744","Mebedat mtfeleg set alech ende mtakat?",NULL,NULL,"2025-11-05 12:43:21.90492+00"
2399,"6490842744","8178595410","Bdatam ye set emoji lemn arek",NULL,NULL,"2025-11-05 12:43:39.081406+00"
2400,"8178595410","6490842744","Bkh zm biye😂",NULL,NULL,"2025-11-05 12:43:52.794069+00"
2401,"8178595410","6490842744","Mebedat mtfeleg set alech ende mtakat?",NULL,NULL,"2025-11-05 12:44:03.835825+00"
2402,"6490842744","8178595410","Gay neh ende lutiyam",NULL,NULL,"2025-11-05 12:44:08.463432+00"
2403,"8178595410","6490842744","No adelehum",NULL,NULL,"2025-11-05 12:44:21.260468+00"
2404,"8178595410","6490842744","Mebedat mtfeleg set alech ende mtakat?",NULL,NULL,"2025-11-05 12:44:24.998986+00"
2405,"6490842744","8178595410","Btnorem le alsetm",NULL,NULL,"2025-11-05 12:44:33.270965+00"
2417,"8411844354","7058670155","Just send me ur pic first",NULL,NULL,"2025-11-05 12:51:25.304918+00"
2421,"8411844354","7058670155","??",NULL,NULL,"2025-11-05 12:53:29.09193+00"
2423,"6194922788","8109112246","I am a human female.",NULL,NULL,"2025-11-05 12:55:15.2921+00"
2427,"6194922788","8109112246","I don’t like phone calls",NULL,NULL,"2025-11-05 12:56:19.105662+00"
2429,"8109112246","6194922788","Telegram lay enawra?",NULL,NULL,"2025-11-05 12:56:56.835265+00"
2431,"8109112246","6194922788","Mndnw mtfelegew esh ngregn ...im here for you!",NULL,NULL,"2025-11-05 12:57:36.832861+00"
2451,"6194922788","8109112246","My face is cute (it’s weird for me to rank it but I am not considered chopped)",NULL,NULL,"2025-11-05 13:15:18.013957+00"
2846,"1098949446","8402831744","A man i guess you wanna see 🤣",NULL,NULL,"2025-11-07 17:16:43.632488+00"
2857,"5723927134","6499363352","U can call me JA",NULL,NULL,"2025-11-07 17:31:20.847533+00"
2406,"8411844354","7058670155","Bro let me tell u some things",NULL,NULL,"2025-11-05 12:44:37.303356+00"
2847,"1098949446","8402831744","But you a boy i guess",NULL,NULL,"2025-11-07 17:16:52.847181+00"
2852,"1098949446","8402831744","🤣🤣🤣🤣 eshi maneye yemechish",NULL,NULL,"2025-11-07 17:19:34.594243+00"
2858,"5723927134","6499363352","U?",NULL,NULL,"2025-11-07 17:31:42.526364+00"
2860,"6499363352","5723927134","Bruhhhh",NULL,NULL,"2025-11-07 17:32:17.766499+00"
2407,"6490842744","8178595410","Le gay alsetm",NULL,NULL,"2025-11-05 12:44:43.287232+00"
2408,"7058670155","8411844354","Go ahead",NULL,NULL,"2025-11-05 12:45:37.614489+00"
2409,"6194922788","8109112246","Let’s not beat around the bush… fun with no attachment right?",NULL,NULL,"2025-11-05 12:45:53.755363+00"
2410,"8411844354","7058670155","Just wait for me",NULL,NULL,"2025-11-05 12:45:57.418661+00"
2411,"8411844354","7058670155","If u want i will sent every gay ppl photo",NULL,NULL,"2025-11-05 12:48:04.297496+00"
2412,"7058670155","8411844354","What does it do for me?",NULL,NULL,"2025-11-05 12:49:29.474821+00"
2413,"8411844354","7058670155","May be ur friend r also gay",NULL,NULL,"2025-11-05 12:49:48.39385+00"
2416,"8109112246","6194922788","Yes",NULL,NULL,"2025-11-05 12:51:11.314495+00"
2425,"8109112246","6194922788","Yes",NULL,NULL,"2025-11-05 12:55:47.246638+00"
2435,"6194922788","8109112246","Do you have a good teeth?",NULL,NULL,"2025-11-05 12:59:22.787932+00"
2440,"8109112246","6194922788","Happything_s....contact me on my username above pls",NULL,NULL,"2025-11-05 13:01:45.533105+00"
2442,"8109112246","6194922788","Ok got it😊😊...do u hv big tips and but?",NULL,NULL,"2025-11-05 13:02:46.748646+00"
2444,"6194922788","8109112246","What is your hair like? Long or short or clean cut?",NULL,NULL,"2025-11-05 13:04:14.956537+00"
2445,"8109112246","6194922788","Begeta I love big tits sooo badly ymr...long hair nbregn gn AAU askoretun ahun clean cut gn it suits my skull I guess 😅",NULL,NULL,"2025-11-05 13:06:25.060413+00"
2446,"8109112246","6194922788","Hey...",NULL,NULL,"2025-11-05 13:08:40.904167+00"
2448,"8109112246","6194922788","Ok...",NULL,NULL,"2025-11-05 13:10:12.870853+00"
2450,"6194922788","8109112246","Oh so you have feet fetish… what makes a feet good looking I really don’t know so you mind sending me a pic? So I can compare and let uk",NULL,NULL,"2025-11-05 13:14:12.651181+00"
2454,"6194922788","8109112246","No, i don’t want you to know who I am when we meet we meet eskezaw u don’t need to know me personally.",NULL,NULL,"2025-11-05 13:16:07.571303+00"
2458,"6194922788","8109112246","Okay I will search good feet pics beye des yebeleh",NULL,NULL,"2025-11-05 13:17:39.354094+00"
2851,"8402831744","1098949446","Heyyy",NULL,NULL,"2025-11-07 17:19:09.363758+00"
2854,"5723927134","6499363352","U better be a fine shiyat 💀",NULL,NULL,"2025-11-07 17:29:00.570164+00"
2414,"7058670155","8411844354","Good point",NULL,NULL,"2025-11-05 12:51:03.52966+00"
2430,"6194922788","8109112246","Ene mawrat alfelegem",NULL,NULL,"2025-11-05 12:57:12.001726+00"
2432,"6194922788","8109112246","You in AAU",NULL,NULL,"2025-11-05 12:57:39.556374+00"
2434,"6194922788","8109112246","I will ask you questions about your physicality that I don’t compromise when I am with a man you can do the same… okay?",NULL,NULL,"2025-11-05 12:58:54.341301+00"
2453,"8109112246","6194922788","Username I'll send u",NULL,NULL,"2025-11-05 13:16:05.591222+00"
2461,"6194922788","8109112246","Brown skinned",NULL,NULL,"2025-11-05 13:18:40.661329+00"
2462,"8109112246","6194922788","Almost chocolate color nesh malet nw😮‍💨😪🍫",NULL,NULL,"2025-11-05 13:19:14.761089+00"
2861,"6499363352","5723927134","Ja im not fine shyt",NULL,NULL,"2025-11-07 17:46:22.001602+00"
2415,"7058670155","8411844354","Send them",NULL,NULL,"2025-11-05 12:51:07.456966+00"
2418,"8109112246","6194922788","Ru male or female?",NULL,NULL,"2025-11-05 12:51:30.564803+00"
2419,"6194922788","8109112246","The way I cackled. Which one do you prefer?",NULL,NULL,"2025-11-05 12:53:00.645184+00"
2420,"8109112246","6194922788","Female",NULL,NULL,"2025-11-05 12:53:24.254842+00"
2433,"8109112246","6194922788","Yes im",NULL,NULL,"2025-11-05 12:57:45.690216+00"
2439,"8109112246","6194922788","Huh?",NULL,NULL,"2025-11-05 13:00:53.469198+00"
2447,"6194922788","8109112246","I don’t like hair on men anyways so… your turn ahun right?",NULL,NULL,"2025-11-05 13:09:49.856503+00"
2452,"8109112246","6194922788","Ok I can send u gn bot slehone pic ayfekedem...mind u if we talk on telegram?",NULL,NULL,"2025-11-05 13:15:25.810715+00"
2457,"8109112246","6194922788","Koy pp sh lay photosh alle ende?",NULL,NULL,"2025-11-05 13:17:23.332626+00"
2459,"8109112246","6194922788","Im light skinned",NULL,NULL,"2025-11-05 13:17:40.237816+00"
2862,"7388700051","7897386358","Vg",NULL,NULL,"2025-11-07 17:53:25.105356+00"
2422,"8109112246","6194922788","Ru female? ..just be honest",NULL,NULL,"2025-11-05 12:53:47.308566+00"
2438,"8109112246","6194922788","What do u mean by ur turn,?",NULL,NULL,"2025-11-05 12:59:57.866647+00"
2443,"6194922788","8109112246","Very big tits, no ass malet yechalal sadly.",NULL,NULL,"2025-11-05 13:03:35.843534+00"
2424,"6194922788","8109112246","Are you a human male?",NULL,NULL,"2025-11-05 12:55:39.05707+00"
2426,"8109112246","6194922788","Can u send me ur number?",NULL,NULL,"2025-11-05 12:55:57.891805+00"
2428,"8109112246","6194922788","Esh mn",NULL,NULL,"2025-11-05 12:56:29.393561+00"
2436,"8109112246","6194922788","Yes I do",NULL,NULL,"2025-11-05 12:59:29.388208+00"
2437,"6194922788","8109112246","Your turn",NULL,NULL,"2025-11-05 12:59:37.490405+00"
2441,"6194922788","8109112246","Ask me something about my look that you don’t compromise when you are with a women… no judgement as I said we are both here to have fun",NULL,NULL,"2025-11-05 13:01:52.840126+00"
2449,"8109112246","6194922788","Is ur face cute,average or chopped,wbt ur feet?",NULL,NULL,"2025-11-05 13:11:03.920505+00"
2455,"8109112246","6194922788","Ymr i don't need to knew u eko gn ehe bot slehone Pic melalak ymr slemay feked nw",NULL,NULL,"2025-11-05 13:17:06.383827+00"
2456,"6194922788","8109112246","How about your hands? Clean? Mustache? Skin color?",NULL,NULL,"2025-11-05 13:17:23.201032+00"
2460,"8109112246","6194922788","Whats ur skin color?",NULL,NULL,"2025-11-05 13:18:12.528933+00"
