"id","requester_id","recipient_id","status","created_at","updated_at"
79,"1199863915","1940613654","accepted","2025-10-01 10:24:47.237176+00","2025-10-01 10:24:55.838101+00"
52,"918056248","7758177630","accepted","2025-09-28 00:55:54.770184+00","2025-09-28 08:50:05.942025+00"
54,"960722772","6300074389","accepted","2025-09-28 09:09:20.43531+00","2025-09-28 09:09:36.73944+00"
55,"5237102694","5014292785","accepted","2025-09-28 09:39:05.300628+00","2025-09-28 09:48:33.154932+00"
7,"710914858","5959249059","accepted","2025-09-15 09:05:26.204001+00","2025-09-15 09:05:33.94113+00"
8,"6194922788","7773846469","pending","2025-09-15 09:55:56.027082+00","2025-09-15 09:55:56.027082+00"
9,"7758177630","5014292785","pending","2025-09-15 10:19:57.434881+00","2025-09-15 10:19:57.434881+00"
10,"6779463630","5959249059","accepted","2025-09-15 16:23:15.08454+00","2025-09-15 16:25:25.024739+00"
11,"7025504966","1647829518","pending","2025-09-16 03:21:04.659154+00","2025-09-16 03:21:04.659154+00"
12,"1849516415","7852535272","accepted","2025-09-16 08:25:48.155582+00","2025-09-16 08:37:52.424362+00"
13,"7492318118","5014292785","accepted","2025-09-16 09:45:38.161797+00","2025-09-16 09:48:17.026959+00"
56,"923161634","5344949466","accepted","2025-09-28 14:42:13.650237+00","2025-09-28 14:42:42.270999+00"
14,"7795615574","5014292785","accepted","2025-09-16 12:20:11.524552+00","2025-09-16 12:41:45.433587+00"
16,"5014315387","5344544294","declined","2025-09-16 21:25:38.72255+00","2025-09-17 05:01:36.504713+00"
17,"8338186102","7795615574","accepted","2025-09-17 07:47:49.06783+00","2025-09-17 07:53:45.391517+00"
18,"6834002635","5014292785","pending","2025-09-17 12:58:20.861821+00","2025-09-17 12:58:20.861821+00"
57,"5861088790","1222542336","accepted","2025-09-29 04:37:17.664523+00","2025-09-29 05:51:23.477207+00"
22,"1849516415","7952605396","accepted","2025-09-17 18:48:13.507209+00","2025-09-17 18:48:38.109183+00"
20,"1006915047","7792172477","accepted","2025-09-17 18:28:52.253688+00","2025-09-17 19:55:23.484245+00"
19,"1345263378","5014292785","accepted","2025-09-17 18:26:42.46632+00","2025-09-18 03:44:22.806838+00"
23,"1152409369","7388700051","accepted","2025-09-18 16:49:23.704348+00","2025-09-18 16:50:04.389798+00"
24,"485859721","6376443523","accepted","2025-09-18 17:19:52.480111+00","2025-09-18 18:09:20.295367+00"
27,"485859721","949915518","accepted","2025-09-18 18:42:51.052198+00","2025-09-18 18:43:06.213501+00"
25,"485859721","8115373343","accepted","2025-09-18 18:42:00.825508+00","2025-09-18 18:58:42.557205+00"
26,"485859721","7446530116","accepted","2025-09-18 18:42:18.558541+00","2025-09-18 20:32:00.387605+00"
28,"7691494441","7168900029","accepted","2025-09-19 02:04:06.182223+00","2025-09-19 06:05:53.07616+00"
29,"1152409369","1166281843","pending","2025-09-19 06:32:29.632066+00","2025-09-19 06:32:29.632066+00"
30,"6582154303","5344544294","declined","2025-09-19 09:26:33.638081+00","2025-09-19 15:39:52.104023+00"
31,"1152409369","1391174363","accepted","2025-09-20 12:38:03.792006+00","2025-09-20 12:38:15.833842+00"
34,"5647903240","1940613654","accepted","2025-09-21 06:24:24.682207+00","2025-09-21 06:35:46.108806+00"
32,"5527748575","2044560643","accepted","2025-09-20 22:18:03.152166+00","2025-09-21 07:43:23.756519+00"
33,"7323448965","6067458886","accepted","2025-09-21 01:09:23.463883+00","2025-09-21 12:34:50.858702+00"
36,"5098657577","1391174363","accepted","2025-09-21 20:52:25.726669+00","2025-09-21 20:52:36.290907+00"
37,"6981232498","1940613654","accepted","2025-09-23 10:42:48.739196+00","2025-09-23 10:43:15.186227+00"
38,"6839822722","1940613654","accepted","2025-09-23 10:56:26.497662+00","2025-09-23 10:56:54.594086+00"
39,"918056248","7712292484","accepted","2025-09-24 09:54:13.567642+00","2025-09-24 09:55:46.108773+00"
40,"918056248","7178303858","accepted","2025-09-24 09:57:48.756869+00","2025-09-24 10:02:00.510708+00"
41,"918056248","1464568507","pending","2025-09-24 10:05:06.853921+00","2025-09-24 10:05:06.853921+00"
42,"6981232498","7629883828","accepted","2025-09-25 13:19:16.233503+00","2025-09-25 13:20:34.616814+00"
43,"351356603","7191029735","accepted","2025-09-26 19:43:27.879529+00","2025-09-26 20:28:00.22556+00"
45,"8035422901","6189779589","accepted","2025-09-27 07:06:47.344657+00","2025-09-27 07:06:55.025515+00"
59,"5546734859","6685543389","pending","2025-09-29 08:43:09.056786+00","2025-09-29 08:43:09.056786+00"
47,"7574362495","6189779589","accepted","2025-09-27 08:51:14.108986+00","2025-09-27 10:05:09.003915+00"
44,"2082630193","6189779589","accepted","2025-09-27 06:57:55.104856+00","2025-09-27 10:05:11.515631+00"
48,"533285204","8050312963","accepted","2025-09-27 17:40:15.797522+00","2025-09-27 17:40:44.423387+00"
49,"7578356794","5014292785","accepted","2025-09-27 18:53:28.796458+00","2025-09-27 19:13:22.545362+00"
50,"612205016","807504058","accepted","2025-09-27 19:24:33.432775+00","2025-09-27 19:24:41.980153+00"
51,"5067198717","5014292785","accepted","2025-09-27 20:27:05.818814+00","2025-09-27 21:12:35.254213+00"
58,"5189934287","6499363352","accepted","2025-09-29 08:40:19.922588+00","2025-09-29 08:45:36.254699+00"
60,"874902262","1507869523","pending","2025-09-29 09:05:24.761623+00","2025-09-29 09:05:24.761623+00"
61,"874902262","457252038","accepted","2025-09-29 09:05:28.958075+00","2025-09-29 09:07:12.701776+00"
63,"6651273237","699103879","accepted","2025-09-29 15:23:23.426634+00","2025-09-29 15:23:55.729463+00"
62,"6981232498","699103879","accepted","2025-09-29 15:12:08.069721+00","2025-09-29 15:26:17.772444+00"
65,"6868499362","5014292785","accepted","2025-09-29 19:08:21.794372+00","2025-09-29 19:12:26.371272+00"
66,"6834002635","5220371517","accepted","2025-09-29 19:49:07.492403+00","2025-09-29 19:55:22.957185+00"
64,"5014315387","6913252945","accepted","2025-09-29 17:04:57.540193+00","2025-09-29 20:11:51.409964+00"
67,"7911631857","7352212195","accepted","2025-09-30 10:49:42.029863+00","2025-09-30 11:31:28.197496+00"
69,"7911631857","7928364992","pending","2025-09-30 12:16:19.917014+00","2025-09-30 12:16:19.917014+00"
70,"7911631857","6507987020","pending","2025-09-30 12:24:42.487809+00","2025-09-30 12:24:42.487809+00"
73,"7911631857","6194922788","pending","2025-09-30 13:18:03.090147+00","2025-09-30 13:18:03.090147+00"
71,"7911631857","5014292785","accepted","2025-09-30 13:03:02.866577+00","2025-09-30 18:48:46.4982+00"
68,"7911631857","1940613654","accepted","2025-09-30 11:49:06.333776+00","2025-09-30 18:51:23.488647+00"
74,"7454748542","1103065697","pending","2025-09-30 18:52:22.096731+00","2025-09-30 18:52:22.096731+00"
72,"7911631857","5092379124","accepted","2025-09-30 13:04:15.08034+00","2025-09-30 20:11:44.104587+00"
75,"1115042518","6771479660","accepted","2025-09-30 20:20:52.906273+00","2025-09-30 20:25:28.511889+00"
76,"7043326530","684773974","accepted","2025-10-01 05:22:12.179823+00","2025-10-01 06:42:44.862502+00"
78,"8001992308","950703820","pending","2025-10-01 08:20:27.443663+00","2025-10-01 08:20:27.443663+00"
80,"5237102694","6993562534","declined","2025-10-01 12:56:01.360578+00","2025-10-01 12:56:56.769643+00"
81,"5237102694","6499363352","accepted","2025-10-01 18:17:43.253301+00","2025-10-01 18:18:32.122443+00"
82,"5237102694","950703820","accepted","2025-10-01 18:40:57.384368+00","2025-10-01 19:18:03.393057+00"
85,"6634362515","5487465855","pending","2025-10-01 20:23:20.318361+00","2025-10-01 20:23:20.318361+00"
86,"6634362515","8034247290","accepted","2025-10-01 20:23:35.498319+00","2025-10-01 20:24:58.357686+00"
87,"710914858","5220371517","accepted","2025-10-01 21:54:17.354332+00","2025-10-01 23:01:30.615265+00"
91,"5861088790","7528200033","accepted","2025-10-02 06:12:10.503685+00","2025-10-02 06:12:46.040814+00"
92,"5850632565","7528200033","accepted","2025-10-02 06:55:39.005638+00","2025-10-02 06:59:53.851149+00"
90,"1189111169","1940613654","declined","2025-10-02 04:58:47.639512+00","2025-10-02 07:12:29.456182+00"
89,"1201360478","1940613654","declined","2025-10-01 22:36:27.108792+00","2025-10-02 07:12:32.632135+00"
84,"1762956875","1940613654","declined","2025-10-01 20:03:54.044101+00","2025-10-02 07:12:34.998654+00"
93,"6344107400","1940613654","pending","2025-10-02 07:11:55.3317+00","2025-10-02 07:13:26.950121+00"
88,"710914858","855757095","accepted","2025-10-01 21:54:33.770793+00","2025-10-02 07:18:52.558221+00"
95,"7673666831","1716325695","pending","2025-10-02 08:09:32.135965+00","2025-10-02 08:09:32.135965+00"
97,"5220371517","8115373343","accepted","2025-10-02 08:12:58.306598+00","2025-10-02 08:13:01.62881+00"
96,"8115373343","855757095","accepted","2025-10-02 08:12:56.493769+00","2025-10-02 08:20:11.487705+00"
98,"5220371517","7876573174","pending","2025-10-02 10:11:23.73969+00","2025-10-02 10:11:23.73969+00"
99,"1583149562","6831414453","declined","2025-10-02 17:46:34.43786+00","2025-10-02 18:13:47.91878+00"
83,"7911631857","6467486572","accepted","2025-10-01 18:46:50.493385+00","2025-10-02 18:58:52.621541+00"
100,"6344107400","8096218109","pending","2025-10-02 20:58:26.495082+00","2025-10-02 20:58:26.495082+00"
101,"6637278528","898224518","pending","2025-10-03 04:53:30.138693+00","2025-10-03 04:53:30.138693+00"
102,"1090728787","5650409458","accepted","2025-10-03 05:03:07.889341+00","2025-10-03 07:44:01.246573+00"
104,"8115373343","386261453","accepted","2025-10-03 07:49:35.532603+00","2025-10-03 08:52:13.280232+00"
105,"6246705918","1011215957","accepted","2025-10-03 08:48:06.701722+00","2025-10-03 09:31:04.341538+00"
106,"8111064287","1940613654","pending","2025-10-03 10:44:03.731753+00","2025-10-03 10:44:03.731753+00"
2563,"7795615574","8295901088","pending","2025-11-16 13:41:53.286025+00","2025-11-16 13:41:53.286025+00"
107,"7911631857","6246705918","pending","2025-10-03 12:05:37.279321+00","2025-10-03 12:05:37.279321+00"
108,"7231257941","774147657","declined","2025-10-03 13:51:55.511306+00","2025-10-03 13:59:13.008251+00"
109,"6981232498","5344544294","accepted","2025-10-03 13:56:29.755198+00","2025-10-03 14:00:44.494941+00"
103,"8115373343","8096218109","accepted","2025-10-03 07:49:19.536201+00","2025-10-03 14:10:04.359915+00"
110,"6981232498","462966491","pending","2025-10-03 14:27:03.604927+00","2025-10-03 14:27:03.604927+00"
111,"2099454675","774147657","pending","2025-10-03 17:48:49.838004+00","2025-10-03 17:48:49.838004+00"
112,"8178767814","5489505685","accepted","2025-10-03 18:10:06.647653+00","2025-10-03 18:10:31.956506+00"
113,"6344107400","2099454675","accepted","2025-10-03 18:59:20.967509+00","2025-10-03 18:59:53.430915+00"
114,"6189779589","1377944646","accepted","2025-10-03 19:32:23.72134+00","2025-10-03 19:47:25.103389+00"
116,"5011355321","1302345642","accepted","2025-10-03 20:22:30.535391+00","2025-10-03 20:22:41.417536+00"
115,"6834002635","5344544294","accepted","2025-10-03 20:20:16.259495+00","2025-10-04 03:47:34.574758+00"
118,"5398360915","1940613654","accepted","2025-10-04 09:34:58.622759+00","2025-10-04 09:54:34.467216+00"
117,"5130529877","6332613822","accepted","2025-10-04 08:29:17.29487+00","2025-10-04 10:56:06.358664+00"
158,"6981232498","5014292785","accepted","2025-10-06 14:17:10.741227+00","2025-10-06 14:17:19.191016+00"
121,"6887182283","1940613654","accepted","2025-10-04 14:02:55.030633+00","2025-10-04 14:04:11.091957+00"
122,"6887182283","5014292785","accepted","2025-10-04 14:12:07.482189+00","2025-10-04 14:15:11.221502+00"
123,"6344107400","7398567548","accepted","2025-10-04 14:58:02.178152+00","2025-10-04 14:58:41.955677+00"
124,"6438375349","774147657","accepted","2025-10-04 16:13:15.802442+00","2025-10-04 16:17:55.698548+00"
125,"1079501372","5014292785","accepted","2025-10-04 16:29:47.52699+00","2025-10-04 16:31:53.132878+00"
126,"8487387358","7388700051","pending","2025-10-04 17:11:11.320648+00","2025-10-04 17:11:11.320648+00"
159,"6887182283","5145057341","pending","2025-10-06 17:50:13.821099+00","2025-10-06 17:50:13.821099+00"
128,"6499363352","703138365","declined","2025-10-04 17:58:51.150408+00","2025-10-04 17:59:10.00555+00"
119,"6834002635","1053241387","pending","2025-10-04 13:14:47.60999+00","2025-10-04 18:38:18.128601+00"
127,"559252407","7359357860","accepted","2025-10-04 17:47:33.022212+00","2025-10-04 20:07:46.249968+00"
130,"6834002635","6499363352","accepted","2025-10-05 03:03:20.856211+00","2025-10-05 06:11:43.723009+00"
131,"6499363352","969223988","accepted","2025-10-05 07:41:06.663867+00","2025-10-05 07:41:14.918977+00"
132,"8109112246","5014292785","accepted","2025-10-05 07:53:54.326111+00","2025-10-05 07:56:20.934585+00"
134,"8109112246","1940613654","pending","2025-10-05 07:56:54.752414+00","2025-10-05 07:56:54.752414+00"
133,"7795615574","6332613822","accepted","2025-10-05 07:56:50.219084+00","2025-10-05 07:57:03.372381+00"
138,"6438375349","7359357860","accepted","2025-10-05 09:06:08.120162+00","2025-10-05 10:06:41.476086+00"
135,"7795615574","7359357860","accepted","2025-10-05 08:02:42.523957+00","2025-10-05 10:06:45.716034+00"
139,"543435634","5014292785","accepted","2025-10-05 11:28:10.454698+00","2025-10-05 11:31:59.086708+00"
161,"7919816582","6834002635","accepted","2025-10-06 19:48:21.432545+00","2025-10-06 19:48:32.575936+00"
162,"5820676652","859504305","accepted","2025-10-06 20:08:15.614674+00","2025-10-06 20:09:57.98127+00"
140,"8436061444","5014292785","accepted","2025-10-05 11:35:43.240706+00","2025-10-05 11:39:03.451178+00"
143,"2056021138","5014292785","accepted","2025-10-05 14:15:59.859521+00","2025-10-05 14:16:37.823105+00"
144,"6499363352","6378224007","accepted","2025-10-05 14:34:32.96501+00","2025-10-05 14:34:42.250757+00"
145,"5986399541","6834002635","accepted","2025-10-05 15:23:07.659778+00","2025-10-05 15:25:34.420554+00"
146,"7222244857","7388700051","accepted","2025-10-05 16:01:34.66414+00","2025-10-05 16:01:43.283921+00"
137,"7795615574","351356603","accepted","2025-10-05 08:57:07.74864+00","2025-10-05 17:31:16.772926+00"
147,"5067198717","5145057341","pending","2025-10-05 17:36:15.163747+00","2025-10-05 17:36:15.163747+00"
148,"7264966208","774147657","accepted","2025-10-05 17:39:43.791747+00","2025-10-05 17:42:56.232895+00"
149,"5505407559","7388700051","pending","2025-10-05 19:33:46.696696+00","2025-10-05 19:33:46.696696+00"
150,"7202700575","6914943213","accepted","2025-10-05 20:21:56.5965+00","2025-10-05 20:27:46.434651+00"
151,"7574362495","7388700051","accepted","2025-10-06 07:41:45.43984+00","2025-10-06 07:42:04.249988+00"
152,"6037647623","1746332408","accepted","2025-10-06 08:46:17.18783+00","2025-10-06 08:46:54.899403+00"
153,"955679410","7191883532","accepted","2025-10-06 08:47:54.676263+00","2025-10-06 08:50:34.278789+00"
154,"1275082033","5014292785","accepted","2025-10-06 10:19:09.434659+00","2025-10-06 10:19:14.886671+00"
155,"903963080","887552308","accepted","2025-10-06 10:36:53.0252+00","2025-10-06 10:48:10.056057+00"
156,"6179841738","5014292785","accepted","2025-10-06 11:09:56.88376+00","2025-10-06 12:37:21.714373+00"
157,"1073897353","5011355321","accepted","2025-10-06 13:25:14.976653+00","2025-10-06 13:39:26.017915+00"
163,"6677448256","5014292785","accepted","2025-10-06 20:51:57.641966+00","2025-10-06 20:52:24.595581+00"
160,"7919816582","6332613822","accepted","2025-10-06 19:48:01.96636+00","2025-10-07 03:17:47.129732+00"
164,"7407858484","5220371517","pending","2025-10-07 08:13:51.094996+00","2025-10-07 08:13:51.094996+00"
165,"7407858484","1751884518","accepted","2025-10-07 08:14:27.78503+00","2025-10-07 08:14:59.943659+00"
166,"7386771058","6499363352","accepted","2025-10-07 09:30:50.730592+00","2025-10-07 09:31:05.164848+00"
167,"7407858484","855984276","pending","2025-10-07 10:22:54.325248+00","2025-10-07 10:22:54.325248+00"
183,"6634362515","5014292785","pending","2025-10-07 17:45:57.862727+00","2025-10-07 17:45:57.862727+00"
168,"7407858484","6499363352","accepted","2025-10-07 10:23:34.745126+00","2025-10-07 10:32:57.818589+00"
184,"7911631857","5344544294","accepted","2025-10-07 17:46:14.009223+00","2025-10-07 17:46:21.707797+00"
170,"6927034075","7679369663","pending","2025-10-07 11:15:09.939318+00","2025-10-07 11:15:52.164415+00"
173,"482290538","1940613654","pending","2025-10-07 11:52:18.148426+00","2025-10-07 11:52:18.148426+00"
174,"482290538","5014292785","accepted","2025-10-07 12:08:13.070687+00","2025-10-07 12:08:56.964655+00"
175,"1995230930","5014292785","accepted","2025-10-07 12:11:10.564434+00","2025-10-07 12:11:23.472034+00"
176,"482290538","7359357860","pending","2025-10-07 12:12:27.61276+00","2025-10-07 12:12:27.61276+00"
177,"2120903391","468381792","accepted","2025-10-07 15:09:54.464418+00","2025-10-07 16:41:08.246363+00"
185,"6634362515","7264966208","pending","2025-10-07 17:53:47.786012+00","2025-10-07 17:53:47.786012+00"
172,"6834002635","977600260","accepted","2025-10-07 11:18:04.765246+00","2025-10-07 17:09:39.222897+00"
180,"5713614056","5918213267","accepted","2025-10-07 17:32:03.705406+00","2025-10-07 17:32:08.364399+00"
179,"1667237352","1103065697","accepted","2025-10-07 17:28:03.829249+00","2025-10-07 17:37:00.476188+00"
181,"6160727207","5014292785","accepted","2025-10-07 17:40:49.720802+00","2025-10-07 17:40:56.408115+00"
182,"5713614056","5014292785","pending","2025-10-07 17:41:11.133362+00","2025-10-07 17:41:11.133362+00"
186,"6634362515","5713614056","accepted","2025-10-07 18:05:19.580019+00","2025-10-07 18:05:30.242991+00"
187,"6163220554","977600260","accepted","2025-10-07 18:09:07.107995+00","2025-10-07 18:09:21.418393+00"
188,"1302345642","6332613822","pending","2025-10-07 18:44:32.325537+00","2025-10-07 18:44:32.325537+00"
189,"590463306","6499363352","accepted","2025-10-07 21:08:05.691355+00","2025-10-08 06:37:03.515742+00"
190,"1575247979","8115373343","accepted","2025-10-08 06:49:27.663408+00","2025-10-08 06:50:49.765362+00"
191,"1575247979","5014292785","pending","2025-10-08 07:28:12.66967+00","2025-10-08 07:28:12.66967+00"
192,"7231257941","6499363352","accepted","2025-10-08 13:56:10.757111+00","2025-10-08 15:02:48.064399+00"
194,"1602640976","5313962840","accepted","2025-10-08 16:15:29.822796+00","2025-10-08 16:16:03.573666+00"
195,"5959533967","5313962840","accepted","2025-10-08 16:17:35.336015+00","2025-10-08 16:17:44.042369+00"
196,"905136049","5014292785","accepted","2025-10-08 16:39:56.422561+00","2025-10-08 16:40:09.018702+00"
193,"7796998749","7911631857","accepted","2025-10-08 15:26:32.493453+00","2025-10-08 16:45:59.591274+00"
197,"6044095332","1399328231","accepted","2025-10-08 20:48:17.645208+00","2025-10-09 03:24:51.686567+00"
198,"1976484709","1199863915","accepted","2025-10-09 13:07:02.90476+00","2025-10-09 13:07:35.823085+00"
199,"1199863915","1103065697","accepted","2025-10-09 13:32:02.234586+00","2025-10-09 14:23:19.406628+00"
200,"7931937025","5014292785","accepted","2025-10-09 18:07:48.829112+00","2025-10-09 18:10:59.392104+00"
203,"8128238271","5014292785","pending","2025-10-09 19:32:18.973871+00","2025-10-09 19:32:18.973871+00"
202,"1465944838","5014292785","accepted","2025-10-09 19:31:20.020322+00","2025-10-09 19:33:19.860656+00"
204,"967771245","5505407559","accepted","2025-10-09 19:45:34.283364+00","2025-10-09 19:52:19.142516+00"
205,"5130529877","703138365","accepted","2025-10-09 20:16:46.19636+00","2025-10-09 20:17:16.343251+00"
206,"6652418571","5014292785","pending","2025-10-09 21:17:41.113386+00","2025-10-09 21:17:41.113386+00"
207,"6652418571","5918213267","accepted","2025-10-09 21:19:03.629868+00","2025-10-09 21:19:24.550166+00"
208,"8436061444","1184308901","pending","2025-10-10 03:25:00.021353+00","2025-10-10 03:25:00.021353+00"
209,"923161634","5014292785","pending","2025-10-10 05:10:47.384312+00","2025-10-10 05:10:47.384312+00"
210,"7210483995","8115373343","pending","2025-10-10 05:56:57.445844+00","2025-10-10 05:56:57.445844+00"
211,"1446432638","462966491","accepted","2025-10-10 07:32:19.288045+00","2025-10-10 07:33:08.362847+00"
212,"7647636604","8132883465","accepted","2025-10-10 08:21:15.695539+00","2025-10-10 08:21:28.889119+00"
213,"6652418571","6904498279","pending","2025-10-10 09:49:33.444531+00","2025-10-10 09:49:33.444531+00"
214,"7386771058","5313962840","accepted","2025-10-10 10:57:12.089792+00","2025-10-10 11:28:19.918139+00"
216,"5377571890","7388700051","accepted","2025-10-10 11:11:34.003852+00","2025-10-10 11:37:48.500565+00"
220,"1115042518","8487387358","accepted","2025-10-10 12:23:53.578717+00","2025-10-10 12:37:17.566621+00"
261,"710914858","1146932382","accepted","2025-10-12 14:12:10.50567+00","2025-10-12 14:21:06.254708+00"
223,"7795615574","7108642817","pending","2025-10-10 12:55:25.618854+00","2025-10-10 12:55:25.618854+00"
222,"7795615574","6387738491","accepted","2025-10-10 12:54:11.886429+00","2025-10-10 12:55:54.535662+00"
221,"7795615574","8487387358","accepted","2025-10-10 12:44:59.631727+00","2025-10-10 13:07:17.074291+00"
219,"1115042518","1103065697","accepted","2025-10-10 12:23:25.501349+00","2025-10-10 14:52:07.669522+00"
218,"8436061444","1103065697","accepted","2025-10-10 12:20:45.291449+00","2025-10-10 14:52:09.53722+00"
217,"710914858","1103065697","accepted","2025-10-10 12:19:44.869278+00","2025-10-10 14:52:11.042998+00"
225,"8436061444","8487387358","accepted","2025-10-10 15:08:22.168442+00","2025-10-10 15:11:08.038028+00"
226,"7795615574","8132883465","accepted","2025-10-10 15:30:37.280207+00","2025-10-10 15:31:58.474556+00"
228,"8436061444","7940722669","accepted","2025-10-10 16:58:01.849033+00","2025-10-10 16:59:31.737203+00"
227,"7919816582","1751884518","accepted","2025-10-10 16:40:55.359572+00","2025-10-10 17:33:21.318066+00"
229,"855757095","8132883465","accepted","2025-10-10 18:34:43.03716+00","2025-10-10 18:35:00.944293+00"
231,"8183840656","7838410273","accepted","2025-10-11 06:17:08.330639+00","2025-10-11 06:17:51.200935+00"
232,"8183840656","1131741322","accepted","2025-10-11 06:17:35.185621+00","2025-10-11 06:42:49.825096+00"
230,"1567196451","8115373343","accepted","2025-10-11 06:17:01.094488+00","2025-10-11 07:05:15.348578+00"
234,"1051999376","6631631388","pending","2025-10-11 07:59:05.304716+00","2025-10-11 07:59:05.304716+00"
236,"1051999376","6387738491","accepted","2025-10-11 08:05:14.52645+00","2025-10-11 08:08:21.070255+00"
237,"7628715805","5344544294","accepted","2025-10-11 14:13:51.497459+00","2025-10-11 14:14:15.457427+00"
287,"8481704883","5014292785","pending","2025-10-12 19:19:00.908951+00","2025-10-12 19:19:00.908951+00"
238,"7628715805","6981232498","accepted","2025-10-11 14:13:52.253096+00","2025-10-11 14:34:36.35173+00"
235,"1051999376","8487387358","accepted","2025-10-11 08:01:12.343713+00","2025-10-11 14:45:16.233151+00"
241,"6981232498","1184308901","accepted","2025-10-11 15:05:03.321295+00","2025-10-11 15:05:15.321421+00"
242,"1112901936","8115373343","accepted","2025-10-11 17:13:48.806173+00","2025-10-11 17:14:04.931876+00"
243,"441919191","1940613654","pending","2025-10-11 20:07:20.335118+00","2025-10-11 20:07:20.335118+00"
262,"807504058","1146932382","accepted","2025-10-12 14:31:29.867432+00","2025-10-12 16:38:25.942393+00"
244,"5269090357","1298762938","accepted","2025-10-11 20:24:52.583248+00","2025-10-11 20:27:36.29073+00"
239,"7628715805","2067005716","accepted","2025-10-11 14:13:55.482583+00","2025-10-12 00:58:52.135205+00"
246,"1311479066","684773974","declined","2025-10-11 21:02:58.254368+00","2025-10-12 04:32:58.180353+00"
247,"425585187","5261108402","accepted","2025-10-12 04:32:07.768067+00","2025-10-12 06:06:42.937573+00"
248,"7457480544","6499363352","accepted","2025-10-12 06:43:24.442032+00","2025-10-12 07:01:47.028274+00"
233,"1051999376","1751884518","accepted","2025-10-11 07:58:15.727538+00","2025-10-12 09:07:30.442356+00"
249,"1978240812","1381462660","declined","2025-10-12 09:25:15.846862+00","2025-10-12 09:36:45.671693+00"
251,"6977599613","8487387358","accepted","2025-10-12 09:46:54.459061+00","2025-10-12 09:48:26.342492+00"
252,"5220837501","782223844","declined","2025-10-12 09:58:02.040974+00","2025-10-12 10:35:02.182655+00"
250,"1978240812","5966722613","declined","2025-10-12 09:37:21.152019+00","2025-10-12 10:37:51.732415+00"
255,"1115042518","5237102694","accepted","2025-10-12 10:45:05.970717+00","2025-10-12 10:45:56.026408+00"
256,"1115042518","6179841738","accepted","2025-10-12 10:46:10.13642+00","2025-10-12 11:14:19.517639+00"
260,"7487681492","6499363352","accepted","2025-10-12 11:24:30.979782+00","2025-10-12 11:24:40.890792+00"
253,"5220837501","703138365","accepted","2025-10-12 10:15:28.178115+00","2025-10-12 11:44:01.74531+00"
254,"728820961","7612540718","accepted","2025-10-12 10:39:14.046649+00","2025-10-12 11:44:41.176613+00"
258,"1115042518","7612540718","accepted","2025-10-12 10:46:51.825177+00","2025-10-12 11:44:49.418331+00"
257,"1115042518","7084003937","accepted","2025-10-12 10:46:31.709533+00","2025-10-12 11:49:03.165547+00"
286,"7352497559","5014292785","accepted","2025-10-12 19:17:06.696652+00","2025-10-12 19:21:24.719841+00"
289,"7795615574","8162953981","accepted","2025-10-12 20:18:41.669167+00","2025-10-12 20:18:49.646702+00"
291,"8162953981","6808362524","accepted","2025-10-12 20:20:49.598916+00","2025-10-12 20:20:59.428001+00"
284,"8481704883","7264966208","accepted","2025-10-12 19:02:27.652775+00","2025-10-12 20:33:43.714183+00"
292,"1320397494","7681628337","accepted","2025-10-12 20:39:27.048723+00","2025-10-12 20:39:36.982051+00"
290,"8162953981","1320397494","accepted","2025-10-12 20:20:45.247259+00","2025-10-12 20:40:58.309143+00"
259,"1115042518","8373033343","accepted","2025-10-12 11:19:26.959522+00","2025-10-13 03:15:09.050846+00"
306,"1121019958","8172466679","accepted","2025-10-13 20:15:21.618731+00","2025-10-13 20:15:58.480998+00"
288,"6179841738","1146932382","accepted","2025-10-12 19:25:56.009153+00","2025-10-13 03:36:29.260906+00"
305,"7919816582","6499363352","accepted","2025-10-13 20:15:15.08102+00","2025-10-13 23:16:02.649268+00"
307,"1660367424","5014292785","pending","2025-10-13 23:32:14.657762+00","2025-10-13 23:32:14.657762+00"
308,"6110336587","1760862707","accepted","2025-10-14 06:52:30.187009+00","2025-10-14 06:53:31.023526+00"
297,"8179959742","1666565021","pending","2025-10-13 12:37:38.274969+00","2025-10-13 12:37:38.274969+00"
294,"1984303263","7260661379","accepted","2025-10-13 07:08:19.524504+00","2025-10-13 14:06:56.953309+00"
298,"5130529877","7914581161","declined","2025-10-13 14:51:49.236935+00","2025-10-13 14:53:27.33677+00"
299,"5980863479","8465583346","accepted","2025-10-13 15:03:09.569922+00","2025-10-13 15:03:21.097881+00"
264,"7919816582","1053241387","declined","2025-10-12 17:26:24.275358+00","2025-10-13 15:23:38.779649+00"
300,"8465583346","6233075737","pending","2025-10-13 15:40:45.160509+00","2025-10-13 15:40:45.160509+00"
301,"7885710518","872690594","pending","2025-10-13 15:57:32.667939+00","2025-10-13 15:57:32.667939+00"
302,"7885710518","6499363352","accepted","2025-10-13 16:39:09.626189+00","2025-10-13 16:39:35.996203+00"
303,"8399229432","5014292785","accepted","2025-10-13 17:05:06.828404+00","2025-10-13 17:06:18.339712+00"
304,"1115042518","699103879","accepted","2025-10-13 17:18:25.362706+00","2025-10-13 17:19:56.348308+00"
309,"5662709983","1760862707","accepted","2025-10-14 06:57:12.046069+00","2025-10-14 06:57:25.00501+00"
310,"7726740364","1851424766","accepted","2025-10-14 09:04:11.321485+00","2025-10-14 09:49:22.374583+00"
313,"8436061444","7691494441","accepted","2025-10-14 12:37:30.750238+00","2025-10-14 12:38:03.735193+00"
311,"7531904484","5376506038","accepted","2025-10-14 11:19:16.317239+00","2025-10-14 12:41:07.344083+00"
312,"8436061444","989260246","declined","2025-10-14 12:37:25.365302+00","2025-10-14 12:45:58.037077+00"
315,"519265304","7691494441","pending","2025-10-14 14:51:09.110724+00","2025-10-14 14:51:09.110724+00"
316,"6930563706","8487387358","accepted","2025-10-14 14:56:06.981214+00","2025-10-14 14:56:53.612024+00"
321,"754688541","5014292785","accepted","2025-10-15 03:34:27.354207+00","2025-10-15 03:44:58.472753+00"
318,"442993299","6000189961","accepted","2025-10-14 15:03:55.33055+00","2025-10-14 15:04:24.551141+00"
317,"6930563706","5237102694","accepted","2025-10-14 14:56:10.963715+00","2025-10-14 15:33:52.72433+00"
320,"8373033343","6179841738","pending","2025-10-14 16:18:52.568245+00","2025-10-14 16:18:52.568245+00"
322,"855757095","7919816582","accepted","2025-10-15 18:25:34.821208+00","2025-10-15 18:33:34.538428+00"
314,"1687141840","8399229432","accepted","2025-10-14 13:27:04.179559+00","2025-10-15 19:13:19.661397+00"
323,"7724848115","5092379124","accepted","2025-10-15 19:49:06.543554+00","2025-10-15 19:55:51.718423+00"
324,"619337522","7679369663","accepted","2025-10-16 12:33:56.268232+00","2025-10-16 14:56:51.04321+00"
325,"8132883465","6160727207","accepted","2025-10-16 16:13:24.023137+00","2025-10-16 16:13:34.711218+00"
326,"7795615574","7647636604","pending","2025-10-16 17:44:03.460045+00","2025-10-16 17:44:03.460045+00"
327,"6631631388","8487387358","declined","2025-10-16 17:57:09.014007+00","2025-10-16 17:57:17.937434+00"
329,"6179841738","8487387358","pending","2025-10-16 18:33:40.695678+00","2025-10-16 18:33:40.695678+00"
330,"6615847088","989260246","declined","2025-10-16 18:36:42.29976+00","2025-10-16 18:53:42.339172+00"
328,"482290538","7647636604","accepted","2025-10-16 18:24:38.678091+00","2025-10-16 19:09:47.347311+00"
331,"6179841738","7647636604","accepted","2025-10-16 18:38:37.077728+00","2025-10-16 19:09:50.284888+00"
332,"1115042518","7627824015","accepted","2025-10-16 20:18:38.437521+00","2025-10-16 20:22:38.514547+00"
2562,"6110336587","8428933781","accepted","2025-11-16 13:34:54.201593+00","2025-11-16 13:35:35.084482+00"
334,"8132334378","5938779438","accepted","2025-10-16 20:38:32.148824+00","2025-10-16 20:38:53.389589+00"
2564,"2144552661","8295901088","pending","2025-11-16 13:45:48.567022+00","2025-11-16 13:45:48.567022+00"
2567,"2144552661","6863474564","accepted","2025-11-16 13:50:38.840779+00","2025-11-16 13:55:10.875355+00"
2603,"5097951139","5163807484","accepted","2025-11-16 19:27:20.878743+00","2025-11-16 19:27:30.209049+00"
2605,"7450429626","5163807484","accepted","2025-11-16 19:29:39.132429+00","2025-11-16 19:30:13.889303+00"
2612,"5097951139","1713751356","pending","2025-11-16 19:59:53.036668+00","2025-11-16 19:59:53.036668+00"
2622,"6213093277","708223250","pending","2025-11-16 20:27:29.579852+00","2025-11-16 20:27:29.579852+00"
2621,"7448688198","7460651806","accepted","2025-11-16 20:27:22.496911+00","2025-11-16 20:28:10.078201+00"
2657,"6259672827","5072306781","accepted","2025-11-17 07:02:46.979989+00","2025-11-17 07:04:14.587219+00"
2772,"1635258706","8132883465","pending","2025-11-17 15:21:53.4172+00","2025-11-17 15:21:53.4172+00"
2784,"6919190665","1943203644","accepted","2025-11-17 17:00:04.268073+00","2025-11-17 17:00:13.2823+00"
2785,"6438013120","1051864908","accepted","2025-11-17 17:03:44.959542+00","2025-11-17 17:03:52.670534+00"
2790,"829653636","6162552978","pending","2025-11-17 17:09:28.46484+00","2025-11-17 17:09:28.46484+00"
2805,"7574726989","7628648078","declined","2025-11-17 17:56:37.588946+00","2025-11-17 17:56:56.552963+00"
2850,"1767733168","7628648078","pending","2025-11-17 21:20:58.655933+00","2025-11-17 21:20:58.655933+00"
2851,"604068685","6499363352","pending","2025-11-17 21:25:15.193949+00","2025-11-17 21:25:15.193949+00"
2902,"6948992899","797847663","pending","2025-11-18 09:49:09.485904+00","2025-11-18 09:49:09.485904+00"
2954,"5191027609","8054407830","accepted","2025-11-18 16:30:52.517894+00","2025-11-18 16:31:54.11796+00"
3015,"5916747198","5014292785","pending","2025-11-18 22:49:46.531788+00","2025-11-18 22:49:46.531788+00"
3060,"5765456634","8054407830","accepted","2025-11-19 09:41:48.287315+00","2025-11-19 09:42:11.82317+00"
3066,"6184525669","1674834036","accepted","2025-11-19 10:34:24.834594+00","2025-11-19 10:35:33.949221+00"
3068,"7651241455","5014292785","accepted","2025-11-19 10:40:59.7314+00","2025-11-19 10:41:05.047932+00"
3115,"201566216","5014292785","pending","2025-11-19 17:22:52.391284+00","2025-11-19 17:22:52.391284+00"
3121,"5921190195","6330038093","pending","2025-11-19 17:57:33.984539+00","2025-11-19 17:57:33.984539+00"
3166,"6909260412","6499363352","accepted","2025-11-20 04:23:51.191146+00","2025-11-20 04:23:58.26138+00"
3218,"505963728","797847663","pending","2025-11-20 10:34:57.600433+00","2025-11-20 10:34:57.600433+00"
3216,"1469773444","8331939375","accepted","2025-11-20 10:22:03.121703+00","2025-11-20 10:59:47.892962+00"
3267,"1028513670","1262583715","pending","2025-11-20 17:22:21.902561+00","2025-11-20 17:22:21.902561+00"
3312,"1635258706","2088709789","pending","2025-11-21 05:15:07.645538+00","2025-11-21 05:15:07.645538+00"
3374,"7675001152","6499363352","accepted","2025-11-21 11:37:56.58547+00","2025-11-21 11:38:01.368159+00"
3437,"8394335907","7987122414","pending","2025-11-21 18:33:41.909883+00","2025-11-21 18:33:41.909883+00"
3506,"397419365","8132883465","pending","2025-11-22 06:38:33.627485+00","2025-11-22 06:38:33.627485+00"
3504,"7364085479","1201804003","accepted","2025-11-22 05:46:26.443925+00","2025-11-22 08:58:52.233282+00"
4055,"920619172","7051941305","pending","2025-12-01 18:24:16.94181+00","2025-12-01 18:24:16.94181+00"
4051,"6862879126","7388700051","accepted","2025-12-01 18:07:25.216616+00","2025-12-01 18:07:43.065949+00"
3544,"6148511982","400568980","accepted","2025-11-22 16:29:47.201476+00","2025-11-23 00:31:50.876038+00"
3585,"5580650434","7084003937","pending","2025-11-23 06:39:28.2567+00","2025-11-23 06:39:28.2567+00"
3615,"7234252969","7945982183","accepted","2025-11-23 20:08:58.142253+00","2025-11-23 20:11:52.495869+00"
3617,"8109112246","1086151978","accepted","2025-11-23 20:34:00.380727+00","2025-11-23 20:38:45.403979+00"
3647,"6438013120","1713751356","pending","2025-11-25 06:53:27.775886+00","2025-11-25 06:53:27.775886+00"
3685,"8158124360","7501176620","accepted","2025-11-25 18:58:00.995374+00","2025-11-25 19:18:50.656522+00"
3733,"6438013120","1852332525","pending","2025-11-26 08:20:46.973294+00","2025-11-26 08:20:46.973294+00"
3732,"5072298659","6418849107","accepted","2025-11-26 08:19:48.864715+00","2025-11-26 08:22:14.524463+00"
3774,"1115042518","6013284464","accepted","2025-11-26 16:56:43.707041+00","2025-11-26 17:26:33.402355+00"
3806,"7623717059","5176845267","accepted","2025-11-27 08:31:42.192025+00","2025-11-27 08:40:55.559663+00"
3820,"5799769691","7466894758","pending","2025-11-27 09:56:42.501963+00","2025-11-27 09:56:42.501963+00"
4082,"7234252969","358584822","pending","2025-12-02 07:18:02.224156+00","2025-12-02 07:18:02.224156+00"
3878,"6839569216","544561930","accepted","2025-11-28 04:50:28.421901+00","2025-11-28 06:39:13.867381+00"
3880,"7569630298","544561930","accepted","2025-11-28 04:51:06.621215+00","2025-11-28 06:39:23.249289+00"
3847,"733240884","544561930","accepted","2025-11-27 15:49:41.177153+00","2025-11-28 06:40:07.902426+00"
3910,"1063314829","5011355321","pending","2025-11-28 19:08:48.349669+00","2025-11-28 19:08:48.349669+00"
4193,"1115042518","5929394236","pending","2025-12-02 14:23:09.670535+00","2025-12-02 14:23:09.670535+00"
3911,"2081601093","6834402839","declined","2025-11-28 19:20:56.469723+00","2025-11-29 05:12:53.45829+00"
3943,"8149308470","7234252969","accepted","2025-11-29 12:27:11.446722+00","2025-11-29 12:27:27.056767+00"
3953,"424923035","1426425233","accepted","2025-11-29 13:28:19.2481+00","2025-11-29 13:40:44.939387+00"
3986,"7194181915","5782543284","accepted","2025-11-30 06:14:49.733315+00","2025-11-30 06:52:11.197911+00"
4018,"717829815","531409710","accepted","2025-12-01 04:25:10.961462+00","2025-12-01 05:50:35.471414+00"
3915,"6651110505","2052395769","blocked","2025-11-28 19:30:03.111419+00","2025-11-28 19:47:03.613841+00"
4225,"5531789930","6063243083","accepted","2025-12-03 10:43:07.100432+00","2025-12-03 10:43:26.501466+00"
4255,"2122610438","7501176620","accepted","2025-12-04 04:10:10.873864+00","2025-12-04 04:17:52.302838+00"
4315,"1455553245","7388700051","accepted","2025-12-04 15:07:39.592765+00","2025-12-04 15:09:43.431834+00"
4352,"5728928266","8451398351","accepted","2025-12-05 08:14:17.466821+00","2025-12-05 08:16:46.809437+00"
4392,"8364335411","5014292785","pending","2025-12-05 18:13:48.031168+00","2025-12-05 18:13:48.031168+00"
333,"1115042518","7647636604","accepted","2025-10-16 20:36:38.448953+00","2025-10-16 20:39:14.079363+00"
336,"5644207381","7227165178","pending","2025-10-17 03:53:34.059202+00","2025-10-17 03:53:34.059202+00"
392,"7202700575","7149512328","declined","2025-10-21 20:01:56.584807+00","2025-10-21 20:09:14.162842+00"
335,"8132334378","6922947198","declined","2025-10-17 03:41:33.591967+00","2025-10-17 04:11:00.973527+00"
337,"8132883465","5237102694","accepted","2025-10-17 03:58:55.680981+00","2025-10-17 04:17:37.61543+00"
338,"7627824015","5237102694","accepted","2025-10-17 04:04:48.071429+00","2025-10-17 04:17:40.065283+00"
340,"5938779438","6922947198","pending","2025-10-17 04:30:58.927903+00","2025-10-17 04:30:58.927903+00"
341,"7647636604","1940613654","accepted","2025-10-17 04:34:17.21456+00","2025-10-17 04:44:06.737677+00"
343,"1233599146","5995508885","accepted","2025-10-17 05:44:14.868076+00","2025-10-17 05:49:59.981145+00"
342,"6525724910","5995508885","accepted","2025-10-17 05:35:03.962253+00","2025-10-17 05:50:00.745596+00"
344,"7795615574","5359690831","accepted","2025-10-17 07:52:39.422458+00","2025-10-17 07:53:09.579833+00"
393,"6367489225","5014292785","accepted","2025-10-21 21:50:24.010687+00","2025-10-21 21:50:31.182599+00"
346,"571568870","6142542468","accepted","2025-10-17 10:34:39.297942+00","2025-10-17 10:40:06.007607+00"
349,"1285031736","442993299","pending","2025-10-17 11:05:27.392915+00","2025-10-17 11:05:27.392915+00"
348,"1112901936","7386771058","accepted","2025-10-17 10:48:39.286735+00","2025-10-17 11:08:52.940324+00"
345,"571568870","7225517972","accepted","2025-10-17 10:34:01.990021+00","2025-10-17 12:45:38.808167+00"
350,"7766409683","1164080149","accepted","2025-10-17 12:03:51.33497+00","2025-10-17 12:47:00.387021+00"
352,"7578307771","5206747011","pending","2025-10-17 15:28:30.790562+00","2025-10-17 15:28:30.790562+00"
351,"1330683505","5995508885","accepted","2025-10-17 12:54:34.886676+00","2025-10-17 16:26:15.62764+00"
355,"5703576013","7773846469","pending","2025-10-17 16:39:00.773065+00","2025-10-17 16:39:00.773065+00"
353,"5703576013","7732498367","accepted","2025-10-17 16:31:49.554068+00","2025-10-17 16:39:11.534547+00"
356,"6887182283","989260246","declined","2025-10-18 04:34:13.384077+00","2025-10-18 04:47:04.989025+00"
357,"8474266304","7914581161","pending","2025-10-18 04:56:34.87555+00","2025-10-18 04:56:34.87555+00"
358,"629782812","7388700051","accepted","2025-10-18 12:41:44.611865+00","2025-10-18 12:52:05.311536+00"
359,"8350809467","5416031956","accepted","2025-10-19 05:44:53.71642+00","2025-10-19 06:08:05.139813+00"
360,"1667237352","763440072","accepted","2025-10-19 07:30:01.198666+00","2025-10-19 07:30:26.813658+00"
361,"1121963383","5014292785","pending","2025-10-19 08:53:08.740393+00","2025-10-19 08:53:08.740393+00"
362,"448028959","8487387358","pending","2025-10-19 09:00:32.481784+00","2025-10-19 09:00:32.481784+00"
363,"5272972475","7931937025","pending","2025-10-19 12:30:17.371641+00","2025-10-19 12:30:17.371641+00"
365,"5213764043","5014292785","accepted","2025-10-20 07:04:27.196096+00","2025-10-20 07:05:15.777214+00"
366,"8191641097","5405718080","accepted","2025-10-20 07:16:49.447361+00","2025-10-20 07:31:01.225581+00"
367,"7191029735","5298057898","pending","2025-10-20 11:06:21.681744+00","2025-10-20 11:06:21.681744+00"
364,"6333691485","7758177630","accepted","2025-10-20 05:52:46.214377+00","2025-10-20 11:29:10.276003+00"
368,"6333691485","644071764","pending","2025-10-20 11:37:27.851504+00","2025-10-20 11:37:27.851504+00"
369,"1115042518","774147657","pending","2025-10-20 14:56:54.588457+00","2025-10-20 14:56:54.588457+00"
370,"5272972475","7758177630","accepted","2025-10-20 16:29:07.212596+00","2025-10-20 16:29:18.021809+00"
371,"5272972475","989260246","declined","2025-10-20 16:29:28.215747+00","2025-10-20 17:10:24.612012+00"
372,"8373033343","1121963383","accepted","2025-10-20 17:13:41.321739+00","2025-10-20 17:23:58.513963+00"
391,"896207190","5405718080","accepted","2025-10-21 19:43:19.349808+00","2025-10-22 03:28:15.521918+00"
374,"8373033343","7679369663","accepted","2025-10-20 17:20:31.767778+00","2025-10-20 17:29:37.62282+00"
373,"8373033343","7084003937","accepted","2025-10-20 17:14:01.46561+00","2025-10-20 17:35:00.741342+00"
394,"7773846469","6233075737","declined","2025-10-21 23:45:26.695545+00","2025-10-22 04:25:32.214568+00"
395,"5539448340","1787548595","pending","2025-10-22 06:52:49.83738+00","2025-10-22 06:52:49.83738+00"
376,"690152859","7647636604","declined","2025-10-20 20:43:27.768845+00","2025-10-21 06:39:26.825887+00"
378,"1157551509","6499363352","accepted","2025-10-21 07:17:54.456635+00","2025-10-21 09:21:39.514758+00"
379,"999212136","5014292785","pending","2025-10-21 10:42:39.797534+00","2025-10-21 10:42:39.797534+00"
380,"429713086","7679369663","accepted","2025-10-21 13:05:15.197547+00","2025-10-21 13:14:41.97807+00"
381,"2107806831","5014292785","pending","2025-10-21 17:39:33.842657+00","2025-10-21 17:39:33.842657+00"
382,"6787538972","5885228554","pending","2025-10-21 17:51:53.065056+00","2025-10-21 17:51:53.065056+00"
383,"1115042518","6507987020","declined","2025-10-21 18:25:15.048161+00","2025-10-21 18:26:36.981387+00"
384,"1815638450","6815529351","accepted","2025-10-21 18:26:13.92116+00","2025-10-21 18:26:54.460543+00"
385,"6179841738","6507987020","pending","2025-10-21 18:27:54.538654+00","2025-10-21 18:27:54.538654+00"
386,"626818740","6507987020","pending","2025-10-21 18:36:21.499785+00","2025-10-21 18:36:21.499785+00"
387,"7457480544","6507987020","pending","2025-10-21 18:38:48.782297+00","2025-10-21 18:38:48.782297+00"
413,"8178595410","6557982583","pending","2025-10-23 08:48:38.665494+00","2025-10-23 08:48:38.665494+00"
388,"7231257941","8178595410","accepted","2025-10-21 18:49:54.199772+00","2025-10-21 18:59:39.881048+00"
390,"8133207412","6507987020","pending","2025-10-21 19:11:19.374133+00","2025-10-21 19:11:19.374133+00"
396,"8345240157","1103065697","accepted","2025-10-22 06:59:27.667541+00","2025-10-22 07:00:26.767016+00"
397,"8132883465","5515011338","pending","2025-10-22 09:29:27.94968+00","2025-10-22 09:29:27.94968+00"
398,"6344107400","6499363352","accepted","2025-10-22 11:01:47.745621+00","2025-10-22 11:02:12.325604+00"
399,"6344107400","5014292785","accepted","2025-10-22 11:03:35.259511+00","2025-10-22 11:12:50.539292+00"
400,"6344682126","1760862707","accepted","2025-10-22 11:27:38.190672+00","2025-10-22 11:31:17.126039+00"
401,"8067935319","6499363352","accepted","2025-10-22 11:29:37.545542+00","2025-10-22 11:49:20.019346+00"
402,"8133207412","7149512328","pending","2025-10-22 11:59:59.139002+00","2025-10-22 11:59:59.139002+00"
403,"641739565","6332613822","accepted","2025-10-22 12:09:10.922274+00","2025-10-22 14:32:58.996698+00"
405,"2010617316","8132883465","accepted","2025-10-22 15:28:45.653099+00","2025-10-22 15:28:50.778771+00"
406,"2010617316","1975574608","pending","2025-10-22 15:29:06.687413+00","2025-10-22 15:29:06.687413+00"
407,"5161130090","8180832519","accepted","2025-10-22 15:30:11.347343+00","2025-10-22 15:30:35.356459+00"
408,"6160727207","6892367093","accepted","2025-10-22 17:21:19.861255+00","2025-10-22 17:35:23.164249+00"
409,"855757095","7439766390","accepted","2025-10-22 17:39:38.667376+00","2025-10-22 17:44:45.605769+00"
410,"855757095","7032013638","accepted","2025-10-22 17:49:39.067205+00","2025-10-22 18:12:24.568146+00"
411,"6344107400","8487387358","pending","2025-10-22 20:34:55.610386+00","2025-10-22 20:34:55.610386+00"
412,"5237102694","6557982583","pending","2025-10-23 08:47:39.31074+00","2025-10-23 08:47:39.31074+00"
414,"6170475301","7231257941","accepted","2025-10-23 15:14:45.757609+00","2025-10-23 15:15:55.381642+00"
415,"6233075737","5010994956","pending","2025-10-23 16:58:53.897155+00","2025-10-23 16:58:53.897155+00"
417,"666702479","8132883465","accepted","2025-10-23 19:46:13.554959+00","2025-10-23 19:49:16.892523+00"
418,"6692034060","7032013638","accepted","2025-10-23 20:47:06.17014+00","2025-10-23 20:50:04.460982+00"
416,"679454829","677664620","declined","2025-10-23 19:40:22.650344+00","2025-10-24 02:34:26.705706+00"
422,"7032013638","6634362515","accepted","2025-10-24 05:18:10.68174+00","2025-10-24 07:48:38.812895+00"
420,"754688541","6507987020","pending","2025-10-24 04:31:52.525305+00","2025-10-24 04:31:52.525305+00"
421,"754688541","7149512328","pending","2025-10-24 04:33:10.481071+00","2025-10-24 04:33:10.481071+00"
423,"6179841738","666702479","accepted","2025-10-24 05:28:26.573626+00","2025-10-24 05:31:26.895004+00"
424,"6525724910","666702479","declined","2025-10-24 06:02:53.475029+00","2025-10-24 06:42:38.67887+00"
425,"8105323981","666702479","accepted","2025-10-24 06:50:15.723531+00","2025-10-24 06:55:26.097269+00"
427,"1712195775","5647903240","accepted","2025-10-24 07:31:57.829156+00","2025-10-24 07:45:57.986384+00"
404,"5924560478","1377944646","accepted","2025-10-22 12:32:03.126762+00","2025-10-24 07:46:01.829318+00"
428,"2040960242","650462012","pending","2025-10-24 09:37:20.0361+00","2025-10-24 09:37:20.0361+00"
429,"7205880436","2134524585","pending","2025-10-24 09:42:47.246006+00","2025-10-24 09:42:47.246006+00"
430,"7205880436","6634362515","accepted","2025-10-24 10:56:23.665882+00","2025-10-24 10:57:49.118618+00"
431,"7205880436","7388700051","accepted","2025-10-24 10:56:42.564785+00","2025-10-24 10:59:59.04982+00"
432,"5485383133","7732498367","accepted","2025-10-24 12:20:57.427553+00","2025-10-24 12:21:07.439954+00"
433,"5280617271","5014292785","pending","2025-10-24 14:25:29.263045+00","2025-10-24 14:25:29.263045+00"
434,"8132883465","1011663493","pending","2025-10-24 15:22:41.094303+00","2025-10-24 15:22:41.094303+00"
435,"7343211640","5014292785","pending","2025-10-24 15:54:33.474007+00","2025-10-24 15:54:33.474007+00"
436,"8178595410","8487387358","pending","2025-10-24 16:32:35.031586+00","2025-10-24 16:32:35.031586+00"
437,"7191029735","7732498367","pending","2025-10-24 16:41:56.63388+00","2025-10-24 16:41:56.63388+00"
439,"8178595410","1011663493","pending","2025-10-24 16:57:27.489318+00","2025-10-24 16:57:27.489318+00"
438,"8178595410","5799933418","accepted","2025-10-24 16:45:30.052448+00","2025-10-24 16:45:46.489429+00"
426,"1712195775","7347324010","declined","2025-10-24 07:30:15.882731+00","2025-10-24 18:28:53.808015+00"
450,"6499363352","7388700051","blocked","2025-10-26 09:09:00.654702+00","2025-10-26 09:11:13.534943+00"
441,"5065940875","442993299","pending","2025-10-24 19:29:27.895735+00","2025-10-24 19:29:27.895735+00"
442,"1115042518","1011663493","pending","2025-10-25 03:33:07.343608+00","2025-10-25 03:33:07.343608+00"
443,"8178595410","7293631010","accepted","2025-10-25 11:15:42.902767+00","2025-10-25 11:16:46.908376+00"
444,"8327870332","5014292785","accepted","2025-10-25 11:21:24.624366+00","2025-10-25 11:21:27.869854+00"
445,"6356474261","5014292785","accepted","2025-10-25 11:59:13.436488+00","2025-10-25 12:01:54.593031+00"
446,"856370712","6634362515","pending","2025-10-25 13:23:16.139812+00","2025-10-25 13:23:16.139812+00"
447,"7569084447","6634362515","accepted","2025-10-25 13:42:21.797451+00","2025-10-25 13:42:24.644965+00"
448,"6887182283","6507987020","pending","2025-10-25 16:13:55.078049+00","2025-10-25 16:13:55.078049+00"
449,"8141527168","6692034060","accepted","2025-10-25 19:21:55.267917+00","2025-10-25 19:22:59.193698+00"
451,"1461603069","1940613654","accepted","2025-10-26 12:46:22.3337+00","2025-10-26 12:47:49.956368+00"
452,"1905159972","7742519818","accepted","2025-10-26 14:36:08.792322+00","2025-10-26 14:36:14.668301+00"
453,"6499363352","5095946794","accepted","2025-10-26 15:38:36.81139+00","2025-10-26 15:38:45.764828+00"
454,"8487387358","5786382261","pending","2025-10-26 16:06:22.167389+00","2025-10-26 16:06:22.167389+00"
455,"7773846469","865881783","pending","2025-10-26 20:46:47.484901+00","2025-10-26 20:46:47.484901+00"
456,"8425643190","8487387358","pending","2025-10-27 01:25:07.572687+00","2025-10-27 01:25:07.572687+00"
457,"1332512693","1890680749","pending","2025-10-27 07:13:28.21258+00","2025-10-27 07:13:28.21258+00"
458,"8366637045","5014292785","accepted","2025-10-27 07:47:02.818302+00","2025-10-27 07:51:22.177119+00"
459,"8024242540","7239777085","pending","2025-10-27 08:38:50.257935+00","2025-10-27 08:38:50.257935+00"
460,"5095946794","442993299","pending","2025-10-27 13:23:49.794236+00","2025-10-27 13:23:49.794236+00"
461,"1485363092","1668639286","pending","2025-10-27 15:00:55.894154+00","2025-10-27 15:00:55.894154+00"
531,"8132883465","650462012","pending","2025-10-29 19:50:35.44523+00","2025-10-29 19:50:35.44523+00"
463,"2067453365","5811170332","pending","2025-10-27 16:10:05.957198+00","2025-10-27 16:10:05.957198+00"
462,"8425643190","1103065697","pending","2025-10-27 15:48:32.992499+00","2025-10-27 17:19:32.081631+00"
532,"640810721","6831414453","pending","2025-10-29 19:59:34.052657+00","2025-10-29 19:59:34.052657+00"
465,"6244722226","5786382261","accepted","2025-10-27 20:46:34.932456+00","2025-10-27 22:34:26.01915+00"
498,"6155445620","559252407","accepted","2025-10-28 08:07:02.33055+00","2025-10-28 08:07:18.332828+00"
499,"957328380","5014292785","accepted","2025-10-28 12:03:34.115729+00","2025-10-28 12:10:56.527346+00"
500,"8143776031","5010994956","accepted","2025-10-28 14:05:51.566949+00","2025-10-28 14:15:15.885834+00"
502,"5014292785","5786382261","accepted","2025-10-28 15:37:40.991399+00","2025-10-28 15:52:37.166043+00"
503,"7205880436","1940613654","accepted","2025-10-28 16:40:08.511093+00","2025-10-28 16:43:19.333114+00"
504,"8333529926","699103879","pending","2025-10-28 19:28:03.559314+00","2025-10-28 19:28:03.559314+00"
505,"8333529926","5405718080","accepted","2025-10-28 19:31:09.093073+00","2025-10-28 19:32:38.008755+00"
508,"1076145510","7191029735","pending","2025-10-28 22:51:44.90845+00","2025-10-28 22:51:44.90845+00"
507,"5947612565","5786382261","accepted","2025-10-28 21:58:35.647323+00","2025-10-29 04:40:12.458739+00"
506,"7191029735","672788523","accepted","2025-10-28 20:24:11.555493+00","2025-10-29 04:52:17.604307+00"
509,"1051999376","1553358753","pending","2025-10-29 05:39:32.507608+00","2025-10-29 05:49:28.408035+00"
511,"1575247979","896207190","declined","2025-10-29 06:21:05.22077+00","2025-10-29 06:21:33.123676+00"
512,"1115129736","540041616","pending","2025-10-29 07:37:43.184416+00","2025-10-29 07:37:43.184416+00"
513,"6677448256","7191029735","pending","2025-10-29 07:47:25.979329+00","2025-10-29 07:47:25.979329+00"
514,"8333529926","1835875563","accepted","2025-10-29 08:01:48.253982+00","2025-10-29 08:04:04.012166+00"
516,"855757095","1835875563","pending","2025-10-29 08:56:36.881882+00","2025-10-29 08:56:36.881882+00"
517,"855757095","533285204","accepted","2025-10-29 08:56:59.6621+00","2025-10-29 08:58:48.195565+00"
518,"5924560478","7598919025","pending","2025-10-29 09:12:44.589641+00","2025-10-29 09:12:44.589641+00"
519,"8487387358","382297850","declined","2025-10-29 10:03:11.257529+00","2025-10-29 10:06:19.101534+00"
515,"855757095","1609398709","accepted","2025-10-29 08:56:09.890625+00","2025-10-29 10:08:36.055415+00"
520,"855012860","8054428677","pending","2025-10-29 10:33:14.708809+00","2025-10-29 10:33:14.708809+00"
523,"5505407559","6499363352","accepted","2025-10-29 12:05:02.632075+00","2025-10-29 12:09:57.542803+00"
524,"1115042518","7598919025","pending","2025-10-29 12:32:07.976026+00","2025-10-29 12:32:07.976026+00"
522,"856370712","1835875563","accepted","2025-10-29 11:57:00.615135+00","2025-10-29 13:14:24.575891+00"
525,"6454226694","7598919025","pending","2025-10-29 13:32:58.752938+00","2025-10-29 13:32:58.752938+00"
526,"8425643190","1164335213","declined","2025-10-29 13:38:53.712976+00","2025-10-29 13:43:27.21238+00"
527,"925813161","5014292785","pending","2025-10-29 14:11:25.909806+00","2025-10-29 14:11:25.909806+00"
521,"1023531070","7057818028","accepted","2025-10-29 10:40:49.470419+00","2025-10-29 14:58:26.258565+00"
528,"6930563706","6255131590","pending","2025-10-29 17:35:02.19335+00","2025-10-29 17:35:02.19335+00"
529,"6226130511","5014292785","pending","2025-10-29 18:15:08.018345+00","2025-10-29 18:15:08.018345+00"
530,"1199863915","957328380","accepted","2025-10-29 18:24:27.767892+00","2025-10-29 18:24:33.222479+00"
533,"7531904484","6692034060","accepted","2025-10-29 20:10:28.705707+00","2025-10-29 20:12:18.18479+00"
534,"8333529926","7191029735","pending","2025-10-30 03:33:28.081084+00","2025-10-30 03:33:28.081084+00"
535,"5740495285","7598919025","pending","2025-10-30 06:20:22.521172+00","2025-10-30 06:20:22.521172+00"
536,"5237102694","7191029735","pending","2025-10-30 13:45:38.817769+00","2025-10-30 13:45:38.817769+00"
537,"5184205510","1152409369","accepted","2025-10-30 14:48:53.949732+00","2025-10-30 15:09:12.956616+00"
538,"8210375760","8178595410","accepted","2025-10-30 15:26:05.568486+00","2025-10-30 15:50:22.506534+00"
539,"6060179344","6692034060","accepted","2025-10-30 17:07:44.762308+00","2025-10-30 17:09:52.155306+00"
540,"7404933406","5014292785","pending","2025-10-30 17:25:51.454269+00","2025-10-30 17:25:51.454269+00"
541,"6538359322","558918331","pending","2025-10-30 18:21:56.622096+00","2025-10-30 18:21:56.622096+00"
543,"6872457299","558918331","accepted","2025-10-30 18:50:12.826153+00","2025-10-30 18:50:22.440548+00"
544,"5127238471","8132883465","accepted","2025-10-30 19:03:28.517234+00","2025-10-30 19:07:26.255292+00"
542,"558918331","6163220554","declined","2025-10-30 18:35:23.03882+00","2025-10-30 19:12:55.846708+00"
545,"5669212970","554195529","accepted","2025-10-30 19:12:54.659672+00","2025-10-30 19:18:34.415337+00"
546,"1123103615","6821662756","pending","2025-10-30 19:58:26.153353+00","2025-10-30 19:58:26.153353+00"
547,"6724632466","7984980757","accepted","2025-10-31 01:49:10.550814+00","2025-10-31 01:49:19.544196+00"
548,"2021779105","442993299","pending","2025-10-31 08:02:26.40806+00","2025-10-31 08:02:26.40806+00"
549,"6044095332","8021565493","accepted","2025-10-31 12:17:06.71117+00","2025-10-31 12:19:10.055425+00"
551,"299850552","1164335213","pending","2025-10-31 17:04:52.021235+00","2025-10-31 17:04:52.021235+00"
552,"691617834","955679410","accepted","2025-10-31 18:28:02.906759+00","2025-10-31 19:34:00.156207+00"
553,"8318502636","7795615574","accepted","2025-10-31 19:38:05.373165+00","2025-10-31 19:38:53.70392+00"
554,"7795615574","7032013638","accepted","2025-10-31 19:53:35.754028+00","2025-10-31 19:53:57.549113+00"
550,"863453421","5290618285","accepted","2025-10-31 13:37:58.920009+00","2025-10-31 21:08:40.976177+00"
556,"6110336587","6444601776","accepted","2025-11-01 04:26:41.051704+00","2025-11-01 04:28:25.649721+00"
559,"8178595410","6444601776","accepted","2025-11-01 04:45:55.115566+00","2025-11-01 04:46:36.744055+00"
563,"6110336587","1256734895","pending","2025-11-01 04:56:48.036627+00","2025-11-01 04:56:56.373364+00"
566,"6110336587","1198287475","accepted","2025-11-01 04:57:23.916781+00","2025-11-01 04:58:50.189732+00"
565,"6110336587","6155445620","accepted","2025-11-01 04:57:07.369786+00","2025-11-01 05:01:42.06259+00"
561,"1760862707","6499363352","accepted","2025-11-01 04:52:28.859881+00","2025-11-01 05:46:39.440288+00"
562,"6110336587","7795615574","accepted","2025-11-01 04:56:38.894603+00","2025-11-01 06:00:25.407537+00"
567,"8333529926","529129628","accepted","2025-11-01 06:01:34.982649+00","2025-11-01 06:10:37.427695+00"
560,"8178595410","529129628","accepted","2025-11-01 04:46:05.040849+00","2025-11-01 06:10:47.839793+00"
555,"6110336587","529129628","accepted","2025-11-01 04:26:33.383243+00","2025-11-01 06:10:48.901625+00"
568,"7323656405","1468663800","accepted","2025-11-01 06:14:13.371692+00","2025-11-01 07:29:47.502701+00"
569,"5220371517","6082115200","declined","2025-11-01 06:30:36.100592+00","2025-11-01 06:57:46.571974+00"
557,"6110336587","1609398709","accepted","2025-11-01 04:26:46.896795+00","2025-11-01 06:58:20.920744+00"
558,"8178595410","1609398709","accepted","2025-11-01 04:45:37.439793+00","2025-11-01 06:58:22.883326+00"
571,"6110336587","797847663","pending","2025-11-01 08:23:12.092409+00","2025-11-01 08:23:12.092409+00"
572,"6110336587","756628801","accepted","2025-11-01 08:23:49.686321+00","2025-11-01 08:25:17.523483+00"
573,"8333529926","5014292785","pending","2025-11-01 08:56:15.440254+00","2025-11-01 08:56:15.440254+00"
574,"5053271556","1387421830","accepted","2025-11-01 09:22:49.344074+00","2025-11-01 10:32:53.761823+00"
575,"1283686679","6499363352","accepted","2025-11-01 11:51:17.829626+00","2025-11-01 11:54:17.453193+00"
576,"316638964","1704326359","pending","2025-11-01 14:17:39.530787+00","2025-11-01 14:17:39.530787+00"
577,"863020922","1201453400","accepted","2025-11-01 14:29:02.514064+00","2025-11-01 14:29:08.184851+00"
578,"1516923603","5014292785","pending","2025-11-01 14:44:08.5585+00","2025-11-01 14:44:08.5585+00"
579,"8029773059","855012860","accepted","2025-11-01 15:33:11.568615+00","2025-11-01 15:33:35.573024+00"
580,"1438441215","993678386","pending","2025-11-01 16:18:15.969415+00","2025-11-01 16:18:15.969415+00"
581,"8179959742","6458234898","accepted","2025-11-01 17:40:48.192847+00","2025-11-01 17:41:30.219508+00"
583,"8109112246","7647636604","pending","2025-11-01 18:05:21.604211+00","2025-11-01 18:05:21.604211+00"
584,"8333529926","865881783","pending","2025-11-01 18:35:53.629321+00","2025-11-01 18:35:53.629321+00"
585,"8333529926","579014332","pending","2025-11-01 18:36:29.119684+00","2025-11-01 18:36:29.119684+00"
588,"6110336587","7691494441","pending","2025-11-01 18:45:01.567551+00","2025-11-01 18:45:01.567551+00"
587,"8333529926","7413384637","accepted","2025-11-01 18:40:50.93541+00","2025-11-01 18:45:35.46631+00"
586,"8333529926","7647636604","accepted","2025-11-01 18:37:43.759007+00","2025-11-01 18:55:35.998681+00"
589,"8333529926","5164922669","pending","2025-11-01 19:42:21.587071+00","2025-11-01 19:42:21.587071+00"
593,"7773846469","6458234898","accepted","2025-11-01 21:58:05.058751+00","2025-11-01 22:09:25.186038+00"
594,"7773846469","7277297826","accepted","2025-11-01 21:58:45.78332+00","2025-11-02 00:38:34.062786+00"
591,"8333529926","5946411786","accepted","2025-11-01 19:51:27.362633+00","2025-11-02 03:06:38.181599+00"
592,"448028959","955679410","accepted","2025-11-01 21:25:47.395703+00","2025-11-02 03:54:23.77312+00"
590,"8333529926","7049798795","accepted","2025-11-01 19:48:56.652349+00","2025-11-02 04:04:40.35077+00"
596,"8333529926","1201453400","pending","2025-11-02 05:22:22.715963+00","2025-11-02 05:22:22.715963+00"
597,"8333529926","7795615574","accepted","2025-11-02 06:29:08.721436+00","2025-11-02 06:33:59.244767+00"
598,"7795615574","7277297826","accepted","2025-11-02 06:34:39.96247+00","2025-11-02 06:38:56.630649+00"
599,"7795615574","8054428677","accepted","2025-11-02 06:34:48.27255+00","2025-11-02 06:54:47.5911+00"
602,"8178595410","7647636604","pending","2025-11-02 07:13:45.224887+00","2025-11-02 07:13:45.224887+00"
600,"6458234898","7277297826","accepted","2025-11-02 07:02:50.97037+00","2025-11-02 07:14:43.54906+00"
601,"8333529926","756628801","declined","2025-11-02 07:09:11.273442+00","2025-11-02 07:56:36.462813+00"
603,"8333529926","5011355321","accepted","2025-11-02 08:20:32.962456+00","2025-11-02 08:35:32.460965+00"
604,"8333529926","6499363352","accepted","2025-11-02 08:23:28.676269+00","2025-11-02 08:53:46.324746+00"
582,"5237102694","650462012","accepted","2025-11-01 18:01:47.396435+00","2025-11-02 10:16:13.151611+00"
605,"345821233","1442478226","pending","2025-11-02 10:55:48.025837+00","2025-11-02 10:55:48.025837+00"
595,"6110336587","579014332","accepted","2025-11-02 04:09:52.909249+00","2025-11-02 11:24:17.104195+00"
606,"8178595410","1201360478","pending","2025-11-02 12:12:52.514243+00","2025-11-02 12:12:52.514243+00"
607,"874108019","1201360478","pending","2025-11-02 12:16:22.52181+00","2025-11-02 12:16:22.52181+00"
609,"7795615574","1201360478","accepted","2025-11-02 12:19:54.149111+00","2025-11-02 12:19:58.401969+00"
632,"6110336587","1730816223","pending","2025-11-03 15:23:02.102955+00","2025-11-03 15:23:02.102955+00"
610,"6110336587","1201360478","pending","2025-11-02 12:22:14.369691+00","2025-11-02 12:22:14.369691+00"
612,"5220837501","1201360478","pending","2025-11-02 12:26:47.9103+00","2025-11-02 12:26:47.9103+00"
608,"999212136","1201360478","pending","2025-11-02 12:18:46.847725+00","2025-11-02 12:32:36.897015+00"
615,"807536826","1201360478","pending","2025-11-02 12:33:19.465883+00","2025-11-02 12:33:19.465883+00"
619,"8266579417","8178595410","pending","2025-11-02 13:33:07.267127+00","2025-11-02 13:33:07.267127+00"
617,"6233075737","7168900029","accepted","2025-11-02 13:28:56.336704+00","2025-11-02 13:42:53.664512+00"
621,"8266579417","7168900029","accepted","2025-11-02 13:50:19.733255+00","2025-11-02 13:50:27.511164+00"
620,"8333529926","1730816223","accepted","2025-11-02 13:35:46.17791+00","2025-11-02 13:58:58.808476+00"
618,"8266579417","5010994956","accepted","2025-11-02 13:32:14.854116+00","2025-11-02 14:10:11.152973+00"
616,"1658287125","7277297826","accepted","2025-11-02 13:25:40.063758+00","2025-11-02 14:35:37.922617+00"
622,"5213764043","1201360478","pending","2025-11-02 15:16:03.092513+00","2025-11-02 15:16:03.092513+00"
623,"6953908944","999212136","accepted","2025-11-02 15:23:41.239705+00","2025-11-02 15:23:58.095755+00"
611,"6110336587","5396646037","accepted","2025-11-02 12:24:54.698204+00","2025-11-02 15:30:05.917392+00"
624,"5936991972","7876573174","pending","2025-11-02 15:49:05.94591+00","2025-11-02 15:49:05.94591+00"
625,"1115042518","1201360478","pending","2025-11-02 15:59:52.819948+00","2025-11-02 15:59:52.819948+00"
626,"5924560478","1201360478","pending","2025-11-02 17:58:40.715784+00","2025-11-02 17:58:40.715784+00"
627,"1617930386","515530600","pending","2025-11-02 19:05:50.310035+00","2025-11-02 19:05:50.310035+00"
628,"7191029735","7277297826","pending","2025-11-03 04:13:29.696609+00","2025-11-03 04:13:29.696609+00"
630,"8436061444","7201782013","accepted","2025-11-03 06:06:26.711481+00","2025-11-03 06:15:47.848112+00"
631,"534836251","6634362515","accepted","2025-11-03 09:15:51.971718+00","2025-11-03 14:32:54.208393+00"
629,"6233075737","6634362515","accepted","2025-11-03 05:22:49.802033+00","2025-11-03 14:33:18.430979+00"
635,"6110336587","1201453400","pending","2025-11-03 15:27:38.271394+00","2025-11-03 15:27:38.271394+00"
637,"8333529926","456020045","pending","2025-11-03 15:34:31.664912+00","2025-11-03 15:34:31.664912+00"
634,"6110336587","5949936801","accepted","2025-11-03 15:27:33.584896+00","2025-11-03 15:42:25.269538+00"
636,"8333529926","955679410","accepted","2025-11-03 15:33:32.909058+00","2025-11-03 15:42:34.616659+00"
633,"6110336587","7191883532","accepted","2025-11-03 15:26:29.411761+00","2025-11-03 16:41:23.029387+00"
638,"8178595410","5229023120","pending","2025-11-03 17:45:55.07768+00","2025-11-03 17:45:55.07768+00"
639,"8333529926","5229023120","pending","2025-11-03 17:47:08.932273+00","2025-11-03 17:47:08.932273+00"
640,"8006545665","5229023120","pending","2025-11-03 18:00:18.903038+00","2025-11-03 18:00:18.903038+00"
641,"1794187848","8178595410","accepted","2025-11-03 18:00:38.338326+00","2025-11-03 18:01:16.575255+00"
642,"465564596","1103065697","pending","2025-11-03 19:25:31.449835+00","2025-11-03 19:25:31.449835+00"
643,"6233075737","1940613654","pending","2025-11-03 19:47:13.157921+00","2025-11-03 19:47:13.157921+00"
644,"5819474421","5229023120","pending","2025-11-03 20:13:39.407396+00","2025-11-03 20:13:39.407396+00"
646,"7977727953","7914581161","pending","2025-11-04 00:10:28.805226+00","2025-11-04 00:10:28.805226+00"
647,"7977727953","6233075737","pending","2025-11-04 00:10:35.378818+00","2025-11-04 00:10:35.378818+00"
650,"1621692086","7751082675","pending","2025-11-04 03:00:33.789458+00","2025-11-04 03:00:33.789458+00"
649,"1967468387","1320397494","accepted","2025-11-04 01:51:27.98247+00","2025-11-04 03:31:08.273881+00"
648,"7977727953","8178595410","accepted","2025-11-04 00:16:33.652935+00","2025-11-04 03:54:48.092435+00"
645,"308969638","7201782013","accepted","2025-11-03 23:25:54.652437+00","2025-11-04 04:20:29.942401+00"
651,"5213764043","1846368634","pending","2025-11-04 04:47:53.692682+00","2025-11-04 04:47:53.692682+00"
652,"6981232498","797847663","accepted","2025-11-04 05:40:40.114904+00","2025-11-04 05:42:31.196489+00"
655,"5870514693","7598919025","pending","2025-11-04 06:43:55.839407+00","2025-11-04 06:43:55.839407+00"
654,"7080234868","1846368634","accepted","2025-11-04 06:24:40.499689+00","2025-11-04 07:04:34.232414+00"
658,"6692034060","1846368634","accepted","2025-11-04 07:01:23.15569+00","2025-11-04 07:04:46.623162+00"
656,"1115129736","1609398709","accepted","2025-11-04 06:52:39.704856+00","2025-11-04 07:17:18.197685+00"
659,"5793490599","6286671588","pending","2025-11-04 07:37:10.533571+00","2025-11-04 07:40:34.830838+00"
663,"7737303624","1609398709","accepted","2025-11-04 07:51:17.876179+00","2025-11-04 07:52:39.500984+00"
661,"5699373461","7758177630","accepted","2025-11-04 07:43:31.011068+00","2025-11-04 07:56:16.011707+00"
664,"483608863","7501176620","declined","2025-11-04 08:28:10.497315+00","2025-11-04 08:29:01.704186+00"
665,"8333529926","7501176620","accepted","2025-11-04 08:34:47.093526+00","2025-11-12 13:30:51.654014+00"
667,"7050798852","8109112246","accepted","2025-11-04 08:40:45.44054+00","2025-11-04 08:42:16.368873+00"
668,"8333529926","7239352530","accepted","2025-11-04 08:49:13.922434+00","2025-11-04 08:49:58.708101+00"
669,"8132883465","8109112246","accepted","2025-11-04 08:54:38.041595+00","2025-11-04 08:54:43.470754+00"
670,"841889605","8189007505","accepted","2025-11-04 08:55:44.823657+00","2025-11-04 08:56:34.345974+00"
662,"7737303624","7168900029","accepted","2025-11-04 07:51:10.306087+00","2025-11-04 09:36:19.999433+00"
671,"737484765","1609398709","accepted","2025-11-04 09:41:23.305415+00","2025-11-04 09:51:38.439895+00"
672,"8266579417","6634362515","pending","2025-11-04 10:03:54.163759+00","2025-11-04 10:03:54.163759+00"
673,"8333529926","5594060290","pending","2025-11-04 10:13:42.00202+00","2025-11-04 10:13:42.00202+00"
666,"6110336587","7501176620","pending","2025-11-04 08:36:31.750053+00","2025-11-11 17:55:49.81029+00"
674,"7231257941","6110336587","accepted","2025-11-04 10:27:18.226287+00","2025-11-04 10:27:36.799424+00"
676,"6839738518","1794187848","pending","2025-11-04 10:39:36.187218+00","2025-11-04 10:39:36.187218+00"
675,"8235079863","558918331","accepted","2025-11-04 10:32:30.12611+00","2025-11-04 10:52:34.169525+00"
677,"5009377468","6110336587","accepted","2025-11-04 10:56:50.369954+00","2025-11-04 10:57:36.93833+00"
679,"5009377468","1846368634","accepted","2025-11-04 11:17:27.144362+00","2025-11-04 11:20:45.666676+00"
678,"8235079863","8132883465","accepted","2025-11-04 11:04:24.447904+00","2025-11-04 11:32:23.318863+00"
680,"1034423234","6110336587","declined","2025-11-04 11:36:58.912988+00","2025-11-04 11:37:47.801229+00"
681,"7817458219","5014292785","pending","2025-11-04 11:37:59.802648+00","2025-11-04 11:37:59.802648+00"
682,"5439435615","753215699","pending","2025-11-04 11:41:39.878355+00","2025-11-04 11:41:47.476073+00"
685,"8333529926","8327513172","pending","2025-11-04 12:12:42.587231+00","2025-11-04 12:12:49.01822+00"
687,"8333529926","7168900029","accepted","2025-11-04 12:13:13.428122+00","2025-11-04 12:15:28.101964+00"
688,"8333529926","5806772573","accepted","2025-11-04 12:16:53.149307+00","2025-11-04 12:18:14.786777+00"
691,"1617930386","6179841738","accepted","2025-11-04 13:39:17.837033+00","2025-11-04 13:43:33.755946+00"
692,"7050798852","7277297826","accepted","2025-11-04 13:40:45.283018+00","2025-11-04 13:55:12.913994+00"
732,"8346655732","744979867","pending","2025-11-04 19:42:51.096005+00","2025-11-04 19:42:51.096005+00"
684,"1341748621","1609398709","accepted","2025-11-04 11:52:58.744425+00","2025-11-04 14:13:34.114475+00"
694,"8333529926","1846368634","pending","2025-11-04 14:26:48.557608+00","2025-11-04 14:26:48.557608+00"
690,"6110336587","5806772573","accepted","2025-11-04 13:36:28.816629+00","2025-11-04 14:36:52.416883+00"
697,"6110336587","7328290971","pending","2025-11-04 14:36:57.423705+00","2025-11-04 14:36:57.423705+00"
695,"8333529926","7207009148","accepted","2025-11-04 14:29:47.589212+00","2025-11-04 14:46:11.571526+00"
699,"737484765","5014292785","accepted","2025-11-04 14:53:08.366713+00","2025-11-04 14:53:15.27619+00"
733,"8487387358","299850552","pending","2025-11-04 20:11:48.603703+00","2025-11-04 20:11:48.603703+00"
701,"2006066219","8002053564","accepted","2025-11-04 15:02:00.063509+00","2025-11-04 15:02:21.341557+00"
702,"6307144522","1794187848","pending","2025-11-04 15:04:28.221218+00","2025-11-04 15:04:28.221218+00"
698,"5280617271","1609398709","accepted","2025-11-04 14:53:01.018417+00","2025-11-04 15:15:19.906376+00"
700,"829653636","1794187848","pending","2025-11-04 14:58:19.880328+00","2025-11-04 15:15:59.758226+00"
705,"784534416","6571739634","accepted","2025-11-04 15:39:14.194765+00","2025-11-04 15:41:16.724205+00"
657,"1115129736","1201453400","accepted","2025-11-04 06:53:20.376091+00","2025-11-04 16:31:37.985703+00"
706,"672788523","1201453400","accepted","2025-11-04 16:24:58.865793+00","2025-11-04 16:31:41.354457+00"
707,"8333529926","540041616","pending","2025-11-04 16:33:29.18402+00","2025-11-04 16:33:29.18402+00"
708,"734987473","6307144522","accepted","2025-11-04 16:41:00.105763+00","2025-11-04 16:41:16.408373+00"
710,"5237102694","6507987020","declined","2025-11-04 16:46:37.057499+00","2025-11-04 16:48:55.121995+00"
712,"5237102694","7862773644","accepted","2025-11-04 16:57:37.163915+00","2025-11-04 16:57:51.723307+00"
713,"5280617271","8487387358","declined","2025-11-04 17:09:52.483526+00","2025-11-04 17:14:28.08004+00"
711,"735652990","1468663800","declined","2025-11-04 16:46:49.924106+00","2025-11-04 17:24:21.834322+00"
714,"642333842","8487387358","declined","2025-11-04 17:23:12.983245+00","2025-11-04 17:26:11.683192+00"
715,"8333529926","5256285571","pending","2025-11-04 18:12:58.430666+00","2025-11-04 18:12:58.430666+00"
709,"5237102694","6574632326","accepted","2025-11-04 16:46:24.799121+00","2025-11-04 18:15:53.669167+00"
716,"5920176884","855012860","accepted","2025-11-04 18:31:57.208223+00","2025-11-04 18:32:04.794309+00"
717,"5799933418","5588977736","pending","2025-11-04 18:37:00.044082+00","2025-11-04 18:37:00.044082+00"
718,"2056021138","6499363352","accepted","2025-11-04 18:38:47.597616+00","2025-11-04 18:40:26.479221+00"
721,"7932524840","1975574608","pending","2025-11-04 19:08:10.025405+00","2025-11-04 19:08:10.025405+00"
720,"8379107583","5204985308","accepted","2025-11-04 19:06:40.104233+00","2025-11-04 19:09:16.941601+00"
723,"8333529926","797847663","pending","2025-11-04 19:12:39.114753+00","2025-11-04 19:12:39.114753+00"
724,"8333529926","5204985308","pending","2025-11-04 19:13:20.05296+00","2025-11-04 19:13:20.05296+00"
725,"1246961688","466664482","accepted","2025-11-04 19:14:16.830467+00","2025-11-04 19:14:19.834869+00"
722,"8333529926","466664482","accepted","2025-11-04 19:11:06.907429+00","2025-11-04 19:15:35.564805+00"
719,"5185658477","6233075737","accepted","2025-11-04 19:05:36.691974+00","2025-11-04 19:18:42.257815+00"
726,"8333529926","934372311","pending","2025-11-04 19:21:23.080234+00","2025-11-04 19:21:23.080234+00"
727,"8333529926","1020692984","accepted","2025-11-04 19:22:53.502795+00","2025-11-04 19:24:32.359218+00"
728,"8333529926","7751082675","pending","2025-11-04 19:31:22.456016+00","2025-11-04 19:31:22.456016+00"
729,"8333529926","7541294991","pending","2025-11-04 19:31:40.671845+00","2025-11-04 19:31:40.671845+00"
730,"7231257941","7838626961","accepted","2025-11-04 19:34:35.224377+00","2025-11-04 19:34:55.417883+00"
731,"8333529926","7243676651","pending","2025-11-04 19:37:02.355303+00","2025-11-04 19:37:02.355303+00"
734,"7904161055","859504305","accepted","2025-11-04 20:13:53.795966+00","2025-11-04 20:14:56.01892+00"
735,"5690353758","5080699740","pending","2025-11-04 20:22:39.328192+00","2025-11-04 20:22:39.328192+00"
760,"1107089185","6685694561","pending","2025-11-04 23:54:18.706375+00","2025-11-04 23:54:18.706375+00"
762,"8333529926","855012860","pending","2025-11-04 23:56:19.991704+00","2025-11-04 23:56:19.991704+00"
739,"7553206571","7826484265","accepted","2025-11-04 20:39:26.426225+00","2025-11-04 20:42:48.034635+00"
741,"5014292785","299850552","accepted","2025-11-04 20:44:14.66849+00","2025-11-04 20:47:21.946959+00"
742,"7868086659","7826484265","accepted","2025-11-04 20:47:29.819197+00","2025-11-04 20:48:12.318191+00"
736,"5256285571","1846368634","accepted","2025-11-04 20:31:54.263075+00","2025-11-04 20:52:54.544088+00"
744,"831697106","1201360478","pending","2025-11-04 21:15:13.995816+00","2025-11-04 21:15:13.995816+00"
746,"8333529926","2100636247","pending","2025-11-04 22:24:57.605696+00","2025-11-04 22:24:57.605696+00"
689,"8333529926","856370712","accepted","2025-11-04 13:30:30.326354+00","2025-11-04 22:31:16.68939+00"
750,"8333529926","7441787503","accepted","2025-11-04 22:33:08.149894+00","2025-11-04 22:33:22.142034+00"
751,"8333529926","6332613822","pending","2025-11-04 22:35:56.913072+00","2025-11-04 22:35:56.913072+00"
753,"8333529926","7991649323","pending","2025-11-04 22:41:22.549565+00","2025-11-04 22:41:22.549565+00"
754,"8333529926","5830348060","pending","2025-11-04 22:41:59.284399+00","2025-11-04 22:41:59.284399+00"
758,"8333529926","7277297826","pending","2025-11-04 22:50:45.928404+00","2025-11-04 22:50:45.928404+00"
738,"5690353758","1609398709","accepted","2025-11-04 20:38:57.772648+00","2025-11-04 23:09:48.493689+00"
745,"8333529926","7838626961","accepted","2025-11-04 22:22:33.987281+00","2025-11-05 02:07:10.038253+00"
765,"703138365","1940613654","pending","2025-11-05 02:08:17.856417+00","2025-11-05 02:08:17.856417+00"
763,"400568980","8521308273","accepted","2025-11-05 00:01:40.527065+00","2025-11-05 02:29:56.478508+00"
749,"8333529926","6412104799","declined","2025-11-04 22:31:16.351018+00","2025-11-05 02:52:43.096622+00"
761,"8333529926","5949936801","accepted","2025-11-04 23:56:01.089806+00","2025-11-05 03:23:56.757399+00"
757,"8333529926","462966491","accepted","2025-11-04 22:50:32.285703+00","2025-11-05 03:40:14.078982+00"
748,"8333529926","7686939779","accepted","2025-11-04 22:29:03.498842+00","2025-11-05 03:43:25.001963+00"
756,"6110336587","5204985308","accepted","2025-11-04 22:49:49.464406+00","2025-11-05 03:44:37.936836+00"
764,"703138365","5220371517","accepted","2025-11-05 02:08:00.967506+00","2025-11-05 03:52:49.658172+00"
759,"8333529926","1940613654","accepted","2025-11-04 23:26:36.574662+00","2025-11-05 04:36:29.743855+00"
768,"8333529926","377859046","pending","2025-11-05 04:36:34.733473+00","2025-11-05 04:36:34.733473+00"
769,"8333529926","6466368614","pending","2025-11-05 04:37:25.403689+00","2025-11-05 04:37:25.403689+00"
770,"409540225","5014292785","pending","2025-11-05 04:41:27.284226+00","2025-11-05 04:41:27.284226+00"
766,"5237102694","5204985308","accepted","2025-11-05 03:58:40.737938+00","2025-11-05 04:55:33.549966+00"
772,"6363717508","7826484265","accepted","2025-11-05 05:21:10.733624+00","2025-11-05 05:40:37.973878+00"
775,"1361042730","1940613654","accepted","2025-11-05 06:06:51.43507+00","2025-11-05 06:11:26.880908+00"
776,"8363986202","7838626961","pending","2025-11-05 06:43:33.898847+00","2025-11-05 06:43:33.898847+00"
771,"6307144522","400568980","accepted","2025-11-05 05:13:54.14062+00","2025-11-05 07:38:41.481371+00"
767,"7680496063","400568980","accepted","2025-11-05 04:28:58.692973+00","2025-11-05 07:38:49.779648+00"
755,"8333529926","826378948","accepted","2025-11-04 22:46:41.831219+00","2025-11-05 07:55:31.330977+00"
747,"8333529926","1211607170","declined","2025-11-04 22:28:43.708715+00","2025-11-05 09:15:06.425704+00"
773,"6977599613","8265101763","accepted","2025-11-05 05:39:11.40363+00","2025-11-05 09:53:57.161155+00"
696,"8109112246","6194922788","accepted","2025-11-04 14:36:26.708712+00","2025-11-05 11:56:55.033048+00"
752,"8333529926","7773846469","accepted","2025-11-04 22:39:10.442306+00","2025-11-05 14:53:52.305259+00"
777,"8411844354","400568980","accepted","2025-11-05 06:45:51.213722+00","2025-11-06 00:11:43.662696+00"
778,"8363986202","462966491","accepted","2025-11-05 06:46:12.836723+00","2025-11-05 06:47:15.884283+00"
779,"6692034060","7679369663","accepted","2025-11-05 07:31:11.371829+00","2025-11-05 07:31:33.66646+00"
780,"826378948","777041767","pending","2025-11-05 07:56:45.685683+00","2025-11-05 07:56:45.685683+00"
783,"8215152140","5014292785","accepted","2025-11-05 08:59:50.167357+00","2025-11-05 09:00:14.950226+00"
781,"6512706008","8389245936","accepted","2025-11-05 08:07:50.042246+00","2025-11-05 09:03:34.815225+00"
782,"278637012","7553206571","accepted","2025-11-05 08:26:32.339027+00","2025-11-05 09:10:23.175061+00"
785,"823255413","7501176620","declined","2025-11-05 09:25:35.811427+00","2025-11-05 09:29:48.800216+00"
786,"823255413","2041585188","pending","2025-11-05 09:30:24.457503+00","2025-11-05 09:30:24.457503+00"
774,"1933860968","5220371517","accepted","2025-11-05 05:44:56.804505+00","2025-11-05 10:24:24.098451+00"
788,"6977599613","6110336587","accepted","2025-11-05 10:42:32.685058+00","2025-11-05 10:45:33.453022+00"
790,"477462298","466664482","accepted","2025-11-05 11:28:47.979122+00","2025-11-05 11:34:33.147714+00"
793,"1655961760","1206626259","pending","2025-11-05 11:57:56.904519+00","2025-11-05 11:57:56.904519+00"
794,"7050798852","829653636","accepted","2025-11-05 11:59:29.774934+00","2025-11-05 11:59:38.761429+00"
784,"829653636","8521308273","accepted","2025-11-05 09:14:10.43765+00","2025-11-05 12:00:14.677665+00"
795,"5149966887","528264537","pending","2025-11-05 12:09:10.496838+00","2025-11-05 12:09:10.496838+00"
796,"6380670350","8317962343","accepted","2025-11-05 12:20:48.68297+00","2025-11-05 12:21:01.138597+00"
797,"8206338149","8317962343","pending","2025-11-05 12:21:04.017463+00","2025-11-05 12:21:04.017463+00"
841,"7877688414","1103065697","accepted","2025-11-05 18:07:25.247087+00","2025-11-05 18:08:03.17754+00"
815,"863347158","642446361","accepted","2025-11-05 14:20:52.837424+00","2025-11-05 18:12:31.732479+00"
800,"8389245936","1760862707","pending","2025-11-05 12:41:17.444574+00","2025-11-05 12:41:17.444574+00"
819,"7555558810","642446361","accepted","2025-11-05 15:15:56.945575+00","2025-11-05 18:12:39.123367+00"
799,"6490842744","8178595410","accepted","2025-11-05 12:40:50.675313+00","2025-11-05 12:41:48.357302+00"
802,"8178595410","8317962343","pending","2025-11-05 12:42:12.27422+00","2025-11-05 12:42:12.27422+00"
834,"1121963383","7826484265","accepted","2025-11-05 17:54:10.432785+00","2025-11-05 18:18:39.90474+00"
798,"8411844354","7058670155","accepted","2025-11-05 12:37:29.396404+00","2025-11-05 12:43:15.765329+00"
805,"7050798852","8521308273","pending","2025-11-05 13:02:31.947756+00","2025-11-05 13:02:31.947756+00"
806,"5690353758","6380670350","pending","2025-11-05 13:10:41.497981+00","2025-11-05 13:10:41.497981+00"
807,"8363986202","5229023120","pending","2025-11-05 13:14:04.730354+00","2025-11-05 13:14:04.730354+00"
809,"8363986202","8487387358","pending","2025-11-05 13:16:46.176471+00","2025-11-05 13:16:46.176471+00"
810,"8411844354","7541370984","pending","2025-11-05 13:17:13.985419+00","2025-11-05 13:17:13.985419+00"
808,"8363986202","6499363352","accepted","2025-11-05 13:16:00.406933+00","2025-11-05 13:19:04.278999+00"
787,"7606466781","7191029735","accepted","2025-11-05 09:41:55.519095+00","2025-11-05 13:32:08.777686+00"
811,"7606466781","8096821340","accepted","2025-11-05 13:35:06.641023+00","2025-11-05 13:38:42.688471+00"
812,"642446361","7818585845","accepted","2025-11-05 13:45:17.307059+00","2025-11-05 13:45:33.753945+00"
813,"5816972493","6402675762","pending","2025-11-05 13:59:54.086218+00","2025-11-05 13:59:54.086218+00"
814,"7050798852","6402675762","pending","2025-11-05 14:03:43.743468+00","2025-11-05 14:03:43.743468+00"
792,"6797347382","6286671588","accepted","2025-11-05 11:50:12.463606+00","2025-11-05 14:35:50.535622+00"
816,"6286671588","7988209946","accepted","2025-11-05 14:36:50.613774+00","2025-11-05 14:39:37.529695+00"
817,"6427382125","7826484265","accepted","2025-11-05 14:39:04.535727+00","2025-11-05 15:09:36.118928+00"
818,"7795615574","701451065","pending","2025-11-05 15:15:40.064663+00","2025-11-05 15:15:40.064663+00"
820,"1289591187","797847663","pending","2025-11-05 15:39:56.968711+00","2025-11-05 15:39:56.968711+00"
821,"1289591187","6305576966","pending","2025-11-05 15:41:11.239334+00","2025-11-05 15:41:11.239334+00"
822,"8092712949","8317962343","pending","2025-11-05 15:52:03.697113+00","2025-11-05 15:52:03.697113+00"
824,"7606466781","6555318648","accepted","2025-11-05 16:13:35.556044+00","2025-11-05 16:15:13.711889+00"
823,"5205344755","797847663","declined","2025-11-05 16:08:03.425757+00","2025-11-05 16:21:30.312258+00"
825,"511140559","797847663","declined","2025-11-05 16:38:10.870182+00","2025-11-05 16:47:20.236947+00"
826,"1447342518","957328380","accepted","2025-11-05 16:55:38.571724+00","2025-11-05 16:56:31.967963+00"
827,"315036726","1794187848","pending","2025-11-05 17:08:58.569467+00","2025-11-05 17:08:58.569467+00"
828,"8206338149","5194677184","pending","2025-11-05 17:12:13.53737+00","2025-11-05 17:12:13.53737+00"
829,"8303599289","5014292785","pending","2025-11-05 17:25:10.487425+00","2025-11-05 17:25:10.487425+00"
2566,"2144552661","5163807484","accepted","2025-11-16 13:50:19.016998+00","2025-11-16 13:59:12.843557+00"
831,"5816972493","5014292785","pending","2025-11-05 17:34:24.092167+00","2025-11-05 17:34:24.092167+00"
789,"5072306781","906318907","accepted","2025-11-05 11:26:14.478315+00","2025-11-05 17:52:08.083132+00"
791,"1410479893","906318907","accepted","2025-11-05 11:40:53.846649+00","2025-11-05 17:52:12.371051+00"
804,"5791196880","906318907","accepted","2025-11-05 12:55:21.012604+00","2025-11-05 17:52:44.52441+00"
835,"372919521","5014292785","accepted","2025-11-05 17:56:07.34427+00","2025-11-05 17:57:04.590926+00"
832,"1469773444","7231257941","accepted","2025-11-05 17:49:26.137023+00","2025-11-05 17:57:56.069186+00"
833,"372919521","5260266739","accepted","2025-11-05 17:53:44.884378+00","2025-11-05 17:58:23.497208+00"
836,"8333529926","2139830106","pending","2025-11-05 18:03:29.424308+00","2025-11-05 18:03:29.424308+00"
839,"6883431789","1201360478","pending","2025-11-05 18:05:42.512861+00","2025-11-05 18:05:42.512861+00"
840,"5539448340","8178595410","accepted","2025-11-05 18:07:02.624195+00","2025-11-05 18:07:21.741162+00"
842,"457325288","7231257941","accepted","2025-11-05 18:36:44.759129+00","2025-11-05 18:37:27.117559+00"
844,"7838626961","454739367","accepted","2025-11-05 18:37:18.165232+00","2025-11-05 18:37:29.288293+00"
846,"7606466781","5928707983","pending","2025-11-05 18:38:33.854253+00","2025-11-05 18:38:33.854253+00"
847,"372919521","1286904118","pending","2025-11-05 18:40:44.512243+00","2025-11-05 18:40:44.512243+00"
848,"6934540161","5393279584","pending","2025-11-05 18:45:14.860665+00","2025-11-05 18:45:14.860665+00"
843,"457325288","5014292785","accepted","2025-11-05 18:37:11.392392+00","2025-11-05 18:49:39.837552+00"
845,"7877688414","8487387358","accepted","2025-11-05 18:37:19.455047+00","2025-11-05 18:49:59.300125+00"
850,"1556902213","5014292785","pending","2025-11-05 18:53:30.085448+00","2025-11-05 18:53:30.085448+00"
849,"457325288","957328380","accepted","2025-11-05 18:45:57.592919+00","2025-11-05 19:02:50.439227+00"
853,"8333529926","454739367","accepted","2025-11-05 19:06:23.126858+00","2025-11-05 19:06:32.469177+00"
852,"7060358633","454739367","accepted","2025-11-05 19:01:57.863912+00","2025-11-05 19:06:39.134278+00"
855,"8333529926","6502408270","accepted","2025-11-05 19:07:41.879424+00","2025-11-05 19:11:18.393571+00"
856,"8333529926","457325288","accepted","2025-11-05 19:08:44.763391+00","2025-11-05 19:13:08.915366+00"
854,"389256985","5686257332","accepted","2025-11-05 19:07:30.817273+00","2025-11-05 19:18:43.521327+00"
858,"8333529926","1146932382","pending","2025-11-05 19:19:09.777063+00","2025-11-05 19:19:09.777063+00"
857,"8333529926","6403314994","declined","2025-11-05 19:09:49.327978+00","2025-11-05 19:24:16.729163+00"
861,"8333529926","8369441606","pending","2025-11-05 19:24:17.171869+00","2025-11-05 19:24:17.171869+00"
860,"8333529926","1459730751","accepted","2025-11-05 19:24:13.007973+00","2025-11-05 19:24:44.938829+00"
862,"8333529926","745274862","pending","2025-11-05 19:24:45.083175+00","2025-11-05 19:24:45.083175+00"
863,"8333529926","7380478903","pending","2025-11-05 19:26:02.210379+00","2025-11-05 19:26:02.210379+00"
864,"8333529926","8241612970","pending","2025-11-05 19:26:46.86262+00","2025-11-05 19:26:46.86262+00"
865,"8333529926","1092294687","accepted","2025-11-05 19:27:20.633183+00","2025-11-05 19:27:38.278254+00"
867,"8333529926","5194677184","pending","2025-11-05 19:28:50.199991+00","2025-11-05 19:28:50.199991+00"
866,"5447424243","7231257941","accepted","2025-11-05 19:28:11.40709+00","2025-11-05 19:36:39.479865+00"
869,"7541370984","1286904118","declined","2025-11-05 19:41:49.739249+00","2025-11-05 19:42:12.290258+00"
870,"8333529926","701451065","pending","2025-11-05 19:45:03.91961+00","2025-11-05 19:45:03.91961+00"
871,"7541370984","957328380","accepted","2025-11-05 19:46:01.456372+00","2025-11-05 19:46:16.620769+00"
872,"6649834719","5014292785","pending","2025-11-05 19:56:45.167572+00","2025-11-05 19:56:45.167572+00"
868,"8333529926","5408250991","accepted","2025-11-05 19:29:20.450616+00","2025-11-05 19:57:23.551701+00"
874,"346320754","5014292785","pending","2025-11-05 20:03:21.025091+00","2025-11-05 20:03:21.025091+00"
875,"346320754","1286904118","pending","2025-11-05 20:03:42.621158+00","2025-11-05 20:03:42.621158+00"
877,"777284020","6631631388","pending","2025-11-05 20:06:40.577521+00","2025-11-05 20:06:40.577521+00"
873,"1990620507","8178595410","accepted","2025-11-05 19:58:58.265611+00","2025-11-05 20:08:28.268491+00"
878,"8132883465","5527581742","pending","2025-11-05 20:16:09.076452+00","2025-11-05 20:16:09.076452+00"
837,"8333529926","856677581","accepted","2025-11-05 18:04:10.026042+00","2025-11-06 13:25:32.501577+00"
851,"6825017036","2041585188","accepted","2025-11-05 18:54:21.317383+00","2025-11-06 09:10:24.426904+00"
859,"8333529926","5906429938","accepted","2025-11-05 19:20:49.263359+00","2025-11-06 15:17:12.501892+00"
879,"1990620507","303339928","pending","2025-11-05 20:47:36.77408+00","2025-11-05 20:47:36.77408+00"
2568,"6110336587","734987473","accepted","2025-11-16 14:00:15.607271+00","2025-11-16 15:31:22.465009+00"
2606,"8053524660","1175791015","pending","2025-11-16 19:32:34.088831+00","2025-11-16 19:32:34.088831+00"
2601,"7328643527","7392286168","declined","2025-11-16 19:23:45.717295+00","2025-11-16 19:40:42.325944+00"
2615,"7336509255","7998357888","pending","2025-11-16 20:01:26.41694+00","2025-11-16 20:01:26.41694+00"
2618,"8312458446","1461603069","accepted","2025-11-16 20:25:39.77283+00","2025-11-16 20:49:03.536126+00"
2659,"5272972475","6499363352","accepted","2025-11-17 07:41:39.471236+00","2025-11-17 07:41:44.679419+00"
2686,"312265955","8132883465","pending","2025-11-17 09:01:58.952992+00","2025-11-17 09:01:58.952992+00"
2707,"6036365459","6645830936","accepted","2025-11-17 09:37:04.751687+00","2025-11-17 09:39:31.260706+00"
2721,"5958039592","7662878887","accepted","2025-11-17 10:01:13.857975+00","2025-11-17 10:01:28.901322+00"
2774,"5442252662","8054407830","accepted","2025-11-17 15:38:24.625599+00","2025-11-17 15:40:31.386436+00"
3649,"486394591","5183845073","accepted","2025-11-25 08:53:51.180029+00","2025-11-28 19:25:36.05007+00"
2795,"388305935","7751082675","pending","2025-11-17 17:20:23.749603+00","2025-11-17 17:20:23.749603+00"
2855,"7099869976","1036122318","pending","2025-11-17 21:35:57.063879+00","2025-11-17 21:35:57.063879+00"
2857,"8163396945","5014292785","accepted","2025-11-17 21:38:38.132781+00","2025-11-17 21:41:25.904614+00"
3912,"1469773444","964513050","pending","2025-11-28 19:27:13.689293+00","2025-11-28 19:27:13.689293+00"
2903,"820582696","6219571304","accepted","2025-11-18 09:52:14.054779+00","2025-11-18 16:32:29.022088+00"
2955,"1469773444","7417035221","accepted","2025-11-18 16:37:17.134792+00","2025-11-18 16:38:06.99142+00"
3016,"8109112246","2133374158","pending","2025-11-18 23:36:24.981587+00","2025-11-18 23:36:24.981587+00"
3062,"6110336587","8126612517","pending","2025-11-19 09:59:19.647905+00","2025-11-19 09:59:19.647905+00"
3063,"6896791200","5779531688","accepted","2025-11-19 10:22:21.076128+00","2025-11-19 10:22:48.895101+00"
3065,"6623033631","8148472933","accepted","2025-11-19 10:30:55.618222+00","2025-11-19 10:39:46.878238+00"
3072,"1722589537","1066113150","pending","2025-11-19 11:44:56.881529+00","2025-11-19 11:44:56.881529+00"
3116,"6272869186","5014292785","pending","2025-11-19 17:23:55.621784+00","2025-11-19 17:23:55.621784+00"
3120,"8402831744","6330038093","pending","2025-11-19 17:57:01.895133+00","2025-11-19 17:57:01.895133+00"
3167,"1614071841","6562061399","accepted","2025-11-20 04:43:55.682038+00","2025-11-20 06:45:57.681976+00"
3217,"1469773444","5636401129","accepted","2025-11-20 10:22:22.020682+00","2025-11-20 15:43:52.748456+00"
3313,"1098834679","7987122414","pending","2025-11-21 05:39:00.498499+00","2025-11-21 05:39:00.498499+00"
3318,"6148511982","1286904118","pending","2025-11-21 06:23:31.51238+00","2025-11-21 06:23:31.51238+00"
3375,"7407024356","797847663","pending","2025-11-21 11:51:03.326688+00","2025-11-21 11:51:03.326688+00"
3944,"338250980","6344816904","accepted","2025-11-29 12:46:20.186925+00","2025-11-29 16:10:42.077323+00"
3987,"698304652","5742211810","pending","2025-11-30 06:37:04.132343+00","2025-11-30 06:37:04.132343+00"
4019,"717829815","8033265334","pending","2025-12-01 04:25:45.56026+00","2025-12-01 04:25:45.56026+00"
4021,"717829815","2111526264","accepted","2025-12-01 04:36:29.602797+00","2025-12-01 04:45:45.554709+00"
4052,"1469773444","695631298","pending","2025-12-01 18:18:44.33275+00","2025-12-01 18:18:44.33275+00"
3848,"717829815","442537417","blocked","2025-11-27 15:56:46.326668+00","2025-11-27 16:08:36.718166+00"
4194,"7417035221","8132883465","pending","2025-12-02 14:44:06.941399+00","2025-12-02 14:44:06.941399+00"
4196,"5438337124","6625180241","accepted","2025-12-02 15:16:05.931838+00","2025-12-02 17:09:46.022625+00"
4226,"1455553245","6499363352","accepted","2025-12-03 10:47:29.66099+00","2025-12-03 10:47:39.037175+00"
2773,"1635258706","8014736816","declined","2025-11-17 15:29:59.775931+00","2025-11-21 14:00:13.557311+00"
3440,"1366336315","6562821208","pending","2025-11-21 19:10:54.395288+00","2025-11-21 19:10:54.395288+00"
3450,"374505034","5014292785","pending","2025-11-21 19:51:00.320124+00","2025-11-21 19:51:00.320124+00"
3455,"7963453467","8014736816","declined","2025-11-21 19:57:27.529754+00","2025-11-21 20:22:51.940943+00"
4256,"5022909468","797847663","pending","2025-12-04 06:39:57.865251+00","2025-12-04 06:39:57.865251+00"
3268,"5892000713","7569709942","accepted","2025-11-20 17:24:59.393213+00","2025-11-22 04:58:40.515024+00"
3505,"6071288444","5014292785","accepted","2025-11-22 06:21:59.203491+00","2025-11-22 06:22:40.146547+00"
3545,"5321912919","7722097826","accepted","2025-11-22 17:05:24.435422+00","2025-11-23 07:30:18.793464+00"
3587,"902244226","2133374158","pending","2025-11-23 07:41:03.478268+00","2025-11-23 07:41:03.478268+00"
3616,"7058103791","2049114405","pending","2025-11-23 20:13:33.556114+00","2025-11-23 20:13:33.556114+00"
3460,"5485565660","8109112246","blocked","2025-11-21 20:04:10.634265+00","2025-11-22 00:10:57.02189+00"
3686,"7474781357","1150794859","accepted","2025-11-25 19:12:59.759042+00","2025-11-25 19:39:31.860831+00"
3734,"8109112246","441526055","pending","2025-11-26 08:31:24.32056+00","2025-11-26 08:31:24.32056+00"
3775,"441892225","6013284464","declined","2025-11-26 17:38:38.477157+00","2025-11-26 17:39:52.716365+00"
3807,"7850822927","6167158821","pending","2025-11-27 08:33:59.543758+00","2025-11-27 08:33:59.543758+00"
3808,"6837283197","5213764043","accepted","2025-11-27 08:42:09.042495+00","2025-11-27 08:48:55.343762+00"
3819,"1754636407","8210706490","accepted","2025-11-27 09:55:06.635725+00","2025-11-27 09:55:16.104497+00"
3881,"6625180241","5014292785","accepted","2025-11-28 04:51:33.258533+00","2025-11-28 04:57:22.682739+00"
3883,"712935913","8266579417","accepted","2025-11-28 05:10:47.177697+00","2025-11-28 05:25:35.026021+00"
3648,"8065202045","5183845073","accepted","2025-11-25 08:52:48.13251+00","2025-11-28 19:25:13.039123+00"
4257,"839706870","5014292785","pending","2025-12-04 06:50:05.527898+00","2025-12-04 06:50:05.527898+00"
4316,"6214794341","698304652","accepted","2025-12-04 15:20:03.298336+00","2025-12-04 15:20:41.41838+00"
4353,"5728928266","1912016123","pending","2025-12-05 08:14:33.251053+00","2025-12-05 08:14:33.251053+00"
4393,"694439388","756011892","accepted","2025-12-05 19:49:46.28045+00","2025-12-06 05:39:36.128552+00"
830,"8409200629","7050798852","accepted","2025-11-05 17:29:02.790036+00","2025-11-05 20:58:27.448682+00"
881,"7050798852","8036962329","pending","2025-11-05 21:02:24.334767+00","2025-11-05 21:02:24.334767+00"
880,"7490328088","797847663","declined","2025-11-05 20:51:26.984394+00","2025-11-05 21:16:35.679221+00"
883,"5531789930","1305273494","pending","2025-11-05 21:39:07.384386+00","2025-11-05 21:39:07.384386+00"
884,"1247910196","5393052992","pending","2025-11-05 21:40:21.78163+00","2025-11-05 21:40:21.78163+00"
876,"346320754","1222542336","accepted","2025-11-05 20:04:03.621866+00","2025-11-05 21:56:50.089996+00"
890,"374505034","8036962329","pending","2025-11-06 00:56:32.030662+00","2025-11-06 00:56:32.030662+00"
891,"8333529926","6486469014","pending","2025-11-06 01:35:22.518847+00","2025-11-06 01:35:22.518847+00"
892,"8333529926","1305273494","pending","2025-11-06 01:36:57.311245+00","2025-11-06 01:36:57.311245+00"
885,"420142158","8132883465","declined","2025-11-05 21:41:40.264286+00","2025-11-06 01:51:32.797259+00"
888,"7826484265","8132883465","declined","2025-11-05 22:29:10.385127+00","2025-11-06 01:51:34.894752+00"
889,"454739367","8132883465","declined","2025-11-05 23:23:34.711218+00","2025-11-06 01:51:36.738565+00"
895,"6818919768","8317962343","pending","2025-11-06 02:41:24.422342+00","2025-11-06 02:41:24.422342+00"
894,"8333529926","6909260412","accepted","2025-11-06 01:38:41.963152+00","2025-11-06 03:44:28.939072+00"
882,"5483150784","7231257941","accepted","2025-11-05 21:28:32.003058+00","2025-11-06 05:36:25.489468+00"
897,"345978516","5686257332","accepted","2025-11-06 03:51:12.698966+00","2025-11-06 06:41:36.550013+00"
930,"6067832265","7231257941","accepted","2025-11-06 13:13:31.849593+00","2025-11-06 13:14:58.183097+00"
932,"341867404","5288891339","pending","2025-11-06 13:27:52.121611+00","2025-11-06 13:27:52.121611+00"
934,"341867404","6555318648","accepted","2025-11-06 13:28:34.611245+00","2025-11-06 13:38:40.470464+00"
931,"6240737662","672788523","accepted","2025-11-06 13:18:39.664806+00","2025-11-06 13:57:45.36236+00"
935,"7567533334","8132883465","accepted","2025-11-06 13:54:17.24625+00","2025-11-06 14:13:21.030238+00"
937,"2112332657","957328380","accepted","2025-11-06 14:19:06.150758+00","2025-11-06 14:19:24.832405+00"
938,"889148368","7732498367","pending","2025-11-06 14:22:45.645721+00","2025-11-06 14:22:45.645721+00"
886,"5546734859","7191029735","accepted","2025-11-05 22:01:01.875211+00","2025-11-06 15:07:48.287776+00"
939,"6812837663","677664620","pending","2025-11-06 15:13:07.252049+00","2025-11-06 15:13:07.252049+00"
940,"1511108148","8317962343","pending","2025-11-06 15:14:22.211655+00","2025-11-06 15:14:22.211655+00"
941,"6812837663","1164335213","pending","2025-11-06 15:16:18.928765+00","2025-11-06 15:16:18.928765+00"
942,"8109112246","7679369663","accepted","2025-11-06 15:18:19.644551+00","2025-11-06 15:18:28.719634+00"
943,"8178595410","7679369663","accepted","2025-11-06 15:20:06.187202+00","2025-11-06 15:20:41.952981+00"
944,"8072898920","753215699","accepted","2025-11-06 17:54:35.045625+00","2025-11-06 17:56:06.684362+00"
945,"8333529926","961676712","pending","2025-11-06 18:02:09.461957+00","2025-11-06 18:02:09.461957+00"
946,"8333529926","8072898920","accepted","2025-11-06 18:04:32.501151+00","2025-11-06 18:06:10.971537+00"
936,"6110336587","7541294991","accepted","2025-11-06 14:03:20.337917+00","2025-11-06 18:14:05.600452+00"
947,"8475780402","6555318648","accepted","2025-11-06 18:14:10.613986+00","2025-11-06 18:16:53.724593+00"
948,"6909260412","753215699","accepted","2025-11-06 18:18:35.01488+00","2025-11-06 18:19:28.013578+00"
949,"6909260412","7501176620","pending","2025-11-06 18:21:47.614624+00","2025-11-06 18:21:47.614624+00"
950,"8333529926","6507987020","pending","2025-11-06 18:24:00.393216+00","2025-11-06 18:24:13.466539+00"
952,"8333529926","697288224","pending","2025-11-06 18:24:16.483932+00","2025-11-06 18:24:16.483932+00"
953,"8333529926","788646678","accepted","2025-11-06 18:24:47.316696+00","2025-11-06 18:29:14.13988+00"
956,"1711245975","8333529926","accepted","2025-11-06 18:35:17.162234+00","2025-11-06 18:35:47.989171+00"
957,"401160041","6909260412","accepted","2025-11-06 18:36:44.051639+00","2025-11-06 18:36:58.030837+00"
958,"7973649446","7984980757","accepted","2025-11-06 18:47:03.664527+00","2025-11-06 18:51:59.888367+00"
959,"8333529926","8109112246","accepted","2025-11-06 19:05:51.25133+00","2025-11-06 19:06:02.346815+00"
954,"6633997755","8072898920","accepted","2025-11-06 18:28:53.278865+00","2025-11-06 19:24:42.994009+00"
960,"7131767433","7501176620","declined","2025-11-06 19:12:00.512048+00","2025-11-06 19:27:44.102604+00"
961,"5906429938","756628801","accepted","2025-11-06 19:21:39.696084+00","2025-11-06 19:36:02.40301+00"
965,"6033736662","1206626259","pending","2025-11-06 20:35:11.271809+00","2025-11-06 20:35:11.271809+00"
963,"515054874","6467486572","accepted","2025-11-06 20:11:28.2738+00","2025-11-06 20:49:35.218564+00"
969,"8441068523","1388516911","pending","2025-11-06 21:12:34.922015+00","2025-11-06 21:12:34.922015+00"
968,"8346678040","797847663","declined","2025-11-06 20:52:29.16139+00","2025-11-06 22:16:58.681225+00"
972,"1136410666","1103065697","accepted","2025-11-07 02:21:55.748644+00","2025-11-07 02:22:33.765333+00"
893,"8333529926","7059792329","accepted","2025-11-06 01:38:09.717914+00","2025-11-07 03:24:27.98053+00"
970,"1834543510","8072898920","accepted","2025-11-06 21:39:05.648817+00","2025-11-07 03:30:27.369856+00"
962,"1731264064","753215699","accepted","2025-11-06 19:41:07.063338+00","2025-11-07 03:36:08.705681+00"
973,"302503105","5014292785","pending","2025-11-07 03:36:13.621837+00","2025-11-07 03:36:13.621837+00"
974,"7345277788","6380670350","pending","2025-11-07 03:42:21.221369+00","2025-11-07 03:42:21.221369+00"
977,"6110336587","5756352968","accepted","2025-11-07 03:55:24.394372+00","2025-11-07 03:55:53.356439+00"
978,"6110336587","1879461720","pending","2025-11-07 03:56:18.001012+00","2025-11-07 03:56:18.001012+00"
979,"6110336587","6617962657","pending","2025-11-07 03:58:25.386886+00","2025-11-07 03:58:25.386886+00"
955,"7501176620","5014292785","accepted","2025-11-06 18:29:12.579251+00","2025-11-21 12:39:36.711995+00"
981,"8333529926","5371975862","pending","2025-11-07 04:04:31.940028+00","2025-11-07 04:04:31.940028+00"
975,"6110336587","8402831744","accepted","2025-11-07 03:50:14.935008+00","2025-11-07 04:07:09.9468+00"
984,"6909260412","6191862654","accepted","2025-11-07 04:12:06.460737+00","2025-11-07 04:12:16.439405+00"
988,"6110336587","303193152","pending","2025-11-07 04:14:42.776576+00","2025-11-07 04:14:42.776576+00"
966,"5680042030","8132883465","accepted","2025-11-06 20:41:41.421029+00","2025-11-07 04:27:13.866947+00"
989,"6110336587","1767733168","accepted","2025-11-07 04:15:03.344866+00","2025-11-07 04:29:53.088601+00"
986,"6110336587","831697106","accepted","2025-11-07 04:13:27.745716+00","2025-11-07 04:39:21.223329+00"
990,"8333529926","8132883465","accepted","2025-11-07 04:39:06.120067+00","2025-11-07 04:39:24.546416+00"
983,"8333529926","1468663800","declined","2025-11-07 04:06:15.017479+00","2025-11-07 04:47:18.63937+00"
1023,"7113202890","5014292785","pending","2025-11-07 06:45:12.985953+00","2025-11-07 06:45:12.985953+00"
971,"353585872","8217600370","declined","2025-11-07 02:17:24.152037+00","2025-11-07 07:59:28.823235+00"
982,"8333529926","1406224073","accepted","2025-11-07 04:05:20.151669+00","2025-11-07 08:10:41.641666+00"
1025,"5561173630","961676712","accepted","2025-11-07 08:30:03.089073+00","2025-11-07 08:35:30.03041+00"
1026,"5798503692","7501176620","declined","2025-11-07 08:48:21.227808+00","2025-11-07 08:54:13.637579+00"
1030,"1109928274","7876573174","pending","2025-11-07 09:10:04.08493+00","2025-11-07 09:10:04.08493+00"
1028,"7214434853","8178595410","accepted","2025-11-07 09:02:35.488422+00","2025-11-07 09:03:00.835692+00"
985,"6110336587","8421592857","accepted","2025-11-07 04:13:07.036025+00","2025-11-07 09:10:07.258497+00"
1027,"1833783652","8178595410","accepted","2025-11-07 09:01:58.765351+00","2025-11-07 09:03:38.226534+00"
1036,"6490842744","5014292785","accepted","2025-11-07 09:33:14.650023+00","2025-11-07 09:34:27.955419+00"
1034,"5529459683","7501176620","accepted","2025-11-07 09:28:46.584948+00","2025-11-07 09:35:39.537103+00"
1038,"8463362679","6247187536","pending","2025-11-07 09:52:17.589429+00","2025-11-07 09:52:17.589429+00"
1040,"6490842744","1609398709","pending","2025-11-07 10:08:51.076259+00","2025-11-07 10:08:51.076259+00"
1041,"333933994","8178595410","accepted","2025-11-07 10:09:22.035063+00","2025-11-07 10:16:03.525146+00"
1042,"6490842744","677664620","pending","2025-11-07 10:16:43.276763+00","2025-11-07 10:16:43.276763+00"
1024,"7417035221","6909260412","accepted","2025-11-07 08:28:29.646361+00","2025-11-07 10:25:58.439053+00"
964,"439769548","642446361","accepted","2025-11-06 20:14:00.07976+00","2025-11-07 10:58:06.795288+00"
1045,"2131880878","8132883465","accepted","2025-11-07 10:27:56.776091+00","2025-11-07 11:10:26.773552+00"
1032,"7207009148","1259973619","accepted","2025-11-07 09:11:34.358935+00","2025-11-07 12:13:01.701462+00"
1031,"1833783652","5204985308","accepted","2025-11-07 09:10:44.560983+00","2025-11-07 12:57:09.669568+00"
1035,"7737620683","7897386358","accepted","2025-11-07 09:32:48.410054+00","2025-11-07 14:11:24.890977+00"
1037,"1115042518","1152409369","accepted","2025-11-07 09:38:35.203318+00","2025-11-07 17:02:06.39991+00"
976,"6110336587","7446530116","accepted","2025-11-07 03:50:30.495459+00","2025-11-07 18:22:43.842401+00"
933,"341867404","8096821340","accepted","2025-11-06 13:28:26.608652+00","2025-11-08 04:08:01.649738+00"
887,"8206338149","8096821340","declined","2025-11-05 22:01:57.603811+00","2025-11-08 04:08:15.81581+00"
987,"6110336587","853115573","declined","2025-11-07 04:14:18.900798+00","2025-11-08 15:59:14.686387+00"
1043,"612637953","6909260412","accepted","2025-11-07 10:25:37.871308+00","2025-11-07 10:26:01.402885+00"
2570,"6110336587","1398077049","accepted","2025-11-16 14:07:45.933811+00","2025-11-16 14:07:54.770462+00"
2569,"7233078151","831697106","accepted","2025-11-16 14:04:06.966761+00","2025-11-16 15:21:59.736462+00"
2608,"8053524660","6812450872","accepted","2025-11-16 19:39:04.237495+00","2025-11-16 19:49:17.761664+00"
2660,"6623033631","5779531688","accepted","2025-11-17 07:47:58.12102+00","2025-11-17 07:48:30.977571+00"
2662,"667978430","6429281172","accepted","2025-11-17 08:02:26.58099+00","2025-11-17 08:03:46.955898+00"
2674,"5654559984","8132883465","pending","2025-11-17 08:31:34.558351+00","2025-11-17 08:31:34.558351+00"
2675,"7948534478","7862691707","pending","2025-11-17 08:32:30.590408+00","2025-11-17 08:32:30.590408+00"
2667,"1636185292","903817915","accepted","2025-11-17 08:16:51.93184+00","2025-11-17 08:53:34.824185+00"
2695,"472898765","6507987020","pending","2025-11-17 09:11:23.089503+00","2025-11-17 09:11:23.089503+00"
2702,"5384231139","7191029735","accepted","2025-11-17 09:21:53.635732+00","2025-11-17 09:22:36.221277+00"
4227,"1155522244","8451398351","accepted","2025-12-03 10:49:03.206249+00","2025-12-03 10:49:10.290837+00"
2728,"383872493","8054407830","accepted","2025-11-17 10:05:04.052908+00","2025-11-17 10:09:08.290531+00"
2732,"8348813577","7388700051","declined","2025-11-17 10:11:54.430937+00","2025-11-17 10:13:36.784139+00"
2775,"1635258706","1647697220","pending","2025-11-17 15:38:58.027391+00","2025-11-17 15:38:58.027391+00"
2859,"1442362815","7998357888","pending","2025-11-17 21:52:13.603589+00","2025-11-17 21:52:13.603589+00"
2906,"6631273378","1455553245","pending","2025-11-18 10:31:39.240997+00","2025-11-18 10:31:39.240997+00"
2792,"1722589537","6162552978","accepted","2025-11-17 17:18:40.314733+00","2025-11-18 16:16:42.751248+00"
2956,"1115042518","7417035221","accepted","2025-11-18 16:37:22.280347+00","2025-11-18 16:38:02.814027+00"
3017,"366091755","1399455085","pending","2025-11-18 23:59:35.337661+00","2025-11-18 23:59:35.337661+00"
3064,"6623033631","1113243747","pending","2025-11-19 10:28:14.946811+00","2025-11-19 10:28:14.946811+00"
3117,"1126038736","5014292785","pending","2025-11-19 17:34:18.620847+00","2025-11-19 17:34:18.620847+00"
3168,"1366336315","6512922490","accepted","2025-11-20 04:44:25.291798+00","2025-11-20 04:46:15.312411+00"
3179,"8199846804","829653636","accepted","2025-11-20 05:29:36.216837+00","2025-11-20 05:29:48.540308+00"
3188,"8056255526","7678101401","pending","2025-11-20 06:35:28.170273+00","2025-11-20 07:21:45.504591+00"
2705,"1401625125","8132883465","accepted","2025-11-17 09:33:25.833872+00","2025-11-20 09:26:40.239664+00"
3219,"7945982183","1051864908","declined","2025-11-20 10:36:14.148395+00","2025-11-20 10:40:03.213005+00"
3269,"6493382148","8132883465","pending","2025-11-20 17:30:43.973642+00","2025-11-20 17:30:43.973642+00"
4258,"1743706009","763440072","accepted","2025-12-04 07:07:18.325109+00","2025-12-04 07:18:16.359614+00"
3314,"7407024356","6499363352","accepted","2025-11-21 05:51:35.734441+00","2025-11-21 06:08:24.22236+00"
3376,"6782380426","8161990253","accepted","2025-11-21 11:53:53.850899+00","2025-11-21 11:57:07.129263+00"
3442,"7963453467","6909260412","pending","2025-11-21 19:16:32.771068+00","2025-11-21 19:16:32.771068+00"
3445,"1081012722","8495085612","accepted","2025-11-21 19:40:49.363819+00","2025-11-21 19:43:11.207046+00"
3452,"2040345752","1674834036","accepted","2025-11-21 19:54:17.210968+00","2025-11-21 20:06:27.833702+00"
3462,"7234252969","6202737046","accepted","2025-11-21 20:11:29.628365+00","2025-11-21 20:12:06.015794+00"
3507,"7089969662","1319647098","pending","2025-11-22 07:04:01.647858+00","2025-11-22 07:04:01.647858+00"
3546,"6490842744","6914943213","pending","2025-11-22 17:12:11.203506+00","2025-11-22 17:12:11.203506+00"
3588,"315600657","6816978900","accepted","2025-11-23 08:07:34.825062+00","2025-11-23 08:33:46.073175+00"
3618,"2133374158","7707417522","pending","2025-11-23 21:25:42.920172+00","2025-11-23 21:25:42.920172+00"
3650,"7986300943","1309276007","pending","2025-11-25 09:04:00.282165+00","2025-11-25 09:04:00.282165+00"
3735,"6438013120","7998357888","pending","2025-11-26 08:40:08.670076+00","2025-11-26 08:40:08.670076+00"
4317,"6635511250","7336509255","accepted","2025-12-04 15:48:21.99808+00","2025-12-04 15:48:50.722061+00"
4358,"8065215112","8223038699","accepted","2025-12-05 08:28:11.594536+00","2025-12-05 12:03:46.03604+00"
3778,"6717955995","396250067","pending","2025-11-26 18:14:21.292783+00","2025-11-26 18:14:21.292783+00"
3776,"1081012722","1744629477","accepted","2025-11-26 18:03:41.507843+00","2025-11-27 06:05:24.469694+00"
3809,"2133374158","5176845267","accepted","2025-11-27 08:46:10.623698+00","2025-11-27 08:48:07.288044+00"
3849,"6888844672","6167158821","pending","2025-11-27 15:59:50.025811+00","2025-11-27 15:59:50.025811+00"
3882,"2006382893","6786814214","pending","2025-11-28 05:00:32.742973+00","2025-11-28 05:00:32.742973+00"
3913,"1469773444","7774206895","pending","2025-11-28 19:27:50.825562+00","2025-11-28 19:27:50.825562+00"
3945,"5068407705","8132883465","pending","2025-11-29 12:47:38.946685+00","2025-11-29 12:47:38.946685+00"
3956,"7623717059","846747600","accepted","2025-11-29 14:41:05.885821+00","2025-11-29 15:00:07.923363+00"
3687,"6822900573","6502398046","pending","2025-11-25 19:41:54.323083+00","2025-11-29 16:52:16.720958+00"
3988,"1635258706","5782543284","accepted","2025-11-30 07:47:23.20431+00","2025-11-30 07:49:24.426749+00"
4022,"6659628635","8178595410","pending","2025-12-01 04:46:25.22214+00","2025-12-01 04:46:25.22214+00"
4020,"717829815","797847663","declined","2025-12-01 04:34:41.728831+00","2025-12-01 04:57:39.306909+00"
4053,"1469773444","7542382660","accepted","2025-12-01 18:20:20.045613+00","2025-12-01 18:26:48.811737+00"
4057,"6737486616","5014292785","pending","2025-12-01 18:42:31.504836+00","2025-12-01 18:42:31.504836+00"
4116,"1067433048","6890774442","accepted","2025-12-02 08:28:43.530191+00","2025-12-02 08:31:24.652629+00"
4195,"8471233877","1262583715","accepted","2025-12-02 15:02:14.086886+00","2025-12-02 15:04:16.836842+00"
4394,"2051090373","797847663","accepted","2025-12-05 20:04:52.182249+00","2025-12-05 20:07:22.997894+00"
1039,"6151730802","829653636","accepted","2025-11-07 09:59:14.329485+00","2025-11-07 10:31:10.973004+00"
2571,"6110336587","1701785670","pending","2025-11-16 14:12:40.732231+00","2025-11-16 14:12:40.732231+00"
2610,"822312597","797847663","pending","2025-11-16 19:43:45.386742+00","2025-11-16 19:43:45.386742+00"
2616,"6898006839","1051120004","accepted","2025-11-16 20:11:29.695823+00","2025-11-16 20:11:39.995875+00"
3736,"1501737493","7277167325","accepted","2025-11-26 09:57:19.678865+00","2025-11-26 10:41:52.924112+00"
2617,"7458327804","1751884518","accepted","2025-11-16 20:24:07.873744+00","2025-11-16 20:29:09.405563+00"
2663,"7906837276","8132883465","pending","2025-11-17 08:14:31.332576+00","2025-11-17 08:14:31.332576+00"
2666,"472898765","8132883465","accepted","2025-11-17 08:16:49.104345+00","2025-11-17 08:16:57.342586+00"
2719,"7191029735","6914943213","accepted","2025-11-17 09:58:10.547707+00","2025-11-17 09:58:24.130531+00"
2724,"5781888399","8132883465","pending","2025-11-17 10:02:24.151014+00","2025-11-17 10:02:24.151014+00"
2776,"388305935","5344544294","accepted","2025-11-17 15:57:21.614721+00","2025-11-17 15:58:37.804492+00"
3742,"8109112246","7795615574","blocked","2025-11-26 10:32:00.135552+00","2025-11-26 10:42:27.316097+00"
2782,"5974836281","1113243747","accepted","2025-11-17 16:55:29.611269+00","2025-11-17 16:59:13.76474+00"
2799,"388305935","1781787035","accepted","2025-11-17 17:31:54.195591+00","2025-11-17 17:37:03.120721+00"
2860,"8200911384","852303033","pending","2025-11-18 02:15:21.737894+00","2025-11-18 02:15:21.737894+00"
2861,"8200911384","442993299","pending","2025-11-18 02:24:43.236413+00","2025-11-18 02:24:43.236413+00"
2862,"8200911384","5647903240","pending","2025-11-18 02:30:40.973542+00","2025-11-18 02:30:40.973542+00"
2729,"5680042030","1924682462","accepted","2025-11-17 10:05:22.622963+00","2025-11-18 03:44:28.211219+00"
2865,"6446860540","8014736816","accepted","2025-11-18 03:10:28.829538+00","2025-11-18 06:48:54.052217+00"
2907,"1145111245","370668833","accepted","2025-11-18 11:03:58.60247+00","2025-11-18 11:05:37.160245+00"
2915,"246350468","7780406571","accepted","2025-11-18 11:55:51.975364+00","2025-11-18 11:56:23.844441+00"
2957,"8148472933","7417035221","accepted","2025-11-18 16:38:09.979663+00","2025-11-18 16:38:33.413761+00"
3018,"7563130272","6512922490","pending","2025-11-19 00:06:01.710321+00","2025-11-19 00:06:01.710321+00"
3067,"289674405","5779531688","accepted","2025-11-19 10:40:04.904825+00","2025-11-19 10:40:44.121988+00"
3069,"8109112246","914326239","accepted","2025-11-19 10:50:32.592098+00","2025-11-19 10:50:59.611539+00"
3122,"6649324438","5014292785","accepted","2025-11-19 18:04:23.066706+00","2025-11-19 18:06:03.470182+00"
3129,"7623717059","793800942","pending","2025-11-19 19:09:12.468499+00","2025-11-19 19:09:12.468499+00"
3139,"554195529","7447577685","pending","2025-11-19 20:15:58.194676+00","2025-11-19 20:15:58.194676+00"
3174,"1297290759","5014292785","pending","2025-11-20 05:11:48.125669+00","2025-11-20 05:11:48.125669+00"
3175,"7609872803","2133374158","pending","2025-11-20 05:14:01.731657+00","2025-11-20 05:14:01.731657+00"
3182,"5932780397","8072898920","accepted","2025-11-20 05:47:27.115192+00","2025-11-20 06:06:07.69861+00"
3169,"1469773444","5485570331","accepted","2025-11-20 04:59:57.62592+00","2025-11-20 07:46:43.74622+00"
3220,"7911631857","5771158408","pending","2025-11-20 11:06:14.987806+00","2025-11-20 11:06:14.987806+00"
3222,"7086868831","8132883465","pending","2025-11-20 11:18:24.214858+00","2025-11-20 11:18:24.214858+00"
3223,"7233511077","5014292785","pending","2025-11-20 11:32:28.25694+00","2025-11-20 11:32:28.25694+00"
3226,"1883515540","8132883465","pending","2025-11-20 12:20:55.93434+00","2025-11-20 12:20:55.93434+00"
3270,"6098650633","8132883465","pending","2025-11-20 17:50:39.237213+00","2025-11-20 17:50:39.237213+00"
3271,"6098650633","5014292785","pending","2025-11-20 17:54:33.115916+00","2025-11-20 17:54:33.115916+00"
3315,"7407024356","942663833","pending","2025-11-21 06:07:50.052709+00","2025-11-21 06:07:50.052709+00"
3334,"1990620507","6328251300","accepted","2025-11-21 08:05:58.074536+00","2025-11-21 08:06:40.47805+00"
3330,"698304652","8152457962","accepted","2025-11-21 07:16:37.140681+00","2025-11-21 10:32:59.138276+00"
3377,"6219571304","2133374158","pending","2025-11-21 11:54:07.411192+00","2025-11-21 11:54:07.411192+00"
3378,"6219571304","1797490235","pending","2025-11-21 11:55:04.915514+00","2025-11-21 11:55:13.767996+00"
3444,"1366336315","1319647098","pending","2025-11-21 19:34:26.035295+00","2025-11-21 19:34:26.035295+00"
3449,"5279148064","5014292785","accepted","2025-11-21 19:50:44.700006+00","2025-11-21 19:50:50.364375+00"
3443,"331776261","1355608580","declined","2025-11-21 19:29:17.905498+00","2025-11-21 20:05:31.039518+00"
3459,"7234252969","2089071611","accepted","2025-11-21 20:02:20.466714+00","2025-11-21 20:13:11.370434+00"
3464,"633059268","579014332","accepted","2025-11-21 20:19:15.763276+00","2025-11-21 20:19:32.715733+00"
3508,"1767733168","437944819","pending","2025-11-22 07:13:15.843372+00","2025-11-22 07:13:15.843372+00"
3513,"5044368334","1797490235","pending","2025-11-22 07:51:09.543403+00","2025-11-22 07:51:09.543403+00"
3510,"338250980","771522611","accepted","2025-11-22 07:26:44.860222+00","2025-11-22 08:49:13.778235+00"
3547,"6188811033","6499363352","accepted","2025-11-22 17:57:44.587519+00","2025-11-22 18:03:34.890295+00"
3548,"7059792329","771522611","pending","2025-11-22 18:04:22.386949+00","2025-11-22 18:04:22.386949+00"
3589,"6192582384","797847663","pending","2025-11-23 08:39:40.494726+00","2025-11-23 08:39:40.494726+00"
3620,"1633381090","7501176620","accepted","2025-11-23 22:04:00.104615+00","2025-11-23 22:35:06.769166+00"
3619,"6065747366","8132883465","declined","2025-11-23 21:30:52.263714+00","2025-11-24 04:14:10.86205+00"
3651,"8109112246","1469773444","accepted","2025-11-25 09:06:45.403317+00","2025-11-25 09:50:24.001941+00"
3691,"6778995610","748407474","pending","2025-11-25 20:13:15.496931+00","2025-11-25 20:13:15.496931+00"
3690,"524363618","1568889911","accepted","2025-11-25 20:02:12.674255+00","2025-11-26 02:29:10.160608+00"
3590,"1619787133","8054407830","accepted","2025-11-23 08:49:51.145135+00","2025-11-26 11:44:10.679897+00"
3739,"7444990972","1103065697","accepted","2025-11-26 10:25:01.789764+00","2025-11-26 15:51:06.740093+00"
3777,"5970572939","5213764043","accepted","2025-11-26 18:14:11.776141+00","2025-11-26 18:14:52.07631+00"
3811,"7850822927","5014292785","accepted","2025-11-27 09:23:10.508149+00","2025-11-27 09:23:35.328027+00"
3885,"6086447004","7295183197","pending","2025-11-28 06:08:21.069548+00","2025-11-28 06:08:21.069548+00"
3886,"7407024356","8063576754","pending","2025-11-28 06:30:14.190047+00","2025-11-28 06:30:14.190047+00"
3850,"1139626650","544561930","accepted","2025-11-27 16:08:59.185219+00","2025-11-28 06:40:09.923185+00"
3914,"7456519755","2081601093","accepted","2025-11-28 19:29:33.524216+00","2025-11-28 19:31:35.535311+00"
3946,"8143194233","8102186279","accepted","2025-11-29 12:57:31.030476+00","2025-11-29 13:04:18.436585+00"
3951,"1323713964","424923035","accepted","2025-11-29 13:18:32.428829+00","2025-11-29 13:22:43.308054+00"
3989,"7634664131","5650409458","pending","2025-11-30 08:53:12.73455+00","2025-11-30 08:53:12.73455+00"
4023,"6259672827","381189753","accepted","2025-12-01 04:59:16.643515+00","2025-12-01 05:41:39.694681+00"
4054,"391600143","1751884518","pending","2025-12-01 18:23:36.621693+00","2025-12-01 18:23:36.621693+00"
4117,"6048782329","8173993765","pending","2025-12-02 08:48:34.305068+00","2025-12-02 08:48:34.305068+00"
4124,"8471233877","6836842755","pending","2025-12-02 10:12:56.849788+00","2025-12-02 10:12:56.849788+00"
4135,"6324580320","8132883465","declined","2025-12-02 11:00:56.832486+00","2025-12-02 11:06:28.754444+00"
4138,"1469773444","5351132200","pending","2025-12-02 11:18:40.963712+00","2025-12-02 11:18:40.963712+00"
4147,"8471233877","6622356831","accepted","2025-12-02 11:33:19.531481+00","2025-12-02 11:36:25.70662+00"
4197,"2081601093","7945982183","accepted","2025-12-02 16:12:11.126765+00","2025-12-02 17:46:02.808848+00"
4229,"1136410666","8131390295","declined","2025-12-03 11:49:49.734041+00","2025-12-03 13:58:42.531144+00"
4259,"1113803518","1097755391","pending","2025-12-04 07:23:40.091689+00","2025-12-04 07:23:40.091689+00"
4318,"2081601093","1113803518","pending","2025-12-04 16:03:13.96672+00","2025-12-04 16:03:13.96672+00"
4359,"8065215112","7336509255","blocked","2025-12-05 08:29:26.790998+00","2025-12-05 08:30:05.064879+00"
4395,"8381358598","6499363352","accepted","2025-12-05 20:30:24.22284+00","2025-12-05 20:48:00.453501+00"
1046,"333933994","6247187536","pending","2025-11-07 10:32:41.97802+00","2025-11-07 10:32:41.97802+00"
1050,"6870565233","6305576966","accepted","2025-11-07 10:57:54.3815+00","2025-11-07 11:47:15.861797+00"
2573,"949280238","5014292785","pending","2025-11-16 14:29:05.979369+00","2025-11-16 14:29:05.979369+00"
2620,"5457643058","1647697220","pending","2025-11-16 20:27:06.709024+00","2025-11-16 20:27:06.709024+00"
4319,"6232375384","8210706490","accepted","2025-12-04 16:58:10.94045+00","2025-12-04 17:12:03.501428+00"
2679,"7089969662","7191029735","accepted","2025-11-17 08:51:48.80876+00","2025-11-17 08:53:45.335252+00"
2681,"437928941","5344544294","accepted","2025-11-17 08:57:48.936641+00","2025-11-17 08:58:08.084607+00"
2690,"384303887","7277167325","accepted","2025-11-17 09:08:22.02065+00","2025-11-17 09:08:35.774567+00"
2701,"8148472933","5014292785","accepted","2025-11-17 09:20:15.550454+00","2025-11-17 09:26:08.209798+00"
2714,"1469773444","7277167325","accepted","2025-11-17 09:43:30.614074+00","2025-11-17 09:44:56.935613+00"
2717,"966486194","8132883465","pending","2025-11-17 09:52:14.810793+00","2025-11-17 09:52:14.810793+00"
2723,"1132339940","8054407830","accepted","2025-11-17 10:01:35.277393+00","2025-11-17 10:09:00.669051+00"
2736,"5988539993","8054407830","accepted","2025-11-17 10:34:20.505143+00","2025-11-17 10:41:48.605735+00"
2777,"1635258706","5014292785","pending","2025-11-17 16:00:34.432838+00","2025-11-17 16:00:34.432838+00"
2779,"712935913","1940613654","accepted","2025-11-17 16:27:51.695367+00","2025-11-17 16:32:32.037706+00"
2787,"8232557669","5906652943","declined","2025-11-17 17:06:44.645503+00","2025-11-17 17:07:41.902755+00"
2788,"5006883510","756011892","accepted","2025-11-17 17:08:12.812183+00","2025-11-17 17:08:30.596054+00"
2794,"388305935","5059334904","pending","2025-11-17 17:20:08.678122+00","2025-11-17 17:20:08.678122+00"
2796,"388305935","1713751356","pending","2025-11-17 17:23:01.020574+00","2025-11-17 17:23:01.020574+00"
2780,"7963453467","6839822722","accepted","2025-11-17 16:35:21.987905+00","2025-11-17 17:44:48.53958+00"
2863,"1469773444","6719356467","declined","2025-11-18 02:43:22.372218+00","2025-11-18 06:13:33.3857+00"
2908,"6980054650","8054407830","accepted","2025-11-18 11:23:55.806681+00","2025-11-18 11:26:35.079597+00"
2910,"5580650434","7628648078","pending","2025-11-18 11:46:04.777766+00","2025-11-18 11:46:04.777766+00"
2912,"5580650434","1406224073","pending","2025-11-18 11:49:10.794505+00","2025-11-18 11:49:10.794505+00"
2919,"6319205690","7336509255","accepted","2025-11-18 12:34:27.363811+00","2025-11-18 12:35:13.017015+00"
2958,"472898765","6071288444","declined","2025-11-18 16:42:59.045507+00","2025-11-18 16:43:12.612252+00"
3813,"7850822927","7466894758","pending","2025-11-27 09:28:43.920815+00","2025-11-27 09:28:43.920815+00"
2962,"6520700956","7963453467","accepted","2025-11-18 17:24:46.316794+00","2025-11-18 20:45:46.439712+00"
3019,"1136410666","6909260412","accepted","2025-11-19 01:01:06.35525+00","2025-11-19 02:56:06.17887+00"
3070,"8436061444","6645830936","pending","2025-11-19 11:15:16.635488+00","2025-11-19 11:15:16.635488+00"
3123,"6756569732","6670787583","pending","2025-11-19 18:09:32.610115+00","2025-11-19 18:09:32.610115+00"
3170,"8034422369","5884136763","pending","2025-11-20 05:00:15.420365+00","2025-11-20 05:00:15.420365+00"
3185,"8084612069","8132883465","declined","2025-11-20 06:00:56.52977+00","2025-11-20 06:01:20.508422+00"
3186,"7606466781","6499363352","accepted","2025-11-20 06:11:59.398158+00","2025-11-20 06:51:26.591985+00"
3221,"505963728","1377149133","declined","2025-11-20 11:13:50.477853+00","2025-11-20 11:14:33.187436+00"
3812,"7518677057","7501176620","accepted","2025-11-27 09:27:17.936613+00","2025-11-27 09:29:17.720596+00"
3272,"6110321042","1797490235","pending","2025-11-20 18:00:30.991932+00","2025-11-20 18:00:30.991932+00"
3317,"6148511982","8223038699","pending","2025-11-21 06:17:23.166373+00","2025-11-21 06:17:23.166373+00"
2966,"1434810340","8148472933","accepted","2025-11-18 17:49:22.061763+00","2025-11-21 08:28:45.07029+00"
3379,"6098636086","7388700051","accepted","2025-11-21 11:55:05.847761+00","2025-11-21 11:55:12.600823+00"
3446,"7234252969","1150794859","accepted","2025-11-21 19:45:31.387968+00","2025-11-21 19:46:06.924844+00"
3448,"7645829853","1051864908","pending","2025-11-21 19:50:17.297268+00","2025-11-21 19:50:17.297268+00"
3458,"6123757816","8013879036","accepted","2025-11-21 20:01:01.554061+00","2025-11-21 20:56:04.371379+00"
3509,"7089969662","771522611","accepted","2025-11-22 07:21:59.535893+00","2025-11-22 08:49:10.563239+00"
3814,"7850822927","6499363352","accepted","2025-11-27 09:29:23.943771+00","2025-11-27 09:42:43.99979+00"
3549,"6212841550","6499363352","accepted","2025-11-22 18:08:41.025713+00","2025-11-22 18:10:41.45645+00"
3852,"1115042518","1754636407","accepted","2025-11-27 16:57:21.005187+00","2025-11-27 17:08:54.467521+00"
3457,"7963453467","6699305708","accepted","2025-11-21 20:00:40.570276+00","2025-11-22 19:48:53.669128+00"
3591,"867177655","1834543510","accepted","2025-11-23 08:57:55.185032+00","2025-11-23 09:01:02.459946+00"
3592,"8557870788","435259179","accepted","2025-11-23 09:06:43.735539+00","2025-11-23 09:07:19.851673+00"
3621,"7277297826","1103065697","accepted","2025-11-24 00:56:04.283395+00","2025-11-24 06:53:52.593388+00"
3652,"7388700051","1674834036","accepted","2025-11-25 09:55:26.262522+00","2025-11-25 09:57:21.316165+00"
3692,"6778995610","7084003937","declined","2025-11-25 20:13:51.042087+00","2025-11-25 20:51:25.05591+00"
3737,"1501737493","5344544294","accepted","2025-11-26 09:57:56.274441+00","2025-11-26 10:00:11.962654+00"
3779,"8312458446","437944819","declined","2025-11-26 18:33:15.580958+00","2025-11-26 21:05:36.482051+00"
3859,"1902369376","544561930","accepted","2025-11-27 17:51:13.226354+00","2025-11-28 06:40:27.032322+00"
3887,"381189753","7049798795","pending","2025-11-28 07:14:39.324675+00","2025-11-28 07:14:39.324675+00"
3947,"5209923481","776152132","pending","2025-11-29 12:57:44.592295+00","2025-11-29 12:57:44.592295+00"
3949,"6418849107","378546648","pending","2025-11-29 13:14:12.656897+00","2025-11-29 13:14:12.656897+00"
3950,"6446060706","6214794341","pending","2025-11-29 13:14:51.772445+00","2025-11-29 13:14:51.772445+00"
3990,"6048782329","5742211810","accepted","2025-11-30 09:38:35.651841+00","2025-11-30 10:13:36.321682+00"
3992,"6048782329","8149308470","accepted","2025-11-30 10:50:37.437023+00","2025-11-30 10:50:54.076577+00"
4024,"1469773444","891823250","accepted","2025-12-01 05:53:40.963924+00","2025-12-01 05:54:13.125463+00"
4026,"717829815","6499363352","accepted","2025-12-01 05:57:52.400555+00","2025-12-01 06:27:12.089963+00"
4056,"7388700051","797847663","accepted","2025-12-01 18:36:58.134006+00","2025-12-01 20:49:44.118388+00"
4118,"7234252969","6499363352","accepted","2025-12-02 09:14:58.493013+00","2025-12-02 09:16:33.522372+00"
4362,"6418849107","1058587695","accepted","2025-12-05 10:10:54.246626+00","2025-12-05 10:22:43.899711+00"
2664,"6964430702","8132883465","declined","2025-11-17 08:15:12.13698+00","2025-12-02 11:06:29.758946+00"
4198,"1136410666","6882906561","pending","2025-12-02 16:20:48.814172+00","2025-12-02 16:20:48.814172+00"
3916,"5640134534","442537417","blocked","2025-11-28 19:52:37.825466+00","2025-11-29 08:20:40.816099+00"
4230,"1136410666","5014292785","pending","2025-12-03 11:51:32.973827+00","2025-12-03 11:51:32.973827+00"
4260,"1570959519","7788868790","pending","2025-12-04 08:31:41.660337+00","2025-12-04 08:31:41.660337+00"
4396,"1595630136","1056103359","pending","2025-12-05 20:38:08.407813+00","2025-12-05 20:38:08.407813+00"
4269,"5009377468","1902369376","accepted","2025-12-04 09:21:55.057917+00","2025-12-04 09:24:51.606819+00"
4281,"6418849107","7168900029","pending","2025-12-04 10:06:47.03497+00","2025-12-04 10:06:51.708981+00"
4398,"1595630136","6874828428","pending","2025-12-05 20:38:48.667393+00","2025-12-05 20:38:48.667393+00"
4397,"2051090373","7945982183","accepted","2025-12-05 20:38:34.386833+00","2025-12-06 07:42:36.878885+00"
1047,"612637953","8109112246","pending","2025-11-07 10:36:32.283711+00","2025-11-07 10:36:32.283711+00"
2572,"949280238","6499363352","accepted","2025-11-16 14:17:53.421471+00","2025-11-16 14:29:32.679546+00"
2580,"851460282","1647697220","accepted","2025-11-16 15:29:39.860615+00","2025-11-16 16:16:27.562468+00"
2625,"7630058977","5163807484","accepted","2025-11-16 22:04:42.913238+00","2025-11-16 22:04:51.154229+00"
2665,"7778388740","8132883465","accepted","2025-11-17 08:16:31.658473+00","2025-11-17 08:17:01.132887+00"
2673,"376893412","8132883465","pending","2025-11-17 08:29:21.208646+00","2025-11-17 08:29:21.208646+00"
2693,"6438013120","5344544294","declined","2025-11-17 09:11:09.333176+00","2025-11-17 09:13:11.138275+00"
2704,"430556924","8132883465","pending","2025-11-17 09:28:59.016285+00","2025-11-17 09:28:59.016285+00"
2698,"384303887","7388700051","declined","2025-11-17 09:13:08.868582+00","2025-11-17 09:48:16.393904+00"
2778,"7189597761","5014292785","pending","2025-11-17 16:09:30.481082+00","2025-11-17 16:09:30.481082+00"
2793,"1722589537","1713751356","pending","2025-11-17 17:18:42.23487+00","2025-11-17 17:18:42.23487+00"
2800,"829653636","5014292785","pending","2025-11-17 17:40:37.22772+00","2025-11-17 17:40:37.22772+00"
2804,"1722589537","7628648078","pending","2025-11-17 17:54:26.080408+00","2025-11-17 17:54:26.080408+00"
2864,"1469773444","6009501360","accepted","2025-11-18 02:45:09.622135+00","2025-11-18 08:08:00.999319+00"
2909,"5580650434","6914943213","pending","2025-11-18 11:46:04.475787+00","2025-11-18 11:46:04.475787+00"
2911,"1544824143","5250704711","accepted","2025-11-18 11:48:07.956666+00","2025-11-18 11:48:34.823711+00"
2927,"6948764140","1051864908","accepted","2025-11-18 14:01:32.209115+00","2025-11-18 14:39:33.277253+00"
2959,"1248412728","6071288444","accepted","2025-11-18 17:03:18.525717+00","2025-11-18 17:05:21.933572+00"
2937,"7606466781","7826484265","accepted","2025-11-18 14:44:41.201829+00","2025-11-18 17:42:26.913416+00"
3020,"6901349413","6123393076","accepted","2025-11-19 02:52:21.395199+00","2025-11-19 03:30:10.394221+00"
3071,"472764644","8132883465","pending","2025-11-19 11:33:45.884569+00","2025-11-19 11:33:45.884569+00"
3124,"1086261746","5014292785","pending","2025-11-19 18:24:22.700149+00","2025-11-19 18:24:22.700149+00"
3074,"1722589537","951730392","accepted","2025-11-19 11:55:30.965907+00","2025-11-19 18:28:04.946737+00"
3134,"7336509255","7952605396","pending","2025-11-19 19:26:35.885387+00","2025-11-19 19:26:35.885387+00"
3128,"7619625056","6670787583","accepted","2025-11-19 19:01:54.512041+00","2025-11-19 19:49:59.297298+00"
3138,"7501176620","6670787583","accepted","2025-11-19 20:13:17.369571+00","2025-11-20 02:17:50.202706+00"
3171,"1614071841","6839822722","pending","2025-11-20 05:04:20.851872+00","2025-11-20 05:04:20.851872+00"
3224,"1831769603","6670787583","accepted","2025-11-20 11:44:30.973465+00","2025-11-20 12:00:04.405402+00"
3225,"1366336315","2133374158","accepted","2025-11-20 12:03:05.371464+00","2025-11-20 12:03:12.934459+00"
3228,"1469773444","2049114405","accepted","2025-11-20 12:22:36.342115+00","2025-11-20 12:23:12.124346+00"
3231,"1115042518","2133374158","accepted","2025-11-20 12:25:07.644889+00","2025-11-20 12:25:29.875485+00"
3234,"1469773444","1797490235","pending","2025-11-20 12:27:30.129885+00","2025-11-20 12:27:30.129885+00"
3273,"6110321042","2133374158","pending","2025-11-20 18:00:45.944987+00","2025-11-20 18:01:08.016493+00"
3319,"7407024356","5014292785","pending","2025-11-21 06:24:19.309899+00","2025-11-21 06:24:19.309899+00"
3324,"6148511982","1216016294","accepted","2025-11-21 06:28:42.434262+00","2025-11-21 06:28:58.781539+00"
3322,"7407024356","7277167325","accepted","2025-11-21 06:27:09.551444+00","2025-11-21 07:20:46.583413+00"
3173,"1469773444","8148472933","accepted","2025-11-20 05:09:26.906973+00","2025-11-21 08:29:01.497803+00"
3662,"5384231139","7466894758","pending","2025-11-25 12:29:46.859366+00","2025-11-25 12:29:46.859366+00"
3327,"6148511982","976552643","declined","2025-11-21 06:53:24.608683+00","2025-11-21 10:01:13.961997+00"
3381,"6782380426","6499363352","accepted","2025-11-21 11:58:40.172548+00","2025-11-21 11:59:58.241153+00"
3388,"6478593402","5344544294","accepted","2025-11-21 12:39:51.737641+00","2025-11-21 12:40:02.500069+00"
3382,"6329649267","7264966208","accepted","2025-11-21 12:25:38.984752+00","2025-11-21 13:41:53.787598+00"
3393,"8476286942","1832355615","accepted","2025-11-21 12:46:36.371702+00","2025-11-21 15:00:27.559759+00"
3447,"7645829853","1201453400","pending","2025-11-21 19:48:22.451221+00","2025-11-21 19:48:22.451221+00"
3461,"6418849107","6512922490","accepted","2025-11-21 20:05:59.441259+00","2025-11-22 04:07:57.320807+00"
3511,"2004319924","6397188393","pending","2025-11-22 07:49:29.534722+00","2025-11-22 07:49:29.534722+00"
3514,"6823307553","771522611","accepted","2025-11-22 07:54:46.939215+00","2025-11-22 08:49:16.19119+00"
3551,"8312458446","7542382660","accepted","2025-11-22 18:14:35.595462+00","2025-11-22 18:14:40.445552+00"
3553,"5220795596","1150794859","accepted","2025-11-22 18:24:53.547032+00","2025-11-22 18:28:23.003211+00"
3693,"5815005784","6167158821","accepted","2025-11-25 20:29:35.143757+00","2025-11-26 05:57:06.082381+00"
3554,"1580508492","797847663","declined","2025-11-22 18:32:52.380323+00","2025-11-22 18:50:21.461916+00"
3593,"6704741135","1701785670","pending","2025-11-23 09:41:00.320013+00","2025-11-23 09:41:00.320013+00"
3622,"7277297826","6813893508","pending","2025-11-24 00:57:14.586043+00","2025-11-24 00:57:14.586043+00"
3623,"6815543156","460996011","accepted","2025-11-24 01:09:18.123072+00","2025-11-24 01:09:41.3711+00"
3655,"6219571304","8011282814","pending","2025-11-25 10:32:28.809382+00","2025-11-25 10:32:28.809382+00"
3656,"7897386358","1241455590","pending","2025-11-25 10:36:17.233392+00","2025-11-25 10:36:17.233392+00"
3653,"5272972475","914326239","declined","2025-11-25 10:02:08.604906+00","2025-11-25 11:01:59.048703+00"
3657,"7744940567","1713751356","pending","2025-11-25 11:23:20.983611+00","2025-11-25 11:23:20.983611+00"
3738,"399389160","6863474564","pending","2025-11-26 10:12:52.977059+00","2025-11-26 10:12:52.977059+00"
3740,"8109112246","8189007505","pending","2025-11-26 10:30:17.83459+00","2025-11-26 10:30:17.83459+00"
3741,"8109112246","8487387358","accepted","2025-11-26 10:31:39.683743+00","2025-11-26 10:38:44.612733+00"
3780,"7151844730","5229975567","accepted","2025-11-26 19:12:21.576025+00","2025-11-26 19:27:36.46686+00"
3815,"7850822927","5339040711","accepted","2025-11-27 09:47:12.49333+00","2025-11-27 09:47:34.124376+00"
3816,"7850822927","1754636407","accepted","2025-11-27 09:47:43.792974+00","2025-11-27 09:47:55.272705+00"
3853,"1115042518","7365865326","accepted","2025-11-27 16:57:44.652827+00","2025-11-27 17:05:25.845704+00"
3854,"5457643058","5014292785","pending","2025-11-27 17:18:06.376687+00","2025-11-27 17:18:06.376687+00"
3888,"1804578254","797847663","pending","2025-11-28 07:56:48.676563+00","2025-11-28 07:56:48.676563+00"
3917,"5608148884","361963248","pending","2025-11-28 19:54:56.247676+00","2025-11-28 19:54:56.247676+00"
3919,"999440235","451257119","accepted","2025-11-28 20:15:50.291946+00","2025-11-28 21:20:45.453689+00"
3948,"8166941752","5209923481","accepted","2025-11-29 12:59:23.957659+00","2025-11-29 12:59:36.545331+00"
3954,"6214794341","6499363352","accepted","2025-11-29 13:55:15.555847+00","2025-11-29 14:17:06.140726+00"
3991,"6584576909","2049114405","pending","2025-11-30 10:20:21.000783+00","2025-11-30 10:20:21.000783+00"
4200,"1469773444","1050316465","accepted","2025-12-02 16:44:01.049127+00","2025-12-02 16:48:34.310483+00"
4032,"7114466890","797847663","declined","2025-12-01 06:28:37.434029+00","2025-12-01 06:55:00.677683+00"
4025,"1469773444","1913567357","blocked","2025-12-01 05:55:27.50685+00","2025-12-01 05:59:51.612834+00"
4058,"7894937884","5014292785","pending","2025-12-01 19:01:53.166992+00","2025-12-01 19:01:53.166992+00"
4119,"5908065635","6633576620","pending","2025-12-02 09:20:31.419685+00","2025-12-02 09:20:31.419685+00"
4320,"1260249936","6810310587","accepted","2025-12-04 17:54:59.279402+00","2025-12-05 03:13:55.107626+00"
4199,"1469773444","992032599","accepted","2025-12-02 16:43:58.4879+00","2025-12-02 16:55:31.556681+00"
4231,"7063435878","5014292785","pending","2025-12-03 11:54:39.967824+00","2025-12-03 11:54:39.967824+00"
4262,"7107993660","6167158821","accepted","2025-12-04 08:36:38.421841+00","2025-12-04 08:37:14.123083+00"
4263,"1570959519","8199846804","pending","2025-12-04 08:41:26.952141+00","2025-12-04 08:41:26.952141+00"
4261,"1570959519","7207229304","accepted","2025-12-04 08:34:16.716831+00","2025-12-04 09:31:09.541657+00"
4321,"7144809772","7623717059","accepted","2025-12-04 17:55:31.985051+00","2025-12-04 18:05:31.81341+00"
4364,"7336509255","1177371609","pending","2025-12-05 10:41:32.943921+00","2025-12-05 10:41:36.903139+00"
4363,"843388973","797847663","accepted","2025-12-05 10:38:42.586553+00","2025-12-05 10:50:12.31647+00"
4368,"7336509255","1900788969","pending","2025-12-05 11:07:05.870869+00","2025-12-05 11:07:05.870869+00"
4399,"2051090373","5779531688","pending","2025-12-05 20:40:10.593678+00","2025-12-05 20:40:10.593678+00"
1048,"6870565233","5393052992","pending","2025-11-07 10:53:53.24036+00","2025-11-07 10:53:53.24036+00"
1051,"1461460188","5014292785","pending","2025-11-07 11:22:33.879853+00","2025-11-07 11:22:33.879853+00"
1053,"7402574411","6247187536","pending","2025-11-07 12:04:07.895307+00","2025-11-07 12:04:07.895307+00"
1054,"6305576966","2018919063","pending","2025-11-07 12:10:59.563021+00","2025-11-07 12:10:59.563021+00"
1055,"7050798852","7813594896","accepted","2025-11-07 12:11:38.797965+00","2025-11-07 12:15:54.341736+00"
1056,"1135100817","6247187536","pending","2025-11-07 12:41:27.267967+00","2025-11-07 12:41:27.267967+00"
1057,"5164922669","7212450335","pending","2025-11-07 12:53:55.076028+00","2025-11-07 12:53:55.076028+00"
1052,"7050798852","6679022349","accepted","2025-11-07 11:48:46.023411+00","2025-11-07 12:55:35.067216+00"
980,"6110336587","5002900222","accepted","2025-11-07 03:58:59.302954+00","2025-11-07 13:04:26.631754+00"
1058,"6149607586","1103065697","accepted","2025-11-07 13:21:24.147836+00","2025-11-07 14:48:08.232494+00"
1059,"5732476730","7887933385","accepted","2025-11-07 14:51:16.25943+00","2025-11-07 14:51:29.058508+00"
1060,"5934419901","7501176620","accepted","2025-11-07 15:21:05.434845+00","2025-11-07 15:24:45.014905+00"
1061,"1661948329","1443977083","pending","2025-11-07 15:25:11.339927+00","2025-11-07 15:25:11.339927+00"
1062,"6720331804","5539448340","pending","2025-11-07 15:27:13.510124+00","2025-11-07 15:27:13.510124+00"
1063,"8128109578","5014292785","pending","2025-11-07 15:29:08.109962+00","2025-11-07 15:29:08.109962+00"
1065,"7468688495","7365865326","accepted","2025-11-07 15:34:32.16954+00","2025-11-07 15:46:16.756605+00"
1066,"1638011661","1443977083","pending","2025-11-07 15:46:21.302249+00","2025-11-07 15:46:21.302249+00"
1064,"8128109578","6392831907","accepted","2025-11-07 15:30:03.974863+00","2025-11-07 15:51:28.613954+00"
1109,"1227456824","1443977083","accepted","2025-11-07 20:46:30.36298+00","2025-11-07 20:47:22.849266+00"
1068,"6048970412","797847663","pending","2025-11-07 16:01:17.033359+00","2025-11-07 16:08:29.980187+00"
1071,"6048970412","1609398709","accepted","2025-11-07 16:12:34.688227+00","2025-11-07 16:19:24.373471+00"
1067,"8444993312","7876573174","accepted","2025-11-07 15:51:55.835873+00","2025-11-07 16:20:32.471708+00"
1072,"401160041","7501176620","accepted","2025-11-07 16:52:19.567328+00","2025-11-07 16:55:36.768345+00"
1075,"1098949446","8402831744","accepted","2025-11-07 17:14:05.91749+00","2025-11-07 17:14:25.462557+00"
1073,"5127238471","1443977083","accepted","2025-11-07 16:53:30.853351+00","2025-11-07 17:16:31.588025+00"
1076,"5723927134","5014292785","declined","2025-11-07 17:24:41.323102+00","2025-11-07 17:24:52.797817+00"
1077,"5723927134","6499363352","accepted","2025-11-07 17:25:12.123938+00","2025-11-07 17:25:52.941693+00"
1078,"6105965085","8178595410","accepted","2025-11-07 17:29:07.830968+00","2025-11-07 17:29:13.797727+00"
1080,"1570959519","7501176620","pending","2025-11-07 17:57:01.802493+00","2025-11-07 17:57:01.802493+00"
1081,"1570959519","829653636","accepted","2025-11-07 18:13:16.058867+00","2025-11-07 18:22:56.311643+00"
1083,"1570959519","1794187848","pending","2025-11-07 18:34:16.591761+00","2025-11-07 18:34:16.591761+00"
1085,"1570959519","6233075737","pending","2025-11-07 18:40:39.185938+00","2025-11-07 18:40:39.185938+00"
1084,"5659195598","838880186","accepted","2025-11-07 18:34:54.077499+00","2025-11-07 18:47:22.425146+00"
1088,"1570959519","6179841738","accepted","2025-11-07 18:48:49.022871+00","2025-11-07 18:51:54.7355+00"
1089,"7606466781","1756054636","accepted","2025-11-07 18:58:03.998858+00","2025-11-07 18:58:08.688028+00"
1090,"7555558810","5014292785","pending","2025-11-07 19:03:00.072229+00","2025-11-07 19:03:00.072229+00"
1087,"1570959519","8178595410","accepted","2025-11-07 18:48:23.343774+00","2025-11-07 19:05:58.997898+00"
1091,"8380831867","5014292785","pending","2025-11-07 19:22:59.831316+00","2025-11-07 19:22:59.831316+00"
1092,"6048970412","5014292785","pending","2025-11-07 19:31:41.127454+00","2025-11-07 19:31:41.127454+00"
1093,"1570959519","1940613654","accepted","2025-11-07 19:41:41.026421+00","2025-11-07 19:45:16.310403+00"
1103,"5618581986","1834543510","blocked","2025-11-07 20:09:15.097712+00","2025-11-07 20:19:34.857284+00"
1095,"8437573540","5670238240","accepted","2025-11-07 19:55:04.124397+00","2025-11-07 19:55:31.187192+00"
1094,"1722589537","1834543510","blocked","2025-11-07 19:53:17.204604+00","2025-11-07 19:55:07.955287+00"
1097,"372919521","1834543510","accepted","2025-11-07 19:57:24.171898+00","2025-11-07 19:57:49.794671+00"
1098,"8437573540","1834543510","accepted","2025-11-07 19:57:47.223438+00","2025-11-07 19:57:53.590655+00"
1100,"454739367","5014292785","pending","2025-11-07 19:59:28.857373+00","2025-11-07 19:59:28.857373+00"
1101,"7921589271","1834543510","accepted","2025-11-07 20:05:30.797956+00","2025-11-07 20:05:37.100225+00"
1102,"6762656767","1103065697","accepted","2025-11-07 20:07:30.608261+00","2025-11-07 20:09:40.679845+00"
1104,"6692034060","8109112246","pending","2025-11-07 20:11:18.203357+00","2025-11-07 20:11:18.203357+00"
1111,"6817956265","5014292785","pending","2025-11-07 21:34:05.747197+00","2025-11-07 21:34:05.747197+00"
1096,"8178595410","1834543510","blocked","2025-11-07 19:56:01.471304+00","2025-11-07 19:56:07.157358+00"
1108,"2056814277","1834543510","accepted","2025-11-07 20:27:50.929122+00","2025-11-07 20:27:55.956668+00"
1112,"6817956265","6499363352","accepted","2025-11-07 21:36:43.849967+00","2025-11-07 21:41:17.753056+00"
1110,"8076870327","1834543510","accepted","2025-11-07 21:24:35.111376+00","2025-11-07 21:44:23.778972+00"
1086,"1570959519","5010994956","accepted","2025-11-07 18:46:19.151973+00","2025-11-07 23:46:08.466911+00"
1115,"391902198","8099435953","pending","2025-11-07 23:53:12.433746+00","2025-11-07 23:53:12.433746+00"
1116,"8178595410","8014736816","pending","2025-11-08 01:07:39.62396+00","2025-11-08 01:07:39.62396+00"
1118,"8072898920","7501176620","pending","2025-11-08 03:00:01.008893+00","2025-11-08 03:00:01.008893+00"
1082,"1570959519","7216257437","accepted","2025-11-07 18:18:14.799226+00","2025-11-08 03:38:30.075973+00"
1099,"7553206571","6048970412","accepted","2025-11-07 19:59:00.939234+00","2025-11-08 03:59:46.455138+00"
1120,"762034526","8099435953","pending","2025-11-08 04:15:47.281755+00","2025-11-08 04:15:47.281755+00"
1130,"420010490","6499363352","pending","2025-11-08 06:45:20.204947+00","2025-11-08 06:45:20.204947+00"
1121,"6149607586","7414421121","accepted","2025-11-08 04:24:03.730752+00","2025-11-08 04:25:23.80019+00"
1124,"762034526","2041585188","pending","2025-11-08 04:25:31.089504+00","2025-11-08 04:25:31.089504+00"
1114,"6380670350","5397367435","accepted","2025-11-07 22:33:03.599105+00","2025-11-08 04:30:46.601447+00"
1079,"1246961688","6286671588","declined","2025-11-07 17:36:39.106768+00","2025-11-08 05:32:47.820032+00"
1128,"5798303259","8359698550","accepted","2025-11-08 05:49:59.940185+00","2025-11-08 05:51:25.953231+00"
1113,"1830648328","5194677184","accepted","2025-11-07 22:28:05.379668+00","2025-11-08 05:51:57.240294+00"
1117,"411388600","1834543510","accepted","2025-11-08 02:36:28.468268+00","2025-11-08 07:36:53.375727+00"
1125,"762034526","5229975567","accepted","2025-11-08 04:30:49.909125+00","2025-11-08 06:52:32.075762+00"
1127,"8163943739","6504427565","accepted","2025-11-08 05:11:22.944214+00","2025-11-08 06:58:10.94388+00"
1133,"6697780357","6247187536","pending","2025-11-08 07:18:24.865235+00","2025-11-08 07:18:24.865235+00"
1132,"7976303205","847569869","accepted","2025-11-08 07:14:03.717644+00","2025-11-08 07:21:58.285765+00"
1123,"1536045037","797847663","declined","2025-11-08 04:25:12.74027+00","2025-11-08 07:22:20.371411+00"
1126,"2004319924","797847663","declined","2025-11-08 04:35:41.035226+00","2025-11-08 07:22:23.249501+00"
1129,"7389792706","1834543510","accepted","2025-11-08 06:40:09.737074+00","2025-11-08 07:36:31.813086+00"
1119,"465935118","1834543510","accepted","2025-11-08 03:40:06.01483+00","2025-11-08 07:36:50.057903+00"
1136,"8089892193","6739609696","accepted","2025-11-08 07:50:03.3116+00","2025-11-08 07:50:41.864542+00"
1135,"6504427565","7277297826","accepted","2025-11-08 07:47:58.777312+00","2025-11-08 08:24:39.084286+00"
1134,"7817790348","1443977083","accepted","2025-11-08 07:18:38.398178+00","2025-11-08 08:41:32.229785+00"
1137,"5176845267","6152221028","accepted","2025-11-08 08:13:39.912685+00","2025-11-08 08:43:15.090261+00"
1139,"8369441606","6214794341","pending","2025-11-08 08:57:56.851447+00","2025-11-08 08:57:56.851447+00"
1138,"5272321269","1730816223","accepted","2025-11-08 08:35:20.084524+00","2025-11-08 09:22:32.064687+00"
1142,"1570959519","7277297826","accepted","2025-11-08 10:13:32.464592+00","2025-11-08 10:14:27.136236+00"
1146,"1889993393","1609398709","pending","2025-11-08 11:01:02.285643+00","2025-11-08 11:01:02.285643+00"
1140,"989574457","1760862707","accepted","2025-11-08 09:11:48.012698+00","2025-11-08 10:31:07.242408+00"
1144,"7597536347","957328380","accepted","2025-11-08 10:29:00.611208+00","2025-11-08 10:56:49.98192+00"
1147,"2007275055","957328380","accepted","2025-11-08 11:18:12.211157+00","2025-11-08 11:18:54.681211+00"
1148,"7619774018","6247187536","pending","2025-11-08 11:45:20.091587+00","2025-11-08 11:45:20.091587+00"
1149,"753044150","7738098710","accepted","2025-11-08 12:48:05.79093+00","2025-11-08 12:52:34.609004+00"
1049,"6403993354","1616641696","accepted","2025-11-07 10:56:33.648973+00","2025-11-18 18:28:56.854319+00"
1143,"1570959519","7163246895","accepted","2025-11-08 10:14:21.181944+00","2025-11-08 13:45:37.679096+00"
1141,"1570959519","6504427565","accepted","2025-11-08 10:13:11.988452+00","2025-11-08 15:13:02.935349+00"
1074,"6149607586","7050798852","accepted","2025-11-07 17:02:14.103128+00","2025-11-08 17:49:49.697281+00"
1106,"1661948329","935113612","accepted","2025-11-07 20:24:49.204881+00","2025-11-11 07:02:59.492142+00"
1107,"5531789930","1834543510","blocked","2025-11-07 20:24:52.100262+00","2025-11-07 20:25:42.507964+00"
1151,"6149607586","5014292785","pending","2025-11-08 13:13:35.266239+00","2025-11-08 13:13:35.266239+00"
1155,"1725317939","7277297826","accepted","2025-11-08 13:56:06.832946+00","2025-11-08 13:59:02.954225+00"
2574,"949280238","8132883465","pending","2025-11-16 14:29:44.095582+00","2025-11-16 14:29:44.095582+00"
2577,"472898765","1051864908","accepted","2025-11-16 14:39:20.600172+00","2025-11-16 15:41:06.118826+00"
3855,"6623033631","544561930","accepted","2025-11-27 17:21:23.651944+00","2025-11-28 06:40:19.598439+00"
2669,"2132072926","8132883465","pending","2025-11-17 08:17:32.908803+00","2025-11-17 08:17:32.908803+00"
2671,"6692034060","8132883465","pending","2025-11-17 08:23:02.671227+00","2025-11-17 08:23:02.671227+00"
2668,"7606466781","8132883465","pending","2025-11-17 08:17:20.124767+00","2025-11-17 08:25:08.732034+00"
2626,"6307665949","942663833","accepted","2025-11-16 22:04:51.920912+00","2025-11-17 12:15:20.275528+00"
2781,"5582099751","8132883465","pending","2025-11-17 16:49:54.256773+00","2025-11-17 16:49:54.256773+00"
2801,"289674405","797847663","accepted","2025-11-17 17:52:34.651114+00","2025-11-17 17:53:42.516067+00"
2866,"6901349413","2133374158","pending","2025-11-18 03:59:25.137652+00","2025-11-18 03:59:25.137652+00"
2913,"6623033631","2077632607","pending","2025-11-18 11:51:00.139282+00","2025-11-18 11:51:00.139282+00"
2960,"6071288444","451257119","accepted","2025-11-18 17:10:31.669939+00","2025-11-18 17:10:38.637412+00"
2970,"1544824143","7913513369","accepted","2025-11-18 17:59:58.856245+00","2025-11-18 18:00:11.349724+00"
2965,"5752119395","6499363352","accepted","2025-11-18 17:49:05.017237+00","2025-11-18 18:18:29.133651+00"
3021,"6909260412","5014292785","pending","2025-11-19 03:28:54.778034+00","2025-11-19 03:28:54.778034+00"
3861,"5916814436","544561930","accepted","2025-11-27 18:11:57.869041+00","2025-11-28 06:40:30.399832+00"
3073,"1722589537","7446530116","accepted","2025-11-19 11:54:52.967381+00","2025-11-19 12:58:43.813671+00"
3077,"429830464","2133374158","pending","2025-11-19 12:25:06.679109+00","2025-11-19 14:19:31.239515+00"
3125,"691955732","6512922490","accepted","2025-11-19 18:27:29.753286+00","2025-11-19 18:28:13.47061+00"
3889,"1818027987","1713751356","pending","2025-11-28 08:09:49.097531+00","2025-11-28 08:09:49.097531+00"
3132,"1366336315","1055900924","accepted","2025-11-19 19:21:58.206685+00","2025-11-19 19:22:16.449819+00"
3172,"930355050","2133374158","pending","2025-11-20 05:05:59.535471+00","2025-11-20 05:05:59.535471+00"
3189,"7282789865","6634362515","accepted","2025-11-20 06:42:42.492058+00","2025-11-20 06:43:00.818978+00"
3195,"1924451785","829653636","accepted","2025-11-20 07:56:41.330823+00","2025-11-20 08:48:49.583514+00"
3215,"1469773444","7412135899","accepted","2025-11-20 10:21:43.173163+00","2025-11-20 12:07:47.842422+00"
3233,"5640521298","829653636","declined","2025-11-20 12:27:27.50459+00","2025-11-20 12:27:43.015487+00"
3891,"6904358101","5014292785","pending","2025-11-28 10:00:59.176247+00","2025-11-28 10:00:59.176247+00"
3227,"467740053","8132883465","accepted","2025-11-20 12:21:48.388473+00","2025-11-20 13:32:24.052682+00"
3275,"1570959519","5176845267","accepted","2025-11-20 18:36:37.646876+00","2025-11-20 18:59:35.342739+00"
3280,"8087177701","6786766285","declined","2025-11-20 19:00:08.857521+00","2025-11-21 03:48:40.135843+00"
3323,"7407024356","969703633","pending","2025-11-21 06:27:36.689405+00","2025-11-21 06:27:36.689405+00"
3320,"698304652","451257119","accepted","2025-11-21 06:25:45.965732+00","2025-11-21 07:15:54.603861+00"
3383,"8109112246","1969723451","pending","2025-11-21 12:33:10.938577+00","2025-11-21 12:33:10.938577+00"
3918,"6148511982","5176845267","pending","2025-11-28 20:15:21.144416+00","2025-11-28 20:15:21.144416+00"
3402,"1469773444","8170541839","declined","2025-11-21 13:05:21.627808+00","2025-11-21 13:07:15.29135+00"
3392,"7839296530","5686257332","accepted","2025-11-21 12:45:55.86041+00","2025-11-21 13:08:39.250118+00"
3394,"8109112246","1832355615","accepted","2025-11-21 12:47:33.729115+00","2025-11-21 14:21:11.93882+00"
3451,"1115042518","6562821208","accepted","2025-11-21 19:52:11.934025+00","2025-11-21 19:58:46.124274+00"
3453,"7963453467","5014292785","accepted","2025-11-21 19:55:48.12983+00","2025-11-21 20:03:41.756852+00"
3512,"5044368334","1150473770","pending","2025-11-22 07:50:39.906428+00","2025-11-22 07:50:39.906428+00"
3552,"7059792329","1177371609","pending","2025-11-22 18:18:09.261609+00","2025-11-22 18:18:09.261609+00"
3558,"5274269628","7239777085","pending","2025-11-22 18:48:15.803095+00","2025-11-22 18:48:15.803095+00"
3561,"1366336315","5288620089","pending","2025-11-22 19:25:03.887902+00","2025-11-22 19:25:03.887902+00"
3594,"466664482","442537417","accepted","2025-11-23 10:04:03.855988+00","2025-11-23 10:09:30.149496+00"
3571,"8109112246","5229975567","accepted","2025-11-22 21:06:00.66208+00","2025-11-23 14:14:15.406326+00"
3624,"5395669748","905762276","accepted","2025-11-24 02:58:34.967503+00","2025-11-24 02:59:03.077969+00"
3654,"1200159176","756011892","accepted","2025-11-25 10:16:46.850714+00","2025-11-25 10:39:16.390721+00"
3694,"5815005784","6499363352","accepted","2025-11-25 20:48:01.696851+00","2025-11-25 22:01:23.215151+00"
3695,"399389160","1051864908","declined","2025-11-25 20:53:24.657719+00","2025-11-26 03:39:20.255903+00"
3952,"6214794341","5339040711","pending","2025-11-29 13:20:12.875675+00","2025-11-29 13:20:12.875675+00"
3993,"6303984604","1834543510","pending","2025-11-30 12:07:13.116323+00","2025-11-30 12:07:13.116323+00"
4027,"7085119805","6777876831","accepted","2025-12-01 06:08:54.35956+00","2025-12-01 06:17:14.54077+00"
3743,"7205644862","5485565660","accepted","2025-11-26 10:46:52.76483+00","2025-11-26 10:57:23.103269+00"
3229,"2133374158","538924809","blocked","2025-11-20 12:23:48.002691+00","2025-11-20 12:28:05.741268+00"
3781,"6269743462","7466894758","pending","2025-11-26 19:15:18.826489+00","2025-11-26 19:15:18.826489+00"
3817,"8269238670","7788868790","accepted","2025-11-27 09:53:09.110482+00","2025-11-27 11:25:08.819586+00"
4028,"1469773444","905762276","accepted","2025-12-01 06:18:53.826101+00","2025-12-01 06:19:55.488339+00"
4059,"717829815","394844860","pending","2025-12-01 19:36:24.414771+00","2025-12-01 19:36:24.414771+00"
4120,"6836842755","1674834036","accepted","2025-12-02 09:21:12.709827+00","2025-12-02 09:24:54.048814+00"
4201,"1469773444","7073629476","pending","2025-12-02 16:44:03.691252+00","2025-12-02 16:44:03.691252+00"
4202,"1469773444","903649263","declined","2025-12-02 16:53:25.132024+00","2025-12-02 16:54:13.464509+00"
4232,"6737269422","1830648328","accepted","2025-12-03 13:09:10.010785+00","2025-12-03 15:40:21.814863+00"
4264,"7336509255","6167158821","accepted","2025-12-04 08:43:01.71685+00","2025-12-04 08:43:57.199905+00"
4273,"1469773444","1008814171","pending","2025-12-04 09:44:03.654901+00","2025-12-04 09:44:03.654901+00"
4291,"468614391","1263821322","declined","2025-12-04 10:43:54.563991+00","2025-12-04 13:48:03.737803+00"
4322,"6081178109","7945982183","accepted","2025-12-04 18:02:54.108873+00","2025-12-04 18:12:00.329806+00"
4324,"712935913","6839822722","accepted","2025-12-04 18:17:14.182302+00","2025-12-05 10:57:38.11161+00"
4366,"7336509255","1398513277","accepted","2025-12-05 11:07:04.579939+00","2025-12-05 19:23:21.609982+00"
4400,"2051090373","557425086","accepted","2025-12-05 20:43:12.035865+00","2025-12-05 21:47:11.081217+00"
1206,"1887284229","1834543510","accepted","2025-11-08 20:45:47.637974+00","2025-11-08 20:51:21.919377+00"
1150,"382471983","1834543510","accepted","2025-11-08 13:11:03.307713+00","2025-11-08 13:37:25.544743+00"
1154,"7606466781","7477450726","pending","2025-11-08 13:45:42.96642+00","2025-11-08 13:45:42.96642+00"
1156,"7439298837","7501176620","accepted","2025-11-08 14:14:14.386529+00","2025-11-08 14:14:48.905866+00"
1158,"7795615574","6272869186","pending","2025-11-08 14:59:03.412123+00","2025-11-08 14:59:03.412123+00"
1159,"7786114585","7386771058","accepted","2025-11-08 15:00:14.912266+00","2025-11-08 15:01:06.585295+00"
1160,"7786114585","7795615574","accepted","2025-11-08 15:00:32.229707+00","2025-11-08 15:02:11.760464+00"
1164,"6829765013","1834543510","accepted","2025-11-08 15:10:29.906091+00","2025-11-08 15:11:39.066736+00"
1157,"5734175919","1152409369","accepted","2025-11-08 14:52:23.259344+00","2025-11-08 15:20:44.536964+00"
1161,"7786114585","1152409369","accepted","2025-11-08 15:01:11.024784+00","2025-11-08 15:20:47.336131+00"
1162,"8333529926","7414421121","accepted","2025-11-08 15:05:17.277766+00","2025-11-08 15:43:54.294242+00"
1163,"8333529926","1609398709","accepted","2025-11-08 15:05:52.198356+00","2025-11-08 15:44:55.086459+00"
1165,"5734175919","7386771058","accepted","2025-11-08 15:53:16.994619+00","2025-11-08 15:53:24.384433+00"
1166,"7653247143","1443977083","accepted","2025-11-08 16:23:26.685145+00","2025-11-08 16:24:17.102958+00"
1167,"7417035221","5014292785","pending","2025-11-08 16:24:47.255814+00","2025-11-08 16:24:47.255814+00"
1169,"628363013","5014292785","pending","2025-11-08 16:26:47.508061+00","2025-11-08 16:26:47.508061+00"
1170,"377160248","5014292785","pending","2025-11-08 16:41:49.320849+00","2025-11-08 16:41:49.320849+00"
1168,"7139726896","5229975567","accepted","2025-11-08 16:24:50.691016+00","2025-11-08 16:49:01.261072+00"
1171,"841563311","5194677184","accepted","2025-11-08 16:42:06.443019+00","2025-11-08 16:50:31.595976+00"
1174,"8355541705","1834543510","accepted","2025-11-08 16:52:32.901139+00","2025-11-08 16:52:46.312536+00"
1173,"1924682462","5229975567","accepted","2025-11-08 16:50:08.29767+00","2025-11-08 16:53:40.139951+00"
1183,"6272869186","1834543510","blocked","2025-11-08 18:20:53.843314+00","2025-11-08 19:22:09.981012+00"
1175,"7998357888","859504305","accepted","2025-11-08 17:25:02.237665+00","2025-11-08 17:28:26.313706+00"
1179,"6514304820","468581647","pending","2025-11-08 18:01:43.102832+00","2025-11-08 18:01:43.102832+00"
1178,"6514304820","7386771058","accepted","2025-11-08 18:00:43.499727+00","2025-11-08 18:14:29.911754+00"
1180,"316768897","8312458446","accepted","2025-11-08 18:14:24.136373+00","2025-11-08 18:16:15.063068+00"
1181,"6272869186","1211607170","pending","2025-11-08 18:16:49.762948+00","2025-11-08 18:16:49.762948+00"
1182,"6272869186","1270580031","pending","2025-11-08 18:17:11.561869+00","2025-11-08 18:17:11.561869+00"
1184,"6272869186","8099435953","pending","2025-11-08 18:21:22.897773+00","2025-11-08 18:21:22.897773+00"
1186,"8010756289","8178595410","accepted","2025-11-08 18:26:50.865286+00","2025-11-08 18:27:44.4558+00"
1188,"1246961688","5384231139","pending","2025-11-08 18:28:43.665393+00","2025-11-08 18:28:43.665393+00"
1187,"6422496097","7388700051","accepted","2025-11-08 18:28:17.000366+00","2025-11-08 18:30:08.475078+00"
1189,"1246961688","7231257941","accepted","2025-11-08 18:30:33.886113+00","2025-11-08 18:30:40.668022+00"
1190,"6369586656","6063243083","pending","2025-11-08 18:34:16.586708+00","2025-11-08 18:34:16.586708+00"
1191,"6369586656","5014292785","accepted","2025-11-08 18:36:26.427861+00","2025-11-08 18:36:46.54053+00"
1192,"6369586656","1051864908","accepted","2025-11-08 18:42:13.327806+00","2025-12-02 11:51:27.467434+00"
1194,"1570959519","7976303205","pending","2025-11-08 18:48:37.542511+00","2025-11-08 18:48:37.542511+00"
1185,"6272869186","5397367435","accepted","2025-11-08 18:22:24.325499+00","2025-11-08 18:49:53.435244+00"
1177,"411388600","8359698550","accepted","2025-11-08 18:00:03.099946+00","2025-11-08 18:54:23.867706+00"
1196,"1252034666","466664482","accepted","2025-11-08 18:57:18.730611+00","2025-11-08 19:08:35.689915+00"
1205,"1924682462","1834543510","blocked","2025-11-08 20:44:10.866557+00","2025-11-08 20:51:25.291536+00"
1197,"6369586656","1201804003","pending","2025-11-08 19:22:28.766334+00","2025-11-08 19:22:28.766334+00"
1172,"1924682462","7501176620","accepted","2025-11-08 16:50:00.122864+00","2025-11-08 19:26:26.863331+00"
1176,"5484611413","1103065697","accepted","2025-11-08 17:54:46.904932+00","2025-11-08 19:41:17.987545+00"
1198,"7773846469","8312458446","accepted","2025-11-08 19:53:04.248831+00","2025-11-08 19:55:36.751388+00"
1202,"6272869186","7770446403","accepted","2025-11-08 20:37:42.079018+00","2025-11-08 20:38:37.636692+00"
1203,"6272869186","6692034060","accepted","2025-11-08 20:38:28.937166+00","2025-11-08 20:38:40.009252+00"
1207,"1834543510","932163695","accepted","2025-11-08 20:49:50.303564+00","2025-11-08 20:50:25.649753+00"
1200,"7938977375","1834543510","accepted","2025-11-08 20:36:16.92468+00","2025-11-08 20:51:14.408861+00"
1201,"8463362679","1834543510","accepted","2025-11-08 20:37:30.62801+00","2025-11-08 20:51:16.517353+00"
1210,"6422496097","797847663","accepted","2025-11-08 20:52:43.567394+00","2025-11-08 20:52:58.511865+00"
1208,"932163695","1924682462","accepted","2025-11-08 20:50:43.244675+00","2025-11-08 20:53:17.944722+00"
1209,"7938977375","797847663","accepted","2025-11-08 20:52:10.620778+00","2025-11-08 20:53:20.070863+00"
1213,"411388600","1924682462","accepted","2025-11-08 21:05:16.4394+00","2025-11-08 21:05:34.840495+00"
1211,"5009377468","1834543510","accepted","2025-11-08 21:03:05.262367+00","2025-11-08 21:08:29.332383+00"
1214,"411388600","5740594639","pending","2025-11-08 21:11:52.943589+00","2025-11-08 21:11:52.943589+00"
1215,"1893518889","1924682462","accepted","2025-11-08 21:17:26.31423+00","2025-11-08 21:18:20.782491+00"
1216,"1286629988","1924682462","accepted","2025-11-08 21:30:55.863233+00","2025-11-08 21:31:01.44201+00"
1217,"8487387358","7597964581","accepted","2025-11-08 21:44:32.638584+00","2025-11-08 21:53:25.599268+00"
1218,"402423069","1834543510","pending","2025-11-08 22:37:30.154847+00","2025-11-08 22:37:30.154847+00"
1212,"1317180879","8178595410","accepted","2025-11-08 21:03:49.264376+00","2025-11-08 23:40:01.865805+00"
1225,"1321298456","797847663","pending","2025-11-09 03:15:43.911876+00","2025-11-09 03:15:43.911876+00"
1226,"1462269617","5014292785","pending","2025-11-09 03:28:40.074063+00","2025-11-09 03:28:40.074063+00"
1227,"1462269617","797847663","pending","2025-11-09 03:31:03.884723+00","2025-11-09 03:31:03.884723+00"
1229,"1511108148","1083055872","pending","2025-11-09 04:00:35.135916+00","2025-11-09 04:00:35.135916+00"
1199,"7786114585","1744629477","accepted","2025-11-08 20:22:30.663869+00","2025-11-09 04:20:45.227445+00"
1221,"7602575006","7231257941","accepted","2025-11-09 02:09:15.642673+00","2025-11-09 04:31:51.790264+00"
1232,"448516098","1206626259","pending","2025-11-09 04:46:49.126791+00","2025-11-09 04:46:49.126791+00"
1233,"5575585934","5069728888","pending","2025-11-09 04:53:10.411694+00","2025-11-09 04:53:10.411694+00"
1219,"402423069","6272869186","accepted","2025-11-08 23:25:55.814337+00","2025-11-09 04:54:00.426475+00"
1238,"7572925260","1834543510","pending","2025-11-09 05:21:13.303555+00","2025-11-09 05:21:13.303555+00"
1223,"6154892102","1924682462","accepted","2025-11-09 02:59:05.831762+00","2025-11-09 05:24:55.72256+00"
1224,"338250980","1924682462","accepted","2025-11-09 03:10:39.292889+00","2025-11-09 05:24:56.895937+00"
1228,"1511108148","1924682462","accepted","2025-11-09 03:50:54.591899+00","2025-11-09 05:24:58.350325+00"
1234,"7058103791","1924682462","accepted","2025-11-09 04:56:02.882425+00","2025-11-09 05:24:59.811096+00"
1239,"7572925260","1924682462","accepted","2025-11-09 05:22:24.869836+00","2025-11-09 05:25:00.689229+00"
1240,"6490842744","1924682462","accepted","2025-11-09 05:23:53.242398+00","2025-11-09 05:25:01.781606+00"
1241,"6490842744","7029067009","pending","2025-11-09 05:29:46.39951+00","2025-11-09 05:29:46.39951+00"
1235,"7058103791","1083055872","accepted","2025-11-09 04:56:37.388021+00","2025-11-09 05:31:54.195532+00"
1243,"6110336587","1924682462","accepted","2025-11-09 05:51:41.674464+00","2025-11-09 05:52:02.169418+00"
2627,"7487681492","797847663","pending","2025-11-17 01:15:55.652693+00","2025-11-17 01:15:55.652693+00"
1242,"6110336587","8161990253","accepted","2025-11-09 05:50:15.637609+00","2025-11-09 06:00:34.052464+00"
1248,"6943659764","454739367","pending","2025-11-09 06:05:08.606663+00","2025-11-09 06:05:08.606663+00"
1251,"6110336587","1834543510","pending","2025-11-09 06:08:03.173374+00","2025-11-09 06:08:03.173374+00"
1263,"368030930","5014292785","pending","2025-11-09 06:31:39.342575+00","2025-11-09 06:31:39.342575+00"
1236,"7058103791","5229975567","accepted","2025-11-09 04:56:54.044716+00","2025-11-09 07:04:46.795131+00"
1222,"6154892102","5229975567","accepted","2025-11-09 02:58:31.456282+00","2025-11-09 07:04:55.332491+00"
1231,"8178595410","5740594639","accepted","2025-11-09 04:31:08.661831+00","2025-11-09 07:13:51.294778+00"
1230,"549672248","5740594639","accepted","2025-11-09 04:18:37.918867+00","2025-11-09 07:13:54.743171+00"
1244,"6110336587","6272869186","accepted","2025-11-09 05:52:08.078808+00","2025-11-09 07:20:29.362072+00"
440,"5575629747","650462012","accepted","2025-10-24 18:36:20.094634+00","2025-11-09 07:46:18.500473+00"
1250,"6110336587","6692034060","accepted","2025-11-09 06:07:53.984949+00","2025-11-09 08:13:15.005738+00"
1220,"7602575006","5686257332","accepted","2025-11-09 02:08:28.271239+00","2025-11-09 08:39:39.478237+00"
1247,"6827650325","5670238240","accepted","2025-11-09 06:02:41.304563+00","2025-11-09 11:55:35.017847+00"
1195,"1570959519","8072898920","accepted","2025-11-08 18:53:05.339437+00","2025-11-10 03:34:06.820353+00"
1252,"6110336587","7770446403","pending","2025-11-09 06:08:54.623991+00","2025-11-09 06:08:54.623991+00"
1271,"8333529926","377160248","pending","2025-11-09 06:47:48.994017+00","2025-11-09 06:47:48.994017+00"
1272,"8333529926","7841988963","pending","2025-11-09 06:48:48.452425+00","2025-11-09 06:48:48.452425+00"
2575,"7277297826","8014736816","accepted","2025-11-16 14:31:33.976894+00","2025-11-16 14:34:45.3947+00"
2628,"7487681492","1647697220","pending","2025-11-17 01:18:49.468886+00","2025-11-17 01:18:49.468886+00"
2630,"7487681492","8132883465","pending","2025-11-17 01:24:47.401638+00","2025-11-17 02:47:33.914327+00"
2670,"382038809","8132883465","declined","2025-11-17 08:22:33.508734+00","2025-11-17 08:22:37.487977+00"
2676,"5272972475","7862691707","pending","2025-11-17 08:34:34.540544+00","2025-11-17 08:34:34.540544+00"
2677,"7778388740","7647636604","pending","2025-11-17 08:49:17.089675+00","2025-11-17 08:49:17.089675+00"
2678,"5882853663","7862691707","pending","2025-11-17 08:51:35.497244+00","2025-11-17 08:54:19.313576+00"
2688,"670025897","6507987020","pending","2025-11-17 09:07:26.054044+00","2025-11-17 09:07:26.054044+00"
2697,"6803791114","7647636604","pending","2025-11-17 09:12:07.524427+00","2025-11-17 09:12:07.524427+00"
3994,"7565275671","6214794341","accepted","2025-11-30 12:18:00.855244+00","2025-11-30 12:24:55.209523+00"
4029,"5213764043","8304857646","pending","2025-12-01 06:24:26.198322+00","2025-12-01 06:25:24.310778+00"
2706,"848696652","8132883465","pending","2025-11-17 09:35:44.198268+00","2025-11-17 09:38:51.624512+00"
2691,"472898765","7388700051","declined","2025-11-17 09:10:22.15803+00","2025-11-17 09:48:24.823091+00"
2725,"5781888399","5014292785","pending","2025-11-17 10:04:17.85254+00","2025-11-17 10:04:17.85254+00"
2731,"5680042030","5194677184","pending","2025-11-17 10:08:43.9154+00","2025-11-17 10:08:43.9154+00"
2786,"1469773444","1713751356","pending","2025-11-17 17:06:38.489423+00","2025-11-17 17:06:38.489423+00"
2797,"388305935","5408250991","accepted","2025-11-17 17:29:33.854244+00","2025-11-17 18:40:14.700199+00"
2791,"388305935","8132883465","pending","2025-11-17 17:14:42.804611+00","2025-11-17 20:40:43.9127+00"
2867,"6901349413","8014736816","accepted","2025-11-18 03:59:52.093762+00","2025-11-18 06:48:40.11686+00"
2914,"5580650434","1713751356","pending","2025-11-18 11:51:00.241069+00","2025-11-18 11:56:43.901863+00"
2918,"5580650434","1107996276","pending","2025-11-18 12:06:59.241937+00","2025-11-18 12:06:59.241937+00"
2961,"6179841738","8342082163","pending","2025-11-18 17:19:49.800119+00","2025-11-18 17:19:49.800119+00"
2977,"8128109578","1201453400","pending","2025-11-18 18:48:01.96177+00","2025-11-18 18:48:01.96177+00"
3022,"6845221379","617980049","accepted","2025-11-19 03:51:25.454602+00","2025-11-19 03:58:33.64411+00"
3023,"396402433","2133374158","pending","2025-11-19 04:07:35.545384+00","2025-11-19 04:07:35.545384+00"
3027,"7152348511","2133374158","pending","2025-11-19 04:21:53.997904+00","2025-11-19 04:21:53.997904+00"
3078,"2038587063","8134746177","pending","2025-11-19 12:46:47.883026+00","2025-11-19 12:46:47.883026+00"
3080,"1469773444","1674834036","accepted","2025-11-19 12:53:26.560644+00","2025-11-19 13:37:06.984219+00"
3126,"6634819205","7144809772","pending","2025-11-19 18:31:16.331084+00","2025-11-19 18:31:16.331084+00"
3176,"532033326","8132883465","pending","2025-11-20 05:21:38.690523+00","2025-11-20 05:21:38.690523+00"
3230,"1115042518","1797490235","pending","2025-11-20 12:24:59.332798+00","2025-11-20 12:24:59.332798+00"
3276,"1570959519","1723273408","pending","2025-11-20 18:36:47.810705+00","2025-11-20 18:36:47.810705+00"
4060,"7623717059","7936633945","accepted","2025-12-01 19:37:11.877704+00","2025-12-02 06:03:22.015096+00"
3285,"1907166078","8132883465","accepted","2025-11-20 19:43:56.353413+00","2025-11-20 19:54:34.615316+00"
3321,"6210195838","8132883465","pending","2025-11-21 06:26:07.824878+00","2025-11-21 06:26:07.824878+00"
3387,"5810031650","382287382","pending","2025-11-21 12:38:10.844713+00","2025-11-21 12:38:10.844713+00"
3397,"346735807","843388973","pending","2025-11-21 12:59:25.218358+00","2025-11-21 12:59:25.218358+00"
3384,"8109112246","5936590983","accepted","2025-11-21 12:36:32.606+00","2025-11-21 13:19:45.014666+00"
3389,"6699305708","1832355615","accepted","2025-11-21 12:39:58.1054+00","2025-11-21 15:00:35.897537+00"
3515,"2103462970","437944819","accepted","2025-11-22 08:23:23.031278+00","2025-11-22 08:28:27.812308+00"
3555,"8312458446","8199846804","accepted","2025-11-22 18:35:06.347552+00","2025-11-22 18:46:45.059696+00"
3595,"7277297826","6499363352","pending","2025-11-23 10:21:31.012314+00","2025-11-23 10:21:31.012314+00"
1,"7897386358","7388700051","blocked","2025-09-14 21:15:16.314186+00","2025-09-14 21:31:47.522056+00"
3625,"7388700051","7897386358","accepted","2025-11-24 03:54:52.884941+00","2025-11-24 03:54:58.100154+00"
3658,"6057232513","694970957","declined","2025-11-25 11:41:49.779238+00","2025-11-25 12:40:38.766068+00"
3697,"831703934","5780389973","accepted","2025-11-25 21:41:27.413351+00","2025-11-26 01:03:59.22287+00"
3696,"8158124360","797847663","accepted","2025-11-25 21:29:32.429836+00","2025-11-26 04:27:06.135801+00"
3744,"1923055831","1443977083","pending","2025-11-26 10:53:09.963118+00","2025-11-26 10:53:09.963118+00"
4121,"8471233877","5351132200","pending","2025-12-02 10:08:10.923829+00","2025-12-02 10:08:58.127005+00"
3747,"1047648367","5014292785","accepted","2025-11-26 11:33:45.016412+00","2025-11-26 14:01:11.455718+00"
3784,"6148511982","1180600806","pending","2025-11-26 21:18:53.599934+00","2025-11-26 21:18:53.599934+00"
3783,"6148511982","6233075737","accepted","2025-11-26 21:18:11.705035+00","2025-11-27 04:17:58.498479+00"
3818,"5387804536","1754636407","accepted","2025-11-27 09:53:58.939665+00","2025-11-27 09:54:15.025854+00"
3856,"935113612","544561930","accepted","2025-11-27 17:38:48.580834+00","2025-11-28 06:40:25.254297+00"
3890,"1818027987","6816978900","accepted","2025-11-28 08:12:58.201667+00","2025-11-28 10:15:41.998139+00"
3920,"7963453467","1150794859","accepted","2025-11-28 21:36:51.576023+00","2025-11-29 04:46:40.369869+00"
3454,"7963453467","1426425233","blocked","2025-11-21 19:56:13.523692+00","2025-11-21 19:56:28.616543+00"
3955,"1185024487","6499363352","accepted","2025-11-29 14:39:47.088124+00","2025-11-29 14:43:50.868741+00"
4128,"1469773444","8471233877","accepted","2025-12-02 10:49:22.836468+00","2025-12-02 10:55:17.845964+00"
4143,"5945783647","8132883465","pending","2025-12-02 11:23:28.816435+00","2025-12-02 11:23:28.816435+00"
4145,"1943655943","8132883465","pending","2025-12-02 11:28:42.610176+00","2025-12-02 11:28:42.610176+00"
4148,"6460174161","7945982183","accepted","2025-12-02 11:41:00.9743+00","2025-12-02 11:41:47.78629+00"
4152,"6789406912","7191883532","pending","2025-12-02 11:47:10.956568+00","2025-12-02 11:47:10.956568+00"
4157,"6048782329","8132883465","pending","2025-12-02 11:57:13.851564+00","2025-12-02 11:57:13.851564+00"
4235,"7233511077","1051864908","blocked","2025-12-03 14:12:00.930147+00","2025-12-03 14:14:13.070507+00"
4160,"1277989208","6499363352","accepted","2025-12-02 12:01:12.147565+00","2025-12-02 12:01:48.314157+00"
4162,"6369586656","6031743654","accepted","2025-12-02 12:06:26.443389+00","2025-12-02 12:06:49.069546+00"
4169,"8109112246","6307144522","accepted","2025-12-02 12:18:33.650831+00","2025-12-02 12:19:19.228111+00"
4031,"1717444532","977701485","accepted","2025-12-01 06:26:42.123842+00","2025-12-02 16:15:09.239086+00"
4203,"528330049","7945982183","accepted","2025-12-02 17:00:33.693262+00","2025-12-02 17:46:07.3281+00"
4234,"7233511077","7277167325","pending","2025-12-03 14:03:18.888887+00","2025-12-03 14:03:18.888887+00"
4323,"6723134604","7295183197","declined","2025-12-04 18:17:11.871593+00","2025-12-04 18:19:44.698217+00"
4325,"1293635650","1219116927","pending","2025-12-04 18:19:45.777369+00","2025-12-04 18:19:45.777369+00"
4265,"884077232","6499363352","accepted","2025-12-04 08:58:24.342571+00","2025-12-04 09:03:29.030805+00"
4367,"7336509255","5168658498","accepted","2025-12-05 11:07:05.553205+00","2025-12-05 13:46:10.218865+00"
4401,"2051090373","6499363352","accepted","2025-12-05 21:25:53.915651+00","2025-12-05 21:31:00.041792+00"
1253,"6110336587","5740594639","accepted","2025-11-09 06:09:33.691535+00","2025-11-09 07:14:04.054824+00"
2576,"472898765","1834543510","declined","2025-11-16 14:36:03.119923+00","2025-11-16 15:03:58.68877+00"
2629,"7487681492","5014292785","pending","2025-11-17 01:20:12.803359+00","2025-11-17 01:20:12.803359+00"
2682,"6562061399","7647636604","pending","2025-11-17 08:59:57.588667+00","2025-11-17 08:59:57.588667+00"
2684,"307992488","8132883465","declined","2025-11-17 09:00:59.176786+00","2025-11-17 09:01:13.102869+00"
3921,"1364010353","1674834036","accepted","2025-11-28 21:41:27.432912+00","2025-11-28 21:47:44.760529+00"
2692,"472898765","5344544294","accepted","2025-11-17 09:10:48.393294+00","2025-11-17 09:12:49.480997+00"
2715,"7982194284","5012012584","pending","2025-11-17 09:44:37.800726+00","2025-11-17 09:44:37.800726+00"
2718,"877811697","7647636604","pending","2025-11-17 09:52:44.176894+00","2025-11-17 09:52:44.176894+00"
2730,"1229106902","8054407830","accepted","2025-11-17 10:07:10.261748+00","2025-11-17 10:09:10.275775+00"
2734,"6438013120","5194677184","pending","2025-11-17 10:21:01.560707+00","2025-11-17 10:21:01.560707+00"
2739,"5781888399","5886466655","pending","2025-11-17 10:36:35.551371+00","2025-11-17 10:36:35.551371+00"
2740,"7993155637","1890939915","pending","2025-11-17 10:36:50.855747+00","2025-11-17 10:36:50.855747+00"
2789,"388305935","464171448","pending","2025-11-17 17:08:21.183251+00","2025-11-17 17:08:21.183251+00"
2802,"6346659608","6919190665","declined","2025-11-17 17:53:58.092419+00","2025-11-17 17:55:32.628843+00"
2869,"5824060652","1713751356","pending","2025-11-18 05:35:34.842257+00","2025-11-18 05:35:34.842257+00"
2917,"7040411147","468381792","accepted","2025-11-18 12:03:40.042699+00","2025-11-18 12:08:28.152001+00"
2928,"6948764140","6499363352","accepted","2025-11-18 14:04:31.330463+00","2025-11-18 14:05:03.311074+00"
2963,"8109112246","5861336739","accepted","2025-11-18 17:35:08.90364+00","2025-11-18 17:38:54.290412+00"
2967,"472898765","1113243747","declined","2025-11-18 17:52:00.022822+00","2025-11-18 18:54:22.845401+00"
2987,"7448688198","5014292785","pending","2025-11-18 19:09:21.565049+00","2025-11-18 19:09:21.565049+00"
2972,"5890372219","8054407830","accepted","2025-11-18 18:03:27.607449+00","2025-11-18 21:01:00.414742+00"
3024,"5836099523","2133374158","pending","2025-11-19 04:08:45.697714+00","2025-11-19 04:08:45.697714+00"
3029,"472898765","2133374158","pending","2025-11-19 04:30:32.714752+00","2025-11-19 04:30:32.714752+00"
3079,"7350235996","7501176620","accepted","2025-11-19 12:47:00.800434+00","2025-11-19 12:47:58.156693+00"
3026,"6948764140","7446530116","accepted","2025-11-19 04:19:32.811021+00","2025-11-19 12:58:41.889989+00"
3091,"8338186102","7520698100","accepted","2025-11-19 14:34:53.008578+00","2025-11-19 14:50:08.713253+00"
3127,"6179841738","6214794341","pending","2025-11-19 18:52:14.215562+00","2025-11-19 18:52:14.215562+00"
3177,"6774801071","8132883465","pending","2025-11-20 05:24:58.115823+00","2025-11-20 05:24:58.115823+00"
3178,"829653636","7282789865","accepted","2025-11-20 05:26:26.569995+00","2025-11-20 05:32:14.123017+00"
3180,"6110321042","8132883465","declined","2025-11-20 05:40:37.333383+00","2025-11-20 05:41:42.251941+00"
3232,"1469773444","2133374158","accepted","2025-11-20 12:26:54.472257+00","2025-11-20 12:28:21.340477+00"
3277,"1570959519","5015840197","pending","2025-11-20 18:47:31.888876+00","2025-11-20 18:47:31.888876+00"
3325,"698304652","6512922490","accepted","2025-11-21 06:44:34.591791+00","2025-11-21 06:45:57.323576+00"
3332,"698304652","462966491","pending","2025-11-21 07:59:50.661109+00","2025-11-21 07:59:50.661109+00"
3333,"7089969662","462966491","pending","2025-11-21 08:01:44.973482+00","2025-11-21 08:01:44.973482+00"
2685,"8367487489","8132883465","pending","2025-11-17 09:01:13.866803+00","2025-11-21 09:25:12.128546+00"
3385,"6699305708","5014292785","accepted","2025-11-21 12:37:53.513891+00","2025-11-21 12:37:58.788804+00"
3396,"2009442373","6499363352","accepted","2025-11-21 12:51:05.243556+00","2025-11-21 12:51:11.031753+00"
3400,"1469773444","5799769691","accepted","2025-11-21 13:05:16.078102+00","2025-11-21 13:12:44.051262+00"
3416,"1081012722","1209563482","pending","2025-11-21 15:11:47.993954+00","2025-11-21 15:11:47.993954+00"
3456,"5726458804","8132883465","declined","2025-11-21 19:57:35.846327+00","2025-11-21 20:12:48.819145+00"
3516,"383086288","6499363352","accepted","2025-11-22 09:05:54.842179+00","2025-11-22 09:08:00.255442+00"
3556,"8312458446","797847663","accepted","2025-11-22 18:36:05.881182+00","2025-11-22 18:40:06.799785+00"
3958,"5068407705","797847663","accepted","2025-11-29 16:19:00.965034+00","2025-11-29 16:24:27.470582+00"
3596,"5902076288","5471039343","accepted","2025-11-23 11:24:08.860376+00","2025-11-23 14:10:52.358537+00"
3626,"1924451785","8521308273","pending","2025-11-24 04:35:16.331481+00","2025-11-24 04:35:16.331481+00"
3659,"2052395769","1713751356","pending","2025-11-25 11:45:54.517918+00","2025-11-25 11:45:54.517918+00"
3668,"7766941287","1713751356","pending","2025-11-25 12:52:54.395972+00","2025-11-25 12:52:54.395972+00"
3698,"831703934","8132883465","pending","2025-11-25 21:45:07.875738+00","2025-11-25 21:45:07.875738+00"
3699,"831703934","1011663493","pending","2025-11-25 21:45:28.304885+00","2025-11-25 21:45:35.072779+00"
1535,"2133374158","6679022349","blocked","2025-11-10 16:43:42.782018+00","2025-11-10 19:21:03.43555+00"
3752,"8269238670","809624611","pending","2025-11-26 12:14:10.99276+00","2025-11-26 12:14:22.771697+00"
3821,"7850822927","7501176620","accepted","2025-11-27 10:11:40.25522+00","2025-11-27 10:13:52.779122+00"
3785,"6148511982","6847811341","pending","2025-11-26 21:24:25.691592+00","2025-11-27 16:35:02.281968+00"
3857,"597996271","733240884","accepted","2025-11-27 17:41:07.277389+00","2025-11-27 17:41:50.20213+00"
3858,"5612663677","7345116845","accepted","2025-11-27 17:46:22.033303+00","2025-11-27 20:17:51.734579+00"
3863,"1585924516","544561930","accepted","2025-11-27 18:25:47.100172+00","2025-11-28 06:40:35.223814+00"
3892,"6694879969","8132883465","declined","2025-11-28 10:22:07.448002+00","2025-11-30 05:44:24.922947+00"
3995,"8460361533","6633576620","pending","2025-11-30 13:31:38.536589+00","2025-11-30 13:31:38.536589+00"
4033,"1081290216","6162552978","pending","2025-12-01 06:29:19.993679+00","2025-12-01 06:29:19.993679+00"
4061,"1792628047","1398458463","accepted","2025-12-01 19:57:13.054717+00","2025-12-01 19:58:24.536975+00"
4122,"584037560","797847663","accepted","2025-12-02 10:08:52.012077+00","2025-12-02 10:10:09.715881+00"
4127,"7483501868","5014292785","accepted","2025-12-02 10:44:29.826079+00","2025-12-02 10:45:11.056994+00"
4129,"8207980011","5014292785","accepted","2025-12-02 10:49:35.855974+00","2025-12-02 10:51:01.404586+00"
4155,"6509940063","7945982183","accepted","2025-12-02 11:53:43.461127+00","2025-12-02 11:54:29.461066+00"
4206,"6418849107","6307144522","accepted","2025-12-02 17:38:32.574988+00","2025-12-02 17:45:55.321797+00"
4205,"6418849107","7945982183","accepted","2025-12-02 17:37:37.400389+00","2025-12-02 17:46:15.214374+00"
4236,"717829815","1253397612","accepted","2025-12-03 14:46:23.20237+00","2025-12-03 14:46:34.119017+00"
4270,"418231809","1051864908","accepted","2025-12-04 09:21:58.715189+00","2025-12-04 09:22:44.165328+00"
4326,"5009377468","6810310587","accepted","2025-12-04 18:59:23.862877+00","2025-12-05 03:14:03.785183+00"
4370,"6149607586","5779531688","accepted","2025-12-05 11:13:31.658485+00","2025-12-05 11:21:44.131594+00"
4402,"2051090373","1737569926","declined","2025-12-05 21:28:35.634561+00","2025-12-06 06:46:40.83991+00"
1254,"6110336587","7029067009","pending","2025-11-09 06:10:05.219089+00","2025-11-09 06:10:05.219089+00"
1255,"6110336587","932163695","pending","2025-11-09 06:10:13.720686+00","2025-11-09 06:10:13.720686+00"
1256,"8333529926","1924682462","accepted","2025-11-09 06:14:50.83381+00","2025-11-09 06:16:47.66287+00"
1258,"8333529926","8014736816","pending","2025-11-09 06:23:21.003867+00","2025-11-09 06:23:21.003867+00"
1265,"7597536347","1834543510","pending","2025-11-09 06:33:54.68472+00","2025-11-09 06:33:54.68472+00"
1245,"6110336587","1083055872","accepted","2025-11-09 05:56:02.758674+00","2025-11-09 06:34:33.204719+00"
1257,"8333529926","1083055872","accepted","2025-11-09 06:15:21.27229+00","2025-11-09 06:34:34.512986+00"
1267,"368030930","6247187536","pending","2025-11-09 06:36:02.419357+00","2025-11-09 06:36:02.419357+00"
1270,"8333529926","6247187536","pending","2025-11-09 06:46:15.876131+00","2025-11-09 06:46:15.876131+00"
2578,"472898765","1399455085","pending","2025-11-16 14:42:54.159727+00","2025-11-16 14:42:54.159727+00"
2583,"851460282","8487387358","pending","2025-11-16 15:51:17.006544+00","2025-11-16 15:51:17.006544+00"
2631,"1469773444","6210356421","accepted","2025-11-17 02:46:50.029966+00","2025-11-17 05:36:27.658524+00"
2683,"404744746","7998357888","pending","2025-11-17 09:00:22.551105+00","2025-11-17 09:00:22.551105+00"
2713,"1722589537","5344544294","accepted","2025-11-17 09:40:56.333933+00","2025-11-17 09:47:11.467872+00"
2708,"6034066452","7388700051","declined","2025-11-17 09:37:23.289596+00","2025-11-17 09:48:13.24646+00"
2735,"5781888399","7388700051","declined","2025-11-17 10:33:36.31371+00","2025-11-17 10:33:46.616113+00"
2798,"966823069","8132883465","declined","2025-11-17 17:29:36.431858+00","2025-11-17 17:29:52.552253+00"
2870,"7089969662","1713751356","pending","2025-11-18 06:24:32.199519+00","2025-11-18 06:24:32.199519+00"
2893,"7872721521","7277167325","accepted","2025-11-18 08:25:35.480683+00","2025-11-18 08:25:42.806467+00"
2922,"5562688049","5966722613","pending","2025-11-18 13:10:55.015329+00","2025-11-18 13:10:55.015329+00"
2920,"1834543510","6310220342","pending","2025-11-18 12:59:34.1865+00","2025-11-18 13:11:30.618397+00"
2935,"6110336587","5485570331","accepted","2025-11-18 14:40:25.993896+00","2025-11-18 15:07:20.870339+00"
2938,"6948764140","797847663","declined","2025-11-18 14:55:42.659361+00","2025-11-18 15:55:11.137067+00"
2925,"460996011","410221669","accepted","2025-11-18 13:26:28.633786+00","2025-11-18 16:21:28.116122+00"
2964,"5752119395","7277167325","pending","2025-11-18 17:47:05.046384+00","2025-11-18 17:47:05.046384+00"
3025,"6948764140","1215782140","accepted","2025-11-19 04:18:55.928547+00","2025-11-19 05:47:10.771113+00"
3081,"5072298659","2133374158","pending","2025-11-19 13:26:58.79092+00","2025-11-19 13:26:58.79092+00"
3089,"977481004","733240884","accepted","2025-11-19 14:23:49.855047+00","2025-11-19 14:25:12.781692+00"
3130,"5608148884","2133374158","pending","2025-11-19 19:19:08.920831+00","2025-11-19 19:19:17.157452+00"
3136,"1086039598","1215782140","accepted","2025-11-19 19:30:31.388811+00","2025-11-19 19:32:07.816225+00"
3137,"6948764140","1609398709","pending","2025-11-19 19:36:02.583685+00","2025-11-19 19:36:02.583685+00"
3144,"5608148884","8014736816","declined","2025-11-19 21:36:31.440997+00","2025-11-19 21:42:41.457838+00"
3146,"7574726989","6330038093","pending","2025-11-19 21:53:29.731253+00","2025-11-19 21:53:29.731253+00"
3147,"6696133437","6557474517","accepted","2025-11-19 21:56:53.079713+00","2025-11-20 04:17:22.108673+00"
3181,"477272072","8132883465","declined","2025-11-20 05:40:57.827839+00","2025-11-20 05:41:41.2356+00"
3235,"6380670350","1797490235","pending","2025-11-20 12:30:38.68512+00","2025-11-20 12:30:38.68512+00"
3238,"538924809","7415876534","accepted","2025-11-20 12:34:19.021369+00","2025-11-20 12:34:32.597139+00"
3278,"7356804544","370668833","pending","2025-11-20 18:55:55.570539+00","2025-11-20 18:55:55.570539+00"
3287,"5580650434","8132883465","declined","2025-11-20 19:58:19.421119+00","2025-11-20 20:12:40.488608+00"
3328,"698304652","1215782140","accepted","2025-11-21 06:59:10.476399+00","2025-11-21 07:33:23.086356+00"
3329,"698304652","6499363352","accepted","2025-11-21 07:14:27.430762+00","2025-11-21 08:10:48.520929+00"
3326,"6148511982","5010994956","accepted","2025-11-21 06:47:25.533083+00","2025-11-21 08:58:03.600436+00"
3463,"6622150479","1219116927","pending","2025-11-21 20:17:03.509555+00","2025-11-21 20:17:03.509555+00"
3517,"7564984515","8132883465","accepted","2025-11-22 09:37:31.249+00","2025-11-22 09:42:14.887071+00"
3518,"8148472933","1177371609","accepted","2025-11-22 09:45:04.865238+00","2025-11-22 10:43:25.726187+00"
3565,"1617930386","7277167325","pending","2025-11-22 19:37:39.244858+00","2025-11-22 19:37:39.244858+00"
3572,"8149308470","565306664","pending","2025-11-22 21:23:28.672905+00","2025-11-22 21:23:28.672905+00"
3559,"8165422265","5552374566","accepted","2025-11-22 19:01:05.340845+00","2025-11-23 05:43:25.201158+00"
3598,"820582696","6304596210","pending","2025-11-23 12:02:01.676724+00","2025-11-23 12:02:01.676724+00"
3627,"1924451785","400568980","accepted","2025-11-24 04:35:48.675915+00","2025-11-25 04:35:44.846089+00"
3660,"7878529257","1579373309","pending","2025-11-25 12:17:15.014813+00","2025-11-25 12:17:15.014813+00"
3663,"8149308470","7466894758","pending","2025-11-25 12:32:13.468362+00","2025-11-25 12:32:13.468362+00"
3748,"5047709640","7466894758","pending","2025-11-26 11:43:26.723772+00","2025-11-26 11:43:26.723772+00"
3786,"6109281173","813842906","accepted","2025-11-26 22:35:02.919208+00","2025-11-26 22:36:24.703312+00"
3701,"6504427565","400568980","accepted","2025-11-25 22:10:02.18369+00","2025-11-27 03:37:49.95089+00"
3822,"7365865326","1754636407","accepted","2025-11-27 10:18:37.359194+00","2025-11-27 10:19:36.898677+00"
3823,"7365865326","8210706490","accepted","2025-11-27 10:19:13.439512+00","2025-11-27 10:30:13.912834+00"
3826,"7412749172","733240884","accepted","2025-11-27 12:04:26.828955+00","2025-11-27 12:06:19.051795+00"
3860,"511767433","544561930","accepted","2025-11-27 17:59:35.382191+00","2025-11-28 06:40:28.713278+00"
3893,"6218877782","1469773444","pending","2025-11-28 10:28:32.24727+00","2025-11-28 10:28:32.24727+00"
3922,"930355050","6562821208","pending","2025-11-28 23:05:37.299453+00","2025-11-28 23:05:37.299453+00"
3386,"8109112246","1426425233","blocked","2025-11-21 12:38:00.119314+00","2025-11-21 12:58:43.782508+00"
3959,"550544280","1136410666","pending","2025-11-29 16:21:18.419463+00","2025-11-29 16:21:18.419463+00"
3996,"305676951","5866390164","pending","2025-11-30 15:35:34.549194+00","2025-11-30 15:35:34.549194+00"
4034,"7634664131","5014292785","accepted","2025-12-01 08:01:23.498868+00","2025-12-01 08:16:45.695334+00"
4062,"7233511077","7623717059","accepted","2025-12-01 20:35:47.473905+00","2025-12-02 05:27:48.337342+00"
4125,"8207980011","5485383133","accepted","2025-12-02 10:26:23.29582+00","2025-12-02 10:26:43.432401+00"
4132,"1939965178","7501176620","accepted","2025-12-02 10:55:02.121815+00","2025-12-02 10:55:14.133851+00"
4139,"1455553245","6307144522","accepted","2025-12-02 11:20:07.972613+00","2025-12-02 11:21:34.063222+00"
4140,"6402318565","8132883465","declined","2025-12-02 11:21:33.953254+00","2025-12-02 11:21:49.59552+00"
4167,"6509940063","6813544940","pending","2025-12-02 12:17:18.557428+00","2025-12-02 12:17:18.557428+00"
4171,"6900146998","8132883465","pending","2025-12-02 12:41:55.131245+00","2025-12-02 12:41:55.131245+00"
4175,"7077812536","7945982183","accepted","2025-12-02 12:52:28.831013+00","2025-12-02 12:59:05.951488+00"
4207,"6272869186","797847663","accepted","2025-12-02 17:44:41.855828+00","2025-12-02 18:07:58.237368+00"
4208,"6272869186","1051864908","accepted","2025-12-02 17:45:19.567826+00","2025-12-03 03:00:54.011873+00"
4237,"311690802","1051864908","accepted","2025-12-03 14:53:23.577787+00","2025-12-03 15:00:47.147213+00"
4277,"6418849107","1008814171","pending","2025-12-04 09:56:07.131718+00","2025-12-04 09:56:07.131718+00"
4274,"7336509255","6839822722","accepted","2025-12-04 09:48:16.172585+00","2025-12-04 10:02:07.051662+00"
4271,"6214794341","5751644112","accepted","2025-12-04 09:26:56.562037+00","2025-12-04 13:24:13.608737+00"
4293,"7233511077","1263821322","declined","2025-12-04 11:20:04.354868+00","2025-12-04 13:48:09.663336+00"
4327,"7233511077","829939190","pending","2025-12-04 19:19:17.462938+00","2025-12-04 19:19:17.462938+00"
4371,"5052001066","410221669","accepted","2025-12-05 11:57:52.782834+00","2025-12-05 12:18:08.789951+00"
4403,"5718825713","5782543284","pending","2025-12-06 02:28:42.687685+00","2025-12-06 02:28:42.687685+00"
1249,"6110336587","7597964581","accepted","2025-11-09 06:06:56.309208+00","2025-11-09 06:22:36.16828+00"
1261,"6110321042","1834543510","pending","2025-11-09 06:28:09.091873+00","2025-11-09 06:28:09.091873+00"
1260,"7277297826","1924682462","accepted","2025-11-09 06:26:01.742882+00","2025-11-09 06:33:57.459448+00"
1264,"6110321042","6063243083","accepted","2025-11-09 06:32:48.864711+00","2025-11-09 07:11:29.607147+00"
1259,"8333529926","2013728279","accepted","2025-11-09 06:23:53.169804+00","2025-11-09 07:37:10.61022+00"
1262,"8333529926","448942295","accepted","2025-11-09 06:30:56.243944+00","2025-11-09 09:48:27.063242+00"
2579,"2118522383","1427738740","accepted","2025-11-16 14:52:21.418348+00","2025-11-16 14:52:43.215761+00"
2632,"1469773444","1215782140","accepted","2025-11-17 02:47:06.996392+00","2025-11-17 06:25:51.639534+00"
2687,"6438013120","7277167325","accepted","2025-11-17 09:07:11.232022+00","2025-11-17 09:07:34.77566+00"
2712,"1722589537","7388700051","declined","2025-11-17 09:40:42.667066+00","2025-11-17 09:48:07.978274+00"
2696,"6438013120","7388700051","declined","2025-11-17 09:11:39.305421+00","2025-11-17 09:48:19.301876+00"
2699,"670025897","338292689","accepted","2025-11-17 09:15:36.972363+00","2025-11-17 10:18:26.660314+00"
2700,"6438013120","1606816319","accepted","2025-11-17 09:17:24.757548+00","2025-11-17 10:27:56.147872+00"
2634,"1469773444","7501176620","accepted","2025-11-17 02:47:39.469782+00","2025-11-17 13:01:22.539689+00"
2806,"8374283490","7392286168","declined","2025-11-17 18:01:37.790875+00","2025-11-17 18:02:24.101889+00"
2833,"1269944743","7963453467","accepted","2025-11-17 20:22:13.203726+00","2025-11-17 20:31:51.055161+00"
2836,"643570911","7412135899","pending","2025-11-17 20:38:20.546096+00","2025-11-17 20:38:20.546096+00"
2871,"2143858050","5014292785","pending","2025-11-18 06:28:40.475579+00","2025-11-18 06:28:40.475579+00"
2820,"466664482","5938779438","accepted","2025-11-17 19:09:15.715039+00","2025-11-18 06:51:48.12266+00"
2921,"396391697","5344544294","accepted","2025-11-18 13:07:26.887926+00","2025-11-18 13:10:16.902809+00"
2968,"7725842151","1674834036","accepted","2025-11-18 17:52:38.402553+00","2025-11-18 17:53:22.158546+00"
3028,"382287382","404744746","pending","2025-11-19 04:28:06.08649+00","2025-11-19 04:28:06.08649+00"
2716,"1469773444","6507987020","pending","2025-11-17 09:49:15.87258+00","2025-11-19 04:54:18.826799+00"
3082,"1712734485","617980049","pending","2025-11-19 13:27:36.76744+00","2025-11-19 13:27:36.76744+00"
3135,"8109112246","2088709789","pending","2025-11-19 19:28:28.042945+00","2025-11-19 19:28:28.042945+00"
3183,"5176845267","829653636","accepted","2025-11-20 05:56:30.57847+00","2025-11-20 05:56:48.101174+00"
3237,"756011892","1355608580","declined","2025-11-20 12:33:40.129099+00","2025-11-20 12:33:56.509273+00"
3239,"1224158793","699103879","pending","2025-11-20 12:35:29.743796+00","2025-11-20 12:35:29.743796+00"
3279,"8087177701","1797490235","pending","2025-11-20 18:58:16.464181+00","2025-11-20 18:58:16.464181+00"
3292,"6542618727","5354163521","accepted","2025-11-20 20:57:34.135571+00","2025-11-20 21:33:53.39836+00"
3288,"5580650434","2133374158","declined","2025-11-20 20:14:30.0614+00","2025-11-21 03:01:11.054063+00"
3283,"8496906835","6734185600","accepted","2025-11-20 19:02:50.048021+00","2025-11-21 04:49:42.551777+00"
3331,"5625646779","5014292785","pending","2025-11-21 07:46:01.072557+00","2025-11-21 07:46:01.072557+00"
3338,"691955732","828809829","pending","2025-11-21 08:19:19.29542+00","2025-11-21 08:19:19.29542+00"
3390,"2009442373","5344544294","accepted","2025-11-21 12:41:37.81739+00","2025-11-21 12:41:47.416751+00"
3408,"585855187","5014292785","pending","2025-11-21 13:53:58.435129+00","2025-11-21 13:53:58.435129+00"
3465,"1426425233","5718346246","pending","2025-11-21 21:12:17.132632+00","2025-11-21 21:12:17.132632+00"
3519,"6438013120","8132883465","accepted","2025-11-22 09:57:30.268938+00","2025-11-22 10:01:16.032601+00"
3560,"8199846804","5183845073","accepted","2025-11-22 19:22:27.412137+00","2025-11-22 19:23:12.66901+00"
3563,"1469773444","7304976264","accepted","2025-11-22 19:34:40.347849+00","2025-11-22 19:37:40.847066+00"
3599,"7850822927","6816978900","accepted","2025-11-23 12:46:38.080599+00","2025-11-23 14:34:32.192111+00"
3628,"1943203644","5014292785","accepted","2025-11-24 05:10:51.771842+00","2025-11-24 05:16:12.173919+00"
3629,"1738671412","559268625","accepted","2025-11-24 05:18:41.454652+00","2025-11-24 06:28:08.335359+00"
3661,"5827165942","7466894758","pending","2025-11-25 12:28:10.361089+00","2025-11-25 12:28:10.361089+00"
3666,"5608148884","6340536618","pending","2025-11-25 12:39:01.83103+00","2025-11-25 12:39:01.83103+00"
3702,"6504427565","829939190","pending","2025-11-25 22:10:20.854262+00","2025-11-25 22:10:20.854262+00"
4159,"6048782329","7945982183","accepted","2025-12-02 12:00:49.009976+00","2025-12-02 12:01:47.135555+00"
3749,"1051999376","5381673363","pending","2025-11-26 11:47:49.702964+00","2025-11-26 13:09:14.910739+00"
3824,"7972471327","7466894758","pending","2025-11-27 10:58:21.664763+00","2025-11-27 10:58:21.664763+00"
3862,"1244569417","7277167325","accepted","2025-11-27 18:24:24.092681+00","2025-11-27 18:24:31.378316+00"
3894,"5826077967","6206593118","pending","2025-11-28 11:08:48.158027+00","2025-11-28 11:08:48.158027+00"
3787,"898416395","5015840197","accepted","2025-11-26 23:41:43.579383+00","2025-11-28 13:37:54.409059+00"
3923,"8322104177","8102206190","accepted","2025-11-29 00:22:07.443696+00","2025-11-29 07:56:23.828534+00"
3960,"550544280","5484165658","pending","2025-11-29 16:24:33.973184+00","2025-11-29 16:24:33.973184+00"
3997,"1445952701","7609872803","accepted","2025-11-30 15:54:24.645326+00","2025-11-30 21:35:50.939567+00"
4035,"6490842744","6167158821","pending","2025-12-01 08:50:59.353305+00","2025-12-01 08:50:59.353305+00"
4063,"1475209816","8199846804","pending","2025-12-01 20:40:00.861678+00","2025-12-01 20:40:00.861678+00"
4064,"6542618727","8199846804","pending","2025-12-01 20:46:38.241587+00","2025-12-01 20:46:38.241587+00"
4158,"6048782329","6307144522","accepted","2025-12-02 11:59:00.201554+00","2025-12-02 12:01:59.222966+00"
4209,"5137287903","6504427565","accepted","2025-12-02 18:52:34.135976+00","2025-12-02 18:54:45.605863+00"
4126,"5363412048","544561930","accepted","2025-12-02 10:32:17.340116+00","2025-12-02 19:46:48.557841+00"
4136,"6418849107","5650908296","accepted","2025-12-02 11:11:08.890265+00","2025-12-03 13:54:40.881529+00"
4238,"5908065635","797847663","pending","2025-12-03 14:53:35.87198+00","2025-12-03 14:53:35.87198+00"
4272,"881930716","7415876534","accepted","2025-12-04 09:40:22.879838+00","2025-12-04 10:03:42.912242+00"
4275,"6048782329","1051864908","accepted","2025-12-04 09:48:17.773337+00","2025-12-04 10:17:23.533609+00"
4328,"7836259616","8351804551","accepted","2025-12-04 19:42:46.408306+00","2025-12-04 19:43:07.90396+00"
4329,"7233511077","6004448545","accepted","2025-12-04 19:54:22.249813+00","2025-12-05 06:36:32.435989+00"
4372,"1343968817","501899924","accepted","2025-12-05 12:42:22.1656+00","2025-12-05 12:55:05.07309+00"
4404,"6897858203","7812818865","accepted","2025-12-06 05:59:16.014814+00","2025-12-06 07:30:36.685837+00"
1266,"1924682462","1083055872","accepted","2025-11-09 06:34:43.270542+00","2025-11-09 06:34:57.075054+00"
1268,"7597536347","7029067009","pending","2025-11-09 06:36:10.023671+00","2025-11-09 06:36:10.023671+00"
1269,"1081012722","7029067009","pending","2025-11-09 06:42:17.17605+00","2025-11-09 06:42:17.17605+00"
1246,"6110336587","8484666325","accepted","2025-11-09 06:01:59.956707+00","2025-11-09 06:46:11.684701+00"
1273,"8333529926","1152409369","pending","2025-11-09 06:49:44.448468+00","2025-11-09 06:49:44.448468+00"
1276,"7277297826","1834543510","pending","2025-11-09 06:55:56.999608+00","2025-11-09 06:55:56.999608+00"
1277,"7277297826","932163695","pending","2025-11-09 06:56:55.662275+00","2025-11-09 06:56:55.662275+00"
1278,"7277297826","7029067009","pending","2025-11-09 06:57:24.514268+00","2025-11-09 06:57:24.514268+00"
1279,"7277297826","2056814277","pending","2025-11-09 06:58:00.499993+00","2025-11-09 06:58:00.499993+00"
1282,"7769904928","5204985308","pending","2025-11-09 06:59:15.176817+00","2025-11-09 06:59:15.176817+00"
1283,"8333529926","1730509668","accepted","2025-11-09 06:59:50.69695+00","2025-11-09 07:00:38.259121+00"
1285,"831697106","7029067009","pending","2025-11-09 07:01:53.734555+00","2025-11-09 07:01:53.734555+00"
1281,"7769904928","1984303263","accepted","2025-11-09 06:58:38.969138+00","2025-11-09 07:04:15.901494+00"
1284,"902244226","1924682462","declined","2025-11-09 06:59:53.602465+00","2025-11-09 07:05:38.548162+00"
1288,"6110336587","6063243083","pending","2025-11-09 07:07:42.027129+00","2025-11-09 07:07:42.027129+00"
1289,"6110336587","8369441606","pending","2025-11-09 07:09:59.158248+00","2025-11-09 07:09:59.158248+00"
1290,"6110336587","1838428068","pending","2025-11-09 07:10:21.39713+00","2025-11-09 07:10:21.39713+00"
1291,"6110336587","8007600798","accepted","2025-11-09 07:11:01.694787+00","2025-11-09 07:11:38.362964+00"
1293,"6110336587","614813590","pending","2025-11-09 07:13:06.809855+00","2025-11-09 07:13:06.809855+00"
1294,"6110336587","6566784212","accepted","2025-11-09 07:13:51.911806+00","2025-11-09 07:14:04.9772+00"
1286,"831697106","5740594639","accepted","2025-11-09 07:02:19.346181+00","2025-11-09 07:14:07.823594+00"
1295,"8333529926","8359698550","accepted","2025-11-09 07:19:08.036442+00","2025-11-09 07:19:29.885393+00"
1287,"6110336587","5532928129","accepted","2025-11-09 07:04:28.276366+00","2025-11-09 07:28:19.788903+00"
1296,"8178595410","8362956563","accepted","2025-11-09 07:37:44.794714+00","2025-11-09 07:37:59.923688+00"
1301,"8333529926","6960656347","accepted","2025-11-09 07:57:22.058494+00","2025-11-09 07:57:30.659091+00"
1275,"8333529926","8312458446","accepted","2025-11-09 06:52:51.945396+00","2025-11-09 07:57:45.668956+00"
1302,"6369586656","797847663","accepted","2025-11-09 07:57:30.963155+00","2025-11-09 07:58:09.50299+00"
1304,"7058103791","8178595410","accepted","2025-11-09 08:00:34.985084+00","2025-11-09 08:01:46.875978+00"
1299,"6369586656","8359698550","accepted","2025-11-09 07:55:33.328862+00","2025-11-09 08:03:02.990981+00"
1306,"6532774162","5807859256","pending","2025-11-09 08:03:18.284244+00","2025-11-09 08:03:18.284244+00"
1329,"8333529926","7386771058","accepted","2025-11-09 09:20:58.365944+00","2025-11-09 09:38:02.092378+00"
1325,"8333529926","6566784212","accepted","2025-11-09 09:14:04.158829+00","2025-11-09 09:43:29.05438+00"
1237,"1032338637","5650409458","accepted","2025-11-09 05:03:38.146131+00","2025-11-09 08:11:07.128959+00"
1297,"368030930","8521308273","accepted","2025-11-09 07:38:00.465806+00","2025-11-09 08:11:23.232168+00"
1310,"360624560","5740594639","pending","2025-11-09 08:12:16.942805+00","2025-11-09 08:12:16.942805+00"
2581,"851460282","8132883465","pending","2025-11-16 15:49:39.653654+00","2025-11-16 15:49:39.653654+00"
1330,"8333529926","1931647926","accepted","2025-11-09 09:21:11.412716+00","2025-11-09 09:45:44.546054+00"
1305,"6369586656","7277297826","accepted","2025-11-09 08:02:08.051857+00","2025-11-09 08:16:16.666413+00"
1337,"8333529926","8362956563","accepted","2025-11-09 09:38:03.159846+00","2025-11-09 09:47:37.889038+00"
1298,"6369586656","8132883465","accepted","2025-11-09 07:55:09.411618+00","2025-11-09 08:18:42.188179+00"
1312,"6344107400","6813893508","pending","2025-11-09 08:32:08.059088+00","2025-11-09 08:32:11.294154+00"
1303,"6369586656","1924682462","accepted","2025-11-09 08:00:03.505887+00","2025-11-09 08:42:38.002853+00"
1315,"8333529926","1152968025","declined","2025-11-09 08:43:49.004326+00","2025-11-09 08:44:21.415536+00"
1319,"8333529926","7191883532","pending","2025-11-09 08:55:11.270145+00","2025-11-09 08:55:11.270145+00"
1317,"8333529926","1201804003","accepted","2025-11-09 08:48:38.605064+00","2025-11-09 08:56:46.567721+00"
1324,"8333529926","614813590","pending","2025-11-09 09:13:20.387305+00","2025-11-09 09:13:20.387305+00"
1327,"6861300148","5014292785","pending","2025-11-09 09:16:26.056379+00","2025-11-09 09:16:26.056379+00"
1323,"8333529926","5734175919","accepted","2025-11-09 09:13:14.823088+00","2025-11-09 09:25:11.259247+00"
1331,"6369586656","5798503692","pending","2025-11-09 09:26:31.8436+00","2025-11-09 09:26:31.8436+00"
1332,"6369586656","8362956563","accepted","2025-11-09 09:27:11.601166+00","2025-11-09 09:27:19.366974+00"
1333,"8333529926","7849776289","pending","2025-11-09 09:29:39.771322+00","2025-11-09 09:29:39.771322+00"
1363,"1858554102","8362956563","accepted","2025-11-09 11:12:07.214893+00","2025-11-09 11:12:18.200912+00"
1326,"8333529926","1856737145","accepted","2025-11-09 09:15:14.198495+00","2025-11-09 09:58:04.77258+00"
1340,"380786898","5014292785","pending","2025-11-09 10:06:38.713018+00","2025-11-09 10:06:38.713018+00"
1341,"1115178522","5014292785","pending","2025-11-09 10:09:40.490196+00","2025-11-09 10:09:40.490196+00"
1342,"6715004512","1751867906","pending","2025-11-09 10:10:53.819881+00","2025-11-09 10:10:53.819881+00"
1339,"5263144977","6499363352","accepted","2025-11-09 09:59:30.662493+00","2025-11-09 10:11:11.709432+00"
1356,"8333529926","2118522383","pending","2025-11-09 10:36:27.794215+00","2025-11-09 10:36:27.794215+00"
1344,"5484611413","6497786250","declined","2025-11-09 10:13:30.906966+00","2025-11-09 10:13:48.060578+00"
1349,"8333529926","6128434180","accepted","2025-11-09 10:26:45.352641+00","2025-11-09 10:26:52.32861+00"
1338,"6715004512","797847663","pending","2025-11-09 09:55:06.414839+00","2025-11-09 10:27:17.013659+00"
1351,"8178595410","6128434180","accepted","2025-11-09 10:27:37.713688+00","2025-11-09 10:27:42.777649+00"
1335,"6369586656","1083055872","accepted","2025-11-09 09:34:13.590365+00","2025-11-09 10:31:49.797714+00"
1334,"6369586656","5941616526","accepted","2025-11-09 09:34:00.616503+00","2025-11-09 10:32:22.076588+00"
1353,"8333529926","7460651806","accepted","2025-11-09 10:36:10.178911+00","2025-11-09 10:36:58.242104+00"
1357,"5734175919","5014292785","accepted","2025-11-09 10:38:50.373318+00","2025-11-09 10:38:54.421454+00"
1358,"5734175919","6128434180","pending","2025-11-09 10:39:31.716887+00","2025-11-09 10:39:31.716887+00"
1359,"8333529926","5522315189","accepted","2025-11-09 10:39:35.560165+00","2025-11-09 10:40:14.012043+00"
1360,"5741313011","892966796","pending","2025-11-09 10:42:05.114025+00","2025-11-09 10:42:05.114025+00"
1355,"8333529926","6388524483","accepted","2025-11-09 10:36:17.804016+00","2025-11-09 10:42:53.582064+00"
1361,"7412135899","454739367","pending","2025-11-09 10:48:03.663396+00","2025-11-09 10:48:03.663396+00"
1362,"6883431789","6128434180","pending","2025-11-09 10:50:26.421266+00","2025-11-09 10:50:26.421266+00"
1347,"5440521648","1924682462","accepted","2025-11-09 10:24:45.074743+00","2025-11-09 10:54:00.792538+00"
1318,"8333529926","1320551665","accepted","2025-11-09 08:52:02.678691+00","2025-11-09 11:07:57.801821+00"
1352,"265545582","1081012722","accepted","2025-11-09 10:36:02.858939+00","2025-11-09 11:09:41.191811+00"
1345,"8333529926","6063243083","accepted","2025-11-09 10:21:13.912976+00","2025-11-09 11:18:50.463394+00"
1328,"8333529926","1051864908","declined","2025-11-09 09:17:10.831266+00","2025-11-09 11:19:20.766335+00"
1346,"8333529926","1857294945","accepted","2025-11-09 10:21:35.214494+00","2025-11-09 11:33:24.353972+00"
1280,"6110336587","8262150907","accepted","2025-11-09 06:58:26.297752+00","2025-11-09 11:34:54.191751+00"
1320,"1408002992","8132883465","accepted","2025-11-09 09:08:39.849534+00","2025-11-09 11:38:57.43671+00"
1314,"8374125027","8132883465","accepted","2025-11-09 08:43:03.282555+00","2025-11-09 11:38:57.705111+00"
1364,"8262150907","8362956563","accepted","2025-11-09 11:40:06.476088+00","2025-11-09 11:41:19.5116+00"
1365,"6179841738","8178595410","accepted","2025-11-09 11:45:25.872994+00","2025-11-09 11:46:17.034197+00"
1321,"8333529926","1511108148","accepted","2025-11-09 09:08:50.60545+00","2025-11-09 12:05:18.646765+00"
1366,"7050798852","5010994956","accepted","2025-11-09 12:17:22.652785+00","2025-11-09 12:19:41.921497+00"
1300,"6369586656","1609398709","accepted","2025-11-09 07:56:58.700423+00","2025-11-09 12:20:52.399446+00"
1368,"5206185628","7446530116","pending","2025-11-09 12:21:09.799554+00","2025-11-09 12:21:09.799554+00"
1369,"1511108148","8359698550","pending","2025-11-09 12:31:09.625718+00","2025-11-09 12:31:18.036652+00"
1371,"1511108148","8178595410","accepted","2025-11-09 12:35:39.857468+00","2025-11-09 12:35:45.835177+00"
1367,"2133374158","8312458446","accepted","2025-11-09 12:19:16.551691+00","2025-11-09 12:41:22.364038+00"
1372,"549672248","1609398709","accepted","2025-11-09 12:42:15.378162+00","2025-11-09 12:43:31.497002+00"
1374,"6416174875","797847663","pending","2025-11-09 12:46:46.317446+00","2025-11-09 12:46:46.317446+00"
1274,"8333529926","7537918284","accepted","2025-11-09 06:49:48.786189+00","2025-11-09 15:26:45.53955+00"
1322,"8333529926","6320071773","accepted","2025-11-09 09:09:04.578259+00","2025-11-09 16:00:23.023802+00"
1316,"5980085144","1751884518","accepted","2025-11-09 08:46:55.33089+00","2025-11-09 16:40:04.640706+00"
1348,"5440521648","5740594639","declined","2025-11-09 10:25:08.148557+00","2025-11-09 19:15:30.994448+00"
1292,"6110336587","5194677184","pending","2025-11-09 07:11:13.729754+00","2025-11-13 20:41:55.823412+00"
1380,"8369441606","8132883465","accepted","2025-11-09 13:57:21.14441+00","2025-11-09 14:43:24.977068+00"
1382,"356022509","8132883465","accepted","2025-11-09 14:08:22.68473+00","2025-11-09 14:43:27.06802+00"
2582,"851460282","6615059420","pending","2025-11-16 15:50:16.50652+00","2025-11-16 15:50:16.50652+00"
2635,"7647456213","6863474564","pending","2025-11-17 02:52:04.378385+00","2025-11-17 02:52:04.378385+00"
2689,"6438013120","6507987020","pending","2025-11-17 09:07:33.236968+00","2025-11-17 09:07:33.236968+00"
2703,"1629544697","7647636604","pending","2025-11-17 09:25:11.885825+00","2025-11-17 09:25:11.885825+00"
2694,"437928941","7388700051","declined","2025-11-17 09:11:12.096811+00","2025-11-17 09:48:22.534052+00"
2726,"2051390526","8054407830","accepted","2025-11-17 10:04:39.10494+00","2025-11-17 10:09:03.494811+00"
2727,"5471796510","8054407830","accepted","2025-11-17 10:04:50.604345+00","2025-11-17 10:09:05.349646+00"
2737,"6472930536","1462269617","accepted","2025-11-17 10:35:20.294545+00","2025-11-17 10:42:11.178613+00"
2738,"5781888399","5054622478","accepted","2025-11-17 10:36:00.763247+00","2025-11-17 12:58:34.687025+00"
2807,"1160479434","8132883465","pending","2025-11-17 18:10:58.747079+00","2025-11-17 18:10:58.747079+00"
2811,"289674405","1713751356","pending","2025-11-17 18:16:43.79698+00","2025-11-17 18:16:43.79698+00"
2827,"6638513660","1089378045","pending","2025-11-17 20:07:53.170652+00","2025-11-17 20:07:53.170652+00"
2830,"5654559984","6979153979","accepted","2025-11-17 20:10:04.974306+00","2025-11-17 20:10:16.962276+00"
2832,"6562061399","2133374158","accepted","2025-11-17 20:20:11.644062+00","2025-11-17 20:22:09.975822+00"
2821,"8155623941","8102206190","accepted","2025-11-17 19:10:54.877696+00","2025-11-17 21:15:48.45287+00"
2872,"1630954715","1036122318","pending","2025-11-18 06:30:45.259548+00","2025-11-18 06:30:45.259548+00"
2881,"5781888399","7412135899","accepted","2025-11-18 06:48:40.686696+00","2025-11-18 06:53:45.249063+00"
2878,"7557645312","6499363352","accepted","2025-11-18 06:43:52.519187+00","2025-11-18 07:33:32.388911+00"
2924,"1115042518","1713751356","pending","2025-11-18 13:15:42.865306+00","2025-11-18 13:15:42.865306+00"
2969,"472898765","5861336739","accepted","2025-11-18 17:59:28.987246+00","2025-11-18 17:59:42.783298+00"
2971,"6214794341","462966491","pending","2025-11-18 18:01:49.750507+00","2025-11-18 18:01:49.750507+00"
2983,"8087177701","2133374158","pending","2025-11-18 19:01:59.652064+00","2025-11-18 19:01:59.652064+00"
2990,"6214794341","8362956563","accepted","2025-11-18 19:19:40.854767+00","2025-11-18 19:19:49.034654+00"
2992,"1924451785","6233075737","pending","2025-11-18 19:36:41.689525+00","2025-11-18 19:36:41.689525+00"
2998,"8087177701","1113243747","accepted","2025-11-18 20:02:03.190168+00","2025-11-18 20:17:07.689982+00"
2988,"6909260412","8014736816","declined","2025-11-18 19:11:51.680184+00","2025-11-18 21:19:45.597471+00"
3030,"6879756822","8132883465","declined","2025-11-19 04:53:30.094961+00","2025-11-19 05:32:03.946422+00"
3083,"7014890571","6241412560","pending","2025-11-19 13:33:13.143289+00","2025-11-19 13:33:13.143289+00"
3087,"6670485073","1443977083","pending","2025-11-19 14:22:25.043558+00","2025-11-19 14:22:25.043558+00"
3140,"756955332","7388700051","accepted","2025-11-19 20:52:15.198178+00","2025-11-20 04:38:59.452063+00"
3187,"7911631857","8132883465","accepted","2025-11-20 06:34:10.244305+00","2025-11-20 06:34:19.267578+00"
3240,"8149308470","6719356467","declined","2025-11-20 13:33:09.279242+00","2025-11-20 13:33:16.689107+00"
3245,"7231257941","2133374158","pending","2025-11-20 14:02:46.682967+00","2025-11-20 14:03:10.768855+00"
3281,"7127905310","2133374158","pending","2025-11-20 19:01:55.373846+00","2025-11-20 19:01:55.373846+00"
3289,"1710730542","7501176620","accepted","2025-11-20 20:40:26.063147+00","2025-11-20 20:40:34.25096+00"
3335,"6623033631","969703633","pending","2025-11-21 08:07:40.749183+00","2025-11-21 08:07:40.749183+00"
3336,"2003912661","7680965813","accepted","2025-11-21 08:13:01.3385+00","2025-11-21 08:18:26.422399+00"
3355,"8487387358","1674834036","accepted","2025-11-21 09:54:48.499423+00","2025-11-21 09:58:28.345736+00"
3361,"6497786250","1579373309","accepted","2025-11-21 10:05:45.584768+00","2025-11-21 10:14:16.023487+00"
3369,"7589413494","7277167325","pending","2025-11-21 10:32:55.931739+00","2025-11-21 10:32:55.931739+00"
3391,"7839296530","7231257941","accepted","2025-11-21 12:45:36.58241+00","2025-11-21 13:47:35.457422+00"
3466,"5608148884","466664482","accepted","2025-11-21 21:23:59.090671+00","2025-11-22 05:10:32.577981+00"
3521,"5209553777","1211607170","accepted","2025-11-22 10:24:42.001936+00","2025-11-22 10:28:27.088411+00"
3825,"7282789865","8266579417","accepted","2025-11-27 11:00:29.503255+00","2025-11-27 11:00:36.984231+00"
3864,"6526754080","544561930","accepted","2025-11-27 18:52:04.8911+00","2025-11-28 06:40:39.70954+00"
3895,"400568980","7623717059","pending","2025-11-28 12:23:25.364485+00","2025-11-28 12:23:25.364485+00"
3924,"6316337881","1693382308","pending","2025-11-29 04:26:43.140268+00","2025-11-29 04:26:43.140268+00"
3522,"6623033631","771522611","accepted","2025-11-22 10:54:10.186273+00","2025-11-22 12:14:34.927954+00"
3562,"396391697","6499363352","pending","2025-11-22 19:31:36.090273+00","2025-11-22 19:31:36.090273+00"
3600,"5625646779","748407474","pending","2025-11-23 13:23:59.728793+00","2025-11-23 13:23:59.728793+00"
3630,"464531727","748407474","pending","2025-11-24 07:02:42.922265+00","2025-11-24 07:02:42.922265+00"
3664,"5384231139","8592156712","accepted","2025-11-25 12:36:07.208901+00","2025-11-25 12:36:19.152493+00"
3665,"5608148884","8011282814","accepted","2025-11-25 12:38:07.653696+00","2025-11-25 12:39:29.996766+00"
3703,"1714190669","7466894758","pending","2025-11-26 04:00:06.494335+00","2025-11-26 04:00:06.494335+00"
3750,"2133374158","8592156712","accepted","2025-11-26 11:51:19.364719+00","2025-11-26 11:54:03.452556+00"
3788,"7691468113","5779531688","accepted","2025-11-27 00:05:46.670739+00","2025-11-27 03:42:10.775297+00"
3962,"7563130272","759352684","pending","2025-11-29 17:01:32.813604+00","2025-11-29 17:01:32.813604+00"
3965,"5765955171","348808542","pending","2025-11-29 17:37:15.400911+00","2025-11-29 17:37:15.400911+00"
4331,"6048782329","1655811461","accepted","2025-12-04 20:37:47.765117+00","2025-12-04 20:41:41.367004+00"
3967,"7524169622","8149308470","accepted","2025-11-29 18:52:56.56328+00","2025-11-29 19:12:30.146244+00"
3998,"1445952701","5827312884","pending","2025-11-30 16:08:45.311012+00","2025-11-30 16:08:45.311012+00"
4036,"2004319924","915380448","declined","2025-12-01 09:47:14.018917+00","2025-12-01 10:27:25.66883+00"
4373,"6019735456","5014292785","accepted","2025-12-05 12:58:38.305436+00","2025-12-05 12:59:16.734814+00"
4130,"1469773444","5272321269","accepted","2025-12-02 10:49:37.690219+00","2025-12-02 10:54:44.743834+00"
4150,"6509940063","8487387358","declined","2025-12-02 11:42:35.617591+00","2025-12-02 11:46:29.741727+00"
4153,"1156271767","7945982183","accepted","2025-12-02 11:47:46.202609+00","2025-12-02 11:48:27.991179+00"
4165,"5439435615","6307144522","accepted","2025-12-02 12:08:41.07923+00","2025-12-02 12:09:04.050866+00"
4405,"607792900","7945982183","accepted","2025-12-06 07:41:22.707467+00","2025-12-06 07:42:43.408701+00"
4164,"5367797560","1273058201","pending","2025-12-02 12:08:37.016045+00","2025-12-02 12:49:29.529754+00"
4065,"6288590913","2133374158","pending","2025-12-01 21:23:35.779937+00","2025-12-02 17:25:22.850851+00"
4210,"5602940235","5014292785","pending","2025-12-02 19:06:18.353381+00","2025-12-02 19:06:18.353381+00"
4239,"6490842744","5636401129","pending","2025-12-03 15:09:15.881621+00","2025-12-03 15:09:15.881621+00"
4276,"1469773444","5935955811","pending","2025-12-04 09:49:22.64588+00","2025-12-04 09:49:22.64588+00"
4330,"6149607586","6816978900","accepted","2025-12-04 20:08:44.788027+00","2025-12-04 20:09:58.96685+00"
4406,"8438798512","7945982183","accepted","2025-12-06 08:08:30.002571+00","2025-12-06 08:11:16.404895+00"
1373,"1838365662","1609398709","accepted","2025-11-09 12:44:44.18073+00","2025-11-09 13:10:58.167664+00"
2584,"6490842744","1834543510","declined","2025-11-16 15:58:07.507183+00","2025-11-16 16:18:41.005428+00"
2639,"1469773444","611579657","pending","2025-11-17 03:03:39.228707+00","2025-11-17 03:03:39.228707+00"
2636,"2004319924","1215782140","accepted","2025-11-17 02:56:02.846422+00","2025-11-17 06:26:13.111713+00"
2720,"5958039592","7647636604","pending","2025-11-17 10:01:08.351403+00","2025-11-17 10:01:08.351403+00"
2733,"7963453467","5194677184","pending","2025-11-17 10:19:21.884389+00","2025-11-17 10:19:21.884389+00"
2808,"5718346246","405279726","accepted","2025-11-17 18:13:57.16066+00","2025-11-17 18:14:09.679779+00"
4278,"6418849107","8487387358","pending","2025-12-04 09:57:39.757871+00","2025-12-04 09:57:39.757871+00"
2815,"6166991504","8132883465","pending","2025-11-17 18:37:40.609677+00","2025-11-17 18:37:40.609677+00"
2819,"6623033631","8132883465","pending","2025-11-17 18:54:54.58282+00","2025-11-17 18:54:54.58282+00"
4283,"6418849107","6813893508","pending","2025-12-04 10:07:16.504287+00","2025-12-04 10:07:32.164285+00"
4332,"6048782329","1875815535","pending","2025-12-04 20:39:05.723807+00","2025-12-04 20:39:05.723807+00"
2810,"8285601529","5104100272","accepted","2025-11-17 18:15:02.082403+00","2025-11-17 20:25:22.772587+00"
2822,"5734175919","7628648078","declined","2025-11-17 19:18:58.133945+00","2025-11-18 02:40:48.397706+00"
2873,"5781888399","6499363352","accepted","2025-11-18 06:31:52.004985+00","2025-11-18 07:33:27.847712+00"
2973,"1469773444","462966491","pending","2025-11-18 18:29:08.694836+00","2025-11-18 18:29:08.694836+00"
2926,"6520418125","5779531688","accepted","2025-11-18 13:34:41.763188+00","2025-11-18 18:47:25.063281+00"
2980,"8087177701","6617962657","accepted","2025-11-18 18:58:10.807878+00","2025-11-18 20:42:17.085665+00"
3031,"1469773444","8487387358","accepted","2025-11-19 04:53:51.30087+00","2025-11-19 05:45:54.33308+00"
3039,"7336509255","5621572339","accepted","2025-11-19 05:49:34.162719+00","2025-11-19 09:23:17.649882+00"
3084,"7445487962","7990219678","accepted","2025-11-19 13:59:40.796078+00","2025-11-19 14:01:20.135949+00"
3141,"756955332","922252255","pending","2025-11-19 20:53:17.05318+00","2025-11-19 20:53:17.05318+00"
3143,"8254260954","8033265334","accepted","2025-11-19 21:20:02.895564+00","2025-11-20 05:10:41.19006+00"
3190,"7697057924","8132883465","accepted","2025-11-20 06:50:01.135687+00","2025-11-20 06:50:44.46816+00"
3194,"1469773444","7678101401","pending","2025-11-20 07:30:13.717599+00","2025-11-20 07:30:13.717599+00"
3241,"1635258706","6786766285","accepted","2025-11-20 13:48:59.966347+00","2025-11-20 13:50:56.452376+00"
2272,"6110336587","6117073132","accepted","2025-11-15 05:05:37.680179+00","2025-11-20 14:50:44.564233+00"
3282,"5799769691","6670787583","pending","2025-11-20 19:02:00.805302+00","2025-11-20 19:02:00.805302+00"
3290,"1355082268","6507987020","declined","2025-11-20 20:45:22.706471+00","2025-11-20 21:13:35.641453+00"
3295,"6148511982","1940613654","accepted","2025-11-20 21:10:39.514098+00","2025-11-20 21:17:33.766441+00"
3337,"7089969662","8132883465","declined","2025-11-21 08:18:40.6927+00","2025-11-21 08:36:56.9684+00"
3366,"698304652","1051864908","accepted","2025-11-21 10:25:22.978731+00","2025-11-21 10:38:13.575543+00"
3395,"7959360040","5816972493","accepted","2025-11-21 12:49:20.960031+00","2025-11-21 12:50:59.106787+00"
3399,"1469773444","1150794859","declined","2025-11-21 13:05:12.740402+00","2025-11-21 13:16:45.349074+00"
3405,"7589413494","5014292785","pending","2025-11-21 13:50:51.273192+00","2025-11-21 13:50:51.273192+00"
3467,"5183845073","8132883465","pending","2025-11-21 21:28:45.743093+00","2025-11-21 21:28:45.743093+00"
3564,"1026294851","797847663","accepted","2025-11-22 19:37:21.754198+00","2025-11-22 19:41:16.059721+00"
3601,"979003553","1924782398","accepted","2025-11-23 15:30:27.798544+00","2025-11-23 17:49:57.418423+00"
3523,"7744940567","5780389973","accepted","2025-11-22 10:58:00.937737+00","2025-11-23 18:53:30.4655+00"
3631,"6767875231","460996011","pending","2025-11-24 07:28:14.421846+00","2025-11-24 07:28:14.421846+00"
3667,"7766941287","5014292785","accepted","2025-11-25 12:52:22.197238+00","2025-11-25 13:00:50.532731+00"
3704,"1714190669","5344544294","accepted","2025-11-26 04:01:31.731827+00","2025-11-26 04:12:58.68996+00"
3751,"7089969662","6502398046","accepted","2025-11-26 12:09:45.573645+00","2025-11-26 12:25:39.733928+00"
3789,"7491106089","6233075737","accepted","2025-11-27 04:24:28.309251+00","2025-11-27 05:22:13.840439+00"
3827,"438153737","611579657","accepted","2025-11-27 12:22:00.004763+00","2025-11-27 13:12:39.73282+00"
3865,"5786382261","348108881","accepted","2025-11-27 19:30:29.935452+00","2025-11-27 21:43:50.489895+00"
3896,"400568980","8266579417","accepted","2025-11-28 12:25:43.299657+00","2025-11-29 06:22:17.444768+00"
3925,"7130255164","7788868790","accepted","2025-11-29 07:02:17.021992+00","2025-11-29 10:52:31.854893+00"
3963,"7234252969","6810310587","pending","2025-11-29 17:23:55.132543+00","2025-11-29 17:23:55.132543+00"
3999,"6987923370","7876573174","pending","2025-11-30 17:47:11.57361+00","2025-11-30 17:47:11.57361+00"
4037,"8109112246","2052395769","blocked","2025-12-01 10:09:53.681246+00","2025-12-01 14:57:49.686171+00"
4066,"7267510633","6167158821","pending","2025-12-01 22:26:01.403961+00","2025-12-01 22:26:01.403961+00"
4374,"7155517788","1058587695","accepted","2025-12-05 13:29:26.863026+00","2025-12-05 13:38:57.155866+00"
4134,"5367797560","8132883465","pending","2025-12-02 10:59:25.064215+00","2025-12-02 11:41:05.910883+00"
4211,"5404691484","7146525481","accepted","2025-12-02 21:55:35.476471+00","2025-12-02 22:14:02.519872+00"
4240,"7574726989","6499363352","accepted","2025-12-03 15:32:05.970402+00","2025-12-03 15:32:26.511044+00"
4407,"2051090373","5014292785","pending","2025-12-06 08:28:57.954221+00","2025-12-06 08:28:57.954221+00"
1375,"8072686210","6268905177","accepted","2025-11-09 12:50:51.335847+00","2025-11-09 13:24:27.128658+00"
1378,"6876985951","8072686210","accepted","2025-11-09 13:41:58.522108+00","2025-11-09 13:42:15.711548+00"
1381,"1246961688","1241455590","accepted","2025-11-09 14:08:05.413737+00","2025-11-09 14:09:56.682386+00"
1377,"7775478270","6128434180","declined","2025-11-09 13:21:45.215917+00","2025-11-09 14:16:18.068152+00"
1383,"1246961688","1051120004","accepted","2025-11-09 14:28:27.231994+00","2025-11-09 14:28:45.378965+00"
1379,"8178595410","8132883465","accepted","2025-11-09 13:52:39.266069+00","2025-11-09 14:43:15.382959+00"
1384,"7353496680","8132883465","accepted","2025-11-09 14:44:48.45635+00","2025-11-09 14:45:04.664677+00"
1386,"1081012722","8132883465","accepted","2025-11-09 15:14:54.392017+00","2025-11-09 15:15:25.062902+00"
1385,"1469034327","7501176620","accepted","2025-11-09 15:07:28.574495+00","2025-11-09 15:19:45.637948+00"
1387,"6943659764","1767733168","accepted","2025-11-09 15:22:12.828344+00","2025-11-09 15:23:02.087382+00"
1388,"8178595410","614813590","pending","2025-11-09 15:29:17.841327+00","2025-11-09 15:29:17.841327+00"
1389,"5213293196","797847663","pending","2025-11-09 15:33:30.99718+00","2025-11-09 15:33:30.99718+00"
1390,"8015378876","8132883465","accepted","2025-11-09 15:41:16.141372+00","2025-11-09 15:50:03.028746+00"
1391,"623002252","955679410","accepted","2025-11-09 15:42:01.148496+00","2025-11-09 15:52:59.794059+00"
1394,"1286629988","6128434180","pending","2025-11-09 16:30:52.944272+00","2025-11-09 16:30:52.944272+00"
1393,"1067316466","8132883465","accepted","2025-11-09 16:30:12.618747+00","2025-11-09 16:38:42.099794+00"
1396,"1286629988","1051120004","pending","2025-11-09 16:41:04.942018+00","2025-11-09 16:41:04.942018+00"
1395,"1286629988","1609398709","accepted","2025-11-09 16:40:35.093462+00","2025-11-09 16:43:32.030005+00"
1397,"7572925260","6419781970","pending","2025-11-09 17:18:30.450968+00","2025-11-09 17:18:30.450968+00"
1435,"7769904928","8496749643","accepted","2025-11-10 04:26:12.142011+00","2025-11-10 04:41:08.298659+00"
1400,"7188793791","8132883465","accepted","2025-11-09 17:28:35.390462+00","2025-11-09 17:47:55.282162+00"
1392,"855757095","6286671588","accepted","2025-11-09 15:59:39.769359+00","2025-11-09 18:14:20.347174+00"
1401,"7224880365","1924682462","pending","2025-11-09 17:30:39.789356+00","2025-11-09 18:43:50.80974+00"
1403,"1187601489","8132883465","declined","2025-11-09 18:53:20.357866+00","2025-11-09 19:03:52.209509+00"
1404,"6042624873","8132883465","declined","2025-11-09 19:01:30.424143+00","2025-11-09 19:03:53.377267+00"
1406,"7438545569","797847663","pending","2025-11-09 19:14:12.977442+00","2025-11-09 19:14:12.977442+00"
1398,"1924451785","1781787035","accepted","2025-11-09 17:18:51.13477+00","2025-11-09 19:14:26.103271+00"
1407,"549672248","5014292785","accepted","2025-11-09 19:16:08.65793+00","2025-11-09 19:16:54.528046+00"
1409,"1511108148","7173995823","pending","2025-11-09 19:21:18.660036+00","2025-11-09 19:21:18.660036+00"
1410,"8223523947","1940613654","accepted","2025-11-09 19:24:55.905867+00","2025-11-09 19:28:39.399836+00"
1408,"8436061444","381189753","accepted","2025-11-09 19:19:33.915801+00","2025-11-09 19:35:41.476523+00"
1413,"812615884","5014292785","pending","2025-11-09 19:48:34.676887+00","2025-11-09 19:48:34.676887+00"
1414,"1441075897","5014292785","pending","2025-11-09 20:01:45.60673+00","2025-11-09 20:01:45.60673+00"
1415,"5256285571","6559312412","pending","2025-11-09 20:15:23.829235+00","2025-11-09 20:15:23.829235+00"
1412,"2042589190","756011892","accepted","2025-11-09 19:43:03.305831+00","2025-11-09 20:54:50.316693+00"
1417,"1038163853","614813590","pending","2025-11-09 21:14:36.377802+00","2025-11-09 21:14:36.377802+00"
1416,"364682065","758080314","accepted","2025-11-09 21:13:17.245581+00","2025-11-09 21:18:13.416221+00"
1419,"7641121317","7168900029","accepted","2025-11-09 21:39:34.331263+00","2025-11-09 21:48:21.687921+00"
1421,"8406503714","5014292785","pending","2025-11-09 22:26:47.066657+00","2025-11-09 22:26:47.066657+00"
1425,"477462298","797847663","pending","2025-11-10 02:02:11.582284+00","2025-11-10 02:02:11.582284+00"
1418,"8332818063","8132883465","declined","2025-11-09 21:34:49.036038+00","2025-11-10 02:03:07.730214+00"
1423,"7878529257","8132883465","declined","2025-11-09 23:03:39.711113+00","2025-11-10 02:03:08.428243+00"
1411,"5218775030","8132883465","declined","2025-11-09 19:34:20.26131+00","2025-11-10 02:03:08.886797+00"
1427,"477462298","6128434180","pending","2025-11-10 02:11:40.528158+00","2025-11-10 02:11:40.528158+00"
1428,"477462298","5014292785","pending","2025-11-10 02:12:20.691038+00","2025-11-10 02:12:20.691038+00"
1424,"5018981212","7501176620","accepted","2025-11-10 01:49:32.205777+00","2025-11-10 02:16:14.275039+00"
1430,"7492401174","5014292785","pending","2025-11-10 03:28:03.718057+00","2025-11-10 03:28:03.718057+00"
1436,"6110321042","8496749643","accepted","2025-11-10 04:33:27.32486+00","2025-11-10 04:41:11.429743+00"
1426,"477462298","8132883465","accepted","2025-11-10 02:09:44.558695+00","2025-11-10 04:03:24.418175+00"
1431,"7291476378","5014292785","pending","2025-11-10 04:04:31.023371+00","2025-11-10 04:04:31.023371+00"
1433,"2004319924","5014292785","pending","2025-11-10 04:09:03.26704+00","2025-11-10 04:09:03.26704+00"
1422,"7878529257","466664482","accepted","2025-11-09 22:58:12.762099+00","2025-11-10 04:19:14.31881+00"
1432,"2004319924","8132883465","accepted","2025-11-10 04:08:53.856101+00","2025-11-10 04:40:45.061453+00"
1437,"972443054","5014292785","pending","2025-11-10 04:43:45.526314+00","2025-11-10 04:43:45.526314+00"
1434,"1441075897","8496749643","accepted","2025-11-10 04:21:05.883405+00","2025-11-10 04:41:04.442243+00"
1438,"1115129736","8132883465","accepted","2025-11-10 04:51:32.414715+00","2025-11-10 04:51:38.542945+00"
1420,"1340520090","797847663","accepted","2025-11-09 21:51:21.890116+00","2025-11-10 04:55:45.704595+00"
1439,"6045190860","5014292785","pending","2025-11-10 05:02:00.456094+00","2025-11-10 05:02:00.456094+00"
1455,"5591204099","8132883465","declined","2025-11-10 06:09:46.036353+00","2025-11-10 06:09:48.849862+00"
1443,"1115129736","5014292785","pending","2025-11-10 05:03:44.041406+00","2025-11-10 05:03:44.041406+00"
1445,"5932313280","6499363352","accepted","2025-11-10 05:07:21.351353+00","2025-11-10 05:07:28.634411+00"
1456,"6490842744","8132883465","pending","2025-11-10 06:26:30.573417+00","2025-11-10 06:28:03.064983+00"
1444,"8246375239","8132883465","accepted","2025-11-10 05:04:49.946798+00","2025-11-10 05:08:11.535705+00"
1440,"1441075897","8132883465","accepted","2025-11-10 05:02:03.979821+00","2025-11-10 05:08:12.093184+00"
1458,"441781662","8132883465","pending","2025-11-10 06:35:52.838794+00","2025-11-10 06:48:43.910977+00"
1448,"5723927134","8132883465","pending","2025-11-10 05:15:28.724204+00","2025-11-10 05:15:28.724204+00"
1441,"1441075897","6499363352","accepted","2025-11-10 05:03:36.98805+00","2025-11-10 05:15:30.922686+00"
1450,"8285615528","8132883465","accepted","2025-11-10 05:32:21.091992+00","2025-11-10 05:35:56.373499+00"
1449,"8399186649","8132883465","accepted","2025-11-10 05:21:58.503717+00","2025-11-10 05:35:57.069862+00"
1451,"7339018641","5014292785","pending","2025-11-10 05:42:01.155396+00","2025-11-10 05:42:01.155396+00"
1452,"1081012722","2077130336","pending","2025-11-10 05:46:08.133864+00","2025-11-10 05:46:18.699063+00"
1429,"7841732987","1103065697","accepted","2025-11-10 02:22:33.948777+00","2025-11-10 05:53:36.639806+00"
1454,"1886189335","8132883465","accepted","2025-11-10 05:59:01.760761+00","2025-11-10 05:59:59.216039+00"
1460,"5916895217","8132883465","pending","2025-11-10 06:50:15.039108+00","2025-11-10 06:50:15.039108+00"
1461,"7002145167","5014292785","pending","2025-11-10 07:12:56.144087+00","2025-11-10 07:12:56.144087+00"
1462,"1710730542","8132883465","pending","2025-11-10 07:13:09.5026+00","2025-11-10 07:13:09.5026+00"
1467,"5412283638","5014292785","pending","2025-11-10 07:32:32.62499+00","2025-11-10 07:32:32.62499+00"
1468,"8332818063","5014292785","pending","2025-11-10 07:35:33.413251+00","2025-11-10 07:35:33.413251+00"
1466,"7876573174","6499363352","accepted","2025-11-10 07:28:31.715705+00","2025-11-10 07:38:26.747339+00"
1469,"583756238","5014292785","pending","2025-11-10 07:48:54.287742+00","2025-11-10 07:48:54.287742+00"
1470,"430556924","8451398351","accepted","2025-11-10 07:53:29.545227+00","2025-11-10 07:53:36.858807+00"
1473,"1119665265","8132883465","pending","2025-11-10 08:07:47.292196+00","2025-11-10 08:07:47.292196+00"
1474,"6296393748","5221059473","pending","2025-11-10 08:12:00.424345+00","2025-11-10 08:12:00.424345+00"
1471,"1119665265","6692034060","accepted","2025-11-10 07:57:54.182375+00","2025-11-10 08:19:19.891119+00"
1475,"805490523","8132883465","pending","2025-11-10 08:26:13.042971+00","2025-11-10 08:26:13.042971+00"
1476,"6179841738","7597964581","pending","2025-11-10 08:27:40.677336+00","2025-11-10 08:27:40.677336+00"
1477,"5717189460","8132883465","pending","2025-11-10 08:28:19.650034+00","2025-11-10 08:28:19.650034+00"
1478,"1155390063","6499363352","accepted","2025-11-10 08:32:48.898075+00","2025-11-10 08:38:56.882933+00"
1479,"472898765","1609398709","accepted","2025-11-10 08:43:51.571687+00","2025-11-10 08:50:03.966816+00"
1481,"430782885","8132883465","pending","2025-11-10 08:51:57.732481+00","2025-11-10 08:53:07.553738+00"
1484,"472898765","8312458446","pending","2025-11-10 08:57:54.055822+00","2025-11-10 08:57:54.055822+00"
1485,"472898765","531409710","accepted","2025-11-10 09:06:51.653088+00","2025-11-10 09:07:12.440867+00"
1472,"909034278","7984980757","accepted","2025-11-10 08:05:37.887135+00","2025-11-10 10:34:38.358717+00"
1463,"7002145167","8496749643","accepted","2025-11-10 07:14:59.566966+00","2025-11-10 13:03:51.228437+00"
1465,"1462269617","8496749643","accepted","2025-11-10 07:27:05.649941+00","2025-11-10 13:03:53.587197+00"
1488,"7050798852","8496749643","accepted","2025-11-10 09:29:33.092738+00","2025-11-10 13:04:10.366798+00"
1480,"430782885","1609398709","accepted","2025-11-10 08:51:54.095329+00","2025-11-10 09:08:16.827271+00"
1487,"472898765","614813590","pending","2025-11-10 09:18:08.938825+00","2025-11-10 09:18:08.938825+00"
1486,"472898765","5014292785","accepted","2025-11-10 09:16:51.773314+00","2025-11-10 09:23:42.163607+00"
1405,"7555558810","7542970800","accepted","2025-11-09 19:03:59.329398+00","2025-11-10 09:33:08.459409+00"
1489,"533920704","6559312412","accepted","2025-11-10 09:48:54.564324+00","2025-11-10 09:49:11.411403+00"
1492,"1136410666","7168900029","pending","2025-11-10 10:18:04.448519+00","2025-11-10 10:18:04.448519+00"
1491,"2143858050","1732388131","accepted","2025-11-10 10:15:30.573135+00","2025-11-10 10:22:08.873797+00"
1493,"8451398351","713915836","pending","2025-11-10 10:22:14.089315+00","2025-11-10 10:22:14.089315+00"
1552,"356250788","5014292785","pending","2025-11-10 19:36:50.355047+00","2025-11-10 19:36:50.355047+00"
1496,"8386951099","1305273494","pending","2025-11-10 10:52:07.500833+00","2025-11-10 10:52:07.500833+00"
1523,"1050036615","6504427565","accepted","2025-11-10 14:56:50.084814+00","2025-11-10 19:47:42.085158+00"
1499,"6825417191","7597964581","accepted","2025-11-10 11:02:06.414737+00","2025-11-10 11:03:06.544954+00"
1500,"6227986017","922252255","pending","2025-11-10 11:03:57.619211+00","2025-11-10 11:03:57.619211+00"
1494,"5753506007","7501176620","accepted","2025-11-10 10:38:03.331266+00","2025-11-10 11:07:32.313539+00"
1501,"7904161055","5014292785","pending","2025-11-10 11:09:32.022435+00","2025-11-10 11:09:32.022435+00"
1497,"8178595410","1732388131","accepted","2025-11-10 10:53:43.981006+00","2025-11-10 11:10:36.818297+00"
1495,"1751867906","1609398709","accepted","2025-11-10 10:46:11.698541+00","2025-11-10 11:10:39.900435+00"
1504,"1036147709","1294964651","pending","2025-11-10 11:46:09.414367+00","2025-11-10 11:46:09.414367+00"
1506,"5225193633","5014292785","pending","2025-11-10 11:57:31.462876+00","2025-11-10 11:57:31.462876+00"
1507,"5932780397","6128434180","pending","2025-11-10 12:11:09.040929+00","2025-11-10 12:11:09.040929+00"
1502,"1071472901","797847663","accepted","2025-11-10 11:18:15.936949+00","2025-11-10 12:37:54.297912+00"
1505,"1071472901","8132883465","pending","2025-11-10 11:48:30.580691+00","2025-11-10 12:46:43.47015+00"
1528,"1570959519","7952047594","accepted","2025-11-10 16:03:05.718358+00","2025-11-10 19:56:06.201649+00"
1511,"356250788","1834543510","accepted","2025-11-10 12:48:51.864517+00","2025-11-10 12:52:02.295497+00"
1512,"585055306","7501176620","accepted","2025-11-10 12:58:54.551954+00","2025-11-10 13:00:04.882906+00"
1513,"356250788","7315425698","pending","2025-11-10 13:12:18.92707+00","2025-11-10 13:12:18.92707+00"
1514,"356250788","5397367435","accepted","2025-11-10 13:19:34.226258+00","2025-11-10 13:21:22.137008+00"
1515,"1383170691","8132883465","pending","2025-11-10 13:25:15.506939+00","2025-11-10 13:25:15.506939+00"
1503,"1071472901","6272869186","accepted","2025-11-10 11:19:30.652396+00","2025-11-10 13:30:26.6924+00"
1516,"7656863576","1568889911","accepted","2025-11-10 13:27:43.810995+00","2025-11-10 13:53:07.581297+00"
1518,"1238820183","5014292785","pending","2025-11-10 13:57:32.099911+00","2025-11-10 13:57:32.099911+00"
1517,"7656863576","1241455590","accepted","2025-11-10 13:57:25.389704+00","2025-11-10 13:58:06.624319+00"
1519,"7888980104","797847663","accepted","2025-11-10 13:59:52.376442+00","2025-11-10 14:04:46.670741+00"
1520,"1342810261","6152221028","pending","2025-11-10 14:20:30.023587+00","2025-11-10 14:20:30.023587+00"
1521,"1134521031","7985867398","pending","2025-11-10 14:40:54.399812+00","2025-11-10 14:40:54.399812+00"
1522,"7382469445","7501176620","pending","2025-11-10 14:53:05.3446+00","2025-11-10 14:53:05.3446+00"
1525,"5935585336","7392286168","declined","2025-11-10 15:28:08.971845+00","2025-11-10 15:38:57.105739+00"
1526,"1570959519","6847811341","pending","2025-11-10 15:48:39.125916+00","2025-11-10 15:48:39.125916+00"
1527,"7770527190","5014292785","pending","2025-11-10 15:59:13.950325+00","2025-11-10 15:59:13.950325+00"
1529,"1570959519","8172466679","pending","2025-11-10 16:05:03.873129+00","2025-11-10 16:05:03.873129+00"
1532,"1570959519","8071673501","accepted","2025-11-10 16:13:08.568372+00","2025-11-10 16:13:27.347283+00"
1533,"1570959519","1781367090","pending","2025-11-10 16:24:25.003702+00","2025-11-10 16:24:25.003702+00"
1534,"1570959519","1158727768","pending","2025-11-10 16:28:36.784056+00","2025-11-10 16:28:36.784056+00"
1524,"451257119","8496749643","accepted","2025-11-10 14:58:38.031759+00","2025-11-10 16:53:14.001103+00"
1530,"1570959519","865881783","accepted","2025-11-10 16:05:40.581931+00","2025-11-10 17:16:48.974332+00"
1538,"1570959519","642446361","pending","2025-11-10 18:31:48.307887+00","2025-11-10 18:34:01.160678+00"
1553,"8078738966","1288551083","declined","2025-11-10 19:56:39.521447+00","2025-11-10 19:57:03.063193+00"
1540,"1570959519","542308640","accepted","2025-11-10 18:33:16.271657+00","2025-11-10 18:34:52.889834+00"
1539,"1570959519","1525233004","accepted","2025-11-10 18:32:57.187694+00","2025-11-10 18:39:12.939024+00"
1544,"1813789457","829653636","pending","2025-11-10 18:50:37.817123+00","2025-11-10 18:50:37.817123+00"
1545,"2133374158","7647636604","pending","2025-11-10 19:06:43.71582+00","2025-11-10 19:06:43.71582+00"
1546,"6390970398","1924682462","pending","2025-11-10 19:12:37.837729+00","2025-11-10 19:12:37.837729+00"
1548,"2133374158","6233075737","pending","2025-11-10 19:18:35.608712+00","2025-11-10 19:18:35.608712+00"
1547,"2133374158","411388600","accepted","2025-11-10 19:15:39.88168+00","2025-11-10 19:18:47.337779+00"
1490,"430556924","1834543510","blocked","2025-11-10 10:11:03.802001+00","2025-11-10 10:15:55.329722+00"
1536,"6272869186","7597964581","accepted","2025-11-10 18:23:40.880217+00","2025-11-10 19:21:32.720834+00"
1549,"7699820988","1211607170","pending","2025-11-10 19:26:55.601132+00","2025-11-10 19:26:55.601132+00"
1551,"7639037201","1443977083","accepted","2025-11-10 19:33:04.253008+00","2025-11-10 19:33:23.122419+00"
1570,"2051226907","431387764","accepted","2025-11-11 04:33:56.470521+00","2025-11-11 04:34:05.677847+00"
1556,"820582696","6332613822","accepted","2025-11-10 20:21:01.798969+00","2025-11-10 20:21:53.445272+00"
1560,"6650635132","5014292785","pending","2025-11-10 22:18:27.932864+00","2025-11-10 22:18:27.932864+00"
1554,"7952047594","5224725107","accepted","2025-11-10 19:58:45.315149+00","2025-11-10 22:26:59.03069+00"
1558,"337193479","1443977083","accepted","2025-11-10 21:41:05.766484+00","2025-11-10 22:55:00.943383+00"
1550,"973161220","6499363352","accepted","2025-11-10 19:30:08.584162+00","2025-11-10 23:14:25.301289+00"
1562,"302135187","1065123416","pending","2025-11-11 01:31:01.827117+00","2025-11-11 01:31:01.827117+00"
1563,"1674409995","8132883465","pending","2025-11-11 01:37:32.182549+00","2025-11-11 01:37:32.182549+00"
1564,"7048596392","5014292785","pending","2025-11-11 03:35:24.852741+00","2025-11-11 03:35:24.852741+00"
1565,"5546122887","6499363352","accepted","2025-11-11 03:49:23.288746+00","2025-11-11 03:49:30.352771+00"
1566,"7795615574","8593284625","accepted","2025-11-11 03:59:17.309484+00","2025-11-11 04:00:36.422162+00"
1508,"5932780397","5670238240","accepted","2025-11-10 12:38:26.874094+00","2025-11-11 04:09:32.028899+00"
1567,"6594376932","1568889911","accepted","2025-11-11 04:15:39.754711+00","2025-11-11 04:15:49.369972+00"
1568,"7699820988","5014292785","pending","2025-11-11 04:21:39.830119+00","2025-11-11 04:21:39.830119+00"
1569,"7699820988","6499363352","accepted","2025-11-11 04:22:40.897739+00","2025-11-11 04:26:03.447781+00"
1571,"829653636","1568889911","accepted","2025-11-11 04:37:10.245661+00","2025-11-11 04:38:41.214133+00"
1575,"5755576587","631514730","pending","2025-11-11 05:36:59.796869+00","2025-11-11 05:37:01.044738+00"
1537,"6272869186","5033086865","accepted","2025-11-10 18:25:05.372558+00","2025-11-11 04:44:57.101071+00"
1572,"7291476378","7177426187","pending","2025-11-11 05:04:04.848534+00","2025-11-11 05:04:04.848534+00"
1573,"1246961688","7876573174","declined","2025-11-11 05:07:25.329997+00","2025-11-11 05:33:27.933647+00"
1574,"7234252969","6914943213","pending","2025-11-11 05:34:34.312835+00","2025-11-11 05:34:34.312835+00"
1561,"689645125","7501176620","accepted","2025-11-10 23:51:47.95191+00","2025-11-11 05:35:28.787686+00"
1577,"7234252969","5014292785","pending","2025-11-11 05:48:32.076498+00","2025-11-11 05:48:32.076498+00"
1578,"6110336587","5816972493","pending","2025-11-11 05:50:54.255145+00","2025-11-11 05:50:54.255145+00"
1581,"6110336587","6914943213","pending","2025-11-11 05:52:16.852785+00","2025-11-11 05:52:16.852785+00"
1584,"1143311391","7177426187","pending","2025-11-11 05:54:53.980645+00","2025-11-11 05:54:53.980645+00"
1580,"6110336587","370668833","accepted","2025-11-11 05:51:59.97858+00","2025-11-11 05:59:00.977683+00"
1583,"465935118","370668833","accepted","2025-11-11 05:53:47.548837+00","2025-11-11 05:59:03.486003+00"
1587,"6110336587","6794069219","pending","2025-11-11 05:59:03.980049+00","2025-11-11 05:59:03.980049+00"
2565,"2144552661","7392286168","declined","2025-11-16 13:49:52.120461+00","2025-11-16 16:07:00.047489+00"
1582,"6110336587","1211607170","accepted","2025-11-11 05:52:34.31928+00","2025-11-15 18:54:18.04425+00"
1579,"6110336587","7460651806","accepted","2025-11-11 05:51:09.229599+00","2025-11-11 06:19:45.608534+00"
1591,"556371629","7501176620","accepted","2025-11-11 06:40:46.278021+00","2025-11-11 07:39:43.639402+00"
1589,"6110336587","8362956563","accepted","2025-11-11 06:01:03.591657+00","2025-11-11 06:55:42.936717+00"
1559,"6650635132","8217600370","declined","2025-11-10 22:16:40.61147+00","2025-11-11 07:01:04.974749+00"
1586,"6110336587","1292687770","accepted","2025-11-11 05:58:10.282151+00","2025-11-11 07:42:07.619281+00"
1557,"2133374158","1216016294","accepted","2025-11-10 20:59:51.403956+00","2025-11-11 09:43:44.091345+00"
1585,"6110336587","422805597","accepted","2025-11-11 05:57:49.712225+00","2025-11-11 10:37:12.774323+00"
1531,"1570959519","400568980","accepted","2025-11-10 16:09:44.640959+00","2025-11-12 19:53:46.188849+00"
1592,"5183845073","1103065697","pending","2025-11-11 07:11:06.926596+00","2025-11-11 07:11:06.926596+00"
2585,"8234943188","1940613654","accepted","2025-11-16 16:22:03.802166+00","2025-11-16 16:24:20.687655+00"
2637,"1469773444","5194677184","pending","2025-11-17 03:03:04.078578+00","2025-11-17 03:03:04.078578+00"
2746,"6110336587","462966491","pending","2025-11-17 12:05:55.539227+00","2025-11-17 12:05:55.539227+00"
2741,"8087177701","6507987020","declined","2025-11-17 11:44:39.423703+00","2025-11-17 12:11:05.224005+00"
2747,"6110336587","5344544294","accepted","2025-11-17 12:06:33.674804+00","2025-11-17 12:13:00.573493+00"
2749,"6763564039","797847663","accepted","2025-11-17 12:07:45.376537+00","2025-11-17 12:15:49.070347+00"
2743,"5756566267","451257119","accepted","2025-11-17 11:51:37.934737+00","2025-11-17 12:39:25.157261+00"
2745,"6110336587","475734022","accepted","2025-11-17 12:04:28.879644+00","2025-11-17 12:58:15.24804+00"
2809,"289674405","5014292785","pending","2025-11-17 18:14:12.767132+00","2025-11-17 18:14:12.767132+00"
2813,"614813590","951730392","accepted","2025-11-17 18:27:38.908402+00","2025-11-17 18:27:43.338695+00"
2874,"7089969662","2077632607","pending","2025-11-18 06:32:02.841823+00","2025-11-18 06:32:02.841823+00"
2929,"6499363352","7913513369","accepted","2025-11-18 14:05:21.359651+00","2025-11-18 14:05:46.413871+00"
2979,"366091755","8132883465","pending","2025-11-18 18:52:27.263728+00","2025-11-18 18:52:27.263728+00"
2974,"1696110373","8054407830","accepted","2025-11-18 18:36:34.292122+00","2025-11-18 21:00:59.727347+00"
3033,"1469773444","1164335213","pending","2025-11-19 04:55:57.085144+00","2025-11-19 04:55:57.085144+00"
3046,"5074127278","5014292785","pending","2025-11-19 07:19:01.292121+00","2025-11-19 07:19:01.292121+00"
3047,"7336509255","1940613654","pending","2025-11-19 07:43:46.259286+00","2025-11-19 07:43:46.259286+00"
3036,"7336509255","1103065697","accepted","2025-11-19 05:33:54.675898+00","2025-11-19 09:13:52.876494+00"
3085,"5921190195","6719356467","pending","2025-11-19 14:11:13.499692+00","2025-11-19 14:11:13.499692+00"
3142,"7680965813","8487387358","pending","2025-11-19 20:55:30.209129+00","2025-11-19 20:55:30.209129+00"
3191,"6858294459","8132883465","accepted","2025-11-20 06:54:43.685799+00","2025-11-20 06:58:28.125682+00"
3242,"8109112246","1797490235","pending","2025-11-20 13:56:18.642244+00","2025-11-20 13:56:18.642244+00"
3284,"5014292785","6332613822","accepted","2025-11-20 19:32:24.558873+00","2025-11-20 19:45:26.931349+00"
3340,"6623033631","2133374158","pending","2025-11-21 08:22:17.331479+00","2025-11-21 08:22:17.331479+00"
3339,"346104087","6610816505","accepted","2025-11-21 08:22:13.643732+00","2025-11-21 08:22:28.372069+00"
3342,"712935913","8199846804","accepted","2025-11-21 08:42:02.943176+00","2025-11-21 08:43:00.151088+00"
3398,"1469773444","418211784","pending","2025-11-21 13:05:09.740893+00","2025-11-21 13:05:09.740893+00"
3404,"8487387358","1241455590","accepted","2025-11-21 13:16:49.925709+00","2025-11-21 13:17:03.252568+00"
3468,"7411374259","538924809","pending","2025-11-21 21:55:05.993049+00","2025-11-21 21:55:05.993049+00"
4288,"7336509255","7168900029","pending","2025-12-04 10:15:24.653663+00","2025-12-04 10:15:24.653663+00"
3490,"1355082268","942663833","pending","2025-11-21 22:27:57.595559+00","2025-11-21 22:27:57.595559+00"
3485,"7296594672","8161990253","accepted","2025-11-21 22:22:27.635712+00","2025-11-22 05:51:23.952281+00"
3524,"7744940567","5886466655","pending","2025-11-22 10:59:04.738911+00","2025-11-22 10:59:04.738911+00"
3525,"7563130272","5288620089","pending","2025-11-22 11:00:19.037536+00","2025-11-22 11:00:19.037536+00"
3566,"1490009167","8132883465","pending","2025-11-22 19:43:52.230019+00","2025-11-22 19:43:52.230019+00"
3602,"6504427565","8199846804","accepted","2025-11-23 15:50:06.383932+00","2025-11-23 16:08:27.790005+00"
3632,"7060891299","7984980757","accepted","2025-11-24 08:01:09.484745+00","2025-11-24 08:13:36.417223+00"
3669,"7234252969","5920750254","pending","2025-11-25 13:15:05.401596+00","2025-11-25 13:15:05.401596+00"
3705,"7775478270","5194677184","pending","2025-11-26 04:41:57.618815+00","2025-11-26 04:41:57.618815+00"
4279,"5258644270","1051864908","accepted","2025-12-04 10:05:48.331466+00","2025-12-04 10:17:21.8622+00"
4333,"1469773444","1875815535","pending","2025-12-04 20:54:33.522082+00","2025-12-04 20:54:33.522082+00"
4375,"8187721173","1579373309","pending","2025-12-05 13:33:36.246784+00","2025-12-05 13:33:36.246784+00"
3754,"8269238670","558918331","blocked","2025-11-26 12:15:00.282777+00","2025-11-26 12:36:13.785974+00"
3790,"7234252969","7466894758","pending","2025-11-27 04:28:47.112241+00","2025-11-27 04:28:47.112241+00"
3828,"2006382893","1150794859","accepted","2025-11-27 12:41:30.22218+00","2025-11-27 12:54:18.823274+00"
3866,"1045255243","5014292785","pending","2025-11-27 19:31:11.181132+00","2025-11-27 19:31:11.181132+00"
3897,"6802063816","544561930","accepted","2025-11-28 12:58:29.499432+00","2025-11-28 18:28:19.875064+00"
3926,"5006883510","6499363352","accepted","2025-11-29 08:24:49.350106+00","2025-11-29 08:45:21.266453+00"
3964,"396809977","7466894758","pending","2025-11-29 17:29:56.032659+00","2025-11-29 17:29:56.032659+00"
4000,"7481152641","5782543284","pending","2025-11-30 18:37:10.04985+00","2025-11-30 18:37:10.04985+00"
4038,"7865044151","1568889911","accepted","2025-12-01 11:24:23.931401+00","2025-12-01 12:48:14.624125+00"
4067,"600735471","5886466655","pending","2025-12-02 00:58:58.804362+00","2025-12-02 00:58:58.804362+00"
4137,"1441075897","797847663","accepted","2025-12-02 11:12:26.322092+00","2025-12-02 11:14:33.419439+00"
4163,"5923581745","8349531562","accepted","2025-12-02 12:07:23.879095+00","2025-12-02 12:08:25.154697+00"
4181,"7733481276","797847663","pending","2025-12-02 13:07:23.639825+00","2025-12-02 13:07:34.14891+00"
4180,"5325900270","5014292785","accepted","2025-12-02 13:06:55.202806+00","2025-12-02 13:09:27.738936+00"
4408,"413935916","5014292785","pending","2025-12-06 11:18:32.959496+00","2025-12-06 11:18:32.959496+00"
4183,"5531789930","442537417","accepted","2025-12-02 13:22:22.397932+00","2025-12-02 13:33:25.137889+00"
4212,"371216180","8132883465","pending","2025-12-02 22:00:32.705597+00","2025-12-02 22:00:32.705597+00"
4241,"6272869186","7191883532","accepted","2025-12-03 15:47:55.588002+00","2025-12-03 17:06:58.916346+00"
4284,"6418849107","1103065697","pending","2025-12-04 10:07:20.076929+00","2025-12-04 10:07:20.076929+00"
4286,"5367797560","1008814171","pending","2025-12-04 10:09:29.906821+00","2025-12-04 10:09:29.906821+00"
1593,"5183845073","7135329381","pending","2025-11-11 07:17:40.339152+00","2025-11-11 07:17:40.339152+00"
1594,"5183845073","5650409458","pending","2025-11-11 07:18:00.522326+00","2025-11-11 07:18:00.522326+00"
1595,"5183845073","7931937025","pending","2025-11-11 07:18:14.823573+00","2025-11-11 07:18:14.823573+00"
1596,"5183845073","858299807","pending","2025-11-11 07:18:27.73049+00","2025-11-11 07:18:27.73049+00"
1598,"5183845073","7612065425","pending","2025-11-11 07:19:25.411073+00","2025-11-11 07:19:25.411073+00"
1599,"5183845073","6233075737","pending","2025-11-11 07:19:42.755089+00","2025-11-11 07:19:42.755089+00"
1600,"5183845073","516950330","pending","2025-11-11 07:20:29.799071+00","2025-11-11 07:20:29.799071+00"
1648,"6110336587","5850180859","accepted","2025-11-11 17:53:20.227697+00","2025-11-11 18:03:50.616229+00"
1601,"5009377468","6499363352","accepted","2025-11-11 07:27:22.173258+00","2025-11-11 07:36:11.781122+00"
1597,"5183845073","989260246","declined","2025-11-11 07:18:41.457204+00","2025-11-11 08:06:31.329618+00"
1604,"992176019","797847663","accepted","2025-11-11 09:07:25.537289+00","2025-11-11 09:07:41.9051+00"
1602,"445853117","6499363352","accepted","2025-11-11 08:04:53.920082+00","2025-11-11 09:07:43.683148+00"
1603,"874498827","6499363352","accepted","2025-11-11 08:05:38.44102+00","2025-11-11 09:07:48.279234+00"
1605,"5694718423","5798503692","accepted","2025-11-11 09:51:39.017385+00","2025-11-11 09:54:03.686913+00"
1606,"5848088242","797847663","accepted","2025-11-11 09:53:59.546864+00","2025-11-11 09:58:08.99652+00"
1588,"6110336587","8496749643","accepted","2025-11-11 05:59:18.870022+00","2025-11-11 10:06:46.793607+00"
1609,"607792900","733240884","accepted","2025-11-11 10:35:43.116374+00","2025-11-11 10:35:57.429947+00"
1611,"8015378876","1609398709","accepted","2025-11-11 10:52:43.056087+00","2025-11-11 10:56:22.936188+00"
1612,"5932313280","1609398709","accepted","2025-11-11 10:55:18.349323+00","2025-11-11 10:56:24.722423+00"
1613,"315036726","7553206571","pending","2025-11-11 10:58:27.249127+00","2025-11-11 10:58:27.249127+00"
1614,"5185658477","5183845073","accepted","2025-11-11 10:59:38.788041+00","2025-11-11 10:59:57.134071+00"
1615,"5183845073","7247123310","accepted","2025-11-11 11:08:36.846808+00","2025-11-11 11:10:48.076864+00"
1616,"8332818063","5183845073","accepted","2025-11-11 11:09:36.260892+00","2025-11-11 11:11:08.013203+00"
1607,"6504427565","1051864908","accepted","2025-11-11 10:22:02.31925+00","2025-11-11 11:17:06.798281+00"
1617,"5937286128","797847663","pending","2025-11-11 11:18:45.514429+00","2025-11-11 11:18:45.514429+00"
1618,"7224776614","7553127484","accepted","2025-11-11 11:34:02.565383+00","2025-11-11 11:34:17.999932+00"
1610,"315036726","5204985308","declined","2025-11-11 10:43:43.607327+00","2025-11-11 11:39:02.460646+00"
1619,"829653636","5183845073","accepted","2025-11-11 12:03:34.539703+00","2025-11-11 12:13:13.290887+00"
1620,"756628801","1767733168","accepted","2025-11-11 12:56:30.257933+00","2025-11-11 12:58:07.872416+00"
1621,"5734175919","5549429806","pending","2025-11-11 13:04:50.562841+00","2025-11-11 13:04:50.562841+00"
1622,"5734175919","466664482","pending","2025-11-11 13:05:10.456169+00","2025-11-11 13:05:10.456169+00"
1623,"5734175919","7177426187","pending","2025-11-11 13:10:33.560395+00","2025-11-11 13:10:33.560395+00"
1624,"404744746","5014292785","pending","2025-11-11 13:13:26.869913+00","2025-11-11 13:13:26.869913+00"
1625,"1957848705","5183845073","accepted","2025-11-11 13:18:22.212487+00","2025-11-11 13:35:17.515832+00"
1626,"466664482","7501176620","accepted","2025-11-11 14:45:59.024821+00","2025-11-11 14:46:41.698227+00"
1627,"772123971","7501176620","accepted","2025-11-11 14:46:33.635273+00","2025-11-11 14:46:44.156693+00"
1628,"6272869186","466664482","pending","2025-11-11 15:03:38.778678+00","2025-11-11 15:03:38.778678+00"
1629,"5549429806","381189753","pending","2025-11-11 15:09:27.964811+00","2025-11-11 15:09:27.964811+00"
1632,"6272869186","7691494441","pending","2025-11-11 15:11:59.075295+00","2025-11-11 15:11:59.075295+00"
1630,"6712361188","466664482","accepted","2025-11-11 15:09:35.551977+00","2025-11-11 15:12:59.78896+00"
1633,"6650635132","7460651806","accepted","2025-11-11 15:37:16.695767+00","2025-11-11 15:37:45.440311+00"
1634,"992176019","7446530116","pending","2025-11-11 15:55:38.523481+00","2025-11-11 15:55:38.523481+00"
1635,"1568889911","955679410","pending","2025-11-11 16:35:51.524224+00","2025-11-11 16:35:51.524224+00"
1637,"6872092825","5699373461","pending","2025-11-11 16:55:19.101812+00","2025-11-11 16:55:19.101812+00"
1636,"992176019","2133374158","accepted","2025-11-11 16:41:46.135216+00","2025-11-11 16:59:29.015274+00"
1638,"6110336587","7276782357","pending","2025-11-11 17:18:39.34214+00","2025-11-11 17:18:39.34214+00"
1639,"6110336587","1606816319","pending","2025-11-11 17:18:48.923476+00","2025-11-11 17:18:48.923476+00"
1642,"1570959519","1461603069","pending","2025-11-11 17:22:01.541279+00","2025-11-11 17:22:01.541279+00"
1643,"6110336587","617377890","pending","2025-11-11 17:23:52.291856+00","2025-11-11 17:23:52.291856+00"
1644,"6732074630","7177426187","pending","2025-11-11 17:27:14.178753+00","2025-11-11 17:27:14.178753+00"
1645,"6110336587","1221140370","accepted","2025-11-11 17:27:19.733031+00","2025-11-11 17:27:34.636272+00"
1641,"6110336587","5517761450","accepted","2025-11-11 17:20:43.972387+00","2025-11-11 17:31:05.920158+00"
1646,"1630954715","5014292785","pending","2025-11-11 17:32:39.070948+00","2025-11-11 17:32:39.070948+00"
1631,"6272869186","7998357888","accepted","2025-11-11 15:10:26.49919+00","2025-11-11 17:35:03.81357+00"
1640,"1570959519","5183845073","accepted","2025-11-11 17:20:21.899605+00","2025-11-11 17:43:06.193907+00"
1650,"399440680","5183845073","accepted","2025-11-11 17:54:23.841132+00","2025-11-11 17:54:56.584533+00"
1653,"6630750200","5183845073","accepted","2025-11-11 18:01:42.095828+00","2025-11-11 18:03:01.738808+00"
1655,"792130145","887438912","pending","2025-11-11 18:03:38.660355+00","2025-11-11 18:03:38.660355+00"
1659,"6110336587","5929394236","pending","2025-11-11 18:09:30.326304+00","2025-11-11 18:09:30.326304+00"
1654,"399440680","8054428677","accepted","2025-11-11 18:01:53.730673+00","2025-11-11 18:10:16.084309+00"
1660,"6110336587","6026724349","pending","2025-11-11 18:12:05.523278+00","2025-11-11 18:12:05.523278+00"
1662,"6110336587","7646890324","pending","2025-11-11 18:15:24.99753+00","2025-11-11 18:15:24.99753+00"
1663,"6110336587","5656628710","pending","2025-11-11 18:16:04.9793+00","2025-11-11 18:16:04.9793+00"
1656,"6110336587","7135241544","accepted","2025-11-11 18:05:14.490397+00","2025-11-11 18:17:21.78801+00"
1658,"6110336587","5275195619","accepted","2025-11-11 18:08:52.194754+00","2025-11-11 18:29:15.786587+00"
1664,"6733952876","5344544294","pending","2025-11-11 18:29:57.460014+00","2025-11-11 18:29:57.460014+00"
1649,"1630954715","6499363352","accepted","2025-11-11 17:53:26.261949+00","2025-11-11 18:32:25.614114+00"
1647,"6344107400","1647697220","accepted","2025-11-11 17:44:45.96585+00","2025-11-11 18:37:36.172393+00"
1665,"5624474587","8165456112","accepted","2025-11-11 18:48:39.238725+00","2025-11-11 18:49:14.951871+00"
1657,"6110336587","5456358565","declined","2025-11-11 18:07:03.565169+00","2025-11-11 18:55:31.790048+00"
1666,"5894808714","8132883465","accepted","2025-11-11 19:22:28.634171+00","2025-11-11 19:23:07.963691+00"
1667,"992176019","1055900924","accepted","2025-11-11 19:55:48.416543+00","2025-11-11 19:56:08.194145+00"
1668,"6142660128","955679410","pending","2025-11-11 20:11:29.726384+00","2025-11-11 20:11:29.726384+00"
1669,"6162552978","5014292785","pending","2025-11-11 21:04:02.05507+00","2025-11-11 21:04:02.05507+00"
1670,"337722113","1834543510","pending","2025-11-11 21:04:40.204071+00","2025-11-11 21:04:40.204071+00"
1677,"6026724349","797847663","pending","2025-11-12 03:23:45.121723+00","2025-11-12 03:23:45.121723+00"
1675,"1924682462","5014292785","accepted","2025-11-12 03:19:42.025806+00","2025-11-12 03:34:31.897441+00"
1678,"533119699","5183845073","accepted","2025-11-12 03:30:16.439109+00","2025-11-12 03:51:02.652459+00"
1679,"7699820988","797847663","pending","2025-11-12 04:00:25.812711+00","2025-11-12 04:00:25.812711+00"
1680,"7699820988","7446530116","pending","2025-11-12 04:01:16.0566+00","2025-11-12 04:01:16.0566+00"
1682,"7699820988","5656628710","pending","2025-11-12 04:09:02.937584+00","2025-11-12 04:09:02.937584+00"
1681,"7699820988","1051864908","accepted","2025-11-12 04:03:18.184327+00","2025-11-12 04:09:35.691473+00"
1674,"1924682462","6499363352","accepted","2025-11-12 03:19:14.372136+00","2025-11-12 04:10:15.445786+00"
1683,"387383425","6829214928","accepted","2025-11-12 04:12:10.207523+00","2025-11-12 04:12:30.167845+00"
1684,"6490842744","1051864908","accepted","2025-11-12 04:23:35.772148+00","2025-11-12 04:23:41.552317+00"
1685,"6110336587","1981302048","pending","2025-11-12 04:45:43.445224+00","2025-11-12 04:45:43.445224+00"
1686,"5032905515","614813590","pending","2025-11-12 04:48:46.747505+00","2025-11-12 04:48:46.747505+00"
1688,"6324580320","614813590","pending","2025-11-12 04:55:11.642912+00","2025-11-12 04:55:11.642912+00"
1689,"8333529926","6712361188","pending","2025-11-12 04:57:04.892943+00","2025-11-12 04:57:04.892943+00"
1673,"1924682462","466664482","accepted","2025-11-12 03:16:47.614022+00","2025-11-12 04:57:12.306131+00"
1691,"5097951139","614813590","pending","2025-11-12 05:00:43.4498+00","2025-11-12 05:00:43.4498+00"
1693,"1469773444","614813590","pending","2025-11-12 05:05:43.594243+00","2025-11-12 05:05:43.594243+00"
1702,"1469773444","1580966924","pending","2025-11-12 05:28:03.310398+00","2025-11-12 05:28:03.310398+00"
1676,"1924682462","7460651806","accepted","2025-11-12 03:22:49.062445+00","2025-11-12 06:11:12.515727+00"
1661,"6110336587","1436892288","accepted","2025-11-11 18:15:18.255264+00","2025-11-12 07:01:52.059396+00"
1672,"1924682462","8132883465","declined","2025-11-12 03:13:40.794353+00","2025-11-12 07:11:37.640136+00"
1671,"8007600798","8096643313","accepted","2025-11-12 03:08:53.332831+00","2025-11-12 14:24:00.194568+00"
1690,"8333529926","1981302048","accepted","2025-11-12 04:57:36.174825+00","2025-11-13 01:21:30.82936+00"
1695,"1469773444","7949460110","accepted","2025-11-12 05:08:00.165108+00","2025-11-12 05:09:01.106649+00"
2586,"463467373","8087177701","accepted","2025-11-16 16:45:18.909705+00","2025-11-16 19:14:02.033599+00"
2638,"1469773444","7998357888","pending","2025-11-17 03:03:08.967384+00","2025-11-17 03:03:08.967384+00"
2742,"8087177701","7277167325","accepted","2025-11-17 11:45:13.461658+00","2025-11-17 11:49:51.1179+00"
2751,"6110336587","972898794","accepted","2025-11-17 12:10:51.235232+00","2025-11-17 12:11:06.352281+00"
2752,"8032068967","8054407830","accepted","2025-11-17 12:20:54.772235+00","2025-11-17 12:55:42.697064+00"
2756,"6110336587","1318932084","declined","2025-11-17 12:28:24.19074+00","2025-11-17 12:56:51.981499+00"
2762,"6068700603","7439766390","pending","2025-11-17 13:15:29.50891+00","2025-11-17 13:15:29.50891+00"
2817,"308969638","789530281","accepted","2025-11-17 18:41:08.372038+00","2025-11-17 18:47:22.243728+00"
2814,"2132072926","1972314044","accepted","2025-11-17 18:27:42.774295+00","2025-11-17 19:29:11.25467+00"
3829,"6080157968","1713751356","pending","2025-11-27 12:53:59.387018+00","2025-11-27 12:53:59.387018+00"
2875,"1630954715","797847663","pending","2025-11-18 06:37:04.172011+00","2025-11-18 06:39:25.679845+00"
2930,"1705722566","7277167325","accepted","2025-11-18 14:09:37.83299+00","2025-11-18 14:09:58.523447+00"
2932,"6948764140","5779531688","accepted","2025-11-18 14:12:03.945084+00","2025-11-18 18:47:21.731697+00"
3867,"597762273","5014292785","accepted","2025-11-27 19:42:00.393782+00","2025-11-27 19:43:55.835305+00"
2975,"1630954715","1051864908","accepted","2025-11-18 18:37:21.239275+00","2025-11-18 19:15:17.089549+00"
2984,"1595158180","1692814537","accepted","2025-11-18 19:07:45.704555+00","2025-11-18 19:52:13.170134+00"
3034,"2004319924","1927121913","accepted","2025-11-19 05:07:39.886385+00","2025-11-19 06:45:27.523898+00"
3088,"1469773444","7987122414","accepted","2025-11-19 14:23:47.649525+00","2025-11-19 14:25:10.953022+00"
3098,"7336509255","6194922788","pending","2025-11-19 15:34:01.951432+00","2025-11-19 15:34:01.951432+00"
3112,"7336509255","1975574608","pending","2025-11-19 16:56:25.825549+00","2025-11-19 16:56:37.886954+00"
3110,"7336509255","5220371517","accepted","2025-11-19 16:18:00.511794+00","2025-11-19 17:33:43.966545+00"
3118,"338250980","6330038093","pending","2025-11-19 17:49:41.861683+00","2025-11-19 17:49:41.861683+00"
3119,"1568889911","5067978272","pending","2025-11-19 17:50:08.302759+00","2025-11-19 17:50:08.302759+00"
3145,"7336509255","2134524585","pending","2025-11-19 21:40:34.16007+00","2025-11-19 21:40:34.16007+00"
3192,"7611752266","1443977083","accepted","2025-11-20 07:16:44.247644+00","2025-11-20 08:22:16.356216+00"
3243,"6277251143","8132883465","pending","2025-11-20 14:00:25.026732+00","2025-11-20 14:00:25.026732+00"
3341,"5612947368","7578356794","accepted","2025-11-21 08:24:22.113045+00","2025-11-21 08:32:21.735851+00"
3898,"5947612565","5493487653","pending","2025-11-28 13:13:16.636655+00","2025-11-28 13:13:16.636655+00"
3927,"1227540104","6214794341","accepted","2025-11-29 08:46:32.852826+00","2025-11-29 08:56:58.897933+00"
3966,"6559198848","5014292785","pending","2025-11-29 17:58:30.950544+00","2025-11-29 17:58:30.950544+00"
3343,"7959360040","5329776562","accepted","2025-11-21 09:07:06.538564+00","2025-11-21 10:03:05.137895+00"
4001,"7417035221","6167158821","pending","2025-11-30 19:40:25.614577+00","2025-11-30 19:40:25.614577+00"
3291,"8199846804","2052395769","blocked","2025-11-20 20:49:08.181086+00","2025-11-20 20:49:54.542563+00"
3401,"1469773444","1969723451","accepted","2025-11-21 13:05:18.772852+00","2025-11-21 20:18:59.011706+00"
3477,"7296594672","5788523725","pending","2025-11-21 22:22:13.400548+00","2025-11-21 22:22:13.400548+00"
3484,"7296594672","7861879898","pending","2025-11-21 22:22:25.8053+00","2025-11-21 22:22:25.8053+00"
3489,"7296594672","5718575504","accepted","2025-11-21 22:27:48.424705+00","2025-11-21 22:28:44.117904+00"
3469,"7296594672","7144809772","accepted","2025-11-21 22:15:20.655216+00","2025-11-21 23:42:23.095466+00"
3478,"7296594672","891823250","accepted","2025-11-21 22:22:15.207824+00","2025-11-22 03:39:08.155358+00"
3483,"7296594672","6808362524","accepted","2025-11-21 22:22:24.188182+00","2025-11-22 05:45:12.720917+00"
3474,"7296594672","6332613822","accepted","2025-11-21 22:22:07.869908+00","2025-11-22 08:37:50.316705+00"
3526,"7589413494","771522611","accepted","2025-11-22 11:06:04.699206+00","2025-11-22 12:06:53.291549+00"
3568,"2133374158","748407474","pending","2025-11-22 20:10:47.999771+00","2025-11-22 20:10:47.999771+00"
3603,"6623033631","6670787583","pending","2025-11-23 15:55:59.818116+00","2025-11-23 15:55:59.818116+00"
3633,"7744940567","8132883465","pending","2025-11-24 10:58:53.729665+00","2025-11-24 10:58:53.729665+00"
3670,"1150473770","7466894758","pending","2025-11-25 13:16:05.499864+00","2025-11-25 13:16:05.499864+00"
3706,"5804719619","6754934834","pending","2025-11-26 05:18:22.754956+00","2025-11-26 05:18:22.754956+00"
3718,"6013362764","6167158821","accepted","2025-11-26 05:55:55.531347+00","2025-11-26 05:56:08.195769+00"
3720,"7234252969","5381673363","accepted","2025-11-26 06:00:11.621857+00","2025-11-26 06:00:35.257105+00"
3714,"7491106089","972898794","accepted","2025-11-26 05:37:34.019165+00","2025-11-26 06:23:10.896167+00"
3760,"713608037","5779531688","accepted","2025-11-26 12:32:22.724675+00","2025-11-26 12:32:27.536488+00"
3761,"7349311030","1241455590","pending","2025-11-26 12:53:25.717848+00","2025-11-26 12:53:25.717848+00"
3344,"7959360040","6418849107","blocked","2025-11-21 09:13:19.967603+00","2025-11-21 10:13:36.270511+00"
3755,"7089969662","6816978900","accepted","2025-11-26 12:20:42.194532+00","2025-11-26 13:05:31.491767+00"
3791,"6110336587","7466894758","pending","2025-11-27 04:43:23.320359+00","2025-11-27 04:43:23.320359+00"
4039,"7444906995","8487387358","declined","2025-12-01 11:28:12.311003+00","2025-12-01 11:28:59.414191+00"
4068,"1099667327","7686939779","pending","2025-12-02 01:23:16.320334+00","2025-12-02 01:23:16.320334+00"
4069,"1324424368","7277167325","pending","2025-12-02 01:55:52.124789+00","2025-12-02 01:55:52.124789+00"
4141,"1136410666","7945982183","accepted","2025-12-02 11:22:08.562514+00","2025-12-02 11:22:27.805438+00"
4142,"6324580320","6816978900","pending","2025-12-02 11:23:19.710807+00","2025-12-02 11:23:19.710807+00"
4173,"6999369063","698304652","accepted","2025-12-02 12:49:02.894062+00","2025-12-02 12:51:20.630882+00"
4213,"6812837663","797847663","declined","2025-12-03 06:11:07.623467+00","2025-12-03 06:56:24.272595+00"
4242,"6272869186","1051120004","pending","2025-12-03 15:50:23.41438+00","2025-12-03 15:50:23.41438+00"
4280,"5258644270","6499363352","accepted","2025-12-04 10:06:25.967601+00","2025-12-04 10:15:06.519682+00"
4334,"7336509255","6810310587","accepted","2025-12-04 22:06:05.144423+00","2025-12-05 03:14:04.6634+00"
4377,"916368211","5014292785","accepted","2025-12-05 14:11:49.981202+00","2025-12-05 14:16:45.318797+00"
4376,"6418849107","7415876534","accepted","2025-12-05 14:09:32.005816+00","2025-12-05 14:56:02.990663+00"
4409,"8109112246","972898794","accepted","2025-12-06 11:41:41.391142+00","2025-12-06 11:54:35.463838+00"
4410,"8109112246","1353305650","accepted","2025-12-06 11:44:20.111844+00","2025-12-06 15:31:20.838563+00"
1696,"6110336587","6203125622","pending","2025-11-12 05:13:50.4047+00","2025-11-12 05:13:50.4047+00"
1694,"1469773444","1981302048","accepted","2025-11-12 05:07:41.566351+00","2025-11-12 05:14:13.371014+00"
1697,"6110336587","1607460432","pending","2025-11-12 05:15:09.849928+00","2025-11-12 05:15:09.849928+00"
1698,"6010866246","5014292785","pending","2025-11-12 05:20:18.723486+00","2025-11-12 05:20:18.723486+00"
1701,"1469773444","797847663","pending","2025-11-12 05:27:27.459011+00","2025-11-12 05:27:27.459011+00"
1700,"1469773444","6499363352","accepted","2025-11-12 05:27:16.906987+00","2025-11-12 05:29:05.009302+00"
1687,"8333529926","5980085144","accepted","2025-11-12 04:53:55.371915+00","2025-11-12 05:29:34.520255+00"
1703,"1469773444","7511787354","accepted","2025-11-12 05:28:44.143357+00","2025-11-12 05:30:38.1411+00"
1699,"1469773444","732273863","pending","2025-11-12 05:27:02.531047+00","2025-11-12 05:31:21.725549+00"
1706,"6110336587","6900293328","pending","2025-11-12 05:33:50.009689+00","2025-11-12 05:33:50.009689+00"
1707,"5690353758","614813590","pending","2025-11-12 05:41:56.863558+00","2025-11-12 05:41:56.863558+00"
1708,"1568889911","732273863","pending","2025-11-12 05:51:23.273061+00","2025-11-12 05:51:23.273061+00"
1709,"5917711088","829653636","accepted","2025-11-12 05:52:03.796481+00","2025-11-12 05:52:24.186707+00"
1710,"1469773444","5929394236","pending","2025-11-12 06:05:32.87628+00","2025-11-12 06:05:32.87628+00"
1711,"5009377468","1051864908","accepted","2025-11-12 06:08:36.911335+00","2025-11-12 06:08:57.91704+00"
1713,"5183845073","1216016294","accepted","2025-11-12 06:41:29.93154+00","2025-11-12 06:42:12.624926+00"
1714,"6907751761","5014292785","pending","2025-11-12 06:43:46.426097+00","2025-11-12 06:43:46.426097+00"
1716,"1469773444","5014292785","pending","2025-11-12 06:52:11.828761+00","2025-11-12 06:52:11.828761+00"
1717,"1469773444","7826484265","pending","2025-11-12 06:52:32.797735+00","2025-11-12 06:52:32.797735+00"
1715,"6044900475","7623717059","accepted","2025-11-12 06:51:37.784611+00","2025-11-12 06:53:13.608043+00"
1718,"6196465621","5014292785","pending","2025-11-12 06:55:00.500425+00","2025-11-12 06:55:00.500425+00"
1723,"1568889911","8593284625","pending","2025-11-12 07:05:18.69437+00","2025-11-12 07:05:18.69437+00"
1712,"1180912171","8132883465","declined","2025-11-12 06:16:21.911505+00","2025-11-12 07:11:38.883726+00"
1719,"6196465621","7826484265","accepted","2025-11-12 06:56:40.889437+00","2025-11-12 07:14:39.954049+00"
1720,"472898765","7826484265","accepted","2025-11-12 07:00:12.718862+00","2025-11-12 07:14:56.000432+00"
1721,"7043326530","7826484265","accepted","2025-11-12 07:02:43.731539+00","2025-11-12 07:14:58.048077+00"
1722,"8484666325","7826484265","accepted","2025-11-12 07:03:32.454074+00","2025-11-12 07:15:07.319528+00"
1724,"6590826357","7826484265","accepted","2025-11-12 07:05:41.244954+00","2025-11-12 07:15:14.263187+00"
1727,"1445110293","732273863","pending","2025-11-12 07:19:12.205165+00","2025-11-12 07:19:12.205165+00"
1726,"1408002992","5980085144","accepted","2025-11-12 07:15:45.819437+00","2025-11-12 07:32:59.724831+00"
1728,"6420744183","467686200","pending","2025-11-12 07:36:03.523333+00","2025-11-12 07:36:03.523333+00"
1731,"1408002992","1201453400","accepted","2025-11-12 07:41:34.17334+00","2025-11-12 07:43:33.595272+00"
1732,"5183845073","7623717059","accepted","2025-11-12 07:43:12.49143+00","2025-11-12 07:43:56.913706+00"
1730,"1115042518","7623717059","accepted","2025-11-12 07:41:31.691057+00","2025-11-12 07:44:01.881054+00"
1725,"2049647099","6499363352","accepted","2025-11-12 07:14:53.85469+00","2025-11-12 07:58:09.713065+00"
1733,"7231257941","7868086659","accepted","2025-11-12 08:14:53.325229+00","2025-11-12 08:18:58.591513+00"
1735,"793987372","5014292785","pending","2025-11-12 08:24:40.913917+00","2025-11-12 08:24:40.913917+00"
1734,"528330049","7826484265","accepted","2025-11-12 08:23:39.006407+00","2025-11-12 08:31:45.854739+00"
1736,"7876573174","1568889911","accepted","2025-11-12 08:37:22.148905+00","2025-11-12 08:40:46.76703+00"
1739,"7058103791","7826484265","pending","2025-11-12 08:59:35.997373+00","2025-11-12 08:59:35.997373+00"
1740,"7850971968","1674834036","pending","2025-11-12 09:07:29.556484+00","2025-11-12 09:07:29.556484+00"
1742,"7300957726","5488401357","pending","2025-11-12 09:15:04.918719+00","2025-11-12 09:15:04.918719+00"
1744,"6794069219","7300957726","accepted","2025-11-12 09:23:55.326726+00","2025-11-12 09:24:15.175571+00"
1757,"6110336587","358584822","pending","2025-11-12 10:36:37.078489+00","2025-11-12 10:36:37.078489+00"
1741,"602324856","1674834036","accepted","2025-11-12 09:12:45.452144+00","2025-11-12 09:44:43.708998+00"
1758,"6110336587","7826484265","pending","2025-11-12 10:39:05.310327+00","2025-11-12 10:39:05.310327+00"
1737,"823255413","462966491","accepted","2025-11-12 08:39:18.962615+00","2025-11-12 09:46:02.449341+00"
1743,"7574726989","7623717059","accepted","2025-11-12 09:19:43.004964+00","2025-11-12 10:13:41.721573+00"
1729,"424364310","399440680","accepted","2025-11-12 07:40:38.51014+00","2025-11-12 10:13:58.531517+00"
1746,"7988209946","1494988153","accepted","2025-11-12 10:16:33.013383+00","2025-11-12 10:19:42.662706+00"
1748,"1286161337","6802506591","pending","2025-11-12 10:22:02.715995+00","2025-11-12 10:22:02.715995+00"
1749,"1674834036","797847663","accepted","2025-11-12 10:23:30.154376+00","2025-11-12 10:24:58.880771+00"
1752,"1606816319","5194677184","accepted","2025-11-12 10:28:31.242695+00","2025-11-12 10:28:38.962766+00"
1754,"6110321042","7623717059","accepted","2025-11-12 10:29:14.940897+00","2025-11-12 10:29:25.562371+00"
1750,"1674834036","5194677184","accepted","2025-11-12 10:23:49.613365+00","2025-11-12 10:29:37.001205+00"
1753,"6110336587","7680965813","accepted","2025-11-12 10:29:00.851161+00","2025-11-12 10:29:37.964856+00"
1755,"6110336587","1781787035","pending","2025-11-12 10:34:38.099343+00","2025-11-12 10:34:38.099343+00"
1747,"542585156","6499363352","accepted","2025-11-12 10:21:49.424069+00","2025-11-12 10:35:21.514904+00"
1756,"6110336587","7277297826","pending","2025-11-12 10:36:02.700586+00","2025-11-12 10:36:02.700586+00"
1759,"6110336587","7398817495","pending","2025-11-12 10:39:35.15856+00","2025-11-12 10:39:35.15856+00"
1775,"2133374158","7277297826","accepted","2025-11-12 11:35:01.674433+00","2025-11-12 11:47:36.885225+00"
1778,"6608006529","1781787035","pending","2025-11-12 11:58:36.380093+00","2025-11-12 11:58:36.380093+00"
1762,"7194619401","7963453467","accepted","2025-11-12 10:49:49.758718+00","2025-11-12 10:50:21.442513+00"
1765,"8487387358","1568889911","accepted","2025-11-12 10:53:27.433691+00","2025-11-12 10:53:34.126958+00"
1766,"333933994","8014736816","pending","2025-11-12 10:55:57.975424+00","2025-11-12 10:55:57.975424+00"
1767,"333933994","5014292785","pending","2025-11-12 10:56:22.866713+00","2025-11-12 10:56:22.866713+00"
1768,"6110336587","956819255","pending","2025-11-12 10:57:33.655603+00","2025-11-12 10:57:33.655603+00"
1761,"8487387358","1751867906","accepted","2025-11-12 10:48:07.371901+00","2025-11-12 11:00:29.146527+00"
1769,"6186706763","5014292785","pending","2025-11-12 11:01:00.243989+00","2025-11-12 11:01:00.243989+00"
1738,"7058103791","5549429806","accepted","2025-11-12 08:43:38.373735+00","2025-11-12 11:03:17.482694+00"
1770,"399440680","7826484265","pending","2025-11-12 11:22:34.594057+00","2025-11-12 11:22:34.594057+00"
1774,"6608006529","7656863576","pending","2025-11-12 11:34:41.793249+00","2025-11-12 11:34:41.793249+00"
1764,"1871602817","797847663","accepted","2025-11-12 10:51:14.829467+00","2025-11-12 11:39:40.666689+00"
1777,"8333529926","956819255","pending","2025-11-12 11:44:16.870287+00","2025-11-12 11:44:16.870287+00"
1771,"6694879969","7963453467","accepted","2025-11-12 11:28:02.205308+00","2025-11-12 11:44:32.562825+00"
1773,"704179944","7963453467","accepted","2025-11-12 11:33:56.194372+00","2025-11-12 11:44:34.943205+00"
1751,"6110336587","614622108","accepted","2025-11-12 10:28:08.834911+00","2025-11-12 11:45:22.792895+00"
1776,"8333529926","1697011899","accepted","2025-11-12 11:43:45.660335+00","2025-11-12 11:46:08.271419+00"
1779,"6110336587","1697011899","accepted","2025-11-12 12:05:13.953882+00","2025-11-12 12:05:21.206179+00"
1781,"6110336587","7711749903","pending","2025-11-12 12:13:24.97732+00","2025-11-12 12:13:24.97732+00"
1782,"6110336587","5684445044","accepted","2025-11-12 12:14:56.44468+00","2025-11-12 12:16:16.587046+00"
1783,"6110336587","6392565522","pending","2025-11-12 12:17:51.209336+00","2025-11-12 12:17:51.209336+00"
1784,"6110336587","420765209","accepted","2025-11-12 12:21:57.180176+00","2025-11-12 12:22:13.25797+00"
1786,"6110336587","5547910904","pending","2025-11-12 12:23:24.109708+00","2025-11-12 12:23:24.109708+00"
1785,"6110336587","6499363352","accepted","2025-11-12 12:22:16.216267+00","2025-11-12 12:28:05.096698+00"
1789,"8333529926","6631631388","pending","2025-11-12 12:32:26.962758+00","2025-11-12 12:32:26.962758+00"
1790,"8333529926","467686200","pending","2025-11-12 12:33:50.668027+00","2025-11-12 12:33:50.668027+00"
1772,"302503105","1924682462","accepted","2025-11-12 11:33:14.544732+00","2025-11-12 12:37:35.850158+00"
1796,"8333529926","1304480227","pending","2025-11-12 12:38:36.903667+00","2025-11-12 12:38:36.903667+00"
1780,"6110336587","466664482","accepted","2025-11-12 12:08:02.670878+00","2025-11-12 12:39:33.215051+00"
1795,"8333529926","1222542336","accepted","2025-11-12 12:38:27.724674+00","2025-11-12 13:00:19.232097+00"
1705,"6110336587","1469062411","accepted","2025-11-12 05:33:01.903732+00","2025-11-12 13:43:12.00365+00"
1800,"7963453467","462966491","accepted","2025-11-12 13:29:08.760603+00","2025-11-12 13:50:20.811683+00"
1792,"8333529926","7623717059","accepted","2025-11-12 12:35:39.061362+00","2025-11-12 13:58:42.859201+00"
1788,"8333529926","5101219638","accepted","2025-11-12 12:30:48.594027+00","2025-11-12 19:11:28.509868+00"
1794,"8333529926","528264537","accepted","2025-11-12 12:38:05.334953+00","2025-11-13 01:21:29.731783+00"
1791,"8333529926","8189007505","accepted","2025-11-12 12:34:15.10618+00","2025-11-13 04:44:43.807588+00"
1798,"8093149583","1051864908","accepted","2025-11-12 13:02:29.624392+00","2025-11-12 13:10:48.856197+00"
1799,"1722589537","1924682462","accepted","2025-11-12 13:20:12.899344+00","2025-11-12 13:23:40.636043+00"
1801,"338292689","797847663","accepted","2025-11-12 13:35:46.045022+00","2025-11-12 13:36:15.545754+00"
1787,"7977727953","5183845073","accepted","2025-11-12 12:25:55.494923+00","2025-11-12 13:40:11.084165+00"
1802,"1333964009","5408250991","accepted","2025-11-12 13:53:04.905504+00","2025-11-12 13:53:57.254681+00"
1803,"1115042518","5408250991","pending","2025-11-12 13:56:22.384375+00","2025-11-12 13:56:22.384375+00"
1804,"1211607170","8402831744","accepted","2025-11-12 14:16:32.710586+00","2025-11-12 14:33:56.163686+00"
1805,"7977727953","1940613654","accepted","2025-11-12 14:22:18.338525+00","2025-11-12 14:38:37.117866+00"
1806,"1216675530","1834543510","accepted","2025-11-12 14:35:26.396146+00","2025-11-12 14:39:26.055253+00"
1812,"5019101251","5014292785","pending","2025-11-12 15:05:21.86444+00","2025-11-12 15:05:21.86444+00"
1814,"6763564039","5408250991","pending","2025-11-12 15:08:40.635778+00","2025-11-12 15:08:40.635778+00"
2588,"8312458446","7168900029","pending","2025-11-16 17:28:12.198283+00","2025-11-16 17:28:30.436368+00"
1815,"1366211357","1211607170","accepted","2025-11-12 15:17:43.551254+00","2025-11-12 15:18:19.983173+00"
1797,"7277297826","5549429806","accepted","2025-11-12 13:01:22.704352+00","2025-11-12 15:23:57.110237+00"
2640,"745690037","1427738740","accepted","2025-11-17 03:55:14.536601+00","2025-11-17 03:56:52.85458+00"
2744,"1462269617","528264537","pending","2025-11-17 12:01:12.96497+00","2025-11-17 12:01:12.96497+00"
3634,"375456085","1201804003","accepted","2025-11-24 11:33:46.877533+00","2025-11-24 11:43:37.085973+00"
2816,"5298057898","1229918568","pending","2025-11-17 18:38:37.155465+00","2025-11-17 18:38:37.155465+00"
2208,"6110336587","6648310850","accepted","2025-11-14 18:48:53.880987+00","2025-11-17 19:23:00.222079+00"
2753,"1065123416","8102206190","accepted","2025-11-17 12:22:55.505205+00","2025-11-17 21:15:59.343401+00"
2880,"7395220012","8451398351","accepted","2025-11-18 06:45:30.326199+00","2025-11-18 06:45:35.86527+00"
3671,"6272869186","7945982183","accepted","2025-11-25 14:38:50.64352+00","2025-11-26 01:28:38.12123+00"
2876,"5781888399","1051120004","accepted","2025-11-18 06:38:05.403812+00","2025-11-18 07:00:57.611877+00"
2887,"787438414","8054407830","accepted","2025-11-18 07:32:43.179694+00","2025-11-18 08:27:51.670782+00"
2931,"6948764140","5194677184","pending","2025-11-18 14:10:55.363297+00","2025-11-18 14:10:55.363297+00"
2978,"8128109578","462966491","pending","2025-11-18 18:49:50.854998+00","2025-11-18 18:49:50.854998+00"
2976,"1630954715","1894243635","pending","2025-11-18 18:43:08.804037+00","2025-11-18 19:01:45.642699+00"
2991,"6909260412","1113243747","declined","2025-11-18 19:26:54.198258+00","2025-11-18 19:27:47.808619+00"
2995,"8087177701","8477129963","pending","2025-11-18 19:57:44.300987+00","2025-11-18 19:57:44.300987+00"
3005,"801396393","2133374158","accepted","2025-11-18 20:45:54.524513+00","2025-11-18 20:47:05.888955+00"
3010,"8128109578","6332613822","accepted","2025-11-18 20:55:00.537554+00","2025-11-18 21:06:51.472475+00"
3035,"5044368334","756011892","accepted","2025-11-19 05:19:16.034068+00","2025-11-19 05:32:26.089767+00"
3090,"1469773444","685340260","pending","2025-11-19 14:23:52.673407+00","2025-11-19 14:23:52.673407+00"
3196,"1924451785","5485383133","pending","2025-11-20 08:08:24.348478+00","2025-11-20 08:08:24.348478+00"
3247,"7231257941","1797490235","pending","2025-11-20 14:03:43.895554+00","2025-11-20 14:03:44.149676+00"
3244,"7233511077","7945982183","accepted","2025-11-20 14:02:45.56385+00","2025-11-20 14:26:43.496166+00"
3249,"7336509255","1846368634","accepted","2025-11-20 14:14:21.193421+00","2025-11-20 15:53:06.113137+00"
3262,"7336509255","5740594639","pending","2025-11-20 16:22:27.210218+00","2025-11-20 16:22:27.210218+00"
3251,"7336509255","1990620507","accepted","2025-11-20 15:24:32.698239+00","2025-11-20 17:27:03.731273+00"
3293,"6542618727","7998357888","pending","2025-11-20 20:57:50.223909+00","2025-11-20 20:57:50.223909+00"
3296,"1355082268","8132883465","accepted","2025-11-20 21:11:46.114499+00","2025-11-20 21:11:50.117013+00"
3347,"698304652","7277167325","pending","2025-11-21 09:30:13.088133+00","2025-11-21 09:30:13.088133+00"
3349,"698304652","797847663","accepted","2025-11-21 09:35:18.214235+00","2025-11-21 09:37:23.545359+00"
3707,"5798303259","6816978900","accepted","2025-11-26 05:19:47.737606+00","2025-11-26 05:22:44.773061+00"
3345,"7959360040","820582696","accepted","2025-11-21 09:18:56.421061+00","2025-11-21 10:35:06.260563+00"
3148,"7336509255","7598919025","declined","2025-11-19 23:00:23.020313+00","2025-11-21 13:32:24.221569+00"
3414,"6839738518","1209563482","accepted","2025-11-21 14:25:37.015674+00","2025-11-21 14:26:08.473542+00"
3471,"7296594672","7398567548","pending","2025-11-21 22:17:46.716067+00","2025-11-21 22:17:46.716067+00"
3470,"7296594672","7984980757","accepted","2025-11-21 22:17:37.936034+00","2025-11-21 22:17:49.659292+00"
3472,"7296594672","5397367435","pending","2025-11-21 22:18:08.025053+00","2025-11-21 22:18:08.025053+00"
3473,"7296594672","8183325985","pending","2025-11-21 22:18:31.661802+00","2025-11-21 22:18:31.661802+00"
3482,"7296594672","634103052","pending","2025-11-21 22:22:22.623836+00","2025-11-21 22:22:22.623836+00"
3488,"7296594672","680155765","accepted","2025-11-21 22:22:34.34529+00","2025-11-21 22:31:21.99327+00"
3475,"7296594672","5471039343","accepted","2025-11-21 22:22:09.555694+00","2025-11-22 03:56:32.929814+00"
3480,"7296594672","7432888057","accepted","2025-11-21 22:22:18.879126+00","2025-11-22 04:44:42.482516+00"
3481,"7296594672","7234252969","accepted","2025-11-21 22:22:21.011275+00","2025-11-22 05:17:52.765033+00"
3476,"7296594672","357341082","accepted","2025-11-21 22:22:11.213248+00","2025-11-22 05:28:50.019427+00"
3479,"7296594672","5899180599","accepted","2025-11-21 22:22:16.814496+00","2025-11-22 09:24:16.896705+00"
3527,"6490842744","7694644688","pending","2025-11-22 11:20:51.646662+00","2025-11-22 11:20:51.646662+00"
3528,"6490842744","5949936801","pending","2025-11-22 11:23:03.072405+00","2025-11-22 11:23:03.072405+00"
3573,"315837946","771522611","pending","2025-11-22 22:17:33.911367+00","2025-11-22 22:17:33.911367+00"
3604,"6763564039","1051864908","accepted","2025-11-23 16:18:08.422708+00","2025-11-23 16:33:58.732964+00"
3710,"1469773444","7155517788","accepted","2025-11-26 05:24:42.317821+00","2025-11-26 05:24:59.984176+00"
3712,"1469773444","6418849107","accepted","2025-11-26 05:24:59.462144+00","2025-11-26 05:25:27.517156+00"
3715,"7878529257","5381673363","accepted","2025-11-26 05:42:07.396602+00","2025-11-26 05:42:34.189569+00"
3722,"7336509255","5155672693","accepted","2025-11-26 06:27:35.308713+00","2025-11-26 06:44:38.792272+00"
3756,"2133374158","6418849107","accepted","2025-11-26 12:29:01.357159+00","2025-11-26 12:33:18.307536+00"
3792,"7350554655","1152409369","pending","2025-11-27 04:53:07.798156+00","2025-11-27 04:53:07.798156+00"
3794,"6108094472","7590238163","pending","2025-11-27 05:26:29.4314+00","2025-11-27 05:26:29.4314+00"
3830,"5142634465","5014292785","accepted","2025-11-27 13:06:09.391855+00","2025-11-27 13:10:06.542761+00"
3868,"8109112246","6786814214","accepted","2025-11-27 19:55:00.735491+00","2025-11-27 19:56:44.550866+00"
3899,"6934471657","6314028978","pending","2025-11-28 13:55:21.578674+00","2025-11-28 13:55:21.578674+00"
3928,"8496313667","797847663","accepted","2025-11-29 08:48:37.854656+00","2025-11-29 08:57:03.782513+00"
3968,"829653636","8495085612","pending","2025-11-29 19:05:44.223591+00","2025-11-29 19:05:44.223591+00"
4002,"678435487","1032935276","pending","2025-11-30 20:09:02.55013+00","2025-11-30 20:09:02.55013+00"
4007,"1156271767","1754636407","pending","2025-11-30 20:49:51.672881+00","2025-11-30 20:49:51.672881+00"
4040,"733240884","8487387358","declined","2025-12-01 11:34:35.197967+00","2025-12-01 11:36:47.580145+00"
4070,"1469773444","8109004831","pending","2025-12-02 03:27:01.458371+00","2025-12-02 03:27:01.458371+00"
4287,"7336509255","6813893508","pending","2025-12-04 10:15:10.739115+00","2025-12-04 10:15:32.628808+00"
4144,"7155517788","7945982183","accepted","2025-12-02 11:28:07.50683+00","2025-12-02 11:30:03.048059+00"
4151,"6789406912","5254274994","pending","2025-12-02 11:46:30.491404+00","2025-12-02 11:46:30.491404+00"
4176,"733240884","7945982183","accepted","2025-12-02 12:53:00.869435+00","2025-12-02 12:58:22.301067+00"
4214,"6812837663","8487387358","declined","2025-12-03 06:20:20.358826+00","2025-12-03 06:26:18.656997+00"
4243,"6490842744","6816978900","accepted","2025-12-03 17:21:33.177903+00","2025-12-03 18:49:03.855373+00"
4292,"7623717059","829939190","pending","2025-12-04 11:18:27.295951+00","2025-12-04 11:18:27.295951+00"
4299,"7475080262","1051864908","accepted","2025-12-04 12:38:47.743699+00","2025-12-04 12:44:46.291502+00"
4305,"1631030899","797847663","accepted","2025-12-04 13:05:40.100553+00","2025-12-04 13:06:01.921121+00"
4335,"7336509255","6572070551","accepted","2025-12-04 22:06:21.913146+00","2025-12-05 03:25:22.961081+00"
4379,"472898765","5155672693","pending","2025-12-05 14:33:12.203828+00","2025-12-05 14:33:12.203828+00"
4336,"7336509255","1486823944","blocked","2025-12-04 22:06:41.320111+00","2025-12-05 01:45:29.216569+00"
4411,"8438798512","1103065697","accepted","2025-12-06 11:52:25.12633+00","2025-12-06 12:42:19.473899+00"
1809,"6010885094","7501176620","accepted","2025-11-12 14:38:35.428532+00","2025-11-12 14:41:19.953905+00"
1810,"1469773444","5408250991","pending","2025-11-12 14:42:09.747297+00","2025-11-12 14:42:09.747297+00"
1760,"6110336587","1655811461","accepted","2025-11-12 10:42:46.7957+00","2025-11-12 14:46:34.613161+00"
1807,"1469773444","451257119","accepted","2025-11-12 14:35:42.794983+00","2025-11-12 14:49:00.394069+00"
1808,"6010885094","8221344297","accepted","2025-11-12 14:38:02.645438+00","2025-11-12 14:52:04.530284+00"
1811,"1469773444","338292689","accepted","2025-11-12 14:45:10.874919+00","2025-11-12 14:55:10.899188+00"
1813,"6272869186","7277297826","accepted","2025-11-12 15:07:07.283964+00","2025-11-12 15:41:34.018769+00"
1817,"829653636","8369441606","pending","2025-11-12 15:48:16.837271+00","2025-11-12 15:48:16.837271+00"
1864,"7948131858","8262150907","accepted","2025-11-13 05:50:33.69586+00","2025-11-13 06:34:38.300478+00"
1819,"1026779390","5014292785","pending","2025-11-12 16:03:03.803904+00","2025-11-12 16:03:03.803904+00"
1820,"7623717059","8223038699","accepted","2025-11-12 16:11:06.214414+00","2025-11-12 16:13:38.863099+00"
1821,"5787923063","829653636","accepted","2025-11-12 16:17:12.050308+00","2025-11-12 16:17:18.464025+00"
1818,"7865479049","797847663","pending","2025-11-12 15:52:49.201722+00","2025-11-12 16:34:39.930055+00"
1823,"5019101251","5393279584","pending","2025-11-12 16:47:37.157701+00","2025-11-12 16:47:37.157701+00"
1824,"612637953","1834543510","accepted","2025-11-12 16:48:36.3726+00","2025-11-12 16:55:56.173501+00"
1825,"6754946742","437944819","pending","2025-11-12 17:44:44.048664+00","2025-11-12 17:44:44.048664+00"
1826,"6536605558","460941903","accepted","2025-11-12 17:45:25.539503+00","2025-11-12 17:45:41.90037+00"
1827,"1757220482","797847663","pending","2025-11-12 17:52:44.899113+00","2025-11-12 17:52:44.899113+00"
1828,"5758435398","6763564039","accepted","2025-11-12 18:13:26.475538+00","2025-11-12 18:14:08.15799+00"
1829,"7118798534","462966491","accepted","2025-11-12 18:22:51.344968+00","2025-11-12 18:23:17.857784+00"
1830,"1115042518","1865805661","pending","2025-11-12 18:24:55.560929+00","2025-11-12 18:24:55.560929+00"
1831,"7501176620","7038684181","accepted","2025-11-12 18:28:19.474096+00","2025-11-12 18:30:21.622988+00"
1832,"430556924","7038684181","pending","2025-11-12 18:46:56.953495+00","2025-11-12 18:47:04.523642+00"
1834,"8425643190","1865805661","pending","2025-11-12 18:59:55.919733+00","2025-11-12 18:59:55.919733+00"
1835,"1705157070","797847663","pending","2025-11-12 19:14:12.348581+00","2025-11-12 19:14:12.348581+00"
1839,"7420120265","6026724349","declined","2025-11-12 19:28:27.633259+00","2025-11-12 19:30:03.536903+00"
1836,"8274317025","466664482","accepted","2025-11-12 19:17:10.457401+00","2025-11-12 19:32:53.703966+00"
1863,"7501176620","6499363352","blocked","2025-11-13 05:49:48.866845+00","2025-11-13 05:50:41.9566+00"
1861,"1469773444","5010994956","accepted","2025-11-13 05:27:37.096357+00","2025-11-13 06:35:33.094793+00"
1843,"6762656767","1865805661","pending","2025-11-12 20:03:09.827268+00","2025-11-12 20:03:09.827268+00"
1837,"370668833","338292689","accepted","2025-11-12 19:21:13.008723+00","2025-11-12 20:03:50.799896+00"
1844,"6762656767","1353305650","accepted","2025-11-12 20:04:18.899783+00","2025-11-12 20:05:08.220147+00"
1845,"8044516935","614813590","pending","2025-11-12 20:13:57.524248+00","2025-11-12 20:13:57.524248+00"
1847,"1891432693","614813590","pending","2025-11-12 22:25:03.946211+00","2025-11-12 22:25:03.946211+00"
1849,"7572925260","7501176620","pending","2025-11-13 01:29:53.437339+00","2025-11-13 01:29:53.437339+00"
1850,"7572925260","829653636","accepted","2025-11-13 01:39:40.439994+00","2025-11-13 01:45:40.299517+00"
1838,"1827941638","829653636","accepted","2025-11-12 19:24:46.805702+00","2025-11-13 01:45:49.353547+00"
1853,"7277297826","1865805661","pending","2025-11-13 03:36:26.996672+00","2025-11-13 03:36:26.996672+00"
1851,"6153310091","1083055872","accepted","2025-11-13 03:14:05.092117+00","2025-11-13 03:44:15.659236+00"
1841,"370668833","1924682462","accepted","2025-11-12 19:39:38.695567+00","2025-11-13 03:45:30.646293+00"
1854,"7277297826","1701785670","pending","2025-11-13 03:47:36.716676+00","2025-11-13 03:47:36.716676+00"
1856,"6901349413","614813590","pending","2025-11-13 04:08:09.006726+00","2025-11-13 04:08:09.006726+00"
1842,"1722589537","6813893508","pending","2025-11-12 20:02:34.73333+00","2025-11-13 04:28:19.690744+00"
1858,"6792977278","5549429806","accepted","2025-11-13 05:06:56.935411+00","2025-11-13 05:16:56.841982+00"
1848,"7572925260","7623717059","accepted","2025-11-13 01:06:16.03756+00","2025-11-13 05:27:03.147304+00"
1860,"7878529257","6196465621","accepted","2025-11-13 05:17:42.936302+00","2025-11-13 05:32:36.292301+00"
1865,"8025152801","6206593118","pending","2025-11-13 05:54:46.640486+00","2025-11-13 05:54:46.640486+00"
1874,"6196465621","949804425","accepted","2025-11-13 06:53:06.946153+00","2025-11-13 06:54:57.04711+00"
1893,"1738671412","1445110293","accepted","2025-11-13 08:28:36.970084+00","2025-11-13 08:28:47.157715+00"
1892,"6312920131","7219799116","accepted","2025-11-13 08:27:45.110321+00","2025-11-14 05:22:30.513972+00"
1868,"1071472901","8223421409","accepted","2025-11-13 06:10:48.365326+00","2025-11-13 06:11:22.753673+00"
1870,"7699820988","614813590","pending","2025-11-13 06:20:44.390153+00","2025-11-13 06:20:44.390153+00"
1871,"1317747298","7623717059","accepted","2025-11-13 06:22:53.406652+00","2025-11-13 06:23:15.512015+00"
1869,"1071472901","1647697220","accepted","2025-11-13 06:12:29.68883+00","2025-11-13 06:31:06.13145+00"
1852,"6153310091","1732388131","accepted","2025-11-13 03:25:56.66194+00","2025-11-13 07:02:16.341024+00"
1876,"6619071192","5183845073","accepted","2025-11-13 06:58:30.292538+00","2025-11-13 07:05:00.912111+00"
1894,"1246961688","8402831744","accepted","2025-11-13 08:35:47.141882+00","2025-11-13 08:56:09.50322+00"
1889,"1246961688","5886466655","accepted","2025-11-13 08:17:08.803275+00","2025-11-13 08:35:01.280991+00"
1891,"1071472901","7826484265","accepted","2025-11-13 08:26:29.69765+00","2025-11-13 09:04:40.106149+00"
1914,"829653636","6914943213","pending","2025-11-13 09:04:50.61173+00","2025-11-13 09:04:50.61173+00"
1896,"6936189475","5014292785","accepted","2025-11-13 08:38:20.558334+00","2025-11-13 08:38:27.157716+00"
1916,"1269865338","8132883465","pending","2025-11-13 09:08:30.523917+00","2025-11-13 09:08:30.523917+00"
1898,"6947708625","8132883465","pending","2025-11-13 08:41:32.730837+00","2025-11-13 08:41:32.730837+00"
1882,"6196465621","5595744342","pending","2025-11-13 07:47:20.88285+00","2025-11-13 07:47:20.88285+00"
1885,"7124139326","5980085144","accepted","2025-11-13 07:54:03.565593+00","2025-11-13 07:54:13.555056+00"
1884,"1469773444","7547849911","accepted","2025-11-13 07:50:43.887175+00","2025-11-13 07:59:31.700532+00"
1900,"1722589537","8132883465","pending","2025-11-13 08:42:36.391581+00","2025-11-13 08:42:36.391581+00"
1883,"1445110293","6559312412","accepted","2025-11-13 07:49:39.157804+00","2025-11-13 08:00:51.180191+00"
1901,"829653636","8132883465","pending","2025-11-13 08:47:36.52989+00","2025-11-13 08:47:36.52989+00"
1909,"6045190860","8132883465","pending","2025-11-13 08:58:53.084406+00","2025-11-13 08:58:53.084406+00"
1875,"6619071192","7247123310","accepted","2025-11-13 06:57:57.884431+00","2025-11-13 08:09:34.075949+00"
1888,"6367678578","5014292785","accepted","2025-11-13 08:13:31.315842+00","2025-11-13 08:13:35.158668+00"
1890,"1164008576","7729867929","pending","2025-11-13 08:26:09.978676+00","2025-11-13 08:26:09.978676+00"
1902,"829653636","8487387358","pending","2025-11-13 08:48:00.065641+00","2025-11-13 08:48:00.065641+00"
1899,"1722589537","797847663","accepted","2025-11-13 08:42:04.191428+00","2025-11-13 08:50:15.824334+00"
1904,"7324876592","797847663","pending","2025-11-13 08:50:34.208941+00","2025-11-13 08:50:34.208941+00"
1903,"829653636","797847663","accepted","2025-11-13 08:48:40.067057+00","2025-11-13 08:52:22.150049+00"
1905,"465935118","8132883465","pending","2025-11-13 08:52:35.242343+00","2025-11-13 08:52:35.242343+00"
1906,"829653636","1858801939","pending","2025-11-13 08:53:49.6574+00","2025-11-13 08:53:49.6574+00"
1913,"7648136036","8132883465","accepted","2025-11-13 09:03:46.159045+00","2025-11-13 09:04:59.819864+00"
1910,"5496013288","8132883465","declined","2025-11-13 08:59:06.539165+00","2025-11-13 08:59:37.715276+00"
1911,"1469773444","7325946122","pending","2025-11-13 09:01:39.195143+00","2025-11-13 09:01:39.195143+00"
1912,"7183200561","8132883465","declined","2025-11-13 09:01:55.011674+00","2025-11-13 10:21:51.504949+00"
1855,"6901349413","1051864908","accepted","2025-11-13 04:07:04.573979+00","2025-11-13 09:15:14.383796+00"
1915,"7627824015","8132883465","pending","2025-11-13 09:06:54.208646+00","2025-11-13 09:06:54.208646+00"
1862,"6796272189","338292689","accepted","2025-11-13 05:33:39.6667+00","2025-11-13 09:14:08.025572+00"
1873,"5077662839","338292689","accepted","2025-11-13 06:52:28.221117+00","2025-11-13 09:14:19.980842+00"
1918,"1722589537","6914943213","pending","2025-11-13 09:42:09.094949+00","2025-11-13 09:42:20.241331+00"
1921,"8363986202","8132883465","accepted","2025-11-13 09:45:03.530352+00","2025-11-13 09:45:12.018446+00"
1920,"1722589537","466664482","declined","2025-11-13 09:42:43.612108+00","2025-11-13 09:49:13.065042+00"
1925,"7574726989","5014292785","accepted","2025-11-13 10:34:00.023226+00","2025-11-13 10:34:05.63398+00"
1924,"6870565233","8487387358","accepted","2025-11-13 10:32:14.17755+00","2025-11-13 10:34:21.4522+00"
1926,"6805224856","7829339814","pending","2025-11-13 10:37:16.034938+00","2025-11-13 10:37:16.034938+00"
1922,"829653636","466664482","accepted","2025-11-13 10:17:01.878064+00","2025-11-13 10:40:59.199397+00"
1927,"847069612","8132883465","pending","2025-11-13 10:48:12.435284+00","2025-11-13 10:48:12.435284+00"
1928,"8487387358","7264966208","accepted","2025-11-13 10:51:05.351674+00","2025-11-13 10:52:27.119502+00"
1929,"355816382","8132883465","pending","2025-11-13 11:03:52.910153+00","2025-11-13 11:03:52.910153+00"
1930,"7372035632","7264966208","accepted","2025-11-13 11:04:21.400151+00","2025-11-13 11:04:50.000373+00"
1931,"6792977278","7501176620","accepted","2025-11-13 11:11:22.545505+00","2025-11-13 11:13:10.115136+00"
1933,"7963453467","1051120004","accepted","2025-11-13 11:25:13.256174+00","2025-11-13 11:25:35.182765+00"
1938,"1136410666","1066113150","pending","2025-11-13 11:46:20.266418+00","2025-11-13 11:46:20.266418+00"
1939,"2132072926","1066113150","pending","2025-11-13 11:47:55.730011+00","2025-11-13 11:47:55.730011+00"
1942,"713608037","8132883465","declined","2025-11-13 11:55:53.519788+00","2025-11-13 11:57:54.26224+00"
1932,"5044368334","8132883465","declined","2025-11-13 11:20:37.429865+00","2025-11-13 11:57:54.580973+00"
1944,"1040177400","1066113150","pending","2025-11-13 12:06:32.901239+00","2025-11-13 12:06:32.901239+00"
1957,"6849004727","1196872010","accepted","2025-11-13 12:49:29.821702+00","2025-11-13 12:51:22.027754+00"
1961,"1747357322","1781787035","pending","2025-11-13 12:58:04.945615+00","2025-11-13 12:58:04.945615+00"
4003,"6149090839","5014292785","accepted","2025-11-30 20:21:53.58154+00","2025-11-30 20:30:37.320804+00"
2641,"5781888399","1051864908","accepted","2025-11-17 04:16:20.917693+00","2025-11-17 10:15:09.50646+00"
2750,"6110336587","7191029735","accepted","2025-11-17 12:07:55.551192+00","2025-11-17 12:09:28.91235+00"
2755,"917657452","8132883465","pending","2025-11-17 12:25:38.56472+00","2025-11-17 12:25:38.56472+00"
2879,"7557645312","5014292785","pending","2025-11-18 06:44:19.423046+00","2025-11-18 06:44:19.423046+00"
2818,"7277297826","806483006","accepted","2025-11-17 18:54:33.833735+00","2025-11-18 08:01:21.051136+00"
2889,"1792231907","7451833955","pending","2025-11-18 08:07:34.796287+00","2025-11-18 08:07:34.796287+00"
2896,"7501176620","1051864908","accepted","2025-11-18 09:01:39.333172+00","2025-11-18 09:03:24.534034+00"
2900,"6165503434","1051864908","accepted","2025-11-18 09:40:55.395396+00","2025-11-18 09:43:16.8832+00"
2934,"6110336587","8315650083","pending","2025-11-18 14:38:23.619685+00","2025-11-18 14:38:23.619685+00"
2933,"6110336587","6009501360","accepted","2025-11-18 14:37:31.047616+00","2025-11-18 15:13:36.214432+00"
2985,"1767733168","6123393076","pending","2025-11-18 19:08:22.039512+00","2025-11-18 19:08:23.72246+00"
2993,"8087177701","1039067118","pending","2025-11-18 19:39:10.070685+00","2025-11-18 19:39:10.070685+00"
2994,"7745959874","7680965813","accepted","2025-11-18 19:42:39.498259+00","2025-11-18 19:43:41.862818+00"
2996,"8087177701","1834543510","accepted","2025-11-18 19:57:58.957606+00","2025-11-18 19:58:49.804562+00"
3037,"7336509255","7926937581","pending","2025-11-19 05:34:20.777522+00","2025-11-19 05:34:23.815763+00"
3041,"8025152801","8014736816","accepted","2025-11-19 06:39:05.487716+00","2025-11-19 06:45:03.840401+00"
3100,"7336509255","758080314","pending","2025-11-19 15:34:27.535137+00","2025-11-19 15:34:27.535137+00"
3092,"664725700","1674834036","accepted","2025-11-19 15:14:47.355026+00","2025-11-19 16:43:57.597065+00"
3149,"295701473","6206593118","pending","2025-11-19 23:44:48.185722+00","2025-11-19 23:44:48.185722+00"
3197,"2133374158","7600325167","accepted","2025-11-20 08:35:15.598954+00","2025-11-20 09:01:32.639804+00"
3250,"8471233877","7984980757","accepted","2025-11-20 14:15:36.268779+00","2025-11-20 14:24:17.911413+00"
3294,"6148511982","6634362515","pending","2025-11-20 20:58:31.597924+00","2025-11-20 20:58:31.597924+00"
3348,"7878529257","6499363352","accepted","2025-11-21 09:35:01.471516+00","2025-11-21 09:35:46.830476+00"
3356,"6052567240","1443977083","accepted","2025-11-21 09:56:09.131345+00","2025-11-21 09:56:52.46435+00"
3367,"698304652","8342082163","pending","2025-11-21 10:29:22.858056+00","2025-11-21 10:29:22.858056+00"
3418,"8087177701","462966491","pending","2025-11-21 15:56:48.836921+00","2025-11-21 15:56:48.836921+00"
3415,"7945982183","8199846804","accepted","2025-11-21 14:33:04.13748+00","2025-11-21 17:31:16.065204+00"
3491,"1355082268","7998357888","pending","2025-11-21 22:28:57.776915+00","2025-11-21 22:28:57.776915+00"
3487,"7296594672","7563130272","accepted","2025-11-21 22:22:31.117212+00","2025-11-22 03:12:03.648829+00"
3492,"680155765","451257119","accepted","2025-11-21 22:33:28.403291+00","2025-11-22 04:09:22.90768+00"
4041,"629782812","7788868790","pending","2025-12-01 11:58:08.835351+00","2025-12-01 11:58:08.835351+00"
4071,"1469773444","7686939779","pending","2025-12-02 03:31:57.664904+00","2025-12-02 03:31:57.664904+00"
3532,"8362956563","8067636451","accepted","2025-11-22 12:40:37.986986+00","2025-11-23 06:12:49.722181+00"
3574,"6219571304","748407474","accepted","2025-11-22 22:36:13.680848+00","2025-11-23 14:41:13.247613+00"
3605,"1389946453","1781787035","pending","2025-11-23 16:20:04.352247+00","2025-11-23 16:20:04.352247+00"
3635,"7969340618","8199846804","declined","2025-11-24 12:08:50.493188+00","2025-11-24 13:12:41.506402+00"
3672,"6438013120","7466894758","pending","2025-11-25 16:34:22.692224+00","2025-11-25 16:34:22.692224+00"
3676,"7891043769","5779531688","accepted","2025-11-25 16:57:22.654704+00","2025-11-25 16:57:37.069612+00"
3708,"304264783","381189753","pending","2025-11-26 05:20:48.44012+00","2025-11-26 05:20:48.44012+00"
3725,"7388700051","5014292785","accepted","2025-11-26 06:57:24.217793+00","2025-11-26 06:57:53.906414+00"
3757,"7518677057","797847663","accepted","2025-11-26 12:29:53.745682+00","2025-11-26 13:32:31.379872+00"
3793,"6110336587","2049114405","pending","2025-11-27 05:07:47.85125+00","2025-11-27 05:07:47.85125+00"
3831,"6358323892","5014292785","accepted","2025-11-27 13:29:05.457307+00","2025-11-27 13:31:01.872714+00"
3869,"534717744","5339040711","pending","2025-11-27 20:03:15.314141+00","2025-11-27 20:03:15.314141+00"
3900,"7675001152","442537417","pending","2025-11-28 14:40:55.02185+00","2025-11-28 14:40:55.02185+00"
3929,"1277989208","5384231139","accepted","2025-11-29 08:55:23.238609+00","2025-11-29 08:56:57.368362+00"
3970,"8312458446","1781787035","pending","2025-11-29 19:54:05.487349+00","2025-11-29 19:54:05.487349+00"
3971,"6214794341","7501582530","accepted","2025-11-29 19:55:11.977083+00","2025-11-30 12:15:19.594792+00"
4156,"770214725","797847663","declined","2025-12-02 11:57:02.272276+00","2025-12-02 12:08:45.824841+00"
4215,"8165422265","1568889911","accepted","2025-12-03 06:27:42.658209+00","2025-12-03 06:27:47.496929+00"
4244,"6490842744","1852332525","pending","2025-12-03 17:37:27.153831+00","2025-12-03 17:37:27.153831+00"
4290,"717829815","566023893","accepted","2025-12-04 10:33:59.490061+00","2025-12-04 11:19:25.322406+00"
4177,"7233511077","7609872803","accepted","2025-12-02 12:59:32.948301+00","2025-12-04 19:08:36.626975+00"
4337,"874756410","6617962657","pending","2025-12-04 22:13:57.247956+00","2025-12-04 22:13:57.247956+00"
4380,"472898765","5397367435","pending","2025-12-05 14:36:58.715191+00","2025-12-05 14:36:58.715191+00"
4382,"472898765","6429668330","pending","2025-12-05 14:57:48.705357+00","2025-12-05 14:57:48.705357+00"
2590,"8312458446","1051864908","blocked","2025-11-16 17:28:36.049671+00","2025-11-16 17:29:26.805235+00"
4412,"8312458446","6839822722","pending","2025-12-06 16:38:14.312884+00","2025-12-06 16:38:14.312884+00"
4413,"1115042518","874756410","accepted","2025-12-06 16:38:52.694868+00","2025-12-06 16:39:41.904178+00"
4415,"8312458446","1486823944","pending","2025-12-06 16:43:53.77734+00","2025-12-06 16:43:53.77734+00"
1934,"7963453467","1066113150","pending","2025-11-13 11:29:19.567318+00","2025-11-13 11:29:19.567318+00"
1950,"6694879969","8105214152","accepted","2025-11-13 12:29:09.914321+00","2025-11-14 18:10:33.640799+00"
1937,"376893412","8487387358","pending","2025-11-13 11:44:50.852061+00","2025-11-13 11:44:50.852061+00"
2001,"1115042518","8151671672","accepted","2025-11-13 15:28:02.487281+00","2025-11-13 15:28:12.47769+00"
1940,"5332574205","441209233","accepted","2025-11-13 11:50:45.751148+00","2025-11-13 11:51:10.005865+00"
1943,"1040177400","1051120004","pending","2025-11-13 12:06:04.966068+00","2025-11-13 12:06:04.966068+00"
1936,"1246961688","7597964581","accepted","2025-11-13 11:37:10.382729+00","2025-11-13 12:13:50.169749+00"
1946,"1722589537","5779531688","accepted","2025-11-13 12:15:34.103091+00","2025-11-13 12:19:41.997125+00"
1949,"1705157070","8487387358","pending","2025-11-13 12:26:45.743913+00","2025-11-13 12:26:45.743913+00"
1947,"7671747390","8132883465","accepted","2025-11-13 12:23:21.596052+00","2025-11-13 12:27:28.57903+00"
1951,"1469773444","1211607170","accepted","2025-11-13 12:39:07.298219+00","2025-11-13 12:40:38.082673+00"
1945,"1418820900","441209233","accepted","2025-11-13 12:13:51.072612+00","2025-11-13 12:41:11.496162+00"
1952,"1469773444","8223038699","accepted","2025-11-13 12:41:43.905314+00","2025-11-13 12:42:28.512523+00"
1954,"7137341213","8132883465","pending","2025-11-13 12:45:43.669163+00","2025-11-13 12:45:43.669163+00"
1955,"1154071314","7264966208","accepted","2025-11-13 12:46:10.148047+00","2025-11-13 12:47:28.686842+00"
1989,"1115042518","1834543510","blocked","2025-11-13 14:38:40.85239+00","2025-11-13 14:40:44.642951+00"
1958,"1747357322","7277297826","accepted","2025-11-13 12:57:26.990562+00","2025-11-13 13:21:21.17194+00"
1962,"7277297826","1066113150","pending","2025-11-13 13:25:46.495616+00","2025-11-13 13:25:46.495616+00"
1968,"7050798852","8487387358","pending","2025-11-13 13:30:21.440593+00","2025-11-13 13:30:21.440593+00"
1967,"7050798852","797847663","accepted","2025-11-13 13:29:44.429682+00","2025-11-13 13:31:55.306725+00"
1969,"331334522","7439298837","pending","2025-11-13 13:35:37.850107+00","2025-11-13 13:35:37.850107+00"
1970,"6557474517","1066113150","pending","2025-11-13 13:36:49.493868+00","2025-11-13 13:36:49.493868+00"
1971,"7775478270","7439298837","pending","2025-11-13 13:37:18.456164+00","2025-11-13 13:37:18.456164+00"
1972,"1216415391","7284658194","accepted","2025-11-13 13:37:23.294764+00","2025-11-13 13:37:47.930592+00"
1973,"7963453467","7439298837","pending","2025-11-13 13:40:55.856895+00","2025-11-13 13:40:55.856895+00"
1965,"6134100531","7563130272","declined","2025-11-13 13:28:01.774934+00","2025-11-13 13:41:49.595084+00"
1975,"1469773444","7541294991","pending","2025-11-13 13:46:01.598004+00","2025-11-13 13:46:01.598004+00"
1974,"6493656287","8132883465","accepted","2025-11-13 13:42:15.543+00","2025-11-13 13:54:05.307365+00"
1976,"1216675530","8132883465","accepted","2025-11-13 13:49:13.639841+00","2025-11-13 13:54:05.4837+00"
1964,"7050798852","8132883465","accepted","2025-11-13 13:27:41.283888+00","2025-11-13 13:54:06.008115+00"
1963,"411195010","8132883465","accepted","2025-11-13 13:25:57.639776+00","2025-11-13 13:54:06.601654+00"
1978,"7231257941","7439298837","pending","2025-11-13 13:54:23.881188+00","2025-11-13 13:54:23.881188+00"
1980,"7806350480","7541294991","pending","2025-11-13 14:00:13.815405+00","2025-11-13 14:00:13.815405+00"
1982,"1568889911","7191883532","pending","2025-11-13 14:01:32.119021+00","2025-11-13 14:01:32.119021+00"
1960,"963530522","7412135899","accepted","2025-11-13 12:57:39.141979+00","2025-11-13 14:06:42.50537+00"
1979,"523038743","6499363352","accepted","2025-11-13 13:54:48.512835+00","2025-11-13 14:14:18.375818+00"
1984,"7574726989","7439298837","pending","2025-11-13 14:14:55.209149+00","2025-11-13 14:14:55.209149+00"
1977,"7963453467","6304596210","accepted","2025-11-13 13:53:07.006662+00","2025-11-13 14:15:41.809703+00"
1983,"1986066159","1834543510","accepted","2025-11-13 14:11:32.183853+00","2025-11-13 14:30:44.274008+00"
2004,"7597536347","5229975567","accepted","2025-11-13 15:30:27.571896+00","2025-11-13 15:34:30.023843+00"
1986,"6412104799","7597964581","accepted","2025-11-13 14:33:23.708136+00","2025-11-13 14:34:17.347201+00"
1988,"1115042518","7439298837","pending","2025-11-13 14:37:55.488956+00","2025-11-13 14:37:55.488956+00"
1999,"8402831744","1834543510","blocked","2025-11-13 15:15:35.813757+00","2025-11-13 15:15:40.617042+00"
1981,"1568889911","6332613822","accepted","2025-11-13 14:00:56.379164+00","2025-11-13 14:41:45.986214+00"
1990,"392463053","6559312412","accepted","2025-11-13 14:39:48.765568+00","2025-11-13 14:46:20.326033+00"
1992,"655650662","7264966208","pending","2025-11-13 14:56:02.32687+00","2025-11-13 14:56:02.32687+00"
1956,"6650635132","5779531688","accepted","2025-11-13 12:47:33.631159+00","2025-11-13 14:56:05.041546+00"
1993,"8151671672","1834543510","accepted","2025-11-13 14:56:59.215504+00","2025-11-13 14:58:26.129811+00"
1994,"5183845073","8151671672","accepted","2025-11-13 14:59:21.113029+00","2025-11-13 14:59:31.166797+00"
1995,"5183845073","1834543510","accepted","2025-11-13 14:59:37.536462+00","2025-11-13 15:01:39.285151+00"
1997,"6801439185","1751867906","pending","2025-11-13 15:06:19.25067+00","2025-11-13 15:06:19.25067+00"
1998,"6801439185","1767733168","accepted","2025-11-13 15:07:56.936599+00","2025-11-13 15:08:07.936346+00"
2005,"8108911178","8151671672","declined","2025-11-13 15:38:29.972383+00","2025-11-13 15:38:38.119505+00"
2006,"8108911178","1834543510","declined","2025-11-13 15:39:07.733797+00","2025-11-13 15:41:32.049974+00"
1985,"7963453467","1273058201","accepted","2025-11-13 14:24:33.616039+00","2025-11-13 15:54:33.222251+00"
2007,"1453651578","6196465621","accepted","2025-11-13 15:59:01.347356+00","2025-11-13 15:59:17.167401+00"
2000,"1438008369","7412135899","accepted","2025-11-13 15:23:16.669218+00","2025-11-13 16:09:51.605776+00"
2008,"1593304227","1211607170","accepted","2025-11-13 16:13:20.941181+00","2025-11-13 16:17:03.269066+00"
1996,"1848446556","7050798852","accepted","2025-11-13 15:03:22.568319+00","2025-11-13 16:22:23.325938+00"
2009,"6790058314","8132883465","pending","2025-11-13 16:22:25.158146+00","2025-11-13 16:22:25.158146+00"
2011,"6074621627","441209233","accepted","2025-11-13 16:40:58.101896+00","2025-11-13 16:41:11.320336+00"
2019,"2144552661","1066113150","pending","2025-11-13 17:06:51.594828+00","2025-11-13 17:06:51.594828+00"
2017,"2144552661","8151671672","accepted","2025-11-13 17:03:39.422519+00","2025-11-13 17:08:09.693715+00"
2012,"5791864925","7623717059","accepted","2025-11-13 16:41:11.717588+00","2025-11-13 16:42:53.740428+00"
1966,"7050798852","6615059420","accepted","2025-11-13 13:29:11.814939+00","2025-11-13 16:51:04.620671+00"
2014,"338292689","5779531688","accepted","2025-11-13 16:44:52.690309+00","2025-11-13 16:53:14.499781+00"
2010,"338250980","1146651318","accepted","2025-11-13 16:24:53.348671+00","2025-11-13 17:01:36.465673+00"
2015,"5741313011","7092743968","accepted","2025-11-13 17:01:23.08269+00","2025-11-13 17:02:17.862734+00"
2016,"346464271","8132883465","pending","2025-11-13 17:03:15.027852+00","2025-11-13 17:03:15.027852+00"
2020,"5791864925","6786193496","accepted","2025-11-13 17:11:56.033355+00","2025-11-13 17:13:45.302826+00"
2021,"2144552661","1701785670","pending","2025-11-13 17:15:15.612614+00","2025-11-13 17:15:15.612614+00"
2023,"5791864925","1781787035","pending","2025-11-13 17:15:41.297022+00","2025-11-13 17:15:41.297022+00"
2024,"2144552661","1781787035","pending","2025-11-13 17:20:39.11737+00","2025-11-13 17:20:39.11737+00"
2025,"2144552661","1924682462","pending","2025-11-13 17:21:05.210818+00","2025-11-13 17:21:05.210818+00"
2022,"2144552661","6499363352","accepted","2025-11-13 17:15:37.410305+00","2025-11-13 17:28:01.059395+00"
2026,"1469773444","6901349413","pending","2025-11-13 17:33:13.409544+00","2025-11-13 17:33:13.409544+00"
2018,"5791864925","7826484265","accepted","2025-11-13 17:05:42.963693+00","2025-11-13 17:34:09.31179+00"
2028,"5791864925","1701785670","pending","2025-11-13 17:40:45.126344+00","2025-11-13 17:40:45.126344+00"
2029,"5791864925","338292689","accepted","2025-11-13 17:41:07.827689+00","2025-11-13 17:42:31.334387+00"
2031,"5791864925","7038684181","pending","2025-11-13 17:43:28.065105+00","2025-11-13 17:43:28.065105+00"
2032,"7547849911","8210097157","accepted","2025-11-13 17:46:09.028416+00","2025-11-13 17:46:51.685899+00"
2030,"1386862960","1834543510","accepted","2025-11-13 17:41:50.010722+00","2025-11-17 20:27:01.11401+00"
2033,"7224825143","8014736816","declined","2025-11-13 17:47:59.890952+00","2025-11-13 17:54:27.82481+00"
2034,"5736956317","6499363352","accepted","2025-11-13 18:05:35.086808+00","2025-11-13 18:15:03.522129+00"
2036,"1634777884","8210097157","accepted","2025-11-13 18:17:48.608485+00","2025-11-13 18:17:55.974167+00"
2035,"6732074630","1834543510","accepted","2025-11-13 18:06:16.179225+00","2025-11-13 18:18:33.199484+00"
2038,"6826111038","5779531688","accepted","2025-11-13 18:22:09.480147+00","2025-11-13 18:23:04.55743+00"
2037,"6619071192","1491873649","accepted","2025-11-13 18:18:57.404748+00","2025-11-13 18:23:52.496635+00"
2039,"7501176620","797847663","accepted","2025-11-13 18:24:34.244676+00","2025-11-13 18:24:51.085741+00"
2002,"6901632696","7264966208","accepted","2025-11-13 15:29:20.284793+00","2025-11-13 18:27:36.947387+00"
2040,"6300254416","1834543510","accepted","2025-11-13 18:28:22.864703+00","2025-11-13 18:32:15.880954+00"
2003,"6196465621","1146651318","accepted","2025-11-13 15:30:09.118191+00","2025-11-13 19:01:38.486757+00"
2043,"6606794082","8487387358","pending","2025-11-13 19:10:44.355873+00","2025-11-13 19:10:44.355873+00"
1840,"8484666325","466664482","pending","2025-11-12 19:34:26.682768+00","2025-11-14 16:03:58.081995+00"
2027,"8375243121","5931360456","accepted","2025-11-13 17:37:58.797167+00","2025-11-14 01:01:24.110217+00"
1991,"1722589537","5636401129","pending","2025-11-13 14:42:36.950372+00","2025-11-14 06:32:42.330597+00"
2041,"7623717059","6705095954","accepted","2025-11-13 18:34:18.236329+00","2025-11-14 15:50:45.314137+00"
2591,"8312458446","6847811341","pending","2025-11-16 17:31:53.911423+00","2025-11-16 17:31:53.911423+00"
2642,"829653636","7191883532","pending","2025-11-17 04:52:42.225377+00","2025-11-17 04:52:42.225377+00"
2644,"829653636","1215782140","accepted","2025-11-17 04:54:43.446471+00","2025-11-17 06:26:11.081524+00"
2758,"7675001152","7277167325","accepted","2025-11-17 12:33:13.556366+00","2025-11-17 12:34:03.706709+00"
2757,"6128701472","8132883465","accepted","2025-11-17 12:29:06.17441+00","2025-11-17 12:49:55.745329+00"
2824,"2133374158","1156271767","accepted","2025-11-17 19:33:58.655602+00","2025-11-17 19:52:48.232074+00"
2882,"7277167325","797847663","accepted","2025-11-18 06:49:11.555543+00","2025-11-18 06:49:17.602745+00"
2936,"7606466781","6310220342","pending","2025-11-18 14:41:07.697748+00","2025-11-18 14:41:07.697748+00"
2989,"6909260412","5861336739","accepted","2025-11-18 19:15:04.589312+00","2025-11-18 19:20:34.610843+00"
3000,"7336509255","1834543510","accepted","2025-11-18 20:19:13.519761+00","2025-11-18 20:29:12.911268+00"
3040,"8004392431","1402514149","accepted","2025-11-19 06:27:51.856373+00","2025-11-19 06:40:31.019498+00"
3093,"7336509255","1011634385","declined","2025-11-19 15:19:05.823695+00","2025-11-19 15:49:10.141759+00"
3151,"1469773444","7711284581","accepted","2025-11-20 00:13:30.783813+00","2025-11-20 01:11:51.387812+00"
3150,"1469773444","6670787583","accepted","2025-11-20 00:11:50.461881+00","2025-11-20 02:18:11.963835+00"
3198,"6909260412","1460728026","pending","2025-11-20 08:36:43.367341+00","2025-11-20 08:36:43.367341+00"
3199,"7878529257","7264966208","accepted","2025-11-20 08:45:03.001753+00","2025-11-20 09:16:27.255791+00"
3252,"7336509255","7541370984","pending","2025-11-20 15:24:37.614352+00","2025-11-20 15:24:37.614352+00"
3259,"8199846804","7282789865","accepted","2025-11-20 16:04:13.966301+00","2025-11-20 16:18:25.723672+00"
3297,"8199846804","1250628247","accepted","2025-11-20 21:22:24.449544+00","2025-11-20 21:26:22.737794+00"
3350,"940839338","7349587131","declined","2025-11-21 09:37:34.661766+00","2025-11-21 09:37:50.854459+00"
3353,"698304652","8132883465","pending","2025-11-21 09:43:36.096611+00","2025-11-21 09:43:36.096611+00"
3351,"6019735456","7686939779","accepted","2025-11-21 09:40:32.959288+00","2025-11-21 10:00:15.668323+00"
3360,"7648602042","5127238471","accepted","2025-11-21 10:03:18.774572+00","2025-11-21 10:03:54.65757+00"
3417,"7104275713","7563130272","accepted","2025-11-21 15:25:34.727911+00","2025-11-21 15:26:51.128729+00"
3420,"8394335907","1443977083","accepted","2025-11-21 16:02:24.473277+00","2025-11-21 16:04:20.475074+00"
3493,"8109112246","5288620089","pending","2025-11-22 00:43:54.95612+00","2025-11-22 00:43:54.95612+00"
3494,"8109112246","1201804003","pending","2025-11-22 00:45:44.879032+00","2025-11-22 00:45:44.879032+00"
3534,"7744940567","8295901088","pending","2025-11-22 12:46:52.917705+00","2025-11-22 12:46:52.917705+00"
3575,"916502813","7304976264","pending","2025-11-22 23:32:45.436236+00","2025-11-22 23:32:45.436236+00"
3606,"905762276","6670787583","accepted","2025-11-23 16:39:49.535736+00","2025-11-23 16:39:57.967107+00"
3636,"505963728","5863697164","pending","2025-11-24 12:24:00.014354+00","2025-11-24 12:24:00.014354+00"
3673,"6438013120","1150794859","accepted","2025-11-25 16:34:39.147619+00","2025-11-25 16:35:29.116908+00"
3709,"1469773444","381189753","pending","2025-11-26 05:24:27.785522+00","2025-11-26 05:24:27.785522+00"
3711,"1469773444","7336509255","accepted","2025-11-26 05:24:51.08719+00","2025-11-26 05:25:36.232606+00"
3763,"5014292785","6499363352","accepted","2025-11-26 13:22:46.527041+00","2025-11-26 13:22:55.250706+00"
3795,"5902076288","2049114405","pending","2025-11-27 05:44:56.20538+00","2025-11-27 05:44:56.20538+00"
3837,"2133374158","697587560","accepted","2025-11-27 14:16:10.812271+00","2025-11-27 14:20:15.098208+00"
3832,"717829815","1150794859","accepted","2025-11-27 13:46:37.971795+00","2025-11-27 14:28:40.868184+00"
3870,"7555248366","534717744","accepted","2025-11-27 20:24:55.662237+00","2025-11-27 20:25:22.254302+00"
3901,"2081601093","5779531688","accepted","2025-11-28 14:43:37.350698+00","2025-11-28 18:33:48.297869+00"
3930,"6214794341","6344816904","accepted","2025-11-29 09:00:36.797156+00","2025-11-29 09:04:22.835707+00"
3972,"505184694","5344544294","accepted","2025-11-29 20:05:39.216575+00","2025-11-30 01:14:23.636683+00"
4004,"7481152641","849650841","pending","2025-11-30 20:22:44.715402+00","2025-11-30 20:22:44.715402+00"
4042,"2143858050","8487387358","declined","2025-12-01 13:16:36.61361+00","2025-12-01 13:18:48.103892+00"
4072,"1458460826","797847663","pending","2025-12-02 03:49:03.011+00","2025-12-02 03:49:03.011+00"
4170,"1986066159","381189753","pending","2025-12-02 12:26:59.446587+00","2025-12-02 12:26:59.446587+00"
4172,"6214794341","8132883465","pending","2025-12-02 12:42:12.861166+00","2025-12-02 12:42:12.861166+00"
4216,"8289912581","5457063817","accepted","2025-12-03 06:50:05.001371+00","2025-12-03 09:12:25.813379+00"
4245,"7577722031","7788868790","pending","2025-12-03 19:38:49.459433+00","2025-12-03 19:38:49.459433+00"
4294,"7141706350","905960167","pending","2025-12-04 12:05:54.575809+00","2025-12-04 12:05:54.575809+00"
4338,"1984973034","1366211357","pending","2025-12-05 04:38:43.787092+00","2025-12-05 04:38:43.787092+00"
4381,"6901632696","1241455590","accepted","2025-12-05 14:45:45.025169+00","2025-12-05 14:56:35.703273+00"
4414,"8312458446","1875815535","pending","2025-12-06 16:42:23.489665+00","2025-12-06 16:42:23.489665+00"
4418,"8395067596","797847663","pending","2025-12-06 16:50:41.881185+00","2025-12-06 16:50:41.881185+00"
4420,"8312458446","8065215112","pending","2025-12-06 17:02:48.438166+00","2025-12-06 17:02:48.438166+00"
4421,"8376574369","6786814214","pending","2025-12-06 17:26:46.282898+00","2025-12-06 17:26:46.282898+00"
4422,"8395067596","1830648328","accepted","2025-12-06 17:26:46.854724+00","2025-12-06 17:49:09.091817+00"
2042,"6031374317","7826484265","accepted","2025-11-13 18:55:00.010379+00","2025-11-13 21:21:49.109443+00"
2587,"5741313011","7336509255","accepted","2025-11-16 17:10:19.488438+00","2025-11-16 17:42:00.032297+00"
2643,"829653636","1713751356","pending","2025-11-17 04:53:04.315684+00","2025-11-17 04:53:04.315684+00"
2759,"6763564039","5194677184","pending","2025-11-17 12:46:03.159222+00","2025-11-17 12:46:03.159222+00"
2760,"6904757410","8054407830","accepted","2025-11-17 12:58:01.934378+00","2025-11-17 13:43:00.10175+00"
2826,"2081601093","1713751356","pending","2025-11-17 20:06:22.709824+00","2025-11-17 20:06:22.709824+00"
2884,"511140559","1873783694","pending","2025-11-18 07:21:12.89494+00","2025-11-18 07:21:12.89494+00"
2890,"6437724981","7277167325","pending","2025-11-18 08:12:50.484293+00","2025-11-18 08:12:50.484293+00"
2939,"6948764140","6194922788","pending","2025-11-18 15:01:49.949448+00","2025-11-18 15:01:49.949448+00"
2997,"8087177701","7417035221","pending","2025-11-18 19:58:59.577034+00","2025-11-18 19:58:59.577034+00"
3001,"5097951139","797847663","accepted","2025-11-18 20:32:23.90239+00","2025-11-18 20:32:47.747724+00"
3003,"6909260412","2133374158","accepted","2025-11-18 20:42:04.69579+00","2025-11-18 20:42:38.600524+00"
3042,"1469773444","227693167","accepted","2025-11-19 06:45:01.541835+00","2025-11-19 06:45:10.031987+00"
3043,"1469773444","5802497894","accepted","2025-11-19 06:45:08.189722+00","2025-11-19 06:45:59.870821+00"
3094,"7336509255","5938779438","accepted","2025-11-19 15:27:28.748842+00","2025-11-19 15:28:29.875312+00"
3095,"7336509255","8034247290","accepted","2025-11-19 15:27:39.906284+00","2025-11-19 15:32:06.41792+00"
3152,"1614071841","2133374158","pending","2025-11-20 00:17:43.484547+00","2025-11-20 00:17:43.484547+00"
3155,"1614071841","8148472933","accepted","2025-11-20 00:31:49.643127+00","2025-11-20 03:11:56.237117+00"
3109,"5097951139","5752496638","accepted","2025-11-19 15:52:32.539169+00","2025-11-20 06:01:22.171618+00"
3200,"937438167","8132883465","pending","2025-11-20 08:50:26.232831+00","2025-11-20 08:50:26.232831+00"
3207,"642777089","5183845073","pending","2025-11-20 09:24:54.575108+00","2025-11-20 09:24:54.575108+00"
3153,"5071321627","1355608580","accepted","2025-11-20 00:25:10.910089+00","2025-11-20 12:15:45.592696+00"
3253,"1914309154","6557474517","accepted","2025-11-20 15:25:55.893025+00","2025-11-20 20:41:33.064523+00"
3298,"1215782140","7618212184","accepted","2025-11-20 21:43:35.144092+00","2025-11-21 01:07:45.810436+00"
3352,"698304652","5014292785","accepted","2025-11-21 09:43:15.684941+00","2025-11-21 09:52:38.594043+00"
3419,"8394335907","729045548","pending","2025-11-21 16:01:09.343218+00","2025-11-21 16:01:09.343218+00"
3495,"5133871463","8014736816","pending","2025-11-22 01:41:38.7365+00","2025-11-22 01:41:38.7365+00"
3496,"8275905364","1674834036","accepted","2025-11-22 01:44:46.100756+00","2025-11-22 06:04:39.740117+00"
3539,"6712361188","5949936801","pending","2025-11-22 13:29:44.738929+00","2025-11-22 13:29:44.738929+00"
3535,"7977727953","400568980","accepted","2025-11-22 13:13:43.211344+00","2025-11-22 20:47:57.421995+00"
3576,"5799769691","5014292785","pending","2025-11-23 02:47:20.076468+00","2025-11-23 02:47:20.076468+00"
3607,"2081601093","5816972493","accepted","2025-11-23 16:43:09.538559+00","2025-11-23 16:43:33.929116+00"
3637,"6123757816","6123393076","pending","2025-11-24 12:36:56.75543+00","2025-11-24 12:36:56.75543+00"
3674,"1032005775","1713751356","pending","2025-11-25 16:51:13.830266+00","2025-11-25 16:51:13.830266+00"
3675,"1032005775","797847663","pending","2025-11-25 16:51:42.153906+00","2025-11-25 16:51:42.153906+00"
3679,"7477723296","7417035221","pending","2025-11-25 17:16:43.522748+00","2025-11-25 17:16:43.522748+00"
3681,"2034079599","7501176620","accepted","2025-11-25 17:40:09.572131+00","2025-11-25 17:40:15.536995+00"
3713,"5972720430","7466894758","pending","2025-11-26 05:29:43.695704+00","2025-11-26 05:29:43.695704+00"
3716,"464531727","6816978900","declined","2025-11-26 05:43:30.593057+00","2025-11-26 06:26:12.096077+00"
3765,"6504427565","1164557619","accepted","2025-11-26 14:06:21.029315+00","2025-11-26 14:14:40.992392+00"
3796,"355006815","5014292785","pending","2025-11-27 06:50:29.334502+00","2025-11-27 06:50:29.334502+00"
3833,"1340085345","8487387358","pending","2025-11-27 13:58:55.451873+00","2025-11-27 13:58:55.451873+00"
3838,"1861971689","274304799","pending","2025-11-27 14:17:10.008286+00","2025-11-27 14:17:10.008286+00"
3871,"6502575119","8349531562","pending","2025-11-27 20:38:45.118726+00","2025-11-27 20:38:45.118726+00"
3902,"6823307553","6786814214","pending","2025-11-28 14:43:46.843726+00","2025-11-28 14:43:46.843726+00"
3904,"2081601093","7788868790","accepted","2025-11-28 14:45:35.326606+00","2025-11-28 16:53:49.243992+00"
3931,"1115042518","6344816904","accepted","2025-11-29 09:19:01.824223+00","2025-11-29 09:39:05.034987+00"
3973,"7234252969","8495085612","pending","2025-11-29 20:06:42.174379+00","2025-11-29 20:06:42.174379+00"
3974,"505184694","6499363352","accepted","2025-11-29 20:08:46.821178+00","2025-11-29 20:09:11.30139+00"
3976,"7634664131","6499363352","pending","2025-11-29 20:41:51.754177+00","2025-11-29 20:41:51.754177+00"
4006,"1156271767","5930093489","pending","2025-11-30 20:49:23.856466+00","2025-11-30 20:49:23.856466+00"
4010,"609821453","2111526264","accepted","2025-11-30 21:17:30.622743+00","2025-12-01 03:32:49.590235+00"
4043,"6499363352","973547418","accepted","2025-12-01 14:59:59.839517+00","2025-12-01 17:55:49.65419+00"
4073,"8289912581","8036262779","pending","2025-12-02 03:58:01.195452+00","2025-12-02 03:58:01.195452+00"
4178,"5325900270","358584822","pending","2025-12-02 13:05:22.174859+00","2025-12-02 13:05:22.174859+00"
4217,"717829815","7945982183","accepted","2025-12-03 07:01:50.010785+00","2025-12-03 07:06:32.842402+00"
4218,"5367797560","545848148","accepted","2025-12-03 07:06:40.371297+00","2025-12-03 07:11:21.052719+00"
4247,"698304652","466664482","accepted","2025-12-03 19:45:34.545386+00","2025-12-03 19:48:54.104819+00"
4295,"7279176477","361963248","pending","2025-12-04 12:07:18.643121+00","2025-12-04 12:07:18.643121+00"
4301,"1469773444","1113803518","accepted","2025-12-04 12:48:48.955819+00","2025-12-04 12:53:00.533417+00"
4303,"923262207","1051864908","accepted","2025-12-04 12:54:11.193504+00","2025-12-04 12:56:15.096863+00"
4246,"698304652","6786814214","accepted","2025-12-03 19:43:42.854132+00","2025-12-04 16:34:53.569857+00"
4339,"1058587695","7501176620","accepted","2025-12-05 06:39:27.693437+00","2025-12-05 07:24:50.124091+00"
4383,"8109112246","7415876534","accepted","2025-12-05 15:42:00.082163+00","2025-12-05 15:50:08.790461+00"
4416,"8109112246","1051924742","pending","2025-12-06 16:49:00.065606+00","2025-12-06 16:49:00.065606+00"
2045,"1469773444","5779531688","pending","2025-11-13 19:24:32.561337+00","2025-11-13 19:24:32.561337+00"
2047,"1705157070","955679410","pending","2025-11-13 19:27:24.240238+00","2025-11-13 19:27:24.240238+00"
2129,"1136410666","1834543510","blocked","2025-11-14 08:38:06.385728+00","2025-11-14 08:51:34.07646+00"
2052,"7948534478","8200911384","accepted","2025-11-13 19:31:53.785289+00","2025-11-13 19:32:23.182769+00"
2048,"5712443366","6317335819","accepted","2025-11-13 19:27:34.833958+00","2025-11-13 19:33:46.821944+00"
2053,"8332818063","5779531688","accepted","2025-11-13 19:36:52.518895+00","2025-11-13 19:37:05.014715+00"
2051,"7383239990","7412135899","accepted","2025-11-13 19:31:17.439266+00","2025-11-13 19:37:12.494439+00"
2055,"8332818063","797847663","accepted","2025-11-13 19:45:23.417+00","2025-11-13 19:47:15.405296+00"
2057,"7040411147","955679410","pending","2025-11-13 19:49:50.219902+00","2025-11-13 19:49:50.219902+00"
2058,"370668833","8151671672","accepted","2025-11-13 19:50:47.691343+00","2025-11-13 19:51:07.636913+00"
2059,"7963453467","5779531688","accepted","2025-11-13 19:57:25.518436+00","2025-11-13 19:57:44.494829+00"
2061,"370668833","8132883465","pending","2025-11-13 20:06:09.806907+00","2025-11-13 20:06:09.806907+00"
2062,"6110336587","1246059259","accepted","2025-11-13 20:13:22.946859+00","2025-11-13 20:13:39.406069+00"
2060,"7290615727","797847663","accepted","2025-11-13 20:04:21.967616+00","2025-11-13 20:15:21.985438+00"
2063,"8008517960","5820676652","pending","2025-11-13 20:18:27.763006+00","2025-11-13 20:18:27.763006+00"
2066,"1469773444","1781787035","accepted","2025-11-13 20:22:46.757599+00","2025-11-13 20:23:23.198747+00"
1959,"6692034060","5636401129","accepted","2025-11-13 12:57:37.9039+00","2025-11-13 20:23:26.804464+00"
2067,"6110336587","7439298837","pending","2025-11-13 20:24:58.131232+00","2025-11-13 20:24:58.131232+00"
2069,"1469773444","8161990253","accepted","2025-11-13 20:26:43.350534+00","2025-11-13 20:27:13.934035+00"
2073,"6110336587","1391174363","pending","2025-11-13 20:42:07.0667+00","2025-11-13 20:42:07.0667+00"
2074,"6110336587","1146651318","pending","2025-11-13 20:45:52.094074+00","2025-11-13 20:45:52.094074+00"
2070,"6110336587","451257119","accepted","2025-11-13 20:38:48.254874+00","2025-11-13 20:48:00.240027+00"
2076,"6110336587","7179545970","pending","2025-11-13 20:49:05.304449+00","2025-11-13 20:49:05.304449+00"
2080,"6038939849","1469773444","accepted","2025-11-13 20:55:31.162912+00","2025-11-13 21:01:20.486805+00"
2081,"770214725","1924682462","pending","2025-11-13 21:04:33.538691+00","2025-11-13 21:04:33.538691+00"
2050,"7623717059","8321840226","accepted","2025-11-13 19:28:27.901902+00","2025-11-13 21:27:51.710532+00"
2077,"6110336587","5779531688","accepted","2025-11-13 20:50:39.117806+00","2025-11-13 21:51:24.476672+00"
2082,"7132525119","5779531688","accepted","2025-11-13 21:28:47.564246+00","2025-11-13 21:51:27.003325+00"
2044,"1043150763","6499363352","accepted","2025-11-13 19:23:02.892678+00","2025-11-13 22:03:41.347562+00"
2075,"6110336587","6810310587","accepted","2025-11-13 20:47:03.121793+00","2025-11-14 02:59:07.967559+00"
2086,"7089307956","6348232988","accepted","2025-11-13 22:08:34.411235+00","2025-11-14 03:14:21.514925+00"
2085,"7441462247","1246059259","accepted","2025-11-13 21:43:48.151723+00","2025-11-14 03:44:39.634899+00"
2078,"1664447665","7412135899","accepted","2025-11-13 20:52:33.158451+00","2025-11-14 04:14:49.524792+00"
2079,"6110336587","7412135899","accepted","2025-11-13 20:52:59.996507+00","2025-11-14 04:14:51.236316+00"
2092,"5565399232","7111177645","pending","2025-11-14 04:20:53.153051+00","2025-11-14 04:20:53.153051+00"
2088,"7382055130","1722589537","accepted","2025-11-14 02:19:58.162686+00","2025-11-14 04:22:14.504212+00"
2093,"1469773444","1119289635","pending","2025-11-14 04:33:18.80127+00","2025-11-14 04:33:18.80127+00"
2089,"264664238","5779531688","accepted","2025-11-14 03:19:56.024499+00","2025-11-14 04:37:26.711339+00"
2094,"1469773444","6960656347","accepted","2025-11-14 04:35:12.844534+00","2025-11-14 04:43:19.70919+00"
2097,"5185658477","6044900475","pending","2025-11-14 04:44:59.247052+00","2025-11-14 04:44:59.247052+00"
2096,"5185658477","829653636","accepted","2025-11-14 04:44:05.070921+00","2025-11-14 05:00:20.538245+00"
2099,"5015840197","8521308273","pending","2025-11-14 05:15:25.6904+00","2025-11-14 05:15:25.6904+00"
2100,"7048934564","6633576620","pending","2025-11-14 05:18:41.244734+00","2025-11-14 05:18:41.244734+00"
2098,"6110336587","6960656347","accepted","2025-11-14 05:03:39.503041+00","2025-11-14 05:20:04.845296+00"
2101,"7623717059","7542382660","pending","2025-11-14 05:24:36.091742+00","2025-11-14 05:24:36.091742+00"
2102,"5015840197","7724848115","pending","2025-11-14 05:25:38.277433+00","2025-11-14 05:25:38.277433+00"
2103,"6110336587","6111324312","pending","2025-11-14 05:26:59.584204+00","2025-11-14 05:26:59.584204+00"
2105,"5015840197","1216016294","accepted","2025-11-14 05:29:16.513676+00","2025-11-14 05:47:30.531858+00"
2091,"5546122887","5598105697","accepted","2025-11-14 03:58:24.377497+00","2025-11-14 05:51:54.040707+00"
2071,"6110336587","8451398351","accepted","2025-11-13 20:40:36.035573+00","2025-11-14 05:53:06.908366+00"
2104,"6110336587","1353305650","accepted","2025-11-14 05:27:13.600488+00","2025-11-14 05:55:53.823469+00"
2108,"1179579210","5998645722","accepted","2025-11-14 06:03:19.079061+00","2025-11-14 06:03:57.836423+00"
2109,"7477178240","8132883465","accepted","2025-11-14 06:11:30.803157+00","2025-11-14 06:14:43.444766+00"
2095,"6142542468","7501176620","pending","2025-11-14 04:41:18.833556+00","2025-11-14 06:14:47.835981+00"
2083,"627631572","797847663","declined","2025-11-13 21:39:28.251708+00","2025-11-14 06:18:09.19669+00"
2111,"6978683275","8535783739","pending","2025-11-14 06:26:36.527511+00","2025-11-14 06:26:36.527511+00"
2113,"7945889315","5014292785","accepted","2025-11-14 06:49:05.676362+00","2025-11-14 07:01:12.195606+00"
2090,"7675001152","955679410","accepted","2025-11-14 03:26:57.046187+00","2025-11-14 07:14:04.468349+00"
2115,"5918213267","5014292785","pending","2025-11-14 07:34:58.201414+00","2025-11-14 07:34:58.201414+00"
2116,"1421866337","5014292785","pending","2025-11-14 07:35:01.957001+00","2025-11-14 07:35:01.957001+00"
2084,"5610783536","1834543510","accepted","2025-11-13 21:40:18.902297+00","2025-11-14 07:45:02.942461+00"
2056,"7955523987","1834543510","accepted","2025-11-13 19:46:42.255197+00","2025-11-14 07:45:03.610372+00"
2054,"5268043923","1834543510","accepted","2025-11-13 19:42:50.991701+00","2025-11-14 07:45:04.827677+00"
2046,"335209060","1834543510","accepted","2025-11-13 19:25:43.827785+00","2025-11-14 07:45:08.539568+00"
2117,"2050497063","797847663","declined","2025-11-14 07:53:16.697446+00","2025-11-14 07:56:45.683479+00"
2118,"7918656089","8132883465","accepted","2025-11-14 07:56:48.268225+00","2025-11-14 07:56:52.64683+00"
2114,"7540608548","8132883465","accepted","2025-11-14 07:16:25.845662+00","2025-11-14 07:56:53.135881+00"
2119,"6703058102","1221140370","pending","2025-11-14 08:01:15.982913+00","2025-11-14 08:01:15.982913+00"
2120,"6703058102","5656628710","pending","2025-11-14 08:02:35.586213+00","2025-11-14 08:02:41.604793+00"
2122,"6703058102","6410700904","pending","2025-11-14 08:02:57.514702+00","2025-11-14 08:02:57.514702+00"
2123,"6703058102","5456358565","pending","2025-11-14 08:06:06.498471+00","2025-11-14 08:06:11.758242+00"
2126,"6703058102","1834543510","pending","2025-11-14 08:11:18.155844+00","2025-11-14 08:11:18.155844+00"
2127,"6703058102","6802506591","pending","2025-11-14 08:11:34.940385+00","2025-11-14 08:11:34.940385+00"
2064,"6110336587","6332613822","accepted","2025-11-13 20:22:09.711431+00","2025-11-14 19:00:07.708444+00"
2107,"5183845073","5015840197","accepted","2025-11-14 05:51:23.424254+00","2025-11-14 08:44:32.323456+00"
2131,"6823307553","6985941405","pending","2025-11-14 08:45:13.986728+00","2025-11-14 08:45:13.986728+00"
2130,"6823307553","1674834036","accepted","2025-11-14 08:42:31.726687+00","2025-11-14 09:02:51.394191+00"
2132,"1722589537","5059334904","pending","2025-11-14 09:07:31.345842+00","2025-11-14 09:07:31.345842+00"
2133,"5033086865","7446530116","accepted","2025-11-14 09:15:40.919392+00","2025-11-14 09:15:58.36176+00"
2134,"7697057924","1834543510","pending","2025-11-14 09:25:06.459868+00","2025-11-14 09:25:06.459868+00"
2125,"6703058102","712518436","accepted","2025-11-14 08:06:39.194894+00","2025-11-14 09:27:29.956566+00"
2135,"7563130272","1164335213","pending","2025-11-14 09:35:39.381355+00","2025-11-14 09:35:39.381355+00"
2136,"8152915816","5059334904","pending","2025-11-14 09:35:51.312393+00","2025-11-14 09:35:51.312393+00"
2087,"2050497063","7460651806","accepted","2025-11-13 22:28:24.806364+00","2025-11-14 10:01:05.66244+00"
2139,"1469773444","7352437725","accepted","2025-11-14 10:15:06.640468+00","2025-11-14 10:16:46.361746+00"
2137,"6266833269","7501176620","declined","2025-11-14 10:10:47.393686+00","2025-11-14 10:24:25.34472+00"
2140,"6813685028","1292687770","pending","2025-11-14 10:29:56.900315+00","2025-11-14 10:29:56.900315+00"
2141,"1140732040","5059334904","pending","2025-11-14 10:32:08.933273+00","2025-11-14 10:32:08.933273+00"
2138,"385008472","7563130272","accepted","2025-11-14 10:10:58.229524+00","2025-11-14 11:13:54.705877+00"
2065,"6110336587","6162552978","accepted","2025-11-13 20:22:22.506677+00","2025-11-14 11:23:29.062229+00"
2128,"6703058102","451257119","pending","2025-11-14 08:18:01.327716+00","2025-11-14 11:35:46.810044+00"
2144,"6438013120","6499363352","accepted","2025-11-14 12:10:42.28302+00","2025-11-14 12:13:49.218963+00"
2145,"6561802311","6206593118","pending","2025-11-14 12:15:00.831754+00","2025-11-14 12:15:00.831754+00"
2146,"7675001152","5014292785","pending","2025-11-14 12:20:47.866995+00","2025-11-14 12:20:47.866995+00"
2147,"7089969662","7439298837","pending","2025-11-14 12:31:25.314787+00","2025-11-14 12:31:25.314787+00"
2148,"7089969662","1834543510","pending","2025-11-14 12:32:11.7647+00","2025-11-14 12:32:11.7647+00"
2142,"6823307553","5059334904","declined","2025-11-14 11:21:40.525585+00","2025-11-14 21:58:50.489366+00"
2149,"864303573","8132883465","pending","2025-11-14 12:33:57.920451+00","2025-11-14 12:33:57.920451+00"
2150,"7089969662","8151671672","accepted","2025-11-14 12:34:26.727572+00","2025-11-14 12:35:34.866235+00"
2151,"2050497063","7910977098","pending","2025-11-14 12:37:04.177594+00","2025-11-14 12:37:04.177594+00"
2592,"1233590497","6541768139","pending","2025-11-16 17:53:16.719246+00","2025-11-16 17:53:16.719246+00"
2596,"8312458446","1924682462","pending","2025-11-16 18:25:11.016684+00","2025-11-16 18:25:11.016684+00"
2611,"6295570577","5014292785","pending","2025-11-16 19:51:46.640287+00","2025-11-16 19:51:46.640287+00"
2645,"829653636","972898794","accepted","2025-11-17 05:02:21.757219+00","2025-11-17 05:02:40.530834+00"
2646,"1469773444","1051120004","accepted","2025-11-17 05:09:01.991712+00","2025-11-17 05:09:11.15904+00"
2652,"5097951139","5014292785","accepted","2025-11-17 05:43:01.16175+00","2025-11-17 05:43:20.949295+00"
2598,"6213093277","8014736816","declined","2025-11-16 18:52:00.114056+00","2025-11-17 06:11:33.367003+00"
2761,"6110336587","424038318","pending","2025-11-17 13:15:00.567334+00","2025-11-17 13:15:00.567334+00"
2828,"7070555561","8054407830","accepted","2025-11-17 20:09:06.046707+00","2025-11-17 20:32:49.35267+00"
2885,"920692592","6645830936","pending","2025-11-18 07:25:22.845083+00","2025-11-18 07:25:22.845083+00"
2829,"2081601093","806483006","accepted","2025-11-17 20:09:17.674452+00","2025-11-18 08:01:16.299691+00"
2895,"1800084806","5779531688","accepted","2025-11-18 08:58:01.066319+00","2025-11-18 09:04:37.832565+00"
2940,"6948764140","464171448","pending","2025-11-18 15:36:26.835124+00","2025-11-18 15:36:26.835124+00"
3004,"338250980","2133374158","accepted","2025-11-18 20:43:54.18878+00","2025-11-18 20:49:15.377995+00"
2999,"7336509255","7277297826","accepted","2025-11-18 20:15:58.756443+00","2025-11-19 03:53:49.838086+00"
4074,"8289912581","424858693","accepted","2025-12-02 03:59:04.267649+00","2025-12-02 07:22:05.384315+00"
3044,"6909260412","1051864908","accepted","2025-11-19 06:49:10.219288+00","2025-11-19 07:02:09.551683+00"
3054,"6214794341","6955350055","declined","2025-11-19 08:44:16.057398+00","2025-11-19 09:04:00.848362+00"
3096,"7336509255","2012907470","pending","2025-11-19 15:31:52.892376+00","2025-11-19 15:31:52.892376+00"
3099,"7336509255","6060179344","pending","2025-11-19 15:34:09.022293+00","2025-11-19 15:34:36.527243+00"
3157,"1614071841","2077632607","pending","2025-11-20 00:43:44.056472+00","2025-11-20 00:43:44.056472+00"
3154,"1614071841","1834543510","accepted","2025-11-20 00:31:24.677545+00","2025-11-20 03:09:26.229846+00"
3156,"1614071841","5779531688","accepted","2025-11-20 00:39:43.410846+00","2025-11-20 06:20:00.564067+00"
3201,"7763805086","8132883465","accepted","2025-11-20 08:52:05.717596+00","2025-11-20 09:26:39.650671+00"
3202,"914326239","7277297826","accepted","2025-11-20 08:58:23.413948+00","2025-11-20 10:27:58.850238+00"
3254,"8435540046","672788523","pending","2025-11-20 15:29:30.253778+00","2025-11-20 15:29:30.253778+00"
3255,"8435540046","1369305648","pending","2025-11-20 15:29:56.801975+00","2025-11-20 15:29:56.801975+00"
3261,"7336509255","7029067009","pending","2025-11-20 16:22:21.488081+00","2025-11-20 16:22:21.488081+00"
3299,"1355082268","5014292785","pending","2025-11-20 21:55:24.700878+00","2025-11-20 21:55:24.700878+00"
3300,"1355082268","7647636604","pending","2025-11-20 22:01:08.999296+00","2025-11-20 22:01:08.999296+00"
3354,"8487387358","7501176620","accepted","2025-11-21 09:54:11.231037+00","2025-11-21 09:56:05.922486+00"
3421,"6214794341","855984276","pending","2025-11-21 17:03:12.649128+00","2025-11-21 17:03:12.649128+00"
3424,"8255488641","7029687797","pending","2025-11-21 17:16:57.052106+00","2025-11-21 17:16:57.052106+00"
3427,"905762276","6562821208","pending","2025-11-21 17:34:17.317145+00","2025-11-21 17:34:17.317145+00"
3436,"8394335907","7984980757","accepted","2025-11-21 18:32:59.001936+00","2025-11-21 18:33:10.896866+00"
3438,"1203345729","8132883465","pending","2025-11-21 18:46:28.233304+00","2025-11-21 18:46:28.233304+00"
3497,"2103462970","1426425233","pending","2025-11-22 03:12:01.269424+00","2025-11-22 03:12:01.269424+00"
3498,"8087177701","1745718941","accepted","2025-11-22 03:18:26.781363+00","2025-11-22 06:48:05.161567+00"
3536,"5609544422","5038281970","accepted","2025-11-22 13:18:03.777346+00","2025-11-22 13:18:11.305092+00"
3577,"5668740070","5014292785","pending","2025-11-23 03:57:21.627475+00","2025-11-23 03:57:21.627475+00"
3608,"905762276","8487387358","pending","2025-11-23 16:49:56.539961+00","2025-11-23 16:49:56.539961+00"
3638,"5484611413","5863697164","pending","2025-11-24 13:35:00.898939+00","2025-11-24 13:35:00.898939+00"
3677,"1047648367","8132883465","accepted","2025-11-25 17:13:38.201291+00","2025-11-25 17:15:57.243463+00"
3717,"1115042518","5381673363","accepted","2025-11-26 05:45:08.539684+00","2025-11-26 05:46:18.325111+00"
4179,"5325900270","442537417","accepted","2025-12-02 13:06:43.845002+00","2025-12-02 13:07:29.199518+00"
3721,"5047709640","7812818865","accepted","2025-11-26 06:19:11.435102+00","2025-11-26 07:24:00.231693+00"
3766,"6813544940","1047648367","pending","2025-11-26 14:44:35.488162+00","2025-11-26 14:44:35.488162+00"
3767,"6813544940","311820948","pending","2025-11-26 14:48:15.214529+00","2025-11-26 14:48:15.214529+00"
3797,"7020055917","1039067118","accepted","2025-11-27 06:54:54.209934+00","2025-11-27 07:14:58.228544+00"
3845,"8375420009","5014292785","pending","2025-11-27 15:13:56.724148+00","2025-11-27 15:13:56.724148+00"
3872,"8210706490","977701485","pending","2025-11-27 21:05:07.893868+00","2025-11-27 21:05:07.893868+00"
3834,"1818027987","544561930","accepted","2025-11-27 14:08:56.923874+00","2025-11-28 06:39:45.157033+00"
3903,"2081601093","758080314","declined","2025-11-28 14:44:06.096244+00","2025-11-28 15:10:45.329224+00"
4219,"7234252969","1051864908","accepted","2025-12-03 07:10:06.172847+00","2025-12-03 07:15:33.749311+00"
3975,"8312458446","6499363352","accepted","2025-11-29 20:17:04.848816+00","2025-11-29 20:17:07.717563+00"
3977,"642777089","5014292785","pending","2025-11-29 20:43:28.071514+00","2025-11-29 20:43:28.071514+00"
3981,"5608148884","8495085612","pending","2025-11-29 21:29:16.227694+00","2025-11-29 21:29:16.227694+00"
3932,"7064762096","554689096","blocked","2025-11-29 09:36:11.33281+00","2025-11-29 11:44:59.348606+00"
4008,"609821453","6816978900","pending","2025-11-30 21:04:11.822023+00","2025-11-30 21:04:11.822023+00"
4044,"1074739858","7752969309","accepted","2025-12-01 15:08:34.720695+00","2025-12-01 15:09:15.967147+00"
4248,"837132956","8132883465","declined","2025-12-03 19:57:14.986814+00","2025-12-03 20:37:44.939959+00"
4296,"6089346336","6276583633","pending","2025-12-04 12:19:38.146233+00","2025-12-04 12:19:38.146233+00"
4297,"8289912581","7945982183","accepted","2025-12-04 12:33:41.299818+00","2025-12-04 12:54:00.644499+00"
4311,"6509940063","6310220342","pending","2025-12-04 13:36:41.288077+00","2025-12-04 13:36:41.288077+00"
4340,"7977727953","8199846804","pending","2025-12-05 06:42:49.319836+00","2025-12-05 06:42:49.319836+00"
4347,"8065215112","1486823944","accepted","2025-12-05 07:37:46.741459+00","2025-12-05 07:57:12.797314+00"
4355,"5728928266","6220833479","pending","2025-12-05 08:15:00.32328+00","2025-12-05 08:15:00.32328+00"
4384,"7693155929","6499363352","accepted","2025-12-05 15:45:35.897813+00","2025-12-05 15:47:07.208338+00"
4310,"1461603069","6233075737","accepted","2025-12-04 13:34:58.599211+00","2025-12-05 20:42:56.58711+00"
4417,"8395067596","6499363352","accepted","2025-12-06 16:50:38.374873+00","2025-12-06 16:51:30.356095+00"
2152,"7389254678","5014292785","pending","2025-11-14 12:37:19.131145+00","2025-11-14 12:37:19.131145+00"
2153,"402196779","6640603060","declined","2025-11-14 13:08:46.360606+00","2025-11-14 13:09:05.860135+00"
2154,"5542479981","797847663","pending","2025-11-14 13:13:26.635294+00","2025-11-14 13:13:26.635294+00"
2155,"7067568251","797847663","pending","2025-11-14 13:32:02.428409+00","2025-11-14 13:32:02.428409+00"
2157,"870035735","5014292785","accepted","2025-11-14 13:38:09.57598+00","2025-11-14 13:38:14.212548+00"
2158,"1885111976","5014292785","pending","2025-11-14 13:41:04.318784+00","2025-11-14 13:41:04.318784+00"
2156,"466664482","1241455590","accepted","2025-11-14 13:36:42.128355+00","2025-11-14 13:43:33.894659+00"
2159,"1115042518","7482165593","declined","2025-11-14 13:47:57.046457+00","2025-11-14 13:48:55.002854+00"
2160,"331334522","797847663","pending","2025-11-14 14:01:38.003155+00","2025-11-14 14:01:38.003155+00"
2161,"7058103791","7431562133","accepted","2025-11-14 14:14:03.147782+00","2025-11-14 14:14:09.303549+00"
2162,"1469773444","8111215072","pending","2025-11-14 14:20:50.897219+00","2025-11-14 14:20:50.897219+00"
2164,"7468430830","8111215072","pending","2025-11-14 14:26:34.394216+00","2025-11-14 14:26:34.394216+00"
2166,"1115042518","7431562133","accepted","2025-11-14 14:28:56.833502+00","2025-11-14 14:29:53.092045+00"
2163,"1469773444","422805597","accepted","2025-11-14 14:21:42.131392+00","2025-11-14 14:59:58.140903+00"
2168,"8449563691","8487387358","pending","2025-11-14 15:09:05.649594+00","2025-11-14 15:09:05.649594+00"
2167,"5496013288","6499363352","accepted","2025-11-14 15:06:08.21622+00","2025-11-14 15:10:23.724125+00"
2169,"6438013120","5014292785","pending","2025-11-14 15:13:16.819614+00","2025-11-14 15:13:16.819614+00"
2171,"5494367958","7439298837","pending","2025-11-14 15:54:21.421734+00","2025-11-14 15:54:21.421734+00"
2049,"1469773444","579014332","accepted","2025-11-13 19:28:04.713653+00","2025-11-14 15:57:35.854747+00"
2191,"6110336587","5669715694","accepted","2025-11-14 17:52:52.48031+00","2025-11-14 19:07:02.686465+00"
2173,"7795615574","905762276","accepted","2025-11-14 16:01:06.757675+00","2025-11-14 16:01:51.099052+00"
2175,"331334522","8066757261","pending","2025-11-14 16:14:32.01307+00","2025-11-14 16:14:32.01307+00"
2178,"5494367958","7038684181","pending","2025-11-14 16:22:07.623186+00","2025-11-14 16:22:07.623186+00"
2215,"988802505","1924782398","accepted","2025-11-14 19:09:38.512675+00","2025-11-14 19:10:14.25345+00"
2177,"7748469959","8111215072","declined","2025-11-14 16:21:04.208892+00","2025-11-14 16:22:32.745521+00"
2216,"5426435459","7697037518","pending","2025-11-14 19:10:27.30754+00","2025-11-14 19:10:27.30754+00"
2172,"5494367958","8151671672","accepted","2025-11-14 15:59:39.603101+00","2025-11-14 16:32:12.535995+00"
2181,"8274317025","6499363352","accepted","2025-11-14 16:38:55.129854+00","2025-11-14 16:39:53.387192+00"
2170,"703138365","1674834036","accepted","2025-11-14 15:50:01.775637+00","2025-11-14 16:46:08.695707+00"
2176,"801396393","6507987020","declined","2025-11-14 16:18:11.908863+00","2025-11-14 16:49:13.166732+00"
2183,"1196016881","5183845073","accepted","2025-11-14 17:06:45.741658+00","2025-11-14 17:06:53.605111+00"
2185,"7597536347","1609398709","pending","2025-11-14 17:16:54.068051+00","2025-11-14 17:16:54.068051+00"
2165,"1073463573","1390495332","accepted","2025-11-14 14:27:01.082492+00","2025-11-14 17:23:56.145112+00"
2186,"712935913","6504427565","accepted","2025-11-14 17:29:16.044781+00","2025-11-14 17:29:29.750754+00"
2182,"6723134604","8210097157","accepted","2025-11-14 16:56:09.297433+00","2025-11-14 17:41:12.899035+00"
2187,"6110336587","865881783","pending","2025-11-14 17:42:20.562783+00","2025-11-14 17:42:20.562783+00"
2190,"6110336587","7482165593","pending","2025-11-14 17:48:09.074504+00","2025-11-14 17:48:09.074504+00"
2247,"2133374158","829653636","accepted","2025-11-14 22:20:17.677162+00","2025-11-15 05:15:49.332944+00"
2184,"1196016881","5397367435","accepted","2025-11-14 17:09:59.949169+00","2025-11-14 17:52:14.425957+00"
2192,"1196016881","5247490890","pending","2025-11-14 17:53:10.447039+00","2025-11-14 17:53:10.447039+00"
2193,"6110336587","6666962466","pending","2025-11-14 17:53:28.329413+00","2025-11-14 17:53:28.329413+00"
2196,"7448688198","8033265334","pending","2025-11-14 17:57:50.682731+00","2025-11-14 17:57:50.682731+00"
2194,"6110336587","7352437725","accepted","2025-11-14 17:56:11.074723+00","2025-11-14 17:58:48.609123+00"
2198,"6110336587","353633998","accepted","2025-11-14 18:04:11.28421+00","2025-11-14 18:06:06.770904+00"
2189,"6110336587","5209923481","accepted","2025-11-14 17:43:15.601259+00","2025-11-14 18:10:50.939087+00"
2200,"7448688198","8132883465","pending","2025-11-14 18:11:03.011536+00","2025-11-14 18:11:03.011536+00"
2199,"6110336587","1144407205","accepted","2025-11-14 18:04:35.843785+00","2025-11-14 18:14:24.619149+00"
2201,"1674834036","6815529351","accepted","2025-11-14 18:12:38.266943+00","2025-11-14 18:17:32.680643+00"
2202,"6110336587","1924782398","accepted","2025-11-14 18:23:24.686076+00","2025-11-14 18:24:05.975586+00"
2203,"6789234288","1609398709","pending","2025-11-14 18:24:44.997756+00","2025-11-14 18:24:44.997756+00"
2206,"386675805","8132883465","pending","2025-11-14 18:33:50.065053+00","2025-11-14 18:33:50.065053+00"
2207,"6524553941","5213764043","accepted","2025-11-14 18:40:14.089577+00","2025-11-14 18:40:33.122547+00"
2209,"6110336587","994316407","pending","2025-11-14 18:48:58.345809+00","2025-11-14 18:48:58.345809+00"
2210,"829653636","7542382660","accepted","2025-11-14 18:49:00.774453+00","2025-11-14 18:49:11.323931+00"
2212,"6110336587","427654163","pending","2025-11-14 18:52:01.358668+00","2025-11-14 18:52:01.358668+00"
2213,"6110336587","1613496702","pending","2025-11-14 18:56:42.243424+00","2025-11-14 18:56:42.243424+00"
2205,"7553108570","1283686679","accepted","2025-11-14 18:32:32.317943+00","2025-11-14 18:58:24.829923+00"
2214,"5426435459","906318907","pending","2025-11-14 19:02:44.172432+00","2025-11-14 19:02:44.172432+00"
2219,"7336509255","8132883465","pending","2025-11-14 19:16:23.303987+00","2025-11-14 19:16:23.303987+00"
2220,"7336509255","797847663","pending","2025-11-14 19:17:29.095734+00","2025-11-14 19:17:29.095734+00"
2221,"7336509255","8487387358","pending","2025-11-14 19:19:55.555217+00","2025-11-14 19:19:55.555217+00"
2197,"6110336587","8487387358","pending","2025-11-14 17:57:51.882554+00","2025-11-23 17:03:06.827155+00"
2224,"7336509255","5636401129","pending","2025-11-14 19:20:05.282799+00","2025-11-14 19:20:05.282799+00"
2226,"7336509255","1701785670","pending","2025-11-14 19:20:32.195182+00","2025-11-14 19:20:32.195182+00"
2222,"7336509255","6536602989","accepted","2025-11-14 19:19:58.266789+00","2025-11-14 19:24:20.654234+00"
2225,"7336509255","1436892288","accepted","2025-11-14 19:20:23.274601+00","2025-11-14 19:24:29.454599+00"
2217,"7623717059","6504427565","accepted","2025-11-14 19:13:49.778651+00","2025-11-14 19:31:33.408116+00"
2218,"7623717059","7277297826","accepted","2025-11-14 19:15:55.565859+00","2025-11-14 19:32:44.023371+00"
2227,"7082501025","7501176620","pending","2025-11-14 19:35:18.722391+00","2025-11-14 19:35:18.722391+00"
2229,"6110336587","410654310","pending","2025-11-14 19:59:17.006666+00","2025-11-14 19:59:17.006666+00"
2230,"6110336587","7988209946","accepted","2025-11-14 20:01:04.903677+00","2025-11-14 20:03:40.223053+00"
2231,"6110336587","1647829518","accepted","2025-11-14 20:03:54.696981+00","2025-11-14 20:06:51.507943+00"
2233,"1722589537","6557982583","pending","2025-11-14 20:11:51.53854+00","2025-11-14 20:12:54.611011+00"
2188,"6110336587","6507987020","declined","2025-11-14 17:42:46.0812+00","2025-11-17 12:11:05.726146+00"
2237,"2133374158","7431562133","accepted","2025-11-14 20:35:25.311523+00","2025-11-14 20:40:49.804841+00"
2244,"2133374158","5085909557","pending","2025-11-14 21:43:36.401785+00","2025-11-14 21:43:36.401785+00"
2242,"2133374158","7050798852","accepted","2025-11-14 21:33:16.808825+00","2025-11-14 22:24:28.623744+00"
2248,"2133374158","8223038699","pending","2025-11-14 22:43:09.560992+00","2025-11-14 22:43:09.560992+00"
2232,"6110336587","6483835373","accepted","2025-11-14 20:06:48.925826+00","2025-11-15 00:04:34.508776+00"
2253,"5245842826","6026724349","pending","2025-11-15 01:24:14.440267+00","2025-11-15 01:24:14.48056+00"
2256,"1469773444","6868301901","pending","2025-11-15 02:31:52.52879+00","2025-11-15 02:31:56.673733+00"
2240,"7675001152","338292689","accepted","2025-11-14 21:20:38.791046+00","2025-11-15 04:19:24.149314+00"
2241,"6266833269","338292689","accepted","2025-11-14 21:32:28.342889+00","2025-11-15 04:19:25.886882+00"
2250,"2133374158","7420139363","accepted","2025-11-14 23:40:27.163867+00","2025-11-15 04:25:21.467285+00"
2195,"6110336587","1164335213","declined","2025-11-14 17:57:27.611071+00","2025-11-15 04:36:21.058082+00"
2239,"5940929287","1674834036","accepted","2025-11-14 21:10:47.095119+00","2025-11-15 04:56:22.195531+00"
2245,"2133374158","672788523","accepted","2025-11-14 21:54:57.35605+00","2025-11-15 05:05:28.135706+00"
2236,"6504427565","5889137109","accepted","2025-11-14 20:21:29.391201+00","2025-11-15 08:54:08.597352+00"
2259,"7637941482","797847663","declined","2025-11-15 03:14:27.897964+00","2025-11-15 05:22:03.472865+00"
2249,"6930563706","5183845073","accepted","2025-11-14 22:50:36.693125+00","2025-11-15 05:45:02.628178+00"
2251,"2133374158","5183845073","accepted","2025-11-14 23:42:12.502545+00","2025-11-15 05:45:05.686385+00"
2246,"2133374158","6839822722","declined","2025-11-14 21:58:22.96651+00","2025-11-15 08:58:56.948927+00"
2228,"528330049","5779531688","accepted","2025-11-14 19:52:44.215978+00","2025-11-15 09:14:17.380048+00"
2204,"7770394096","905762276","accepted","2025-11-14 18:28:39.621231+00","2025-11-15 09:19:12.28477+00"
2252,"2133374158","5015840197","accepted","2025-11-14 23:44:28.758944+00","2025-11-15 09:59:06.026525+00"
2258,"7637941482","7542382660","accepted","2025-11-15 03:13:13.09997+00","2025-11-15 14:15:55.270899+00"
2261,"7637941482","6901349413","pending","2025-11-15 03:27:21.412157+00","2025-11-15 03:27:21.412157+00"
2263,"7637941482","7501176620","pending","2025-11-15 03:29:08.521715+00","2025-11-15 03:29:08.521715+00"
2262,"7637941482","7662878887","accepted","2025-11-15 03:28:20.544084+00","2025-11-15 03:30:36.879209+00"
2264,"7637941482","8132883465","pending","2025-11-15 03:38:11.59598+00","2025-11-15 03:38:11.59598+00"
2265,"7637941482","8487387358","pending","2025-11-15 03:39:46.18332+00","2025-11-15 03:39:46.18332+00"
2266,"7637941482","6914943213","pending","2025-11-15 03:42:42.990448+00","2025-11-15 03:42:42.990448+00"
2267,"1019090672","8132883465","pending","2025-11-15 03:52:28.739302+00","2025-11-15 03:52:28.739302+00"
2260,"7637941482","1834543510","accepted","2025-11-15 03:26:52.992872+00","2025-11-15 04:06:06.121954+00"
2243,"2133374158","1136410666","accepted","2025-11-14 21:41:10.501741+00","2025-11-15 04:08:30.491697+00"
2235,"1722589537","1164335213","declined","2025-11-14 20:12:58.204398+00","2025-11-15 04:36:22.266797+00"
2268,"6266833269","1781787035","accepted","2025-11-15 04:38:24.969719+00","2025-11-15 04:38:34.204445+00"
2269,"5546122887","1742285684","accepted","2025-11-15 04:40:59.945922+00","2025-11-15 04:43:03.99875+00"
2270,"8274317025","6485316844","accepted","2025-11-15 04:48:58.910486+00","2025-11-15 04:49:11.202273+00"
2271,"6110336587","6855226220","pending","2025-11-15 04:51:08.549069+00","2025-11-15 04:51:08.549069+00"
2273,"6110336587","6815529351","pending","2025-11-15 05:07:19.907716+00","2025-11-15 05:07:19.907716+00"
2276,"8279846514","695631298","pending","2025-11-15 05:29:50.668209+00","2025-11-15 05:29:50.668209+00"
2278,"6774483049","797847663","pending","2025-11-15 06:13:30.317293+00","2025-11-15 06:13:30.317293+00"
2279,"7349626069","650462012","pending","2025-11-15 06:26:27.286204+00","2025-11-15 06:26:27.286204+00"
2280,"1469773444","874301139","pending","2025-11-15 06:31:29.430645+00","2025-11-15 06:31:29.430645+00"
2281,"1469773444","6026789652","declined","2025-11-15 06:31:35.911351+00","2025-11-15 06:31:37.335931+00"
2283,"1717503984","797847663","pending","2025-11-15 06:34:46.675303+00","2025-11-15 06:34:46.675303+00"
2285,"1717503984","5014292785","pending","2025-11-15 06:41:52.629147+00","2025-11-15 06:41:52.629147+00"
2286,"6110336587","650462012","pending","2025-11-15 06:46:08.578576+00","2025-11-15 06:46:08.578576+00"
2287,"6110336587","874301139","pending","2025-11-15 06:48:41.609908+00","2025-11-15 06:48:41.609908+00"
2238,"2133374158","7482165593","accepted","2025-11-14 20:36:01.55697+00","2025-11-15 06:52:35.73583+00"
2288,"6110336587","7034143667","accepted","2025-11-15 06:51:33.484656+00","2025-11-15 06:52:51.269011+00"
2289,"7675001152","874301139","pending","2025-11-15 06:57:18.2127+00","2025-11-15 06:57:18.2127+00"
2290,"7948131858","5014292785","pending","2025-11-15 07:07:19.531659+00","2025-11-15 07:07:19.531659+00"
2291,"7795615574","855012860","accepted","2025-11-15 07:12:43.070435+00","2025-11-15 07:16:57.532648+00"
2282,"1717503984","1981302048","accepted","2025-11-15 06:33:25.987005+00","2025-11-15 07:21:10.900285+00"
2293,"6438013120","6855226220","pending","2025-11-15 07:37:02.592309+00","2025-11-15 07:37:02.592309+00"
2292,"6438013120","1924782398","accepted","2025-11-15 07:32:49.033989+00","2025-11-15 07:37:20.671253+00"
2284,"1717503984","1834543510","accepted","2025-11-15 06:37:00.06334+00","2025-11-15 08:02:50.138734+00"
2295,"1115042518","874301139","pending","2025-11-15 08:14:00.033156+00","2025-11-15 08:14:00.033156+00"
2296,"1168047801","874301139","pending","2025-11-15 08:39:06.415573+00","2025-11-15 08:39:06.415573+00"
2297,"8396663699","874301139","pending","2025-11-15 08:39:52.435926+00","2025-11-15 08:39:52.435926+00"
2299,"7191029735","6630003853","pending","2025-11-15 08:50:52.723002+00","2025-11-15 08:50:52.723002+00"
2300,"1440734380","6855226220","pending","2025-11-15 08:53:08.775618+00","2025-11-15 08:53:08.775618+00"
2301,"1570959519","7868086659","accepted","2025-11-15 08:54:09.26946+00","2025-11-15 09:32:20.343404+00"
2304,"1738400969","5014292785","pending","2025-11-15 09:49:20.791609+00","2025-11-15 09:49:20.791609+00"
2303,"2132072926","7664059616","accepted","2025-11-15 09:46:28.751811+00","2025-11-15 09:59:07.428407+00"
2306,"6307144522","874301139","pending","2025-11-15 10:19:20.138357+00","2025-11-15 10:19:20.138357+00"
2302,"1570959519","734987473","accepted","2025-11-15 09:38:56.699159+00","2025-11-15 10:32:43.09828+00"
2307,"5558936024","8161990253","pending","2025-11-15 10:34:59.455231+00","2025-11-15 10:38:59.826527+00"
2329,"7439298837","5014292785","accepted","2025-11-15 14:01:38.073971+00","2025-11-15 14:02:02.449172+00"
2310,"467224452","797847663","pending","2025-11-15 10:50:45.831338+00","2025-11-15 10:50:48.344725+00"
2313,"7504983101","797847663","pending","2025-11-15 11:12:07.777434+00","2025-11-15 11:12:07.777434+00"
2314,"7011031218","6930563706","pending","2025-11-15 11:21:46.214573+00","2025-11-15 11:21:46.214573+00"
2315,"994316407","5014292785","pending","2025-11-15 11:21:51.921781+00","2025-11-15 11:21:51.921781+00"
2316,"7011031218","5183845073","accepted","2025-11-15 11:22:02.918082+00","2025-11-15 11:24:39.692859+00"
2317,"466664482","1690952264","pending","2025-11-15 11:30:38.304839+00","2025-11-15 11:30:38.304839+00"
2319,"7118637559","797847663","pending","2025-11-15 11:38:48.528845+00","2025-11-15 11:38:48.528845+00"
2320,"7118637559","5014292785","pending","2025-11-15 11:49:30.725222+00","2025-11-15 11:49:30.725222+00"
2318,"2080128885","1924782398","accepted","2025-11-15 11:32:04.924304+00","2025-11-15 11:55:59.023105+00"
2322,"2133374158","467224452","accepted","2025-11-15 12:50:38.778193+00","2025-11-15 12:53:56.892572+00"
2325,"5558936024","422733508","accepted","2025-11-15 13:05:08.630879+00","2025-11-15 13:08:34.481597+00"
2327,"2133374158","5237102694","pending","2025-11-15 13:13:56.856673+00","2025-11-15 13:13:56.856673+00"
2294,"1115042518","1717503984","accepted","2025-11-15 08:13:27.782721+00","2025-11-15 13:22:02.070842+00"
2298,"8396663699","1717503984","accepted","2025-11-15 08:39:59.771552+00","2025-11-15 13:22:10.053432+00"
2328,"6294732305","6485316844","accepted","2025-11-15 13:20:15.821086+00","2025-11-15 13:23:06.190502+00"
2326,"6294732305","8111215072","declined","2025-11-15 13:10:39.242295+00","2025-11-15 13:26:46.560368+00"
2330,"1115042518","1366211357","accepted","2025-11-15 14:09:52.851686+00","2025-11-15 14:10:14.50198+00"
2305,"466664482","7264966208","accepted","2025-11-15 10:01:46.150805+00","2025-11-15 14:12:43.422054+00"
2331,"6149607586","955679410","pending","2025-11-15 14:13:35.109218+00","2025-11-15 14:13:35.109218+00"
2334,"7542382660","797847663","pending","2025-11-15 14:16:36.705744+00","2025-11-15 14:16:36.705744+00"
2335,"6149607586","6082115200","pending","2025-11-15 14:18:06.709158+00","2025-11-15 14:18:06.709158+00"
2336,"6149607586","8115373343","pending","2025-11-15 14:18:21.864572+00","2025-11-15 14:18:21.864572+00"
2332,"6149607586","316638964","accepted","2025-11-15 14:13:38.868457+00","2025-11-15 14:19:27.228535+00"
2338,"6149607586","8132883465","pending","2025-11-15 14:21:24.084719+00","2025-11-15 14:21:24.084719+00"
2277,"1967468387","7963453467","accepted","2025-11-15 05:32:03.029502+00","2025-11-15 14:22:12.001767+00"
2340,"5558936024","7144809772","pending","2025-11-15 14:26:26.702402+00","2025-11-15 14:26:26.702402+00"
2341,"5882853663","797847663","accepted","2025-11-15 14:27:12.158406+00","2025-11-15 14:27:33.481098+00"
2324,"5491681610","8451398351","accepted","2025-11-15 12:52:55.508784+00","2025-11-15 14:32:22.324698+00"
2342,"6815529351","5882853663","accepted","2025-11-15 14:33:02.580458+00","2025-11-15 14:45:59.673564+00"
2333,"6149607586","5344544294","accepted","2025-11-15 14:15:09.000139+00","2025-11-15 14:48:29.233481+00"
2339,"6943659764","7412135899","accepted","2025-11-15 14:26:12.127131+00","2025-11-15 14:50:05.439897+00"
2343,"5063788391","7412135899","accepted","2025-11-15 14:34:06.692431+00","2025-11-15 14:50:08.104682+00"
2344,"7127905310","7637941482","pending","2025-11-15 14:51:45.552432+00","2025-11-15 14:51:45.552432+00"
2321,"6110336587","7651241455","accepted","2025-11-15 12:41:53.831766+00","2025-11-15 14:52:06.546747+00"
2346,"672788523","797847663","pending","2025-11-15 14:55:30.862466+00","2025-11-15 14:55:30.862466+00"
2345,"672788523","6499363352","accepted","2025-11-15 14:54:43.755645+00","2025-11-15 14:57:08.551341+00"
2347,"672788523","5755608242","pending","2025-11-15 15:00:06.693589+00","2025-11-15 15:00:06.693589+00"
2348,"6110336587","832387524","pending","2025-11-15 15:02:58.406394+00","2025-11-15 15:02:58.406394+00"
2349,"8128109578","8132883465","accepted","2025-11-15 15:04:26.457594+00","2025-11-15 15:04:29.439783+00"
2350,"5882853663","1799600223","pending","2025-11-15 15:04:37.250508+00","2025-11-15 15:04:37.250508+00"
2351,"385297681","955679410","pending","2025-11-15 15:07:24.235451+00","2025-11-15 15:07:24.235451+00"
2352,"8128109578","5732476730","accepted","2025-11-15 15:14:03.891682+00","2025-11-15 15:16:11.213284+00"
2355,"7675001152","8132883465","accepted","2025-11-15 15:24:48.840231+00","2025-11-15 15:25:28.386148+00"
2354,"331334522","7336509255","accepted","2025-11-15 15:21:01.858345+00","2025-11-15 15:25:43.175403+00"
2356,"6115136833","8132883465","pending","2025-11-15 15:37:37.5391+00","2025-11-15 15:37:37.5391+00"
2357,"6414421505","1443977083","accepted","2025-11-15 15:37:54.838698+00","2025-11-15 15:38:31.632569+00"
2360,"1469773444","1320397494","pending","2025-11-15 15:39:59.124981+00","2025-11-15 15:39:59.124981+00"
2649,"7637941482","1201453400","pending","2025-11-17 05:27:33.84796+00","2025-11-17 05:27:33.84796+00"
2337,"6149607586","1377944646","accepted","2025-11-15 14:18:36.289983+00","2025-11-15 16:19:25.559425+00"
2275,"8279846514","5229975567","accepted","2025-11-15 05:29:11.37805+00","2025-11-15 17:29:15.768876+00"
2358,"1469773444","1336066599","accepted","2025-11-15 15:39:32.826746+00","2025-11-15 17:50:32.077387+00"
2308,"7675001152","1606816319","accepted","2025-11-15 10:36:39.208882+00","2025-11-15 18:24:01.75816+00"
2353,"6964430702","1717503984","accepted","2025-11-15 15:19:24.397543+00","2025-11-16 11:13:24.18311+00"
2362,"1469773444","418866438","accepted","2025-11-15 15:41:49.719484+00","2025-11-15 16:34:47.496642+00"
2594,"5016994155","1924682462","pending","2025-11-16 17:57:34.85252+00","2025-11-16 17:57:34.85252+00"
2593,"5786382261","1458735096","accepted","2025-11-16 17:56:02.766175+00","2025-11-16 17:58:03.210027+00"
2647,"7637941482","6499363352","accepted","2025-11-17 05:26:35.845686+00","2025-11-17 05:28:10.49811+00"
2763,"710481772","8214718140","pending","2025-11-17 13:17:34.292773+00","2025-11-17 13:17:34.292773+00"
2834,"963530522","1647697220","pending","2025-11-17 20:27:51.75358+00","2025-11-17 20:27:51.75358+00"
2842,"2133374158","1877790025","accepted","2025-11-17 21:12:01.74465+00","2025-11-17 21:12:51.06088+00"
2886,"1674834036","5014292785","accepted","2025-11-18 07:25:36.082743+00","2025-11-18 07:33:34.153311+00"
4356,"6148511982","8132883465","accepted","2025-12-05 08:18:49.271949+00","2025-12-05 08:22:43.176328+00"
1033,"7417035221","797847663","pending","2025-11-07 09:23:12.557919+00","2025-11-18 09:55:16.779776+00"
2941,"1204285199","1751867906","pending","2025-11-18 15:37:31.208084+00","2025-11-18 15:37:31.208084+00"
2942,"6948764140","1107996276","pending","2025-11-18 15:38:37.164207+00","2025-11-18 15:38:37.164207+00"
2951,"6948764140","8132883465","pending","2025-11-18 16:01:46.928842+00","2025-11-18 16:01:46.928842+00"
2952,"6948764140","942663833","accepted","2025-11-18 16:04:15.589605+00","2025-11-18 16:10:04.992356+00"
3002,"1696745487","6214794341","pending","2025-11-18 20:35:07.372663+00","2025-11-18 20:35:07.372663+00"
3008,"6797127885","1834543510","accepted","2025-11-18 20:49:55.756731+00","2025-11-18 20:53:22.856916+00"
3048,"7336509255","1624616593","pending","2025-11-19 07:49:31.09297+00","2025-11-19 07:49:31.09297+00"
3050,"396329313","8178595410","pending","2025-11-19 08:02:29.072782+00","2025-11-19 08:02:29.072782+00"
3097,"7336509255","7572120358","pending","2025-11-19 15:33:51.543955+00","2025-11-19 15:33:51.543955+00"
3158,"1614071841","8315650083","pending","2025-11-20 00:44:32.016109+00","2025-11-20 00:44:32.016109+00"
3160,"1614071841","5344544294","accepted","2025-11-20 00:56:01.09036+00","2025-11-20 03:54:21.601451+00"
3203,"7609872803","7600325167","accepted","2025-11-20 09:02:37.784104+00","2025-11-20 09:02:48.915968+00"
3256,"8109112246","7412135899","accepted","2025-11-20 15:59:48.910892+00","2025-11-20 17:21:32.871683+00"
3301,"1355082268","442537417","pending","2025-11-20 22:04:07.928287+00","2025-11-20 22:04:07.928287+00"
3302,"1355082268","797847663","pending","2025-11-20 22:04:12.309719+00","2025-11-20 22:04:12.309719+00"
3364,"1924505393","5816972493","pending","2025-11-21 10:19:14.080527+00","2025-11-21 10:19:14.080527+00"
3422,"549672248","7029687797","accepted","2025-11-21 17:13:14.575436+00","2025-11-21 17:13:38.820824+00"
3499,"7744940567","6909260412","pending","2025-11-22 04:16:42.408952+00","2025-11-22 04:16:42.408952+00"
3537,"7977727953","1051120004","pending","2025-11-22 13:18:57.791381+00","2025-11-22 13:18:57.791381+00"
3578,"7899894327","565306664","pending","2025-11-23 04:19:25.846587+00","2025-11-23 04:19:25.846587+00"
3579,"7563130272","885604135","pending","2025-11-23 04:32:30.052789+00","2025-11-23 04:32:30.052789+00"
3609,"1203345729","972898794","accepted","2025-11-23 16:59:00.937689+00","2025-11-23 20:50:16.62822+00"
3640,"388597745","1568889911","accepted","2025-11-24 14:14:20.297483+00","2025-11-24 14:16:04.193614+00"
3639,"905762276","1262583715","accepted","2025-11-24 14:13:47.15572+00","2025-11-24 14:20:24.94826+00"
3678,"823255413","5779531688","accepted","2025-11-25 17:16:10.966369+00","2025-11-25 17:23:46.639032+00"
3719,"550962901","5381673363","accepted","2025-11-26 05:59:48.877533+00","2025-11-26 05:59:54.104046+00"
3724,"6545203385","5381673363","accepted","2025-11-26 06:37:48.805847+00","2025-11-26 06:38:43.853799+00"
3768,"7350554655","1196872010","accepted","2025-11-26 15:34:00.652054+00","2025-11-26 16:41:58.358093+00"
3800,"6509940063","1834543510","pending","2025-11-27 07:53:07.613844+00","2025-11-27 07:53:07.613844+00"
3798,"7623717059","7609872803","accepted","2025-11-27 07:47:59.870806+00","2025-11-27 08:03:20.656139+00"
3804,"829653636","7609872803","accepted","2025-11-27 08:09:56.740839+00","2025-11-27 08:10:22.98869+00"
3803,"829653636","6504427565","accepted","2025-11-27 08:09:33.344906+00","2025-11-27 08:20:10.221477+00"
3873,"5781888399","6167158821","pending","2025-11-28 01:31:06.976653+00","2025-11-28 01:31:06.976653+00"
3835,"7744940567","544561930","accepted","2025-11-27 14:14:45.804887+00","2025-11-28 06:39:55.822045+00"
3839,"7039053489","544561930","accepted","2025-11-27 14:21:23.249011+00","2025-11-28 06:39:59.022589+00"
3905,"8395067596","5014292785","pending","2025-11-28 17:07:26.656199+00","2025-11-28 17:07:26.656199+00"
3933,"6268640056","1420174023","pending","2025-11-29 09:37:08.732273+00","2025-11-29 09:37:08.732273+00"
4385,"8109112246","1398458463","pending","2025-12-05 15:45:36.168839+00","2025-12-05 15:45:36.168839+00"
3978,"6237885548","6206593118","accepted","2025-11-29 21:22:08.282343+00","2025-11-29 21:24:35.112702+00"
4009,"609821453","5014292785","pending","2025-11-30 21:15:56.730643+00","2025-11-30 21:15:56.730643+00"
4011,"609821453","7446530116","pending","2025-11-30 21:22:02.968799+00","2025-11-30 21:22:02.968799+00"
4045,"6545038803","8199846804","pending","2025-12-01 15:33:11.007682+00","2025-12-01 15:33:11.007682+00"
4075,"7600325167","7412135899","pending","2025-12-02 05:23:30.198907+00","2025-12-02 05:23:30.198907+00"
4185,"373069271","358584822","pending","2025-12-02 13:58:31.905279+00","2025-12-02 13:58:31.905279+00"
4190,"1246961688","7529972686","pending","2025-12-02 14:03:55.007833+00","2025-12-02 14:03:55.007833+00"
4186,"1115042518","7945982183","accepted","2025-12-02 13:58:46.598946+00","2025-12-02 17:45:36.545655+00"
4220,"5531789930","1458233131","pending","2025-12-03 07:40:32.533709+00","2025-12-03 07:40:32.533709+00"
4249,"8289912581","6816978900","pending","2025-12-03 20:04:54.622918+00","2025-12-03 20:04:54.622918+00"
4250,"7155517788","6816978900","accepted","2025-12-03 20:13:06.141475+00","2025-12-03 20:47:01.195901+00"
4298,"8109112246","5779531688","accepted","2025-12-04 12:34:16.233164+00","2025-12-04 12:34:21.122517+00"
4302,"923262207","7945982183","accepted","2025-12-04 12:53:43.880053+00","2025-12-04 12:54:02.546895+00"
4341,"7977727953","748082768","pending","2025-12-05 06:43:08.876068+00","2025-12-05 06:43:08.876068+00"
4343,"8109112246","1058587695","accepted","2025-12-05 07:04:35.992524+00","2025-12-05 07:06:19.419858+00"
4344,"7234252969","1058587695","accepted","2025-12-05 07:16:35.210612+00","2025-12-05 07:16:50.615122+00"
4419,"6236295330","6327308100","accepted","2025-12-06 17:02:40.15192+00","2025-12-06 18:08:05.533948+00"
4429,"310184416","6786814214","pending","2025-12-06 18:09:13.423857+00","2025-12-06 18:09:13.423857+00"
2363,"1469773444","7770777136","accepted","2025-11-15 15:41:57.066537+00","2025-11-15 16:03:25.362177+00"
2373,"6324580320","7412135899","accepted","2025-11-15 16:28:03.42829+00","2025-11-15 17:22:59.962341+00"
2595,"5692572575","913165563","accepted","2025-11-16 18:17:50.686145+00","2025-11-16 18:18:07.588436+00"
2648,"8451398351","1215782140","accepted","2025-11-17 05:27:05.839184+00","2025-11-17 06:26:04.896996+00"
2764,"6691274967","8054407830","accepted","2025-11-17 13:50:12.379848+00","2025-11-17 13:50:34.273571+00"
2835,"5383543912","1234798214","accepted","2025-11-17 20:31:32.231662+00","2025-11-17 20:50:41.969949+00"
2841,"5734175919","1877790025","pending","2025-11-17 21:11:23.570695+00","2025-11-17 21:11:23.570695+00"
2853,"7099869976","797847663","declined","2025-11-17 21:30:24.947226+00","2025-11-17 21:30:48.072054+00"
2847,"357341082","7628648078","declined","2025-11-17 21:18:24.319809+00","2025-11-18 02:40:46.920456+00"
2891,"5690353758","7501176620","accepted","2025-11-18 08:14:00.176795+00","2025-11-18 08:16:41.808689+00"
2888,"1792231907","903817915","accepted","2025-11-18 08:07:20.492284+00","2025-11-18 08:18:06.414694+00"
2946,"6948764140","7277167325","pending","2025-11-18 15:47:44.27392+00","2025-11-18 15:47:44.27392+00"
2943,"6948764140","7388700051","accepted","2025-11-18 15:45:49.955723+00","2025-11-18 15:48:11.998022+00"
3006,"1595158180","1834543510","accepted","2025-11-18 20:47:54.656402+00","2025-11-18 20:53:19.014074+00"
3007,"6797127885","8148472933","accepted","2025-11-18 20:49:53.455163+00","2025-11-19 05:24:20.194488+00"
3049,"6896791200","1831842227","accepted","2025-11-19 08:00:42.019099+00","2025-11-19 08:05:36.483546+00"
3103,"7336509255","6499363352","accepted","2025-11-19 15:34:56.540816+00","2025-11-19 15:39:25.173573+00"
3114,"7336509255","989260246","pending","2025-11-19 16:56:41.053121+00","2025-11-19 16:56:41.053121+00"
3159,"1469773444","8127051276","accepted","2025-11-20 00:48:14.414132+00","2025-11-20 00:48:31.097366+00"
3204,"642777089","472898765","pending","2025-11-20 09:17:31.633033+00","2025-11-20 09:17:31.633033+00"
3208,"6617183094","468381792","accepted","2025-11-20 09:35:29.788601+00","2025-11-20 10:07:44.121026+00"
4077,"7623717059","7386771058","accepted","2025-12-02 05:44:11.904037+00","2025-12-02 06:36:09.796681+00"
4187,"1887944941","477639129","accepted","2025-12-02 14:00:48.607812+00","2025-12-02 14:01:50.406042+00"
4221,"6214794341","7277167325","pending","2025-12-03 08:35:38.341773+00","2025-12-03 08:35:38.341773+00"
3209,"6623033631","6499363352","accepted","2025-11-20 09:45:24.777711+00","2025-11-20 10:19:50.588706+00"
3257,"8109112246","5636401129","declined","2025-11-20 16:00:11.001297+00","2025-11-20 16:11:17.916097+00"
4251,"7155517788","6499363352","accepted","2025-12-03 20:13:37.809168+00","2025-12-03 20:22:06.281585+00"
4300,"1469773444","6456802680","pending","2025-12-04 12:48:35.498391+00","2025-12-04 12:48:35.498391+00"
3303,"1355082268","8375243121","accepted","2025-11-20 22:09:11.604452+00","2025-11-21 04:42:04.482399+00"
3365,"7959360040","6499363352","accepted","2025-11-21 10:23:43.43711+00","2025-11-21 10:26:50.81065+00"
3423,"8483829015","7029687797","accepted","2025-11-21 17:16:03.072747+00","2025-11-21 17:16:50.269607+00"
3426,"696460632","5779531688","accepted","2025-11-21 17:28:03.285782+00","2025-11-21 17:28:27.322173+00"
3429,"6842355053","1940613654","pending","2025-11-21 17:36:47.695955+00","2025-11-21 17:36:47.695955+00"
3430,"6842355053","8495775215","declined","2025-11-21 17:37:14.890668+00","2025-11-21 17:59:06.527268+00"
3500,"5799769691","5779531688","pending","2025-11-22 04:21:30.560351+00","2025-11-22 04:21:30.560351+00"
3538,"6712361188","1052455294","pending","2025-11-22 13:29:09.434089+00","2025-11-22 13:29:09.434089+00"
3580,"1773797725","8014736816","declined","2025-11-23 04:45:57.002762+00","2025-11-23 04:50:04.793691+00"
3611,"756628801","8331939375","accepted","2025-11-23 19:03:30.460177+00","2025-11-23 19:03:47.920664+00"
3641,"1426425233","6247187536","pending","2025-11-24 14:26:54.402305+00","2025-11-24 14:26:54.402305+00"
3680,"7597536347","5779531688","accepted","2025-11-25 17:22:52.026154+00","2025-11-25 17:23:50.510567+00"
3723,"1602487678","1568889911","accepted","2025-11-26 06:30:02.953827+00","2025-11-26 06:31:03.941798+00"
3770,"6214794341","7466894758","pending","2025-11-26 15:46:56.51128+00","2025-11-26 15:46:56.51128+00"
3799,"7623717059","8266579417","accepted","2025-11-27 07:48:33.923599+00","2025-11-27 07:49:04.795862+00"
3842,"8375420009","6499363352","accepted","2025-11-27 15:00:39.114295+00","2025-11-27 15:00:54.80489+00"
3844,"8375420009","8487387358","pending","2025-11-27 15:09:10.242515+00","2025-11-27 15:09:10.242515+00"
3836,"6625180241","1362794401","accepted","2025-11-27 14:15:17.11384+00","2025-11-27 17:47:02.95053+00"
3874,"374505034","1713751356","pending","2025-11-28 01:43:27.896894+00","2025-11-28 01:43:27.896894+00"
3843,"8338186102","544561930","accepted","2025-11-27 15:01:39.338959+00","2025-11-28 06:40:03.226497+00"
3906,"7675001152","7336509255","accepted","2025-11-28 17:09:59.881546+00","2025-11-28 17:10:53.322174+00"
3934,"442537417","5014292785","accepted","2025-11-29 09:47:48.417329+00","2025-11-29 09:54:22.981709+00"
3935,"6944402966","5014292785","pending","2025-11-29 10:15:12.731028+00","2025-11-29 10:15:12.731028+00"
3980,"6237885548","5213764043","accepted","2025-11-29 21:22:15.823645+00","2025-11-29 21:26:32.612585+00"
4012,"609821453","6557982583","pending","2025-11-30 21:32:54.198426+00","2025-11-30 21:32:54.198426+00"
4014,"609821453","6123393076","pending","2025-11-30 21:44:39.730116+00","2025-11-30 21:44:39.730116+00"
4046,"6545038803","6504427565","accepted","2025-12-01 15:38:30.69804+00","2025-12-01 17:20:34.321171+00"
4076,"7623717059","8199846804","pending","2025-12-02 05:43:48.400142+00","2025-12-02 05:43:48.400142+00"
4313,"7630058977","6816978900","accepted","2025-12-04 14:30:10.323874+00","2025-12-04 14:31:29.383828+00"
4308,"5696533570","1302894426","accepted","2025-12-04 13:24:39.154556+00","2025-12-04 20:55:13.652523+00"
4342,"1382703509","5014292785","pending","2025-12-05 06:58:59.515804+00","2025-12-05 06:58:59.515804+00"
4357,"8451398351","1058587695","accepted","2025-12-05 08:23:33.573934+00","2025-12-05 08:26:01.665833+00"
4361,"6148511982","1900788969","accepted","2025-12-05 08:32:34.61736+00","2025-12-05 08:34:47.05945+00"
4348,"6148511982","7897627518","accepted","2025-12-05 08:00:38.206911+00","2025-12-05 10:40:42.518273+00"
4386,"7693155929","698304652","accepted","2025-12-05 15:53:02.634683+00","2025-12-06 13:17:27.500886+00"
4423,"8376574369","6358323892","accepted","2025-12-06 17:27:37.312196+00","2025-12-06 17:36:48.996699+00"
2364,"1469773444","1799600223","pending","2025-11-15 15:42:37.396357+00","2025-11-15 15:42:37.396357+00"
2365,"1469773444","5882853663","accepted","2025-11-15 15:42:57.770698+00","2025-11-15 15:45:19.873122+00"
2369,"6546796585","634103052","accepted","2025-11-15 15:54:39.49966+00","2025-11-15 15:56:37.881743+00"
2597,"6213093277","797847663","accepted","2025-11-16 18:48:41.078314+00","2025-11-16 18:57:49.835857+00"
2650,"5012012584","6304596210","pending","2025-11-17 05:33:38.664735+00","2025-11-17 05:33:38.664735+00"
2769,"6797127885","8132883465","pending","2025-11-17 14:25:04.857294+00","2025-11-17 14:25:04.857294+00"
2765,"1461603069","5015840197","accepted","2025-11-17 13:56:15.17767+00","2025-11-17 17:17:05.099287+00"
2839,"1184818795","8132883465","pending","2025-11-17 21:05:05.914456+00","2025-11-17 21:05:05.914456+00"
2840,"5734175919","8014736816","declined","2025-11-17 21:10:41.746052+00","2025-11-17 21:10:57.813845+00"
2838,"604068685","8149308470","accepted","2025-11-17 21:03:51.071517+00","2025-11-17 21:12:48.025869+00"
2892,"7778388740","8342082163","pending","2025-11-18 08:24:48.0837+00","2025-11-18 08:24:48.0837+00"
2894,"1800084806","7501176620","accepted","2025-11-18 08:57:34.174716+00","2025-11-18 08:58:35.734081+00"
2945,"6948764140","6507987020","pending","2025-11-18 15:47:19.357637+00","2025-11-18 15:47:19.357637+00"
2944,"6948764140","5344544294","accepted","2025-11-18 15:46:24.625353+00","2025-11-18 15:51:33.686691+00"
2948,"6110336587","6839822722","accepted","2025-11-18 15:50:34.502654+00","2025-11-18 18:53:01.936654+00"
3009,"8128109578","1960168281","accepted","2025-11-18 20:54:28.83407+00","2025-11-18 20:56:28.211612+00"
3051,"6909260412","5779531688","accepted","2025-11-19 08:21:36.176101+00","2025-11-19 08:34:03.291098+00"
3055,"5433062186","8132883465","accepted","2025-11-19 09:11:41.85825+00","2025-11-19 09:13:32.512519+00"
3061,"7445487962","797847663","accepted","2025-11-19 09:57:14.201039+00","2025-11-19 10:20:29.106527+00"
3075,"1722589537","8487387358","pending","2025-11-19 11:56:45.235803+00","2025-11-19 11:56:45.235803+00"
3076,"332106297","8331939375","accepted","2025-11-19 12:11:59.912914+00","2025-11-19 12:26:23.942711+00"
3104,"7336509255","8152457962","accepted","2025-11-19 15:42:38.027915+00","2025-11-19 15:42:58.916787+00"
3161,"7349587131","2133374158","pending","2025-11-20 02:36:50.462255+00","2025-11-20 02:36:50.462255+00"
3205,"642777089","6930563706","pending","2025-11-20 09:18:20.034498+00","2025-11-20 09:18:20.034498+00"
3258,"8199846804","8495775215","pending","2025-11-20 16:03:56.171154+00","2025-11-20 16:03:56.171154+00"
3306,"1355082268","1426425233","accepted","2025-11-20 22:29:41.584042+00","2025-11-20 22:33:10.287469+00"
3308,"1355082268","6499363352","accepted","2025-11-20 22:34:24.95918+00","2025-11-21 02:30:37.56291+00"
3368,"698304652","1609398709","pending","2025-11-21 10:32:14.913932+00","2025-11-21 10:32:14.913932+00"
3425,"5729258578","5779531688","accepted","2025-11-21 17:22:26.161407+00","2025-11-21 17:22:44.846807+00"
3428,"905762276","5779531688","pending","2025-11-21 17:35:21.799369+00","2025-11-21 17:39:53.310953+00"
3435,"5384231139","1319647098","pending","2025-11-21 18:21:48.147675+00","2025-11-21 18:21:48.147675+00"
3432,"8199846804","591639841","accepted","2025-11-21 17:44:32.978899+00","2025-11-22 06:03:46.721942+00"
3501,"1455553245","1201804003","accepted","2025-11-22 04:40:07.436516+00","2025-11-22 08:58:55.019138+00"
3540,"8321143187","6813893508","pending","2025-11-22 14:16:44.735879+00","2025-11-22 14:16:44.735879+00"
3581,"472379367","7277167325","pending","2025-11-23 05:36:31.25178+00","2025-11-23 05:36:31.25178+00"
3582,"6402318565","6940495193","accepted","2025-11-23 05:36:59.28095+00","2025-11-23 07:31:14.924419+00"
3612,"712935913","7361488893","accepted","2025-11-23 19:43:22.335604+00","2025-11-23 19:43:48.045514+00"
4222,"6623033631","6816978900","accepted","2025-12-03 09:04:58.554824+00","2025-12-03 10:47:25.383587+00"
3642,"645069294","1103065697","accepted","2025-11-24 22:20:06.049725+00","2025-11-24 22:36:53.419287+00"
3682,"7277297826","5779531688","accepted","2025-11-25 18:05:42.048365+00","2025-11-25 18:05:59.760552+00"
3726,"8592156712","7466894758","pending","2025-11-26 07:14:19.950398+00","2025-11-26 07:14:19.950398+00"
3727,"7234252969","1739311795","pending","2025-11-26 07:20:59.28132+00","2025-11-26 07:20:59.28132+00"
3729,"1913567357","5816972493","accepted","2025-11-26 07:34:54.079649+00","2025-11-26 09:38:50.921943+00"
3771,"1544824143","1362794401","pending","2025-11-26 15:49:58.908327+00","2025-11-26 15:49:58.908327+00"
3586,"8148472933","7609872803","accepted","2025-11-23 07:28:06.172258+00","2025-11-27 00:50:20.813837+00"
3801,"6509940063","7439298837","accepted","2025-11-27 07:53:27.723548+00","2025-11-27 08:13:03.932924+00"
3875,"1469773444","977701485","pending","2025-11-28 03:39:35.987944+00","2025-11-28 05:30:02.921556+00"
3840,"2028185403","544561930","accepted","2025-11-27 14:50:51.91284+00","2025-11-28 06:40:01.177013+00"
3907,"6272869186","5344544294","accepted","2025-11-28 18:23:15.019504+00","2025-11-28 18:23:19.26803+00"
3936,"7381001926","1387421830","declined","2025-11-29 10:16:11.908099+00","2025-11-29 10:17:15.435326+00"
3982,"8034301607","8451398351","accepted","2025-11-29 23:54:58.523558+00","2025-11-30 04:47:13.710486+00"
4013,"609821453","7578356794","accepted","2025-11-30 21:42:13.748209+00","2025-12-01 08:25:43.480395+00"
4047,"6879756822","697587560","accepted","2025-12-01 17:00:11.263409+00","2025-12-01 17:53:30.36285+00"
4078,"1704326359","797847663","accepted","2025-12-02 06:34:33.499284+00","2025-12-02 06:35:46.573915+00"
4083,"8210706490","7686939779","accepted","2025-12-02 07:24:37.469098+00","2025-12-02 09:58:54.103552+00"
4188,"1115042518","477639129","accepted","2025-12-02 14:02:27.933196+00","2025-12-02 14:02:32.583463+00"
4252,"7336509255","7945982183","accepted","2025-12-03 20:26:54.176902+00","2025-12-04 01:03:12.773922+00"
4304,"923262207","5014292785","pending","2025-12-04 12:54:31.178494+00","2025-12-04 12:54:31.178494+00"
4312,"7233511077","6048782329","accepted","2025-12-04 14:05:37.715399+00","2025-12-04 14:06:33.568787+00"
4345,"7336509255","1058587695","accepted","2025-12-05 07:24:29.302157+00","2025-12-05 07:25:36.672443+00"
4349,"6148511982","5014292785","accepted","2025-12-05 08:06:14.555102+00","2025-12-05 08:08:05.495141+00"
4354,"5728928266","7752969309","pending","2025-12-05 08:14:46.103991+00","2025-12-05 08:14:46.103991+00"
4387,"460996011","8218370805","accepted","2025-12-05 16:04:03.138559+00","2025-12-05 18:39:00.07692+00"
4424,"8395067596","8132883465","pending","2025-12-06 17:31:31.321447+00","2025-12-06 17:32:06.83171+00"
4426,"6266833269","874756410","pending","2025-12-06 17:38:25.767815+00","2025-12-06 17:38:25.767815+00"
4427,"8312458446","991142850","pending","2025-12-06 17:39:28.332258+00","2025-12-06 17:39:28.332258+00"
2368,"1469773444","2126351769","accepted","2025-11-15 15:47:14.185481+00","2025-11-15 16:11:28.956673+00"
2366,"1469773444","6645830936","accepted","2025-11-15 15:44:44.376475+00","2025-11-15 16:25:36.347285+00"
2604,"5097951139","5779531688","accepted","2025-11-16 19:28:59.207383+00","2025-11-16 19:29:23.825339+00"
2599,"988215043","1690952264","accepted","2025-11-16 19:09:47.165484+00","2025-11-16 19:58:29.997481+00"
2614,"472898765","7998357888","accepted","2025-11-16 20:01:26.342328+00","2025-11-16 20:02:11.47042+00"
2623,"7277297826","1215782140","pending","2025-11-16 20:28:43.694465+00","2025-11-16 20:28:43.694465+00"
2651,"8087177701","1051120004","pending","2025-11-17 05:35:36.440088+00","2025-11-17 05:35:36.440088+00"
2658,"448674580","1609398709","pending","2025-11-17 07:10:05.597101+00","2025-11-17 07:10:05.597101+00"
2766,"1461603069","5183845073","accepted","2025-11-17 13:56:28.998326+00","2025-11-17 14:11:18.115297+00"
2768,"6179841738","6233075737","pending","2025-11-17 14:24:04.072805+00","2025-11-17 18:23:01.197119+00"
2843,"1767733168","1713751356","pending","2025-11-17 21:14:18.341361+00","2025-11-17 21:14:18.341361+00"
2845,"1767733168","5014292785","pending","2025-11-17 21:16:38.363392+00","2025-11-17 21:16:38.363392+00"
2901,"1621692086","797847663","pending","2025-11-18 09:45:51.64354+00","2025-11-18 09:45:51.64354+00"
2947,"374691343","1215782140","pending","2025-11-18 15:49:12.424681+00","2025-11-18 15:49:12.424681+00"
2897,"1455553245","5779531688","accepted","2025-11-18 09:28:31.253065+00","2025-11-18 18:47:27.349351+00"
3012,"1469773444","6692034060","accepted","2025-11-18 21:13:05.315853+00","2025-11-18 21:13:28.744857+00"
4346,"317088830","5014292785","accepted","2025-12-05 07:34:35.060907+00","2025-12-05 07:35:21.219708+00"
3052,"6909260412","8132883465","accepted","2025-11-19 08:30:11.766776+00","2025-11-19 09:23:49.526235+00"
3105,"7336509255","5416031956","pending","2025-11-19 15:42:39.138836+00","2025-11-19 15:42:39.138836+00"
3106,"7336509255","1381462660","pending","2025-11-19 15:46:41.17242+00","2025-11-19 15:46:41.17242+00"
3108,"7940722669","7336509255","accepted","2025-11-19 15:50:11.691412+00","2025-11-19 15:50:17.586515+00"
3162,"922536562","6214794341","accepted","2025-11-20 03:10:04.055839+00","2025-11-20 09:30:30.843698+00"
3210,"6340548581","8132883465","pending","2025-11-20 09:48:41.045231+00","2025-11-20 09:48:41.045231+00"
3260,"7336509255","7770446403","pending","2025-11-20 16:21:07.233759+00","2025-11-20 16:21:07.233759+00"
3263,"1391174363","797847663","accepted","2025-11-20 16:27:28.702072+00","2025-11-20 16:33:57.521416+00"
3265,"1028513670","2133374158","pending","2025-11-20 17:11:25.253685+00","2025-11-20 17:11:25.253685+00"
3266,"1028513670","1797490235","pending","2025-11-20 17:12:27.477314+00","2025-11-20 17:12:27.477314+00"
3309,"1426425233","2049114405","pending","2025-11-20 22:35:32.99304+00","2025-11-20 22:35:32.99304+00"
3307,"1355082268","5779531688","accepted","2025-11-20 22:30:09.12528+00","2025-11-21 03:49:47.020243+00"
3370,"7589413494","8132883465","pending","2025-11-21 10:37:32.52695+00","2025-11-21 10:37:32.52695+00"
3441,"7675001152","2093967719","accepted","2025-11-21 19:12:13.772695+00","2025-11-21 19:12:50.603792+00"
3433,"7860656853","1209563482","accepted","2025-11-21 17:51:09.019382+00","2025-11-21 19:24:10.576118+00"
3439,"5534731484","1209563482","accepted","2025-11-21 19:00:14.267759+00","2025-11-21 19:24:15.91055+00"
3502,"5044368334","1201804003","accepted","2025-11-22 05:26:37.509654+00","2025-11-22 08:58:53.514418+00"
3541,"2133374158","400568980","accepted","2025-11-22 15:19:28.537415+00","2025-11-22 20:47:54.790166+00"
3583,"7234252969","6816978900","accepted","2025-11-23 05:50:20.6047+00","2025-11-23 08:43:36.879091+00"
3613,"829653636","7945982183","accepted","2025-11-23 19:59:59.98195+00","2025-11-23 20:01:51.621209+00"
3644,"1635258706","7998357888","pending","2025-11-25 05:14:55.453651+00","2025-11-25 05:14:55.453651+00"
3645,"7417035221","1051864908","accepted","2025-11-25 05:46:50.577617+00","2025-11-25 05:49:40.992695+00"
3683,"5494367958","748407474","pending","2025-11-25 18:38:48.244906+00","2025-11-25 18:38:48.244906+00"
3730,"7570970591","5014292785","accepted","2025-11-26 07:43:27.20647+00","2025-11-26 07:43:48.048873+00"
3772,"7040975688","7812818865","pending","2025-11-26 16:15:29.165507+00","2025-11-26 16:15:29.165507+00"
3802,"6509940063","8151671672","accepted","2025-11-27 07:54:07.348706+00","2025-11-27 07:54:20.529089+00"
3841,"6395394068","5779531688","accepted","2025-11-27 14:56:54.230966+00","2025-11-27 20:20:28.627292+00"
3876,"1469773444","6786814214","pending","2025-11-28 03:43:21.573047+00","2025-11-28 03:43:21.573047+00"
3908,"6509940063","964513050","pending","2025-11-28 18:26:04.169243+00","2025-11-28 18:26:04.169243+00"
3937,"466664482","8161990253","accepted","2025-11-29 10:28:04.788152+00","2025-11-29 10:40:01.780262+00"
3984,"835814483","5782543284","accepted","2025-11-30 05:08:49.605897+00","2025-11-30 06:52:17.741807+00"
4015,"658960084","7647636604","pending","2025-11-30 23:03:31.1032+00","2025-11-30 23:03:31.1032+00"
4049,"717829815","1051864908","accepted","2025-12-01 17:33:48.04808+00","2025-12-01 17:33:51.165734+00"
4048,"7623717059","7897627518","accepted","2025-12-01 17:27:18.641702+00","2025-12-01 18:37:45.781766+00"
4079,"1704326359","358584822","pending","2025-12-02 06:34:54.931444+00","2025-12-02 06:34:54.931444+00"
4081,"7234252969","7398567548","pending","2025-12-02 07:10:42.538976+00","2025-12-02 07:10:42.538976+00"
4189,"1246961688","6559198848","accepted","2025-12-02 14:03:10.928957+00","2025-12-02 14:14:19.992441+00"
4389,"1115042518","1058587695","accepted","2025-12-05 17:42:29.593539+00","2025-12-05 18:50:48.912138+00"
4223,"6623033631","7945982183","accepted","2025-12-03 09:07:16.177565+00","2025-12-03 11:00:24.388948+00"
4253,"6907751761","6813893508","pending","2025-12-03 22:51:44.663456+00","2025-12-03 22:51:44.663456+00"
4306,"6048782329","1113803518","accepted","2025-12-04 13:18:02.974373+00","2025-12-04 13:18:32.903911+00"
4314,"1455553245","5947612565","accepted","2025-12-04 14:46:27.32327+00","2025-12-04 16:11:30.306797+00"
4388,"7623717059","2132072926","accepted","2025-12-05 17:33:39.054812+00","2025-12-06 05:17:24.127472+00"
4428,"8395067596","1051120004","pending","2025-12-06 17:47:37.456182+00","2025-12-06 17:47:37.456182+00"
2367,"1469773444","8132883465","pending","2025-11-15 15:46:11.385371+00","2025-11-15 15:46:11.385371+00"
2361,"1469773444","1051864908","accepted","2025-11-15 15:40:05.815571+00","2025-11-15 15:48:44.739268+00"
2370,"8124034003","8132883465","pending","2025-11-15 16:05:05.979553+00","2025-11-15 16:05:05.979553+00"
2371,"6196465621","7191029735","accepted","2025-11-15 16:18:28.961447+00","2025-11-15 16:21:26.511336+00"
2372,"5882853663","451257119","accepted","2025-11-15 16:27:07.535277+00","2025-11-15 16:47:33.347002+00"
2377,"6988519540","8132883465","pending","2025-11-15 17:12:05.514432+00","2025-11-15 17:12:05.514432+00"
2397,"6324580320","1647697220","pending","2025-11-15 17:49:08.634652+00","2025-11-15 17:49:08.634652+00"
2394,"6110336587","6115136833","accepted","2025-11-15 17:48:20.274224+00","2025-11-15 17:49:48.084489+00"
2398,"7458327804","5229975567","pending","2025-11-15 17:50:25.476339+00","2025-11-15 17:50:25.476339+00"
2409,"7336509255","5163807484","accepted","2025-11-15 18:16:03.811559+00","2025-11-15 18:16:15.169855+00"
2613,"432415969","6026789652","accepted","2025-11-16 20:01:21.653056+00","2025-11-16 20:01:32.722523+00"
2624,"8120320254","942663833","accepted","2025-11-16 20:31:29.64044+00","2025-11-16 20:32:41.492136+00"
2600,"1891432693","434659587","accepted","2025-11-16 19:23:12.775193+00","2025-11-16 20:49:21.478339+00"
2653,"1676325562","797847663","pending","2025-11-17 06:01:25.594402+00","2025-11-17 06:01:25.594402+00"
2656,"6789406912","1201453400","pending","2025-11-17 06:42:48.759705+00","2025-11-17 06:42:48.759705+00"
2767,"6162552978","1219116927","pending","2025-11-17 14:18:19.588753+00","2025-11-17 14:18:19.588753+00"
2844,"2133374158","6009501360","accepted","2025-11-17 21:15:21.754971+00","2025-11-17 21:15:31.934575+00"
2849,"8315650083","7277167325","accepted","2025-11-17 21:20:12.766747+00","2025-11-17 21:22:21.880206+00"
2854,"2133374158","7963453467","accepted","2025-11-17 21:30:26.99615+00","2025-11-17 21:30:52.90175+00"
2898,"1455553245","797847663","pending","2025-11-18 09:29:43.102269+00","2025-11-18 09:29:43.102269+00"
2949,"6110336587","5038281970","accepted","2025-11-18 15:54:39.564529+00","2025-11-18 15:57:02.729462+00"
3013,"1469773444","6512922490","accepted","2025-11-18 21:13:26.192825+00","2025-11-18 21:16:00.321545+00"
3053,"751826204","1924682462","pending","2025-11-19 08:42:34.627281+00","2025-11-19 08:42:34.627281+00"
3107,"7336509255","1164335213","pending","2025-11-19 15:47:03.033209+00","2025-11-19 15:47:03.033209+00"
3163,"2004319924","331776261","accepted","2025-11-20 03:41:41.498133+00","2025-11-20 04:16:29.584694+00"
3164,"5779834213","5779531688","accepted","2025-11-20 03:51:45.36639+00","2025-11-20 06:19:57.754025+00"
3211,"6559312412","8132883465","pending","2025-11-20 10:03:08.854406+00","2025-11-20 10:03:08.854406+00"
3264,"2011955079","5636401129","declined","2025-11-20 16:48:21.826405+00","2025-11-20 23:32:41.411733+00"
3310,"754688541","2133374158","pending","2025-11-21 03:46:20.730643+00","2025-11-21 03:46:20.730643+00"
3311,"754688541","1797490235","pending","2025-11-21 03:47:17.714585+00","2025-11-21 03:47:17.714585+00"
3371,"1674834036","7501176620","accepted","2025-11-21 11:11:06.745405+00","2025-11-21 11:11:16.333244+00"
3372,"1281927772","6499363352","accepted","2025-11-21 11:35:11.569327+00","2025-11-21 11:36:32.48987+00"
3373,"7675001152","6670787583","pending","2025-11-21 11:36:41.396872+00","2025-11-21 11:36:41.396872+00"
3434,"2081601093","5782543284","accepted","2025-11-21 18:17:03.968321+00","2025-11-22 05:34:31.256229+00"
3503,"464531727","7578356794","accepted","2025-11-22 05:29:02.733586+00","2025-11-22 05:54:07.832282+00"
3542,"6148511982","7052226379","accepted","2025-11-22 16:14:54.397399+00","2025-11-22 16:15:30.62337+00"
3584,"310184416","1177371609","accepted","2025-11-23 06:11:19.908517+00","2025-11-23 08:09:22.034746+00"
3614,"5467154935","5014292785","accepted","2025-11-23 20:05:50.672406+00","2025-11-23 20:05:56.080252+00"
3646,"6330928204","8132883465","pending","2025-11-25 05:57:00.836452+00","2025-11-25 05:57:00.836452+00"
3684,"2081601093","7277297826","accepted","2025-11-25 18:43:54.281813+00","2025-11-25 19:06:56.749509+00"
3688,"698304652","1655811461","accepted","2025-11-25 19:47:44.14485+00","2025-11-25 19:47:58.103256+00"
3689,"550544280","5014292785","pending","2025-11-25 19:53:58.162196+00","2025-11-25 19:53:58.162196+00"
3731,"5047709640","5485565660","pending","2025-11-26 07:58:30.028883+00","2025-11-26 07:58:30.028883+00"
3773,"338250980","6813544940","accepted","2025-11-26 16:36:56.398803+00","2025-11-26 17:22:45.782744+00"
3782,"6439940659","6513522038","pending","2025-11-26 19:21:13.82157+00","2025-11-26 19:21:13.82157+00"
3805,"7277297826","7609872803","accepted","2025-11-27 08:20:18.646778+00","2025-11-27 08:21:06.797597+00"
3810,"7850822927","5344544294","accepted","2025-11-27 09:14:02.302737+00","2025-11-27 09:15:18.279507+00"
3846,"6140761100","544561930","accepted","2025-11-27 15:23:44.401257+00","2025-11-28 06:40:05.568917+00"
3877,"5970572939","1022432112","accepted","2025-11-28 04:36:21.668164+00","2025-11-28 06:52:02.722675+00"
3909,"1115042518","6834402839","declined","2025-11-28 19:02:43.214975+00","2025-11-28 19:06:12.856525+00"
4192,"1115042518","5457063817","accepted","2025-12-02 14:15:45.20748+00","2025-12-02 14:31:31.557555+00"
3938,"698304652","378546648","accepted","2025-11-29 10:49:16.613216+00","2025-11-29 11:10:27.763194+00"
3942,"1469773444","6344816904","accepted","2025-11-29 11:07:05.076334+00","2025-11-29 11:37:17.567701+00"
3939,"1469773444","2123124482","accepted","2025-11-29 11:06:48.842765+00","2025-11-29 12:10:33.648057+00"
3985,"7388700051","6499363352","accepted","2025-11-30 06:02:02.237333+00","2025-11-30 06:02:02.237333+00"
4016,"717829815","1609398709","pending","2025-12-01 04:23:27.220475+00","2025-12-01 04:23:47.149228+00"
4050,"7388700051","698304652","accepted","2025-12-01 18:05:24.897352+00","2025-12-01 19:01:43.843831+00"
4080,"7336509255","7412135899","pending","2025-12-02 06:53:03.379764+00","2025-12-02 06:53:03.379764+00"
4191,"468614391","477639129","accepted","2025-12-02 14:09:48.883841+00","2025-12-02 14:09:54.556811+00"
4224,"7574726989","7945982183","accepted","2025-12-03 09:23:06.18136+00","2025-12-03 09:50:23.079429+00"
4254,"1408002992","1387421830","pending","2025-12-04 01:36:16.490185+00","2025-12-04 01:36:16.490185+00"
4309,"1461603069","8199846804","pending","2025-12-04 13:30:32.959644+00","2025-12-04 13:30:32.959644+00"
4307,"6048782329","5779531688","accepted","2025-12-04 13:24:39.059818+00","2025-12-04 13:37:38.621256+00"
4350,"5728928266","7894937884","pending","2025-12-05 08:14:03.548866+00","2025-12-05 08:14:12.067313+00"
4360,"8065215112","6839822722","accepted","2025-12-05 08:29:34.377984+00","2025-12-05 16:16:15.704547+00"
4390,"1241455590","6499363352","accepted","2025-12-05 17:57:01.151328+00","2025-12-05 17:58:20.878691+00"
4391,"8395067596","5779531688","pending","2025-12-05 18:10:05.765397+00","2025-12-05 18:10:05.765397+00"
2374,"6346659608","7501176620","declined","2025-11-15 16:28:52.879853+00","2025-11-15 16:32:33.344336+00"
2375,"1115042518","381189753","accepted","2025-11-15 16:49:16.062117+00","2025-11-15 16:50:44.725722+00"
2376,"8152915816","8132883465","pending","2025-11-15 16:53:38.210421+00","2025-11-15 16:53:38.210421+00"
2378,"7057818028","1754370712","pending","2025-11-15 17:21:22.304559+00","2025-11-15 17:21:22.304559+00"
2379,"6110336587","7100039508","pending","2025-11-15 17:24:24.312275+00","2025-11-15 17:24:24.312275+00"
2381,"549672248","1647697220","pending","2025-11-15 17:36:39.618609+00","2025-11-15 17:36:39.618609+00"
2380,"5558936024","5194956884","accepted","2025-11-15 17:33:04.396379+00","2025-11-15 17:38:25.952362+00"
2382,"6110336587","5897598269","accepted","2025-11-15 17:38:24.355613+00","2025-11-15 17:38:42.013737+00"
2383,"1990620507","7501176620","accepted","2025-11-15 17:38:39.421473+00","2025-11-15 17:38:49.973192+00"
2387,"8128109578","1647697220","accepted","2025-11-15 17:43:22.589102+00","2025-11-15 17:43:47.8755+00"
2389,"1469773444","7339018641","pending","2025-11-15 17:44:11.712198+00","2025-11-15 17:44:11.712198+00"
2388,"1469773444","1647697220","accepted","2025-11-15 17:44:05.604697+00","2025-11-15 17:44:11.793871+00"
2384,"7501176620","1647697220","accepted","2025-11-15 17:40:23.488091+00","2025-11-15 17:44:20.068948+00"
2385,"6110321042","1647697220","accepted","2025-11-15 17:40:32.450013+00","2025-11-15 17:44:21.721789+00"
2386,"6324580320","1051864908","accepted","2025-11-15 17:42:47.038267+00","2025-11-15 17:44:23.773262+00"
2391,"1469773444","8312458446","accepted","2025-11-15 17:44:36.831799+00","2025-11-15 17:44:50.635101+00"
2393,"7118242321","5229975567","pending","2025-11-15 17:46:32.193257+00","2025-11-15 17:46:32.193257+00"
2392,"5063788391","1647697220","accepted","2025-11-15 17:45:47.252939+00","2025-11-15 17:46:38.250197+00"
2395,"8128109578","5229975567","pending","2025-11-15 17:48:24.512296+00","2025-11-15 17:48:24.512296+00"
2399,"7458327804","1647697220","pending","2025-11-15 17:50:43.622615+00","2025-11-15 17:50:43.622615+00"
2400,"7458327804","5014292785","pending","2025-11-15 17:51:28.260037+00","2025-11-15 17:51:28.260037+00"
2401,"393198417","1647697220","pending","2025-11-15 17:51:55.297338+00","2025-11-15 17:51:55.297338+00"
2390,"770869825","5229975567","accepted","2025-11-15 17:44:20.364535+00","2025-11-15 17:52:40.682829+00"
2402,"7458327804","5163807484","accepted","2025-11-15 17:53:07.523284+00","2025-11-15 17:53:51.747753+00"
2403,"7963453467","1647697220","accepted","2025-11-15 17:55:02.98827+00","2025-11-15 17:55:47.496263+00"
2405,"1115042518","1647697220","pending","2025-11-15 18:02:21.491529+00","2025-11-15 18:02:21.491529+00"
2404,"1115042518","5163807484","accepted","2025-11-15 18:01:41.125023+00","2025-11-15 18:02:25.024001+00"
2407,"6975709278","1609398709","pending","2025-11-15 18:11:39.291747+00","2025-11-15 18:11:39.291747+00"
2406,"6324580320","7501176620","accepted","2025-11-15 18:10:23.921799+00","2025-11-15 18:13:49.162376+00"
2408,"6324580320","6499363352","accepted","2025-11-15 18:13:47.66104+00","2025-11-15 18:14:13.760863+00"
2411,"7336509255","5779531688","accepted","2025-11-15 18:17:21.971339+00","2025-11-15 18:18:06.09323+00"
2413,"6110336587","7339018641","pending","2025-11-15 18:19:14.748351+00","2025-11-15 18:19:14.748351+00"
2412,"6110336587","1647697220","accepted","2025-11-15 18:18:44.209726+00","2025-11-15 18:19:31.624927+00"
2414,"6110336587","5163807484","accepted","2025-11-15 18:20:19.868962+00","2025-11-15 18:20:45.083897+00"
2416,"6639943419","5014292785","pending","2025-11-15 18:21:55.685684+00","2025-11-15 18:21:55.685684+00"
2415,"7291476378","1647697220","accepted","2025-11-15 18:20:51.374212+00","2025-11-15 18:22:22.736113+00"
2417,"6110336587","7336509255","accepted","2025-11-15 18:24:39.243953+00","2025-11-15 18:25:24.988072+00"
2396,"6110336587","2002650347","accepted","2025-11-15 17:48:51.232858+00","2025-11-15 18:26:58.94447+00"
2418,"6110336587","8312458446","accepted","2025-11-15 18:29:11.723159+00","2025-11-15 18:30:01.031606+00"
2410,"6110336587","7637941482","accepted","2025-11-15 18:17:00.996607+00","2025-11-15 18:35:21.892512+00"
2420,"6110336587","7987122414","pending","2025-11-15 19:01:11.913669+00","2025-11-15 19:01:11.913669+00"
2421,"7249613791","7987122414","accepted","2025-11-15 19:01:34.624776+00","2025-11-15 19:01:53.083308+00"
2422,"5558936024","8148940962","accepted","2025-11-15 19:13:16.840346+00","2025-11-15 19:14:01.942069+00"
2359,"1469773444","1609398709","accepted","2025-11-15 15:39:51.037435+00","2025-11-15 19:28:09.903175+00"
2423,"6324580320","1103065697","accepted","2025-11-15 19:29:14.375314+00","2025-11-15 19:36:11.059284+00"
2427,"5530570358","5014292785","pending","2025-11-15 19:37:52.833023+00","2025-11-15 19:37:52.833023+00"
2425,"6110336587","5882853663","accepted","2025-11-15 19:34:49.614341+00","2025-11-15 19:38:20.856011+00"
2428,"6110336587","1263821322","accepted","2025-11-15 19:49:24.675226+00","2025-11-15 19:49:42.163298+00"
2426,"8264961618","7412135899","accepted","2025-11-15 19:36:45.689973+00","2025-11-15 20:01:45.204863+00"
2432,"6065747366","358584822","pending","2025-11-15 20:20:15.401127+00","2025-11-15 20:20:15.401127+00"
2435,"7778388740","5014292785","pending","2025-11-15 20:21:33.827708+00","2025-11-15 20:21:33.827708+00"
2436,"6065747366","7728539654","pending","2025-11-15 20:21:49.375833+00","2025-11-15 20:21:49.375833+00"
2437,"6065747366","5228152352","pending","2025-11-15 20:24:13.895582+00","2025-11-15 20:24:13.895582+00"
2438,"6065747366","614813590","pending","2025-11-15 20:25:03.133355+00","2025-11-15 20:25:03.133355+00"
2439,"6065747366","1051864908","accepted","2025-11-15 20:25:51.640496+00","2025-11-15 20:25:57.12827+00"
2431,"7107583829","1606816319","accepted","2025-11-15 20:17:50.663833+00","2025-11-15 20:31:35.354094+00"
2433,"6065747366","797847663","declined","2025-11-15 20:21:01.292165+00","2025-11-15 20:31:39.278933+00"
2440,"8567926206","797847663","pending","2025-11-15 20:36:02.287489+00","2025-11-15 20:36:02.287489+00"
2441,"6065747366","6745416360","pending","2025-11-15 20:36:23.817714+00","2025-11-15 20:36:23.817714+00"
2442,"464171448","874301139","pending","2025-11-15 20:36:40.483969+00","2025-11-15 20:36:40.483969+00"
2443,"6065747366","7826484265","pending","2025-11-15 20:43:41.322978+00","2025-11-15 20:43:41.322978+00"
2444,"756011892","6499363352","accepted","2025-11-15 20:52:39.176886+00","2025-11-15 20:54:01.280715+00"
2445,"864303573","1647697220","pending","2025-11-15 20:54:13.116336+00","2025-11-15 20:54:13.116336+00"
2446,"855012860","7984980757","accepted","2025-11-15 20:59:13.571924+00","2025-11-15 20:59:57.589522+00"
2449,"6065747366","1834543510","accepted","2025-11-15 21:21:02.749171+00","2025-11-15 21:21:17.731646+00"
2450,"8148940962","6763564039","pending","2025-11-15 21:24:40.797996+00","2025-11-15 21:24:40.797996+00"
2451,"6065747366","1924682462","pending","2025-11-15 21:31:22.22381+00","2025-11-15 21:31:22.22381+00"
2452,"6065747366","7029067009","pending","2025-11-15 21:31:37.856547+00","2025-11-15 21:31:37.856547+00"
2448,"6350884523","7029687797","accepted","2025-11-15 21:18:00.459752+00","2025-11-15 21:33:15.714867+00"
2453,"6065747366","5014292785","pending","2025-11-15 21:45:32.703242+00","2025-11-15 21:45:32.703242+00"
2454,"6065747366","1286904118","pending","2025-11-15 21:46:41.953594+00","2025-11-15 21:46:41.953594+00"
2455,"8148940962","7876573174","pending","2025-11-15 23:08:00.934702+00","2025-11-15 23:08:00.934702+00"
2457,"1469773444","5433859599","pending","2025-11-16 02:03:19.481529+00","2025-11-16 02:03:19.481529+00"
2460,"7992856361","5014292785","pending","2025-11-16 03:37:31.248915+00","2025-11-16 03:37:31.248915+00"
2461,"7277297826","1399455085","pending","2025-11-16 04:00:55.699543+00","2025-11-16 04:00:55.699543+00"
2463,"6110336587","5433859599","pending","2025-11-16 04:13:40.084223+00","2025-11-16 04:13:40.084223+00"
2464,"6110336587","6490842744","accepted","2025-11-16 04:15:10.352383+00","2025-11-16 04:15:43.380291+00"
2466,"6110336587","1807028205","pending","2025-11-16 04:18:02.633289+00","2025-11-16 04:18:02.633289+00"
2469,"6110336587","5756489176","pending","2025-11-16 04:22:09.115297+00","2025-11-16 04:22:09.115297+00"
2468,"6110336587","6437401619","accepted","2025-11-16 04:18:34.532208+00","2025-11-16 04:24:53.756237+00"
2429,"6118940664","5163807484","accepted","2025-11-15 19:50:48.399358+00","2025-11-16 04:26:47.820997+00"
2430,"1234798214","5163807484","accepted","2025-11-15 20:09:51.592707+00","2025-11-16 04:26:50.099163+00"
2470,"6110336587","5870771327","pending","2025-11-16 04:29:01.334895+00","2025-11-16 04:29:01.334895+00"
2471,"6110336587","5453720258","pending","2025-11-16 04:31:46.216446+00","2025-11-16 04:31:46.216446+00"
2447,"7916040355","6114827372","accepted","2025-11-15 21:10:30.593611+00","2025-11-16 04:34:53.804601+00"
2424,"6324580320","7987122414","accepted","2025-11-15 19:29:40.588192+00","2025-11-16 04:48:16.515644+00"
2459,"411859683","7987122414","accepted","2025-11-16 03:36:10.348198+00","2025-11-16 04:48:49.259613+00"
2474,"409098115","8132883465","pending","2025-11-16 05:09:31.347977+00","2025-11-16 05:09:31.347977+00"
2465,"6110336587","2001330603","accepted","2025-11-16 04:17:56.894709+00","2025-11-16 05:14:35.45191+00"
2475,"7606466781","1399455085","pending","2025-11-16 05:21:59.100396+00","2025-11-16 05:21:59.100396+00"
2476,"829653636","6499363352","accepted","2025-11-16 05:22:24.805677+00","2025-11-16 05:22:31.444091+00"
2434,"6623033631","6645830936","accepted","2025-11-15 20:21:20.703998+00","2025-11-16 05:30:40.758406+00"
2654,"602324856","1396168464","pending","2025-11-17 06:04:15.046551+00","2025-11-17 06:04:15.046551+00"
2458,"7992856361","797847663","declined","2025-11-16 03:35:55.619604+00","2025-11-16 06:23:10.76744+00"
2467,"6863474564","5072306781","accepted","2025-11-16 04:18:15.993258+00","2025-11-16 06:38:33.976067+00"
2472,"6110336587","1370290904","accepted","2025-11-16 04:32:03.844157+00","2025-11-16 06:49:40.895266+00"
2456,"828809829","1647697220","accepted","2025-11-16 01:18:35.395452+00","2025-11-16 08:47:33.894387+00"
2462,"465935118","1051864908","accepted","2025-11-16 04:13:30.376389+00","2025-11-16 09:36:00.615674+00"
2477,"5067978272","1241455590","accepted","2025-11-16 05:25:00.92687+00","2025-11-16 05:25:08.553528+00"
2479,"5546122887","7392286168","declined","2025-11-16 06:01:31.421886+00","2025-11-16 06:03:57.78931+00"
2478,"5194677184","903817915","accepted","2025-11-16 06:00:43.487092+00","2025-11-16 06:22:27.738832+00"
2481,"886237315","5163807484","accepted","2025-11-16 06:29:13.332162+00","2025-11-16 06:30:38.896987+00"
2482,"7448688198","7392286168","declined","2025-11-16 07:01:20.382863+00","2025-11-16 07:25:57.43728+00"
2484,"6324580320","7392286168","declined","2025-11-16 07:23:44.132156+00","2025-11-16 07:26:10.855657+00"
2485,"5183845073","1399455085","pending","2025-11-16 07:30:13.798988+00","2025-11-16 07:30:13.798988+00"
2486,"829653636","7392286168","declined","2025-11-16 07:39:28.443811+00","2025-11-16 07:41:01.783323+00"
2473,"1861971689","7501176620","accepted","2025-11-16 04:57:36.625717+00","2025-11-16 07:48:21.087249+00"
2489,"434659587","6499363352","accepted","2025-11-16 07:55:12.872902+00","2025-11-16 07:55:46.24324+00"
2492,"1034623426","6645830936","pending","2025-11-16 07:59:21.021398+00","2025-11-16 07:59:21.021398+00"
2493,"7623717059","1216016294","accepted","2025-11-16 08:01:14.683686+00","2025-11-16 08:01:30.236375+00"
2487,"6797127885","7392286168","declined","2025-11-16 07:51:50.379353+00","2025-11-16 08:01:30.605251+00"
2496,"896841482","8451398351","accepted","2025-11-16 08:12:56.785884+00","2025-11-16 08:13:36.119945+00"
2497,"338250980","6863474564","accepted","2025-11-16 08:14:59.390547+00","2025-11-16 08:15:52.952445+00"
2488,"7963453467","7383781782","accepted","2025-11-16 07:53:12.118083+00","2025-11-16 08:16:38.437427+00"
2498,"338250980","7392286168","declined","2025-11-16 08:15:22.890242+00","2025-11-16 08:22:08.319675+00"
2499,"1147265918","6063243083","pending","2025-11-16 08:22:19.515418+00","2025-11-16 08:22:19.515418+00"
2494,"7264966208","8014736816","accepted","2025-11-16 08:02:03.464722+00","2025-11-16 08:35:24.419519+00"
2500,"6863474564","7392286168","declined","2025-11-16 08:35:08.641493+00","2025-11-16 08:44:21.923825+00"
2502,"7909431398","434659587","accepted","2025-11-16 08:54:04.063163+00","2025-11-16 08:56:51.234994+00"
2503,"6863474564","5014292785","pending","2025-11-16 09:13:15.014677+00","2025-11-16 09:13:15.014677+00"
2491,"7336509255","7352437725","accepted","2025-11-16 07:58:19.517372+00","2025-11-16 09:17:40.51068+00"
2501,"6863474564","797847663","declined","2025-11-16 08:48:31.684717+00","2025-11-16 09:25:25.009179+00"
2504,"1722589537","5433859599","pending","2025-11-16 09:30:25.940916+00","2025-11-16 09:30:25.940916+00"
2490,"8034301607","1051864908","accepted","2025-11-16 07:58:16.984673+00","2025-11-16 09:35:56.980346+00"
2480,"7291476378","1051864908","accepted","2025-11-16 06:19:00.639438+00","2025-11-16 09:35:58.764875+00"
2505,"5087004032","5014292785","pending","2025-11-16 09:36:47.11622+00","2025-11-16 09:36:48.797707+00"
2507,"6863474564","1292687770","pending","2025-11-16 09:53:06.030916+00","2025-11-16 09:53:06.030916+00"
2508,"6863474564","1055900924","accepted","2025-11-16 09:53:22.473111+00","2025-11-16 09:53:55.080409+00"
2511,"5292152585","6863474564","accepted","2025-11-16 10:21:59.95343+00","2025-11-16 10:23:11.420993+00"
2515,"5183845073","472898765","accepted","2025-11-16 10:32:59.614301+00","2025-11-16 10:33:08.974065+00"
2514,"313159762","8014736816","accepted","2025-11-16 10:29:56.385408+00","2025-11-16 10:40:23.027317+00"
2510,"472898765","6537725741","accepted","2025-11-16 10:03:36.395962+00","2025-11-16 10:57:24.999963+00"
2518,"887692054","989329434","accepted","2025-11-16 10:54:29.778996+00","2025-11-16 10:58:16.291034+00"
2519,"7637941482","5163807484","accepted","2025-11-16 11:00:15.479042+00","2025-11-16 11:00:27.095533+00"
2517,"8308622569","5163807484","accepted","2025-11-16 10:44:27.985297+00","2025-11-16 11:00:39.165227+00"
2520,"1469773444","6307144522","accepted","2025-11-16 11:02:02.792955+00","2025-11-16 11:02:08.023583+00"
2522,"7637941482","1399455085","pending","2025-11-16 11:13:01.469852+00","2025-11-16 11:13:01.469852+00"
2513,"5272972475","7392286168","declined","2025-11-16 10:27:46.903814+00","2025-11-16 11:13:51.859737+00"
2509,"6863474564","7501176620","accepted","2025-11-16 09:53:40.955688+00","2025-11-16 11:16:43.853858+00"
2524,"7336509255","8295901088","pending","2025-11-16 11:19:20.454129+00","2025-11-16 11:19:20.454129+00"
2525,"7458327804","5779531688","accepted","2025-11-16 11:20:16.442803+00","2025-11-16 11:22:21.57383+00"
2495,"5499323103","5882853663","accepted","2025-11-16 08:08:23.781503+00","2025-11-16 11:24:45.650796+00"
2527,"6816004913","5014292785","pending","2025-11-16 11:25:58.769562+00","2025-11-16 11:25:58.769562+00"
2526,"370668833","1396168464","accepted","2025-11-16 11:25:15.577254+00","2025-11-16 11:26:17.327965+00"
2531,"7637941482","5014292785","pending","2025-11-16 11:43:50.117121+00","2025-11-16 11:43:50.117121+00"
2532,"6825820710","797847663","declined","2025-11-16 11:44:53.616101+00","2025-11-16 11:48:10.720434+00"
2521,"7637941482","1051864908","accepted","2025-11-16 11:10:57.719314+00","2025-11-16 11:49:04.747582+00"
2533,"333360825","7501176620","accepted","2025-11-16 11:52:22.531231+00","2025-11-16 11:53:10.901739+00"
2523,"7637941482","7623717059","accepted","2025-11-16 11:13:35.025888+00","2025-11-16 12:00:03.116959+00"
2530,"7233078151","8312458446","accepted","2025-11-16 11:41:17.191552+00","2025-11-16 12:19:08.19024+00"
2536,"7572925260","8041259479","accepted","2025-11-16 12:21:53.251343+00","2025-11-16 13:11:41.276736+00"
2516,"472898765","6930563706","declined","2025-11-16 10:39:34.200471+00","2025-11-16 12:23:27.253373+00"
2512,"1469773444","641739565","accepted","2025-11-16 10:23:53.582309+00","2025-11-16 13:15:38.517802+00"
2529,"7572925260","7439298837","pending","2025-11-16 11:39:22.386217+00","2025-11-16 12:33:21.771597+00"
2559,"6110336587","1318900930","pending","2025-11-16 13:25:45.374593+00","2025-11-16 13:25:45.374593+00"
2846,"8315650083","1877790025","accepted","2025-11-17 21:17:21.078194+00","2025-11-17 21:19:11.757561+00"
2554,"6763564039","1722589537","accepted","2025-11-16 13:07:31.657001+00","2025-11-16 13:26:02.859187+00"
2561,"1462269617","5779531688","accepted","2025-11-16 13:32:46.651231+00","2025-11-16 13:33:18.834273+00"
2556,"7990775724","8014736816","declined","2025-11-16 13:19:27.080426+00","2025-11-16 13:27:50.907226+00"
2538,"7572925260","6645830936","accepted","2025-11-16 12:27:32.922669+00","2025-11-16 12:36:26.508773+00"
2537,"7233078151","8451398351","accepted","2025-11-16 12:26:19.04289+00","2025-11-16 12:47:55.283575+00"
2535,"7572925260","5183845073","accepted","2025-11-16 12:07:49.792179+00","2025-11-16 12:52:38.095517+00"
2549,"6110336587","8295901088","pending","2025-11-16 12:56:43.52257+00","2025-11-16 12:56:43.52257+00"
2547,"6110336587","6233075737","accepted","2025-11-16 12:51:00.357855+00","2025-11-16 13:08:37.992115+00"
2553,"6110336587","1396168464","accepted","2025-11-16 13:07:08.094342+00","2025-11-16 13:09:28.203661+00"
2555,"6110336587","1209563482","accepted","2025-11-16 13:08:41.108497+00","2025-11-16 13:10:46.000613+00"
2557,"6110336587","1266195104","accepted","2025-11-16 13:20:55.678701+00","2025-11-16 13:38:42.227182+00"
2483,"5980085144","7306989121","accepted","2025-11-16 07:11:08.891198+00","2025-11-16 13:41:05.649666+00"
2560,"6110336587","5921190195","accepted","2025-11-16 13:29:29.867789+00","2025-11-16 14:11:06.142425+00"
2558,"1209563482","7826484265","accepted","2025-11-16 13:23:52.214742+00","2025-11-16 14:21:11.228261+00"
2548,"6110336587","1115042518","accepted","2025-11-16 12:52:16.028515+00","2025-11-16 15:08:33.576566+00"
2550,"6110336587","430556924","accepted","2025-11-16 12:57:55.743577+00","2025-11-16 15:26:15.241008+00"
2552,"6110336587","405279726","accepted","2025-11-16 13:06:10.508669+00","2025-11-16 15:48:17.497706+00"
2528,"370668833","7392286168","declined","2025-11-16 11:35:17.026524+00","2025-11-16 16:06:52.61752+00"
2551,"6110336587","7392286168","declined","2025-11-16 13:03:13.749147+00","2025-11-16 16:06:57.472671+00"
2602,"7328643527","6863474564","pending","2025-11-16 19:25:26.747835+00","2025-11-16 19:25:26.747835+00"
2609,"1705157070","5779531688","pending","2025-11-16 19:43:37.301263+00","2025-11-16 19:43:37.301263+00"
2607,"7277297826","6812450872","accepted","2025-11-16 19:38:25.492661+00","2025-11-16 19:48:57.157817+00"
2655,"6789406912","8132883465","pending","2025-11-17 06:41:59.910004+00","2025-11-17 06:41:59.910004+00"
2534,"7572925260","6930563706","declined","2025-11-16 12:07:21.273727+00","2025-11-17 11:55:25.090037+00"
2770,"7277297826","8132883465","pending","2025-11-17 14:30:39.49701+00","2025-11-17 14:30:39.49701+00"
2771,"7861879898","797847663","accepted","2025-11-17 15:06:23.075979+00","2025-11-17 15:12:06.889317+00"
2848,"6603995416","6009501360","accepted","2025-11-17 21:19:33.475164+00","2025-11-17 21:19:44.989919+00"
2852,"8279846514","1036122318","pending","2025-11-17 21:25:23.447469+00","2025-11-17 21:25:23.447469+00"
2856,"1288004174","8132883465","pending","2025-11-17 21:37:54.317574+00","2025-11-17 21:37:54.317574+00"
2858,"898850103","1036122318","pending","2025-11-17 21:43:45.872094+00","2025-11-17 21:43:45.872094+00"
2899,"1191111714","1337831044","pending","2025-11-18 09:39:15.552927+00","2025-11-18 09:39:15.552927+00"
2950,"6110336587","6276583633","pending","2025-11-18 16:00:19.917423+00","2025-11-18 16:00:19.917423+00"
2953,"7675001152","7304799601","pending","2025-11-18 16:04:17.340825+00","2025-11-18 16:04:17.340825+00"
3014,"5478033817","5194677184","pending","2025-11-18 22:02:04.299882+00","2025-11-18 22:02:04.299882+00"
3056,"5433062186","5014292785","pending","2025-11-19 09:13:01.145087+00","2025-11-19 09:14:54.143573+00"
3111,"7336509255","5072306781","accepted","2025-11-19 16:35:36.009749+00","2025-11-19 17:27:16.279594+00"
3165,"7938977375","951730392","pending","2025-11-20 03:54:48.822153+00","2025-11-20 03:54:48.822153+00"
