"id","sender_id","recipient_id","text","sticker_file_id","animation_file_id","created_at"
1,"7388700051","7222244857","hello",NULL,NULL,"2025-10-09 06:44:24.007205+00"
2,"7222244857","7388700051","Halo",NULL,NULL,"2025-10-09 12:12:13.983776+00"
3,"7388700051","7222244857","Halo",NULL,NULL,"2025-10-09 12:12:21.690685+00"
4,"7222244857","7388700051","How is yoou",NULL,NULL,"2025-10-09 12:12:33.711856+00"
5,"1976484709","1199863915","Yo",NULL,NULL,"2025-10-09 13:08:11.118429+00"
6,"1199863915","1976484709","Yo",NULL,NULL,"2025-10-09 13:08:20.85064+00"
7,"1976484709","1199863915","Yo",NULL,NULL,"2025-10-09 13:16:31.012419+00"
8,"5014315387","6913252945","Hi",NULL,NULL,"2025-10-09 16:13:59.109678+00"
9,"7931937025","5014292785","Heyy, man ymesleshal eee guess eski I wanna know so bad😂 ene yemane meslogn neber aydelem alech pink hoodie miyareg ale ende?",NULL,NULL,"2025-10-09 18:12:00.042547+00"
10,"5014292785","7931937025","Pink hoodie eneja ale ende. Honestly hulum kechacha nachew",NULL,NULL,"2025-10-09 18:13:52.724467+00"
11,"5014292785","7931937025","Yo yemane is a player tho😂 I always see him with girls cafe mnamn",NULL,NULL,"2025-10-09 18:14:39.927185+00"
12,"7931937025","5014292785","Awo fr kechacha asf siyasaznu chenketu nw yakesachew eko😂 gn istg am very happy that ur pc1 gurlll",NULL,NULL,"2025-10-09 18:16:35.984815+00"
13,"7931937025","5014292785","Frrr??😂 I can't even imagine him that way he is so strict eko",NULL,NULL,"2025-10-09 18:17:03.933564+00"
14,"5014292785","7931937025","Same gurll. Didn't  think bezu class matoche ezi yehonalu beye.",NULL,NULL,"2025-10-09 18:23:12.211549+00"
15,"7931937025","5014292785","Ere aydelehum ene endiw mawek felge ye were sus..😭😁",NULL,NULL,"2025-10-09 18:23:22.326921+00"
16,"5014292785","7931937025","Honestly I never talked with yemane before but yeah he looks strict",NULL,NULL,"2025-10-09 18:24:03.02953+00"
17,"5014292785","7931937025","Which batch are you",NULL,NULL,"2025-10-09 18:24:18.802764+00"
18,"7931937025","5014292785","Ere hulum bemibal huneta ezi nachew beteley wendochu pc1 meme grp lay mnamn alesh? Eza lay bebzat kezi ss aregew rasu ylkalu",NULL,NULL,"2025-10-09 18:25:01.578055+00"
19,"5014292785","7931937025","Esti send me the group meme yalebeten",NULL,NULL,"2025-10-09 18:26:07.072754+00"
20,"7931937025","5014292785","I did, and that’s exactly why I’m wondering how he can be so soft when it comes to a woman, one time yehonechen lij endalagachesh sil semche keza buhala ferawalew😂",NULL,NULL,"2025-10-09 18:27:40.078443+00"
21,"7931937025","5014292785","2016, wbu?",NULL,NULL,"2025-10-09 18:27:47.911921+00"
22,"5014292785","7931937025","Besmammm endeza beloal ende. I swear I always see him with multiple women at Cafe though like cozying up with them laughing mnamn",NULL,NULL,"2025-10-09 18:29:14.988762+00"
23,"7931937025","5014292785","https://t.me/JustForFunAhhGroup",NULL,NULL,"2025-10-09 18:29:52.264329+00"
24,"5014292785","7931937025","2016 negn eko enem zendero 3rd year right?",NULL,NULL,"2025-10-09 18:29:57.620499+00"
25,"7931937025","5014292785","Ay yemane I am amazed tbh almeslegnem neber😁",NULL,NULL,"2025-10-09 18:30:34.564536+00"
26,"7931937025","5014292785","Yuppp module 8 endet nw tadya ee?",NULL,NULL,"2025-10-09 18:30:35.469245+00"
27,"5014292785","7931937025","Module 8 bezu nw  they weren't lying yehe kebad yehonal selu. Wbu",NULL,NULL,"2025-10-09 18:43:01.943307+00"
28,"7931937025","5014292785","Ere awo aza nw fr how did you manage to study all that while being the Queen of the comment section huh gobez nesh tbh😂 u got a lot of boys crashing on you mnamn that is hilarious😂",NULL,NULL,"2025-10-09 18:53:59.359266+00"
29,"5014292785","7931937025","Teyachew bakesh enes Sera feteche nw😭😂social media lay gezeyen selematefa nw.",NULL,NULL,"2025-10-09 18:55:15.797729+00"
30,"7931937025","5014292785","Enem endanchiw neberku beye grpu eyegebaw ebetebet neber ahun tnsh break lay hogne nw😅, nice to meet you tho...gurl am happy that we talked 🙌",NULL,NULL,"2025-10-09 18:59:13.320255+00"
31,"5014292785","7931937025","Same nice to meet u too",NULL,NULL,"2025-10-09 19:00:19.387171+00"
32,"7931937025","5014292785","Okayyy Good night💗",NULL,NULL,"2025-10-09 19:02:21.561673+00"
33,"5014292785","7931937025","I never said what age?? Eww",NULL,NULL,"2025-10-09 19:02:29.217548+00"
34,"5014292785","7931937025","Good night",NULL,NULL,"2025-10-09 19:02:46.36558+00"
35,"1465944838","5014292785","Endet newu 24 seat online yemikonew",NULL,NULL,"2025-10-09 20:08:50.367626+00"
36,"5014292785","1465944838","Endezi",NULL,NULL,"2025-10-09 20:09:15.095729+00"
37,"6652418571","5918213267","Hey",NULL,NULL,"2025-10-09 21:20:22.798497+00"
38,"5918213267","6652418571","Fuck u",NULL,NULL,"2025-10-10 06:03:26.958379+00"
39,"1446432638","462966491","Heyy u?? U were 5k yesterday?",NULL,NULL,"2025-10-10 07:34:54.880836+00"
40,"462966491","1446432638","No I wasn’t, but I am now",NULL,NULL,"2025-10-10 07:37:50.112501+00"
41,"1446432638","462966491","What's ur name btw? R u self sponsored? U want arc but u didn't get and got COTM.Right ??",NULL,NULL,"2025-10-10 07:40:00.696682+00"
42,"462966491","1446432638","Are you placed in engineering?",NULL,NULL,"2025-10-10 07:41:00.643745+00"
43,"462966491","1446432638","And do you wanna switch or not?",NULL,NULL,"2025-10-10 07:41:10.692098+00"
44,"1446432638","462966491","No yesterday i met smn like u around pre engineering office5k. Btw am senior student, just to now u r her or not.",NULL,NULL,"2025-10-10 07:42:38.584373+00"
45,"462966491","1446432638","Ohh sorry I’m not the person you’re looking for",NULL,NULL,"2025-10-10 07:43:44.849015+00"
46,"1446432638","462966491","If so, Good luck! Fiyo🤞",NULL,NULL,"2025-10-10 07:44:57.772537+00"
47,"462966491","1446432638","Thanks I really need it",NULL,NULL,"2025-10-10 07:55:01.535663+00"
48,"7407858484","1751884518","Honey yet nesh",NULL,NULL,"2025-10-10 09:23:30.962954+00"
49,"1751884518","7407858484","Who is this",NULL,NULL,"2025-10-10 10:02:06.056657+00"
50,"7386771058","5313962840","Yo brodi was wondering where the sheger lounge is and the budget and shi including room mnamn bout to crack some lmk",NULL,NULL,"2025-10-10 11:30:36.845143+00"
51,"7386771058","5313962840","We freshh",NULL,NULL,"2025-10-10 11:34:32.888985+00"
52,"5313962840","7386771058","Chebsi is the same ende mountain 120 or 130 birr and the room was around 1k mnamn bcha if u got 2k-3k it's enough bedenb

Beterefe bedele atechat tolo endtsekrlsh😂",NULL,NULL,"2025-10-10 11:34:41.790899+00"
53,"7407858484","1751884518","The meda gar",NULL,NULL,"2025-10-10 12:24:58.854042+00"
54,"1115042518","8487387358","Tbhh i want my girl fucking me while i tied up gn endi aynet chekes yalech aymeslegnm neber",NULL,NULL,"2025-10-10 12:41:39.681151+00"
55,"8487387358","1115042518","Tell me how u want it",NULL,NULL,"2025-10-10 12:43:05.268615+00"
56,"1115042518","8487387358","Owkayy if her ass is clean i will eat it without hesitation if she tied me up tseguren yza mulu kituan fite lay arga endtaslegn new mfelgew yemren new😂❤️then she can fuck me endtaserkugn",NULL,NULL,"2025-10-10 12:45:50.334307+00"
57,"1115042518","8487387358","gn strapon mnamn mibalew neger stelaw besmeab🙏",NULL,NULL,"2025-10-10 12:47:32.746327+00"
58,"1115042518","8487387358","Thats disgusting",NULL,NULL,"2025-10-10 12:47:41.308149+00"
59,"8487387358","1115042518","Let me dm u",NULL,NULL,"2025-10-10 12:47:41.991855+00"
60,"1115042518","8487387358","Username?",NULL,NULL,"2025-10-10 12:47:57.065919+00"
61,"8487387358","1115042518","Gimme urs",NULL,NULL,"2025-10-10 12:48:05.170199+00"
62,"1115042518","8487387358","lol biyans eshi prove me you're F.",NULL,NULL,"2025-10-10 12:49:41.333352+00"
63,"8487387358","1115042518","How",NULL,NULL,"2025-10-10 12:54:48.155022+00"
64,"1115042518","8487387358","Just voice lakign hey wey selam blesh",NULL,NULL,"2025-10-10 12:55:48.753849+00"
65,"7795615574","6387738491","Hey there",NULL,NULL,"2025-10-10 12:56:09.593865+00"
66,"6387738491","7795615574","Hi",NULL,NULL,"2025-10-10 12:56:20.901915+00"
67,"7795615574","6387738491","I saw ur recent comment,",NULL,NULL,"2025-10-10 12:56:23.737625+00"
68,"7795615574","6387738491","And i am like that too",NULL,NULL,"2025-10-10 12:56:31.805774+00"
69,"7795615574","6387738491","Guessed we could talk",NULL,NULL,"2025-10-10 12:56:37.762879+00"
70,"6387738491","7795615574","What comment",NULL,NULL,"2025-10-10 12:56:48.968669+00"
71,"7795615574","6387738491","And see if we are each others type minamin",NULL,NULL,"2025-10-10 12:56:53.554+00"
72,"7795615574","6387738491","💬 I love both

 👩 Black cat ⚡︎58 Aura",NULL,NULL,"2025-10-10 12:57:03.892161+00"
73,"7795615574","6387738491","This one",NULL,NULL,"2025-10-10 12:57:12.812185+00"
74,"6387738491","7795615574","Ohh i see but i am in relationship",NULL,NULL,"2025-10-10 12:57:29.443024+00"
75,"7795615574","6387738491","Yemir",NULL,NULL,"2025-10-10 12:57:45.213493+00"
76,"7795615574","6387738491","😭😭",NULL,NULL,"2025-10-10 12:57:54.366585+00"
77,"7795615574","6387738491","Got a single friend??😁",NULL,NULL,"2025-10-10 12:58:14.498574+00"
78,"6387738491","7795615574","Yahh im in that kind staff",NULL,NULL,"2025-10-10 12:58:18.030751+00"
81,"6387738491","7795615574","Yes",NULL,NULL,"2025-10-10 12:58:34.783274+00"
82,"7795615574","6387738491","Wel me is tall",NULL,NULL,"2025-10-10 12:58:40.098462+00"
83,"7795615574","6387738491","And i love to be in one",NULL,NULL,"2025-10-10 12:58:49.887507+00"
84,"7795615574","6387738491","Ligjt skinned",NULL,NULL,"2025-10-10 12:58:54.050065+00"
85,"8487387358","1115042518","No here",NULL,NULL,"2025-10-10 12:58:54.497384+00"
88,"7795615574","6387738491","Its cool",NULL,NULL,"2025-10-10 12:59:19.727119+00"
89,"8487387358","1115042518","Text me @Sybau1234567890",NULL,NULL,"2025-10-10 12:59:23.339643+00"
90,"1115042518","8487387358","Yet campus nesh eshi koy😑",NULL,NULL,"2025-10-10 12:59:24.434596+00"
91,"6387738491","7795615574","How tall are u",NULL,NULL,"2025-10-10 12:59:30.097816+00"
92,"7795615574","6387738491","Me 181 or smwhere there",NULL,NULL,"2025-10-10 12:59:30.757723+00"
95,"6387738491","7795615574","tnx",NULL,NULL,"2025-10-10 13:00:08.001953+00"
96,"7795615574","6387738491","Lets talk in dm ayshalim",NULL,NULL,"2025-10-10 13:00:21.657829+00"
97,"7795615574","6387738491","They r prolly reading this",NULL,NULL,"2025-10-10 13:00:29.591905+00"
108,"8487387358","7795615574","Hi",NULL,NULL,"2025-10-10 13:08:58.465069+00"
109,"7795615574","8487387358","Me is sub tho havent had experiences much",NULL,NULL,"2025-10-10 13:09:10.578084+00"
79,"6387738491","7795615574","No",NULL,NULL,"2025-10-10 12:58:24.910946+00"
80,"7795615574","6387738491","Soo its not that deep",NULL,NULL,"2025-10-10 12:58:29.590376+00"
86,"7795615574","6387738491","I wonder what ur type is like",NULL,NULL,"2025-10-10 12:59:05.743614+00"
87,"6387738491","7795615574","Am short how tall",NULL,NULL,"2025-10-10 12:59:09.246239+00"
93,"6387738491","7795615574","Ohh i am 152",NULL,NULL,"2025-10-10 12:59:41.065951+00"
94,"7795615574","6387738491","Thats lovely",NULL,NULL,"2025-10-10 12:59:52.386378+00"
98,"7795615574","6387738491","@Xyoxyoz",NULL,NULL,"2025-10-10 13:00:55.293857+00"
99,"6387738491","7795615574","I don't think iam ur type",NULL,NULL,"2025-10-10 13:01:26.258643+00"
100,"7795615574","6387738491","Tell me",NULL,NULL,"2025-10-10 13:01:37.530202+00"
101,"7795615574","6387738491","Try me",NULL,NULL,"2025-10-10 13:02:01.258202+00"
102,"6387738491","7795615574","Even if we become together i can't give u what other women's give for there bf",NULL,NULL,"2025-10-10 13:02:20.704359+00"
103,"7795615574","6387738491","Its cool",NULL,NULL,"2025-10-10 13:02:35.465849+00"
104,"6387738491","7795615574","Like that stuff u know what i mean",NULL,NULL,"2025-10-10 13:02:36.404547+00"
105,"7795615574","6387738491","Idk what ur refferingnto exactly tho",NULL,NULL,"2025-10-10 13:02:46.450786+00"
106,"7795615574","6387738491","Lets finish the match up out of this bot say hi there",NULL,NULL,"2025-10-10 13:03:04.550978+00"
107,"7795615574","8487387358","Hi dom girl",NULL,NULL,"2025-10-10 13:08:52.455215+00"
110,"7795615574","8487387358","I was woddeing if we could get tonknow.each other",NULL,NULL,"2025-10-10 13:09:23.28269+00"
111,"7795615574","8487387358","Drop ur username?",NULL,NULL,"2025-10-10 13:09:30.002796+00"
112,"7795615574","8487387358","And also whats ur type like",NULL,NULL,"2025-10-10 13:09:41.460109+00"
113,"8487387358","7795615574","I like konjo wend",NULL,NULL,"2025-10-10 13:10:25.681937+00"
114,"7795615574","8487387358","I gs am fine",NULL,NULL,"2025-10-10 13:10:56.960748+00"
115,"7795615574","8487387358","Got good face card",NULL,NULL,"2025-10-10 13:11:01.937098+00"
116,"7795615574","8487387358","And hot smile",NULL,NULL,"2025-10-10 13:11:39.035054+00"
117,"7795615574","8487387358","More of lips",NULL,NULL,"2025-10-10 13:13:10.431597+00"
118,"7795615574","8487387358","My bad typing it",NULL,NULL,"2025-10-10 13:13:19.218919+00"
119,"7795615574","8487387358","What abt u? How are u like",NULL,NULL,"2025-10-10 13:13:25.54277+00"
120,"7795615574","8487387358","Am tall too 181",NULL,NULL,"2025-10-10 13:13:40.18952+00"
121,"8487387358","7795615574","I'd be ur type dw",NULL,NULL,"2025-10-10 13:15:05.936136+00"
122,"7795615574","8487387358","Ohh i see",NULL,NULL,"2025-10-10 13:15:19.273508+00"
123,"7795615574","8487387358","Love the confidence",NULL,NULL,"2025-10-10 13:15:22.504922+00"
124,"7795615574","8487387358","Ur telegram username please",NULL,NULL,"2025-10-10 13:15:29.419078+00"
125,"7795615574","8487387358","How experienced  are u btw??",NULL,NULL,"2025-10-10 13:15:42.186659+00"
126,"8487387358","7795615574","@Sybau1234567890",NULL,NULL,"2025-10-10 13:16:24.223543+00"
127,"8487387358","7795615574","Dm",NULL,NULL,"2025-10-10 13:16:30.440462+00"
128,"7795615574","8487387358","What up horny girl",NULL,NULL,"2025-10-10 13:23:48.411059+00"
129,"1115042518","1103065697","Tied argesh ride mareg new mfelgiw weys you love that strapon shit?😭",NULL,NULL,"2025-10-10 14:56:19.525888+00"
130,"8436061444","1103065697","I am a sub  looking for girl too",NULL,NULL,"2025-10-10 14:59:20.346695+00"
131,"8436061444","1103065697","A dom girl",NULL,NULL,"2025-10-10 14:59:59.075959+00"
132,"8436061444","1103065697","And i love communicating",NULL,NULL,"2025-10-10 15:00:06.241962+00"
133,"8436061444","1103065697","And wanna have the experiences of that side",NULL,NULL,"2025-10-10 15:00:22.452677+00"
134,"8436061444","1103065697","Sorry  i touched leave chat by mistake",NULL,NULL,"2025-10-10 15:00:54.596545+00"
135,"8436061444","1103065697","Chat History with Karl Marxs left nut

You: I am a sub  looking for girl too( A dom girl, ) And i love communicating
And I wanna have the experiences of that side",NULL,NULL,"2025-10-10 15:01:23.220246+00"
136,"8436061444","1103065697","Reply??",NULL,NULL,"2025-10-10 15:03:24.385606+00"
137,"1115042518","1103065697","Lol kitachu fitachn lay sikemet betam new des milen tbhh😭",NULL,NULL,"2025-10-10 15:03:56.943202+00"
138,"8436061444","8487387358","Melk",NULL,NULL,"2025-10-10 15:11:46.509856+00"
139,"8436061444","8487387358","Ever done fwb??",NULL,NULL,"2025-10-10 15:11:57.629534+00"
140,"8436061444","8487387358","Would taking mone for fwb make a girl hoe?",NULL,NULL,"2025-10-10 15:12:38.961839+00"
141,"8487387358","8436061444","Malet",NULL,NULL,"2025-10-10 15:14:08.820632+00"
142,"8436061444","8487387358","Would taking money for fwb make a girl hoe?",NULL,NULL,"2025-10-10 15:15:43.344828+00"
143,"8487387358","8436061444","No. R u gonna pay",NULL,NULL,"2025-10-10 15:16:52.347133+00"
144,"8436061444","8487387358","Should",NULL,NULL,"2025-10-10 15:17:55.103139+00"
145,"8436061444","8487387358","I",NULL,NULL,"2025-10-10 15:17:57.387571+00"
146,"8487387358","8436061444","Leman",NULL,NULL,"2025-10-10 15:18:06.067544+00"
147,"8436061444","8487387358","How much",NULL,NULL,"2025-10-10 15:18:10.733167+00"
148,"8436061444","8487387358","For u",NULL,NULL,"2025-10-10 15:18:15.61121+00"
149,"8487387358","8436061444","Lene nw?",NULL,NULL,"2025-10-10 15:18:17.347372+00"
150,"8436061444","8487387358","...",NULL,NULL,"2025-10-10 15:18:38.332187+00"
151,"8436061444","8487387358","Aw",NULL,NULL,"2025-10-10 15:18:46.879712+00"
152,"8487387358","8436061444","Konjo neh?",NULL,NULL,"2025-10-10 15:18:49.098568+00"
153,"8436061444","8487387358","i tot u said pay",NULL,NULL,"2025-10-10 15:18:54.15639+00"
154,"8436061444","8487387358","I am hella fine",NULL,NULL,"2025-10-10 15:18:58.842087+00"
155,"8487387358","8436061444","Why would u pay if u r fine",NULL,NULL,"2025-10-10 15:19:11.984226+00"
156,"8436061444","8487387358","If u wanted morw",NULL,NULL,"2025-10-10 15:19:22.531809+00"
157,"8436061444","8487387358","Did u ever get paid or did it randomly",NULL,NULL,"2025-10-10 15:19:48.069211+00"
158,"8436061444","8487387358","Would u even do it",NULL,NULL,"2025-10-10 15:20:00.226827+00"
159,"8487387358","8436061444","Yenen Tarek tewew",NULL,NULL,"2025-10-10 15:20:06.456355+00"
160,"8436061444","8487387358","Cuz most women are afraid",NULL,NULL,"2025-10-10 15:20:07.023659+00"
161,"8487387358","8436061444","Of what",NULL,NULL,"2025-10-10 15:20:37.173163+00"
162,"8436061444","8487387358","Getting  pregnanat",NULL,NULL,"2025-10-10 15:20:58.688149+00"
163,"8436061444","8487387358","Its only safe with a trustabke person",NULL,NULL,"2025-10-10 15:21:22.59574+00"
164,"8436061444","8487387358","Its only safe with a trustable person",NULL,NULL,"2025-10-10 15:21:30.444586+00"
165,"8436061444","8487387358","And a loyal one",NULL,NULL,"2025-10-10 15:21:40.679424+00"
166,"8436061444","8487387358","U are dom or sub?",NULL,NULL,"2025-10-10 15:23:02.26541+00"
167,"8487387358","8436061444","None",NULL,NULL,"2025-10-10 15:23:07.22033+00"
168,"8436061444","8487387358","Switching??",NULL,NULL,"2025-10-10 15:23:57.663198+00"
169,"8487387358","8436061444","Yes",NULL,NULL,"2025-10-10 15:25:07.801508+00"
170,"8436061444","8487387358","I love that",NULL,NULL,"2025-10-10 15:25:35.228732+00"
171,"8436061444","8487387358","Ever done stuff",NULL,NULL,"2025-10-10 15:25:43.282863+00"
172,"8436061444","8487387358","Or your just imagining it",NULL,NULL,"2025-10-10 15:25:52.328611+00"
173,"8487387358","8436061444","Imagination",NULL,NULL,"2025-10-10 15:25:57.888497+00"
174,"8436061444","8487387358","so u masterbate",NULL,NULL,"2025-10-10 15:27:16.355118+00"
175,"7795615574","8132883465","Man or girl?",NULL,NULL,"2025-10-10 15:32:33.303192+00"
176,"7795615574","8132883465","??",NULL,NULL,"2025-10-10 15:33:07.701899+00"
177,"8436061444","7940722669","I like tall girls",NULL,NULL,"2025-10-10 17:01:47.424686+00"
178,"8436061444","7940722669","And i was wondering if we could talk",NULL,NULL,"2025-10-10 17:01:56.645186+00"
179,"8436061444","7940722669","I am 180 or more its has been a while since last time",NULL,NULL,"2025-10-10 17:02:12.835998+00"
180,"7940722669","8436061444","Ok but how old are u😅",NULL,NULL,"2025-10-10 17:02:23.44442+00"
181,"8436061444","7940722669","Big too",NULL,NULL,"2025-10-10 17:02:29.583161+00"
182,"8436061444","7940722669","Old enough",NULL,NULL,"2025-10-10 17:02:34.282121+00"
183,"8436061444","7940722669","4th year",NULL,NULL,"2025-10-10 17:02:37.715089+00"
184,"8436061444","7940722669","What abt u",NULL,NULL,"2025-10-10 17:02:40.264049+00"
185,"7940722669","8436061444","2nd year",NULL,NULL,"2025-10-10 17:02:46.838712+00"
186,"8436061444","7940722669","Soo fair",NULL,NULL,"2025-10-10 17:02:59.602935+00"
187,"8436061444","7940722669","Thats nice",NULL,NULL,"2025-10-10 17:03:08.227978+00"
188,"7940722669","8436061444","😂😂aight",NULL,NULL,"2025-10-10 17:03:13.068024+00"
189,"7940722669","8436061444","Wait",NULL,NULL,"2025-10-10 17:03:20.099039+00"
190,"8436061444","7940722669","So ur username please",NULL,NULL,"2025-10-10 17:03:21.289636+00"
191,"8436061444","7940722669","What?",NULL,NULL,"2025-10-10 17:03:27.338095+00"
192,"7940722669","8436061444","@Mahi4199",NULL,NULL,"2025-10-10 17:03:36.662566+00"
193,"7940722669","8436061444","Here u go",NULL,NULL,"2025-10-10 17:03:40.69406+00"
194,"8436061444","7940722669","Message ne",NULL,NULL,"2025-10-10 17:04:04.703137+00"
195,"8436061444","7940722669","*me",NULL,NULL,"2025-10-10 17:04:07.442161+00"
196,"7940722669","8436061444","On what",NULL,NULL,"2025-10-10 17:04:20.765217+00"
199,"8436061444","7940722669","I just sebt u",NULL,NULL,"2025-10-10 17:04:32.929281+00"
200,"8436061444","7940722669","*sebt u",NULL,NULL,"2025-10-10 17:04:39.455323+00"
201,"8436061444","7940722669","*sent u",NULL,NULL,"2025-10-10 17:04:44.401238+00"
197,"7940722669","8436061444","I don't have ur acc",NULL,NULL,"2025-10-10 17:04:25.996607+00"
202,"8436061444","7940722669","Sry abt the typos😭",NULL,NULL,"2025-10-10 17:04:50.643301+00"
198,"8436061444","7940722669","@xyoxyoz",NULL,NULL,"2025-10-10 17:04:26.07733+00"
203,"7919816582","1751884518","Zm blen date bnadergs",NULL,NULL,"2025-10-10 17:39:33.305286+00"
204,"1751884518","7919816582","Send me ur pic",NULL,NULL,"2025-10-10 18:23:03.021022+00"
205,"7919816582","1751884518","@banana1224 dm me",NULL,NULL,"2025-10-10 18:26:37.823506+00"
206,"1751884518","7919816582","I wanna see ur pic",NULL,NULL,"2025-10-10 18:34:41.66609+00"
207,"855757095","8132883465","Heyy",NULL,NULL,"2025-10-10 18:36:27.627204+00"
208,"8132883465","855757095","Hey 👋",NULL,NULL,"2025-10-10 18:36:49.41252+00"
209,"855757095","8132883465","I relate with your confession and I was hoping we could discuss",NULL,NULL,"2025-10-10 18:37:23.150797+00"
210,"855757095","8132883465","I don't know that many people who agree with me",NULL,NULL,"2025-10-10 18:37:48.608501+00"
211,"855757095","8132883465","Was there a particular reason why you stopped believing?",NULL,NULL,"2025-10-10 18:38:34.275991+00"
212,"8132883465","855757095","Just having no reason to believe 
Mnm prove yemidereg neger atahu",NULL,NULL,"2025-10-10 18:39:49.153641+00"
213,"855757095","8132883465","Have you tried exploring other religions",NULL,NULL,"2025-10-10 18:41:26.146685+00"
214,"855757095","8132883465","Or you just don't believe in any God or gods",NULL,NULL,"2025-10-10 18:41:46.558792+00"
215,"7919816582","1751884518","Eko dm me eza lklshalewa",NULL,NULL,"2025-10-10 18:42:57.634549+00"
216,"8132883465","855757095","I feel like there is no God and I tried to study Quran too and it's more complex than bible 
What about you like what u feel",NULL,NULL,"2025-10-10 18:44:39.397984+00"
217,"1751884518","7919816582","Lemn ezi",NULL,NULL,"2025-10-10 18:46:30.025286+00"
218,"1751884518","7919816582","Eza yene profile ale",NULL,NULL,"2025-10-10 18:46:40.879701+00"
219,"855757095","8132883465","I also feel like there's no God but I'm not completely sure of what I believe in",NULL,NULL,"2025-10-10 18:47:09.289807+00"
220,"855757095","8132883465","Ik for sure I don't believe in Christianity or Islam tho",NULL,NULL,"2025-10-10 18:47:27.750539+00"
221,"855757095","8132883465","I'm still pretending around family tho😭",NULL,NULL,"2025-10-10 18:48:16.905984+00"
222,"7919816582","1751884518","Eko ynura mn chgr alew kaltemechewsh block madreg newa ezo bot eko new des aylm",NULL,NULL,"2025-10-10 18:48:23.958147+00"
223,"1751884518","7919816582","Just lyh",NULL,NULL,"2025-10-10 18:49:00.63102+00"
224,"8132883465","855757095","It's hard ik
Eski contact me
@sol_VIP",NULL,NULL,"2025-10-10 18:51:10.907159+00"
225,"855757095","8132883465","*sigh",NULL,NULL,"2025-10-10 18:52:52.94538+00"
226,"7919816582","1751884518","Comfort slaltesemagn eko new",NULL,NULL,"2025-10-10 18:53:20.15906+00"
227,"1751884518","7919816582","Eshi tellm bout you",NULL,NULL,"2025-10-10 19:08:35.580831+00"
228,"7919816582","1751884518","Sefere selam temari negn 1.70 negn",NULL,NULL,"2025-10-10 19:09:39.584267+00"
229,"1751884518","7919816582","Im in main camp",NULL,NULL,"2025-10-10 19:14:35.571296+00"
230,"7919816582","1751884518","Inbox ney kemr @banana1224",NULL,NULL,"2025-10-10 19:15:38.804495+00"
231,"7919816582","1751884518","Wey kedeberesh ene lmta ngerign username",NULL,NULL,"2025-10-10 19:17:45.89041+00"
232,"855757095","8115373343","Heyy😭",NULL,NULL,"2025-10-10 20:06:10.850196+00"
233,"855757095","8115373343","It took me a week to figure out how the chat works😭",NULL,NULL,"2025-10-10 20:06:35.741081+00"
234,"7919816582","1751884518","Zm alshign eko",NULL,NULL,"2025-10-11 06:02:25.145088+00"
235,"8115373343","855757095","Omg me too😭
But heyyy",NULL,NULL,"2025-10-11 07:05:48.608531+00"
236,"855757095","8115373343","This bot is way too confusing 😭
Text me @heartifiliaFT",NULL,NULL,"2025-10-11 07:40:43.626926+00"
237,"1051999376","6387738491","Heyyyy, z dominator heree🙌",NULL,NULL,"2025-10-11 12:21:12.624796+00"
238,"6387738491","1051999376","Hi",NULL,NULL,"2025-10-11 12:21:57.710295+00"
239,"1051999376","6387738491","Why don't u drop me ur @ nd who knows..",NULL,NULL,"2025-10-11 12:23:51.380971+00"
240,"1051999376","6387738491","Btw u like tall guys?",NULL,NULL,"2025-10-11 12:27:24.281268+00"
241,"6387738491","1051999376","I don't care about his height but i care if he is rich",NULL,NULL,"2025-10-11 12:28:19.01324+00"
242,"1051999376","6387738491","I mean I got car bae..is that enough bae",NULL,NULL,"2025-10-11 12:29:17.833645+00"
243,"6387738491","1051999376","How old are u",NULL,NULL,"2025-10-11 12:29:57.566968+00"
244,"1051999376","6387738491","I mean like old enough to drive you crazy 😏 gn whydo u ask you got an age requirement n shii",NULL,NULL,"2025-10-11 12:33:21.59709+00"
245,"1051999376","6387738491","Alr...22 bae wbu",NULL,NULL,"2025-10-11 12:37:34.331889+00"
246,"6387738491","1051999376","Oh am 23",NULL,NULL,"2025-10-11 12:38:53.195317+00"
247,"6387738491","1051999376","I think it is not gone work",NULL,NULL,"2025-10-11 12:39:09.499275+00"
248,"1051999376","6387738491","Not gone work dym u didn’t even ko gimme a trial period 😏 plus to that I'm gd at changin ppl mind..bb gyal",NULL,NULL,"2025-10-11 12:44:44.656289+00"
249,"6387738491","1051999376","Ok send ur username",NULL,NULL,"2025-10-11 12:45:13.241234+00"
250,"1051999376","6387738491","My snap is xo_yeab nd ma ig is yeab_64 ayoo don't get addicted thoo..🙌",NULL,NULL,"2025-10-11 12:50:06.322941+00"
251,"1051999376","6387738491","What abt urs??",NULL,NULL,"2025-10-11 13:39:02.276568+00"
252,"6387738491","1051999376","Snap mayakill",NULL,NULL,"2025-10-11 13:40:31.607204+00"
253,"6387738491","1051999376","I said hi to u look out",NULL,NULL,"2025-10-11 13:40:52.617291+00"
254,"7628715805","5344544294","Hi",NULL,NULL,"2025-10-11 14:15:32.014552+00"
255,"5344544294","7628715805","Heyyy",NULL,NULL,"2025-10-11 14:15:56.532259+00"
256,"7628715805","5344544294","I liked your sense of humor",NULL,NULL,"2025-10-11 14:17:31.560098+00"
257,"7628715805","5344544294","What's your name",NULL,NULL,"2025-10-11 14:19:09.777624+00"
258,"5344544294","7628715805","Never thought I had one, thanks ❤️",NULL,NULL,"2025-10-11 14:23:38.649535+00"
259,"7628715805","5344544294","Well that's the first thing that came to my mind. I don't even know if i fall in love with you or your humor😂",NULL,NULL,"2025-10-11 14:44:26.316585+00"
260,"7628715805","6981232498","Hi",NULL,NULL,"2025-10-11 14:44:41.409894+00"
261,"1115042518","1103065697","anchis submissive boy eyefelegsh aydel mtwyiw😂😂get a life gurl",NULL,NULL,"2025-10-11 16:19:01.709723+00"
262,"1103065697","1115042518","Wow u got me there lowk😔 not anymore though 😋I bagged a cute guy to toy with. Calls me mommy n shit. Life is good🙏🏽",NULL,NULL,"2025-10-11 16:20:46.292827+00"
263,"1115042518","1103065697","yeahh i'm cute tho🥹",NULL,NULL,"2025-10-11 17:01:05.793399+00"
264,"1115042518","1103065697","Tied up and sitting on my face tchyalesh😭❤️if you're wefram demo beka",NULL,NULL,"2025-10-11 17:02:22.546663+00"
265,"1103065697","1115042518","I like how desperate you are. It's cute",NULL,NULL,"2025-10-11 17:05:04.283929+00"
266,"1115042518","1103065697","I'm V. I know iya weird gn negn momiye",NULL,NULL,"2025-10-11 17:06:27.369262+00"
267,"1115042518","1103065697","Nah i wish you fucked me asreshgn momiye while your hands angeten ankot ride btaregign owww",NULL,NULL,"2025-10-11 17:10:40.953311+00"
268,"1103065697","1115042518","You'd like that baby? But I wouldn't let you cut without my permission",NULL,NULL,"2025-10-11 17:19:26.352255+00"
269,"1115042518","1103065697","Yeahh momiyee ታዛዥ ነኝ🥺🙏 youu grinding my d so hard eskemakast dres while you slapping my face if you want malet new",NULL,NULL,"2025-10-11 17:21:23.326668+00"
270,"1103065697","1115042518","Hmm...what if I wanna make you cum again and again till you have tears streaming down your face? Think you can handle that? I like my pretty boys looking pathetic and weak under me",NULL,NULL,"2025-10-11 17:23:03.635009+00"
271,"1115042518","1103065697","I want that eske maleks dres btnejign fr pls stop momi benatshh eskemlsh dres😭",NULL,NULL,"2025-10-11 17:24:50.893064+00"
272,"1115042518","1103065697","Nahh my fantasies is weird tbh i want controlled my momies so badd tftf eyaregu bibedugn hula des ylegnal tbh eskemibekachew dres",NULL,NULL,"2025-10-11 17:31:14.345449+00"
273,"1115042518","1103065697","beterefe endtbejign efelgalew momiye kechalsh btagegnign des ylegnal",NULL,NULL,"2025-10-11 18:18:49.746348+00"
274,"1103065697","1115042518","What's in it for me though? I'm not interested in fucking you and beating you up for no reason. I want you to eat me out till you can't breathe no more. Then maybe I'll consider fucking you.",NULL,NULL,"2025-10-11 18:53:39.393636+00"
275,"1115042518","1103065697","des ylegnal momiye i will do yalshign be mulu",NULL,NULL,"2025-10-11 20:28:08.565209+00"
276,"5269090357","1298762938","hey girlie
im glad you are concious enough to notice the patterns of the red flag which most girls in love don do
stand for yourself eshy nobody is going to come to save you when these boys break your heart into pieces
don let your guard down. i love you demo☺️",NULL,NULL,"2025-10-11 20:30:45.344698+00"
277,"1115042518","1103065697","I eat your ass ebelawalew tseguren chemkesh yzesh metenfes eskiaktegn እስከማለከልክ dres i will lick it what if you squirt it on my face?😭",NULL,NULL,"2025-10-11 20:30:47.25129+00"
278,"1115042518","1103065697","lemme dm you if you want mom🙏",NULL,NULL,"2025-10-11 20:53:31.008581+00"
279,"7457480544","6499363352","I'd really like to get to know you....can I get ur tg username ?",NULL,NULL,"2025-10-12 07:12:07.573587+00"
280,"6499363352","7457480544","Id love to but then whats the point of anonymity",NULL,NULL,"2025-10-12 07:14:45.070976+00"
281,"7457480544","6499363352","Yeah true😁....maybe I just got too curious about the person behind the message",NULL,NULL,"2025-10-12 07:24:50.575517+00"
282,"6499363352","7457480544","What message",NULL,NULL,"2025-10-12 07:29:17.708399+00"
283,"7457480544","6499363352","💬 Wow is this what a mans fyp looks like 
I wonder why?
Oh wait its cuz u engage in zis kinda stuff 
Anyways thats not true except this once cuz if i had a crush on u and saw zis post i would definitely get an ick😀

👤 Other she ⚡︎982 Aura



This one",NULL,NULL,"2025-10-12 07:30:09.460057+00"
284,"6499363352","7457480544","Did u post that",NULL,NULL,"2025-10-12 07:37:14.538355+00"
285,"7457480544","6499363352","Nope",NULL,NULL,"2025-10-12 07:37:59.335056+00"
286,"6499363352","7457480544","Luteal i guess 😭",NULL,NULL,"2025-10-12 07:39:29.205848+00"
287,"1115042518","1103065697","ere ngstua yehone neger beyign lmotbsh new",NULL,NULL,"2025-10-12 07:39:36.468832+00"
288,"6499363352","5189934287","Sorry that was a mistake",NULL,NULL,"2025-10-12 07:49:44.123349+00"
289,"7457480544","6499363352","No worries ..happens to everyone 😭",NULL,NULL,"2025-10-12 07:50:46.786077+00"
290,"6499363352","5189934287","It doesnt 😭😭
Anyways im glad u didnt write that trash",NULL,NULL,"2025-10-12 07:53:49.014557+00"
291,"7795615574","8487387358","Whats up quuer",NULL,NULL,"2025-10-12 09:43:37.471816+00"
292,"8487387358","7795615574","Can I help?",NULL,NULL,"2025-10-12 09:43:47.7366+00"
293,"6977599613","8487387358","Hey there",NULL,NULL,"2025-10-12 09:57:58.124944+00"
294,"6977599613","8487387358","U bi or les?",NULL,NULL,"2025-10-12 09:58:06.548317+00"
295,"6977599613","8487387358","I am from the  new vent",NULL,NULL,"2025-10-12 09:58:36.769123+00"
296,"8487387358","6977599613","Bi. R u a woman?",NULL,NULL,"2025-10-12 09:58:52.56357+00"
297,"6977599613","8487387358","Yes",NULL,NULL,"2025-10-12 09:59:38.373672+00"
298,"6977599613","8487387358","Ever did anything with a man?",NULL,NULL,"2025-10-12 09:59:51.627587+00"
299,"6977599613","8487387358","Or a girl",NULL,NULL,"2025-10-12 09:59:57.333671+00"
300,"8487387358","6977599613","Nope actually",NULL,NULL,"2025-10-12 10:00:29.744398+00"
301,"8487387358","6977599613","Have u",NULL,NULL,"2025-10-12 10:00:32.220281+00"
302,"6977599613","8487387358","I love girls i think  but idk how totry nnd explore",NULL,NULL,"2025-10-12 10:00:41.246377+00"
303,"6977599613","8487387358","with a man yes",NULL,NULL,"2025-10-12 10:00:51.570452+00"
304,"8487387358","6977599613","Same I'm exploring",NULL,NULL,"2025-10-12 10:01:09.298154+00"
305,"6977599613","8487387358","How did u know u are into girls then",NULL,NULL,"2025-10-12 10:01:15.182349+00"
306,"6977599613","8487387358","So u plan on doing things very soon?",NULL,NULL,"2025-10-12 10:01:29.452287+00"
307,"6977599613","8487387358","Do u have friends that r bi or queer lesbian?",NULL,NULL,"2025-10-12 10:01:48.570514+00"
308,"8487387358","6977599613","I don't have that kind of friends",NULL,NULL,"2025-10-12 10:02:08.669764+00"
309,"8487387358","6977599613","And I don't know if I'm into girls I am on a self-discoveration journey how did you know",NULL,NULL,"2025-10-12 10:02:27.865105+00"
310,"6977599613","8487387358","I just tend tp be attracted neger",NULL,NULL,"2025-10-12 10:03:17.907373+00"
311,"6977599613","8487387358","But the thing is i loved getting a head from a man",NULL,NULL,"2025-10-12 10:03:26.641232+00"
312,"6977599613","8487387358","And the idea of a clit rubbing my clit",NULL,NULL,"2025-10-12 10:03:38.98181+00"
313,"6977599613","8487387358","Are we safe talking like this here",NULL,NULL,"2025-10-12 10:04:17.298641+00"
314,"8487387358","6977599613","I don't think so the admin can read I guess so give me your account",NULL,NULL,"2025-10-12 10:06:34.147933+00"
315,"6977599613","8487387358","@UrCatlover",NULL,NULL,"2025-10-12 10:07:06.173432+00"
316,"1115042518","5237102694","So you're telling me your Bi gurl?😭",NULL,NULL,"2025-10-12 10:48:00.119741+00"
317,"5237102694","1115042518","Ofc...🤷‍♂😏",NULL,NULL,"2025-10-12 10:48:51.365864+00"
318,"1115042518","5237102694","F or M?",NULL,NULL,"2025-10-12 10:49:11.661192+00"
319,"5237102694","1115042518","M",NULL,NULL,"2025-10-12 10:49:34.701917+00"
320,"5237102694","1115042518","And u?",NULL,NULL,"2025-10-12 10:49:39.930661+00"
321,"5237102694","1115042518","❓",NULL,NULL,"2025-10-12 10:55:21.191555+00"
322,"1115042518","5237102694","Nahh i'm not gay broski leave me alone.",NULL,NULL,"2025-10-12 11:00:31.466589+00"
323,"5237102694","1115042518","Are you male too?",NULL,NULL,"2025-10-12 11:00:59.107495+00"
324,"1115042518","5237102694","Yeah",NULL,NULL,"2025-10-12 11:01:33.296149+00"
325,"5237102694","1115042518","So you have 2 dicks?",NULL,NULL,"2025-10-12 11:02:23.149726+00"
326,"1115042518","6179841738","So you're telling me you're Bi😭what's the advantage you got fron this tell me pls.",NULL,NULL,"2025-10-12 11:18:40.472047+00"
327,"1115042518","6179841738","Are you a female?",NULL,NULL,"2025-10-12 11:26:40.374336+00"
328,"1115042518","7612540718","Bisexual mehon gn aydebrm koy?😭",NULL,NULL,"2025-10-12 11:48:16.37257+00"
329,"1115042518","7612540718","M or F?",NULL,NULL,"2025-10-12 11:48:20.300762+00"
330,"7612540718","1115042518","F",NULL,NULL,"2025-10-12 11:48:42.98406+00"
331,"1115042518","7612540718","more attract miyaregush gn wend new weys set?",NULL,NULL,"2025-10-12 11:51:11.740066+00"
332,"7612540718","1115042518","Girls obviously",NULL,NULL,"2025-10-12 11:51:35.239792+00"
333,"7612540718","1115042518","What about you",NULL,NULL,"2025-10-12 11:51:39.018859+00"
334,"1115042518","7612540718","I'm Male lol😭 gn beka you guys stsasamu bye ykombgnal i'm not Bisexual tho.i'm straight.😁",NULL,NULL,"2025-10-12 11:52:30.899861+00"
335,"7612540718","1115042518","I knew it and it's nice meeting you sweetheart",NULL,NULL,"2025-10-12 11:53:07.378235+00"
336,"1115042518","7612540718","Nice to meet you too gurlll😁❤️gn i am more into sub boy slsh beka setoch control biyaregugn des ylegnal haha i know its weird gn thats my nature.",NULL,NULL,"2025-10-12 11:54:34.332543+00"
337,"1115042518","7084003937","Your M or F?🙄",NULL,NULL,"2025-10-12 11:55:23.761135+00"
338,"7612540718","1115042518","It's not weird 😕",NULL,NULL,"2025-10-12 11:58:38.310492+00"
339,"1115042518","7612540718","So you try threesome mnamn with your Gf alongside with man malet new",NULL,NULL,"2025-10-12 11:58:38.654098+00"
340,"1115042518","7612540718","Haha gn dom man new mfelgut bzuwn gize aydel",NULL,NULL,"2025-10-12 11:59:32.405896+00"
341,"6179841738","1115042518","I enjoy being participated wch means i like threesome",NULL,NULL,"2025-10-12 12:03:56.78457+00"
342,"1115042518","7612540718","Haha call me when you guys want a boy lol😂",NULL,NULL,"2025-10-12 12:04:57.876691+00"
343,"6179841738","1115042518","R u  a female?",NULL,NULL,"2025-10-12 12:32:12.404674+00"
344,"1115042518","6179841738","Nopeee",NULL,NULL,"2025-10-12 12:36:20.847215+00"
345,"1115042518","6179841738","Wbu",NULL,NULL,"2025-10-12 12:36:21.303342+00"
346,"1115042518","6179841738","Btw i want threesome so bad like u",NULL,NULL,"2025-10-12 12:42:10.562455+00"
347,"6179841738","1115042518","Am a Man too",NULL,NULL,"2025-10-12 12:47:34.248867+00"
348,"710914858","1146932382","Was up there",NULL,NULL,"2025-10-12 14:22:04.077582+00"
349,"710914858","1146932382","*whats up there",NULL,NULL,"2025-10-12 14:22:12.396541+00"
350,"710914858","1146932382","I was wondering what your take is on men that hustle to be rich",NULL,NULL,"2025-10-12 14:22:56.646821+00"
351,"1146932382","710914858","I appreciate people who try i believe i myself am starting from zero because whats my dad fs aint mine though in the end it will be mine i want to strive on my own method and journey so broke background dont matter and i dont mind too ig",NULL,NULL,"2025-10-12 14:23:01.508589+00"
353,"1146932382","710914858","Hey",NULL,NULL,"2025-10-12 14:23:48.97866+00"
352,"1146932382","710914858","I appreciate people who try i believe i myself am starting from zero because whats my dad fs aint mine though in the end it will be mine i want to strive on my own method and journey so broke background dont matter and i dont mind too ig",NULL,NULL,"2025-10-12 14:23:24.97688+00"
354,"710914858","1146932382","U copy pasted this kelela chat right😁",NULL,NULL,"2025-10-12 14:23:49.754401+00"
355,"710914858","1146932382","Lets talk in dms",NULL,NULL,"2025-10-12 14:24:01.094031+00"
356,"1146932382","710914858","No i am not understanding thiz anonymous shit",NULL,NULL,"2025-10-12 14:24:05.999958+00"
357,"710914858","1146932382","I think so too,",NULL,NULL,"2025-10-12 14:24:07.943259+00"
358,"1146932382","710914858","Sure",NULL,NULL,"2025-10-12 14:24:10.192506+00"
359,"1146932382","710914858","@Gudmetsiwu",NULL,NULL,"2025-10-12 14:24:27.198171+00"
360,"710914858","1146932382","That way we wont be confused who we r chating with tho mine currently onthe botnis just u",NULL,NULL,"2025-10-12 14:24:37.135525+00"
361,"1146932382","710914858","I was replying to a comments",NULL,NULL,"2025-10-12 14:24:43.011758+00"
362,"1146932382","710914858","@Gudmetsiwu here is my username",NULL,NULL,"2025-10-12 14:24:55.651147+00"
363,"807504058","1146932382","U hv ig right?",NULL,NULL,"2025-10-12 16:41:38.191006+00"
364,"1146932382","807504058","yep",NULL,NULL,"2025-10-12 16:42:08.585329+00"
365,"1146932382","807504058","send me your ig tho",NULL,NULL,"2025-10-12 16:42:54.908265+00"
366,"807504058","1146932382","Am sorry",NULL,NULL,"2025-10-12 16:43:53.144395+00"
367,"807504058","1146932382","_.ronii_._",NULL,NULL,"2025-10-12 16:44:10.703559+00"
368,"807504058","1146932382","Wbt urs ?",NULL,NULL,"2025-10-12 16:44:28.416216+00"
369,"807504058","1146932382","U there?",NULL,NULL,"2025-10-12 16:45:36.578322+00"
370,"1146932382","807504058","wait",NULL,NULL,"2025-10-12 16:52:26.871874+00"
371,"1146932382","807504058","are you Muslim",NULL,NULL,"2025-10-12 16:52:36.45103+00"
372,"807504058","1146932382","Both mam and dad divorced ena dro ke dad gar nw yakoywet mom wechi nbrch so be lijnt esu gar nbrku so ...am open minded bmilw wsejiw gn is it a factor",NULL,NULL,"2025-10-12 17:03:55.272202+00"
373,"807504058","1146932382","Ma life story be achru 🤷🏽‍♂️",NULL,NULL,"2025-10-12 17:16:22.894451+00"
374,"1320397494","7681628337","hello",NULL,NULL,"2025-10-12 20:40:28.397083+00"
375,"7681628337","1320397494","hi",NULL,NULL,"2025-10-12 20:40:43.740087+00"
376,"8162953981","1320397494","Luv from z north tip of the world",NULL,NULL,"2025-10-12 20:42:53.618694+00"
377,"1320397494","8162953981","aight I guess👍....for what tho",NULL,NULL,"2025-10-12 20:43:47.237316+00"
378,"8162953981","1320397494","Temari nesh serategna",NULL,NULL,"2025-10-12 20:44:30.659023+00"
379,"1320397494","8162953981","nigga am a man🙏",NULL,NULL,"2025-10-12 20:45:21.554684+00"
380,"8162953981","1320397494","What man?

Superman
Batman
Ironman
Antman?",NULL,NULL,"2025-10-12 20:46:57.465655+00"
381,"8162953981","1320397494","Tho am ሱሌይman",NULL,NULL,"2025-10-12 20:50:37.785511+00"
382,"1320397494","8162953981",NULL,NULL,"CgACAgQAAxkBAAE6eXNo7BaD6CrXeMs9fBNn9DilDPf9GAACjwMAAn4fPVPCQ1ylkWmjlDYE","2025-10-12 20:58:44.656168+00"
383,"7222244857","7388700051","Hello dude",NULL,NULL,"2025-10-13 11:32:12.709112+00"
384,"7388700051","7222244857","Good wassup",NULL,NULL,"2025-10-13 11:32:27.111361+00"
385,"7222244857","7388700051","Why did u disappear?",NULL,NULL,"2025-10-13 11:32:38.519295+00"
386,"7388700051","7222244857","Class",NULL,NULL,"2025-10-13 11:32:48.722239+00"
387,"7222244857","7388700051","Ow ok.  What dep are u?",NULL,NULL,"2025-10-13 11:33:08.933164+00"
388,"7388700051","7222244857","Arch",NULL,NULL,"2025-10-13 11:33:15.839219+00"
389,"7222244857","7388700051","Rly? Am at lideta too",NULL,NULL,"2025-10-13 11:33:26.246734+00"
390,"7388700051","7222244857","We should meet",NULL,NULL,"2025-10-13 11:33:32.093392+00"
391,"1115042518","8373033343","Hola",NULL,NULL,"2025-10-13 12:54:09.868449+00"
392,"1115042518","1103065697","ngstua tenafkeshal😭satbejign altewshm",NULL,NULL,"2025-10-13 13:09:11.18109+00"
393,"1115042518","1103065697","tseguren yzesh pussyshn endtabeyign efelgalew enatye",NULL,NULL,"2025-10-13 13:12:01.060624+00"
394,"8373033343","1115042518","Hey",NULL,NULL,"2025-10-13 13:16:54.508921+00"
395,"1103065697","1115042518","Drop your @ and maybe I'll consider it",NULL,NULL,"2025-10-13 13:21:15.470884+00"
396,"1115042518","1103065697","@henesi16",NULL,NULL,"2025-10-13 13:56:10.795203+00"
397,"1115042518","8373033343","M or F?",NULL,NULL,"2025-10-13 13:57:07.539023+00"
398,"1115042518","1103065697","Dm me mommy",NULL,NULL,"2025-10-13 13:58:22.611284+00"
399,"8373033343","1115042518","So straight forward anyways f why did you ask tho",NULL,NULL,"2025-10-13 14:41:14.607518+00"
400,"1115042518","8373033343","you're bisexual ryt?",NULL,NULL,"2025-10-13 14:41:43.309708+00"
401,"8373033343","1115042518","So straight forward again",NULL,NULL,"2025-10-13 15:03:37.008765+00"
402,"8373033343","1115042518","Lemme ask you",NULL,NULL,"2025-10-13 15:03:43.023252+00"
403,"8373033343","1115042518","You a m or f",NULL,NULL,"2025-10-13 15:03:55.717647+00"
404,"1115042518","8373033343","M😭",NULL,NULL,"2025-10-13 15:30:39.322911+00"
405,"1115042518","8373033343","If you have Girlfriend . We can fuck threesome enatye",NULL,NULL,"2025-10-13 15:32:30.356255+00"
406,"1115042518","8373033343","Wanna threesome ? Kefelegsh malete new i'm cute tho",NULL,NULL,"2025-10-13 15:35:01.900689+00"
407,"8373033343","1115042518","Eski koy lemme ask her",NULL,NULL,"2025-10-13 15:44:59.045144+00"
408,"1115042518","8373033343","Haye",NULL,NULL,"2025-10-13 15:45:40.766809+00"
409,"1115042518","8373033343","Haha if both of you want tied me up and riding me till my eyes eskemialeksu dres endezam tchlalachu haha",NULL,NULL,"2025-10-13 15:48:48.144243+00"
410,"8373033343","1115042518","Your pic lemanegnawm she is not online",NULL,NULL,"2025-10-13 15:53:54.004091+00"
411,"1115042518","8373033343","@henesi16 dm me",NULL,NULL,"2025-10-13 16:10:44.656908+00"
412,"1115042518","8373033343","???",NULL,NULL,"2025-10-13 16:31:28.931052+00"
413,"8373033343","1115042518","Nvr mind beka kefelek ke wend gar lagenagnek",NULL,NULL,"2025-10-13 16:54:59.781749+00"
414,"1115042518","8373033343","Sijemer wend neh lol gay arekegn ende man fta fta",NULL,NULL,"2025-10-13 16:59:58.930933+00"
415,"8373033343","1115042518","Ok whatever",NULL,NULL,"2025-10-13 17:17:18.881334+00"
416,"8373033343","1115042518","Believe wat u want",NULL,NULL,"2025-10-13 17:17:30.95896+00"
417,"1115042518","8373033343","yet campus nesh gb",NULL,NULL,"2025-10-13 17:19:57.482735+00"
418,"1115042518","699103879","mnew ye 🐈 seb'awi mebt temuagach negn alsh/k ቀበጥ",NULL,NULL,"2025-10-13 17:25:12.070632+00"
419,"699103879","1115042518","I'm just jobless right now not ቀበጥ... do u really hate cats tho?",NULL,NULL,"2025-10-13 17:27:05.95491+00"
420,"1115042518","699103879","wef altelam gn minakesut mnamn neger ena demo the mother eat her ሙጭሊትስ ena beka yastelugnal dro neberen bet",NULL,NULL,"2025-10-13 17:28:32.382843+00"
421,"699103879","1115042518","I didn't know they were called ሙጭሊት😂 
Wsham eko ynakesal demo they eat their muchlits if they think that they couldn't give them enough care",NULL,NULL,"2025-10-13 17:31:05.597311+00"
422,"1115042518","699103879","lol betam mwedat dmet neberech dro merz belta motech ena keza behuala neberun ግምትትት yalu dmetoch ahun beka ayastelugnm alwedachewmn mehal lay negn hehe",NULL,NULL,"2025-10-13 17:33:25.423655+00"
423,"699103879","1115042518","I also had a kitten. I made a video playing with her and calling her እህቴ (i am an only child) then my mom saw the video and cried then told people. After sometime the kitten died but i acted nonchalant.... i really love cats but my mom wouldn't let me have because i might get attached😭",NULL,NULL,"2025-10-13 17:38:18.962511+00"
424,"1115042518","699103879","Oww enatye ayzosh thats heartbreaking yk enkuan sew our attachments with animals is something else egziabhern ayzosh wdua the only daughter(sure you're F😁) for your family. Hope this year will enlighten you and fruitful endemihon asbalew",NULL,NULL,"2025-10-13 17:43:07.154441+00"
425,"1115042518","699103879","mn dep nesh",NULL,NULL,"2025-10-13 17:43:11.952385+00"
426,"1115042518","699103879","yetenrekeshw",NULL,NULL,"2025-10-13 17:43:37.97478+00"
427,"1115042518","699103879","i mean yetemerekshw",NULL,NULL,"2025-10-13 17:43:47.974948+00"
428,"699103879","1115042518","I'm here to trauma dump not to get to know each other😂",NULL,NULL,"2025-10-13 17:48:02.010422+00"
429,"1115042518","699103879","Haha eshi beka gurl yme😁",NULL,NULL,"2025-10-13 17:49:36.430017+00"
430,"699103879","1115042518","Yme🤜🤛",NULL,NULL,"2025-10-13 17:51:50.717504+00"
431,"7919816582","6499363352","Can i get ur username",NULL,NULL,"2025-10-14 03:24:49.268455+00"
432,"6499363352","7919816582","Im afraid not 
I cant comment freely if someone knows my identity",NULL,NULL,"2025-10-14 03:28:55.568179+00"
433,"7919816582","6499363352","Are ene chgr yelebgnm yefelegshwn mawrat tchialesh plus ezi profilshn meqeyerm tchialesh",NULL,NULL,"2025-10-14 03:41:48.167816+00"
434,"6499363352","7919816582","I dont want to change my profile
Can i ask why tho did i say smtn mean abt ur post?",NULL,NULL,"2025-10-14 03:57:28.401287+00"
435,"7919816582","6499363352","Are post adrge adelem guadegna felge new",NULL,NULL,"2025-10-14 03:58:56.993139+00"
436,"6499363352","7919816582","Ok cool",NULL,NULL,"2025-10-14 04:33:13.494646+00"
437,"7919816582","6499363352","Ena mn bye search ladrg",NULL,NULL,"2025-10-14 04:35:30.555881+00"
438,"5662709983","1760862707","Heyvdude?",NULL,NULL,"2025-10-14 06:58:07.862557+00"
439,"1760862707","5662709983","Hey",NULL,NULL,"2025-10-14 06:58:29.441458+00"
440,"6499363352","7919816582","Im sorry i cant give u😭",NULL,NULL,"2025-10-14 08:02:54.136698+00"
441,"7919816582","6499363352","Fuck u",NULL,NULL,"2025-10-14 08:06:41.434637+00"
442,"6499363352","7919816582","Rly 
Tnx 🫶🏾",NULL,NULL,"2025-10-14 10:25:22.702386+00"
443,"7919816582","6499363352","Eshi",NULL,NULL,"2025-10-14 10:49:07.792634+00"
444,"1051999376","1751884518","Wazuppp u hav commented abt height right..",NULL,NULL,"2025-10-14 10:57:59.81715+00"
445,"1751884518","1051999376","Wsg",NULL,NULL,"2025-10-14 11:02:24.200233+00"
446,"8436061444","7691494441","This a man or a lady hey there tho",NULL,NULL,"2025-10-14 12:38:45.536521+00"
447,"8436061444","7691494441","??",NULL,NULL,"2025-10-14 12:39:56.080812+00"
448,"7691494441","8436061444","Hey to u too I'm a women from which comment section did u find me",NULL,NULL,"2025-10-14 12:40:12.98055+00"
449,"8436061444","7691494441","I just wondered  getting to know amber lol",NULL,NULL,"2025-10-14 12:42:02.093595+00"
450,"7691494441","8436061444","Well I'm a regular aau student nothing special r u a women",NULL,NULL,"2025-10-14 12:43:06.532099+00"
451,"8436061444","7691494441","Do i have to be a women",NULL,NULL,"2025-10-14 12:45:26.284969+00"
452,"8436061444","7691494441","I am not",NULL,NULL,"2025-10-14 12:45:29.448708+00"
453,"8436061444","7691494441","Cool same here",NULL,NULL,"2025-10-14 12:45:39.279921+00"
454,"8436061444","7691494441","Is it allowed to like get to know u",NULL,NULL,"2025-10-14 12:46:05.047186+00"
455,"8436061444","7691494441","I just want to know addis sewoch.... and stuff",NULL,NULL,"2025-10-14 12:46:25.057552+00"
456,"7691494441","8436061444","No 😁",NULL,NULL,"2025-10-14 12:47:25.352211+00"
457,"8436061444","7691494441","Chekensh🥺",NULL,NULL,"2025-10-14 12:47:38.381952+00"
458,"8436061444","7691494441","If it helps change ur mined",NULL,NULL,"2025-10-14 12:48:01.684393+00"
459,"8436061444","7691494441","*mind",NULL,NULL,"2025-10-14 12:48:10.65662+00"
460,"7691494441","8436061444","No wait I was just saying that u don't have to be a women",NULL,NULL,"2025-10-14 12:48:51.366931+00"
461,"8436061444","7691494441","Ohh amber eshii",NULL,NULL,"2025-10-14 12:49:11.714101+00"
462,"8436061444","7691494441","i got it wrong",NULL,NULL,"2025-10-14 12:49:19.353745+00"
463,"8436061444","7691494441","Ur username please",NULL,NULL,"2025-10-14 12:49:25.50256+00"
464,"7691494441","8436061444","I don't have one 😁",NULL,NULL,"2025-10-14 12:49:53.695179+00"
465,"8436061444","7691494441","Get one keza melisesh atifiw sound fair",NULL,NULL,"2025-10-14 12:50:19.297894+00"
466,"8436061444","7691494441","@ambres",NULL,NULL,"2025-10-14 12:51:04.059723+00"
467,"8436061444","7691494441","I just got one for u lol",NULL,NULL,"2025-10-14 12:51:09.991079+00"
468,"8436061444","7691494441","@Amebrs",NULL,NULL,"2025-10-14 12:51:34.478166+00"
469,"8436061444","7691494441","Typo this is wrong",NULL,NULL,"2025-10-14 12:51:42.988431+00"
470,"8436061444","7691494441","Use this:   @Amebrs",NULL,NULL,"2025-10-14 12:51:58.743086+00"
471,"8436061444","7691494441","Its being read prolly thats why I wanted a dm talk",NULL,NULL,"2025-10-14 12:53:36.450933+00"
472,"1051999376","1751884518","I'm gddd wbu",NULL,NULL,"2025-10-14 15:14:51.608558+00"
473,"754688541","5014292785","Hi hi",NULL,NULL,"2025-10-15 03:54:29.793632+00"
474,"1051999376","1751884518","??",NULL,NULL,"2025-10-15 05:49:59.260879+00"
475,"7352497559","5014292785","Gudefela",NULL,NULL,"2025-10-15 07:43:58.847853+00"
476,"703138365","5220837501","Yo",NULL,NULL,"2025-10-15 15:32:30.255252+00"
477,"703138365","5130529877","Yo",NULL,NULL,"2025-10-15 15:32:51.49197+00"
478,"5220837501","703138365","bro h r u ?",NULL,NULL,"2025-10-15 16:06:38.511093+00"
479,"703138365","5130529877","AM GOOD WHO R U",NULL,NULL,"2025-10-15 16:07:23.051686+00"
480,"855757095","7919816582","Heyy",NULL,NULL,"2025-10-15 18:34:46.703243+00"
481,"7919816582","855757095","Hey",NULL,NULL,"2025-10-15 18:35:24.500358+00"
482,"855757095","7919816582","You're a reader right?",NULL,NULL,"2025-10-15 18:35:51.03353+00"
483,"855757095","7919816582","What genre do you mostly read",NULL,NULL,"2025-10-15 18:35:57.549328+00"
484,"7919816582","855757095","Spy",NULL,NULL,"2025-10-15 18:36:22.953044+00"
485,"855757095","7919816582","What's that😭",NULL,NULL,"2025-10-15 18:37:10.632652+00"
486,"7919816582","855757095","Yeslela metsehaft",NULL,NULL,"2025-10-15 18:38:07.247227+00"
487,"855757095","7919816582","Can you give me some examples",NULL,NULL,"2025-10-15 18:38:57.334372+00"
488,"7919816582","855757095","@hakunamatata1224 dm me",NULL,NULL,"2025-10-15 18:40:01.384637+00"
489,"1687141840","8399229432","hello",NULL,NULL,"2025-10-15 19:21:40.689001+00"
490,"8399229432","1687141840","Hey 👋",NULL,NULL,"2025-10-15 19:22:33.393974+00"
491,"1687141840","8399229432","how u doin'",NULL,NULL,"2025-10-15 19:26:21.982524+00"
492,"8399229432","1687141840","Doin' great, how u feelin'",NULL,NULL,"2025-10-15 19:26:58.064795+00"
493,"1687141840","8399229432","cool here",NULL,NULL,"2025-10-15 19:28:43.164706+00"
494,"1687141840","8399229432","so you do lve books, huH?",NULL,NULL,"2025-10-15 19:29:05.471394+00"
495,"8399229432","1687141840","Great,

Yes, ofc reading them 😁",NULL,NULL,"2025-10-15 19:30:33.282347+00"
496,"1687141840","8399229432","ur fav, pls?",NULL,NULL,"2025-10-15 19:31:16.361674+00"
497,"8399229432","1687141840","in which genre?",NULL,NULL,"2025-10-15 19:34:05.767519+00"
498,"1687141840","8399229432","i would go with psychology",NULL,NULL,"2025-10-15 19:36:06.308179+00"
499,"8399229432","1687141840","I don't have that much experience in reading many books, but I would say ""Man's search for meaning"" is great i am reading it now",NULL,NULL,"2025-10-15 19:41:57.005043+00"
500,"1687141840","8399229432","yeah that's greatest of all time - i could say that",NULL,NULL,"2025-10-15 19:43:02.527528+00"
501,"8399229432","1687141840","Oh, you read it?",NULL,NULL,"2025-10-15 19:44:01.843032+00"
502,"1687141840","8399229432","actually it was audiobook",NULL,NULL,"2025-10-15 19:45:36.248039+00"
503,"1687141840","8399229432","i hate this shit, u can talk to me @grateful_boy",NULL,NULL,"2025-10-15 19:49:42.412547+00"
504,"8399229432","1687141840","Yeah, same here",NULL,NULL,"2025-10-15 19:50:05.555374+00"
505,"7724848115","5092379124","Can you explain more cus I think we're kinda misunderstanding eachother 
Let me begin
I'm saying that it's okay for girls to look at men's butt just like we look at theirs",NULL,NULL,"2025-10-15 19:59:42.292202+00"
506,"5092379124","7724848115","Okay for example their ass has a nice shape and big size while ours don't they wear ass revealing clothes while we don't even during sex u'll pound theirs and i think it's natural but the other way around nah nahh",NULL,NULL,"2025-10-15 20:07:32.650029+00"
507,"7724848115","5092379124","Ok just think about it we get to see and get boners by their butts,boobs,face and thighs, isn't fair if they are least get something to get excited by",NULL,NULL,"2025-10-15 20:10:09.87011+00"
508,"5092379124","7724848115","Yeah they can also get aroused by seeing our face, chest, arm, shoulder, dick and by hearing our voices but i don't think they'll get aroused by looking at butt idk there might be some expetionally weird girls",NULL,NULL,"2025-10-15 20:17:00.805669+00"
509,"7724848115","5092379124","Everyone has a kink so yup",NULL,NULL,"2025-10-15 20:26:26.986922+00"
510,"6160727207","8132883465","hey",NULL,NULL,"2025-10-16 16:16:24.585005+00"
511,"8132883465","6160727207","Hey drop ur user eski",NULL,NULL,"2025-10-16 16:17:17.514229+00"
512,"6160727207","8132883465","M/F",NULL,NULL,"2025-10-16 16:17:42.133156+00"
513,"8132883465","6160727207","E😳",NULL,NULL,"2025-10-16 16:17:59.914696+00"
514,"6160727207","8132883465","male or female?",NULL,NULL,"2025-10-16 16:18:14.613046+00"
515,"8132883465","6160727207","Female",NULL,NULL,"2025-10-16 16:18:29.145968+00"
530,"619337522","7679369663","ayo",NULL,NULL,"2025-10-16 16:33:42.155311+00"
516,"6160727207","8132883465","i am male so we can't swap",NULL,NULL,"2025-10-16 16:18:55.099206+00"
527,"619337522","7679369663","not sure tho",NULL,NULL,"2025-10-16 16:31:37.015201+00"
533,"7679369663","619337522","@blue_sunchips",NULL,NULL,"2025-10-16 16:34:42.660818+00"
534,"7679369663","619337522",NULL,"CAACAgQAAxkBAAE9LDFo8R6jqL7Zc4s6n7j9v9ebp5BGPAACFRgAApbWSFEUeBnuxT5UYzYE",NULL,"2025-10-16 16:34:44.018839+00"
517,"8132883465","6160727207","Am a man bro I said only for male eko",NULL,NULL,"2025-10-16 16:19:27.998954+00"
518,"6160727207","8132883465","my bad i didn't see it",NULL,NULL,"2025-10-16 16:20:11.364572+00"
519,"619337522","7679369663","wait wha i thought i could send dms directly tf",NULL,NULL,"2025-10-16 16:20:49.631249+00"
520,"8132883465","6160727207","Eko can u send ur username",NULL,NULL,"2025-10-16 16:21:25.011689+00"
521,"619337522","7679369663","fuck ass bot",NULL,NULL,"2025-10-16 16:21:26.378198+00"
522,"6160727207","8132883465","@unique_6724",NULL,NULL,"2025-10-16 16:23:40.177178+00"
523,"6160727207","5014292785","gudfella endet neshlegn",NULL,NULL,"2025-10-16 16:29:19.023319+00"
524,"7679369663","619337522","😭was confused too",NULL,NULL,"2025-10-16 16:30:51.921144+00"
525,"619337522","7679369663","gang ik from somewhere",NULL,NULL,"2025-10-16 16:31:28.773753+00"
526,"619337522","7679369663","i think",NULL,NULL,"2025-10-16 16:31:34.060712+00"
528,"7679369663","619337522","Same 
Ik someone who talks like this",NULL,NULL,"2025-10-16 16:33:31.100968+00"
529,"7679369663","619337522","Way too familiar",NULL,NULL,"2025-10-16 16:33:35.813876+00"
531,"619337522","7679369663","whats ur @",NULL,NULL,"2025-10-16 16:33:51.308706+00"
532,"619337522","7679369663","just to check dw i dont bite",NULL,NULL,"2025-10-16 16:34:09.370944+00"
535,"6179841738","7647636604","I saw a comment of u "" talk to me"" like shy girl... ላወራሽ ዝግጁ ነኝ",NULL,NULL,"2025-10-16 19:49:37.901551+00"
536,"7647636604","6179841738","Okay",NULL,NULL,"2025-10-16 20:17:57.350031+00"
537,"6179841738","7647636604","LEOLION369,  come on Dm",NULL,NULL,"2025-10-16 20:19:45.727847+00"
538,"6179841738","7647636604","Im waiting for u& u....",NULL,NULL,"2025-10-16 20:23:14.034026+00"
539,"1115042518","7627824015","What do you got from fucking gurls koy?",NULL,NULL,"2025-10-16 20:24:44.520276+00"
540,"1115042518","7647636604","What do you got from fucking gurls koy?",NULL,NULL,"2025-10-16 20:40:07.428706+00"
541,"7795615574","5359690831","Hey,",NULL,NULL,"2025-10-17 07:53:32.469504+00"
542,"7795615574","5359690831","Talk to him yalkush negn",NULL,NULL,"2025-10-17 07:53:44.186522+00"
543,"5359690831","7795615574","Hi",NULL,NULL,"2025-10-17 07:53:52.94328+00"
544,"7795615574","5359690831","Leave me ur user name ena we can figure smthing out",NULL,NULL,"2025-10-17 07:53:58.618388+00"
545,"7795615574","5359690831","What year is he?",NULL,NULL,"2025-10-17 07:54:02.543213+00"
546,"5359690831","7795615574","@taytay_16",NULL,NULL,"2025-10-17 07:55:08.284849+00"
547,"7795615574","5359690831","Dmed ya",NULL,NULL,"2025-10-17 07:55:38.945586+00"
548,"571568870","6142542468","Hey how you doin
I want to buy the tiktok account you have",NULL,NULL,"2025-10-17 10:41:50.520462+00"
549,"6142542468","571568870","Im good tnx 
Yea sure u can",NULL,NULL,"2025-10-17 10:42:22.36764+00"
550,"571568870","6142542468","For how much you sellin and how much followers, following and likes are there",NULL,NULL,"2025-10-17 10:44:16.193359+00"
551,"571568870","7225517972","Hey how you doin
I want to buy the tiktok account you have",NULL,NULL,"2025-10-17 12:59:47.57421+00"
552,"7225517972","571568870","Hello

Which one
Ena how much is your budget",NULL,NULL,"2025-10-17 13:41:21.741458+00"
553,"5237102694","5014292785","Hey gudefela how u doin 🥹",NULL,NULL,"2025-10-17 14:00:28.94723+00"
554,"5237102694","950703820","Hey gilr how sup",NULL,NULL,"2025-10-17 14:16:12.166547+00"
555,"950703820","5237102694","Hey, which one was your confession",NULL,NULL,"2025-10-17 15:20:33.262643+00"
556,"5237102694","950703820","I think it's about finding relationship",NULL,NULL,"2025-10-17 15:23:54.854798+00"
557,"950703820","5237102694","there are a lot of confessions like that😂",NULL,NULL,"2025-10-17 15:26:06.055052+00"
558,"5237102694","950703820","So do u mind if we get know 1 another...do u hv aguy?",NULL,NULL,"2025-10-17 15:30:02.925674+00"
559,"950703820","5237102694","nahhh man i can't, if you want any educational related stuff let me know",NULL,NULL,"2025-10-17 15:35:20.943168+00"
560,"5237102694","950703820","What do you mean girl...🥹",NULL,NULL,"2025-10-17 15:35:50.158693+00"
561,"5237102694","950703820","Do u hv a guy?",NULL,NULL,"2025-10-17 15:36:03.036764+00"
562,"571568870","7225517972","I would like to know the price of the 1k and the 10k",NULL,NULL,"2025-10-17 15:36:36.772175+00"
563,"950703820","5237102694","i thought you started the chat after reading a comment and needed a help",NULL,NULL,"2025-10-17 15:41:13.377315+00"
564,"950703820","5237102694","no",NULL,NULL,"2025-10-17 15:41:19.454654+00"
565,"5237102694","950703820","So why do u ignore me...dont u need any guy?",NULL,NULL,"2025-10-17 15:43:26.79181+00"
566,"5237102694","950703820","Eski let me see the text",NULL,NULL,"2025-10-17 15:43:41.561502+00"
567,"950703820","5237102694","nope , no i don't any",NULL,NULL,"2025-10-17 15:46:48.429947+00"
568,"5237102694","950703820","Esh sle mndnw mtfelegew?",NULL,NULL,"2025-10-17 15:47:36.618053+00"
569,"950703820","5237102694","i have commented on more than 10 confessions idk",NULL,NULL,"2025-10-17 15:48:03.071949+00"
570,"950703820","5237102694","Health and wealth😂",NULL,NULL,"2025-10-17 15:48:25.231904+00"
571,"7225517972","571568870","Bale 1000 700 birr
10k 5000",NULL,NULL,"2025-10-17 15:49:02.599227+00"
572,"5237102694","950703820","Gn bf lmnnw matfelegew?🥹🥹🥹",NULL,NULL,"2025-10-17 15:49:28.185038+00"
573,"5237102694","950703820","😭😭😂",NULL,NULL,"2025-10-17 15:49:40.272971+00"
574,"950703820","5237102694","begizew yemetal and i know now is not the time",NULL,NULL,"2025-10-17 15:53:04.112627+00"
575,"950703820","5237102694","wby",NULL,NULL,"2025-10-17 15:53:10.986757+00"
576,"5237102694","950703820","Appreciate you fr!!👏👏👏",NULL,NULL,"2025-10-17 15:53:50.703833+00"
577,"5237102694","950703820","Are you 2nd year?",NULL,NULL,"2025-10-17 15:54:07.857555+00"
578,"5237102694","950703820","It's not about magbat...it's just chill together,share our feelings tho😏",NULL,NULL,"2025-10-17 15:54:58.734548+00"
579,"950703820","5237102694","4th",NULL,NULL,"2025-10-17 16:03:41.980501+00"
580,"5237102694","950703820","Still 4th and dont hv aguy??...or ur kidding me😤🙄",NULL,NULL,"2025-10-17 16:04:30.318403+00"
581,"950703820","5237102694","chill with the wrong people will drain you",NULL,NULL,"2025-10-17 16:04:31.93303+00"
582,"5237102694","950703820","Yea ofc i know that",NULL,NULL,"2025-10-17 16:04:53.251823+00"
583,"5237102694","950703820","But you can just close and see their intentions 🤷‍♂",NULL,NULL,"2025-10-17 16:05:19.477777+00"
584,"950703820","5237102694","i don't want too, people hv their own priorities",NULL,NULL,"2025-10-17 16:06:07.91967+00"
585,"5237102694","950703820","Ok can I get ur ig...",NULL,NULL,"2025-10-17 16:06:38.995652+00"
586,"950703820","5237102694","i did and i didn't like it",NULL,NULL,"2025-10-17 16:07:03.023148+00"
587,"950703820","5237102694","nope",NULL,NULL,"2025-10-17 16:07:08.429422+00"
588,"5237102694","950703820","If then I dont force and I respect ur priorities tho😊",NULL,NULL,"2025-10-17 16:07:18.901965+00"
589,"5237102694","950703820","Can i know the reason?",NULL,NULL,"2025-10-17 16:07:33.75732+00"
590,"950703820","5237102694","thank you",NULL,NULL,"2025-10-17 16:07:40.63188+00"
591,"950703820","5237102694","cause i would like to remain anonymous",NULL,NULL,"2025-10-17 16:08:15.047844+00"
592,"5237102694","950703820","This is the worst decision why u deduct other guys with the 1 u did😭😭😭",NULL,NULL,"2025-10-17 16:08:34.954304+00"
593,"5237102694","950703820","Hv u still got ur v card?",NULL,NULL,"2025-10-17 16:09:32.405361+00"
594,"950703820","5237102694","because it is the same pattern, same questions, same disrespect. May God be with you goodbye.",NULL,NULL,"2025-10-17 16:13:18.874245+00"
595,"5237102694","950703820","Hv I dis respected you 😭😭😭😭when?",NULL,NULL,"2025-10-17 16:14:30.148954+00"
596,"5703576013","7732498367","Hi",NULL,NULL,"2025-10-17 16:39:46.11554+00"
597,"571568870","7225517972","Snt like and watch time alaw",NULL,NULL,"2025-10-17 16:40:03.759965+00"
598,"5703576013","7732498367","Hi",NULL,NULL,"2025-10-17 16:41:21.398316+00"
599,"7732498367","5703576013","Hey",NULL,NULL,"2025-10-17 16:41:40.381512+00"
600,"5703576013","7732498367","I really needed some one to talk to",NULL,NULL,"2025-10-17 16:42:36.909538+00"
601,"7732498367","5703576013","Send me ur @",NULL,NULL,"2025-10-17 16:43:30.551663+00"
602,"5703576013","7732498367","I don't have that i don't know how to make one",NULL,NULL,"2025-10-17 16:45:22.606586+00"
603,"7732498367","5703576013","Mine is isandro_0",NULL,NULL,"2025-10-17 16:46:14.354905+00"
604,"5703576013","7732498367","I couldn't find it do you have another",NULL,NULL,"2025-10-17 16:46:41.222846+00"
605,"7225517972","571568870","Ay bado nw",NULL,NULL,"2025-10-17 16:47:28.846807+00"
606,"5703576013","7732498367","I just made mine it's Zx98qw",NULL,NULL,"2025-10-17 16:51:21.928557+00"
607,"571568870","7225517972","Enda followers becha mn wagaw alaw ena bado kahone price astekakel ena legezah",NULL,NULL,"2025-10-17 17:04:13.060719+00"
608,"7225517972","571568870","Ere aykensm bro",NULL,NULL,"2025-10-17 17:34:24.763616+00"
609,"571568870","7225517972","eshi melkam meshet",NULL,NULL,"2025-10-17 17:37:46.025623+00"
610,"6142542468","571568870","Idk how much im sellin it has 8k followers and like 400 likes it was a business page but im deleting all the posts",NULL,NULL,"2025-10-17 18:09:39.876498+00"
611,"571568870","6142542468","Can I see it
Tell me the account name",NULL,NULL,"2025-10-17 19:27:04.193736+00"
612,"629782812","7388700051","Bees in the trap",NULL,NULL,"2025-10-18 12:54:26.868193+00"
613,"7388700051","629782812","It's beez",NULL,NULL,"2025-10-18 12:55:29.680338+00"
614,"629782812","7388700051","Thanks for the correction king",NULL,NULL,"2025-10-18 13:06:25.706651+00"
615,"7388700051","629782812","I got u",NULL,NULL,"2025-10-18 13:07:02.546288+00"
616,"6333691485","7758177630","Hi  , i wanna get dorm at 4k form proctors , send me ur number",NULL,NULL,"2025-10-20 11:39:05.959702+00"
617,"7758177630","6333691485","Wend or set?",NULL,NULL,"2025-10-20 11:56:59.758506+00"
618,"6333691485","7758177630","Set",NULL,NULL,"2025-10-20 11:57:29.958216+00"
619,"7758177630","6333691485","4 kilo migegn aymeslegnm ahun lay, 6 kilo new mihomew most likely...",NULL,NULL,"2025-10-20 12:00:43.386002+00"
620,"6333691485","7758177630","Esti please try",NULL,NULL,"2025-10-20 12:56:28.825325+00"
621,"6333691485","7758177630","Im willing to pay",NULL,NULL,"2025-10-20 12:56:29.853528+00"
622,"6333691485","7758177630","@Hilwa_09 text me",NULL,NULL,"2025-10-20 12:57:59.272549+00"
623,"8373033343","7679369663","Rice mask tutorial",NULL,NULL,"2025-10-20 17:31:13.244503+00"
624,"8373033343","7084003937","Wutete endistekakel felege nbr",NULL,NULL,"2025-10-20 17:42:36.999687+00"
625,"7084003937","8373033343","Dm argign",NULL,NULL,"2025-10-20 17:43:25.760738+00"
626,"7084003937","8373033343","@Michealmore",NULL,NULL,"2025-10-20 17:48:23.993847+00"
627,"7084003937","8373033343","/privacy",NULL,NULL,"2025-10-21 08:26:26.800624+00"
628,"8373033343","7084003937","??",NULL,NULL,"2025-10-21 11:17:39.723858+00"
629,"1815638450","6815529351","Hey",NULL,NULL,"2025-10-21 18:27:31.970587+00"
630,"6815529351","1815638450","Sup",NULL,NULL,"2025-10-21 18:27:41.399303+00"
631,"1815638450","6815529351","How u doing",NULL,NULL,"2025-10-21 18:27:55.33102+00"
632,"8178595410","7231257941","Hey sup",NULL,NULL,"2025-10-21 18:59:48.737498+00"
633,"7231257941","8178595410","Hi there are make or female😁",NULL,NULL,"2025-10-21 19:00:47.918782+00"
634,"8178595410","7231257941","I'm male and u?😊",NULL,NULL,"2025-10-21 19:01:14.785285+00"
635,"7231257941","8178595410","I am male brother have nice time😂",NULL,NULL,"2025-10-21 19:02:11.335131+00"
636,"8178595410","7231257941","Tf😭😭😭 really?",NULL,NULL,"2025-10-21 19:02:52.728121+00"
637,"7231257941","8178595410","Ymr nw bak",NULL,NULL,"2025-10-21 19:03:13.576009+00"
638,"8109112246","5014292785","Hey girl...can i ask u only 1 question?",NULL,NULL,"2025-10-21 19:05:18.479987+00"
639,"8109112246","5014292785","Do u mind?",NULL,NULL,"2025-10-21 20:14:17.328048+00"
640,"6367489225","5014292785","Hey",NULL,NULL,"2025-10-21 21:51:06.335014+00"
641,"5014292785","6367489225","Hi",NULL,NULL,"2025-10-21 21:51:41.561117+00"
642,"6367489225","5014292785","Didn't expect that u will reply honestly... Btw I am Abel... Can we get to know each other?",NULL,NULL,"2025-10-21 21:52:29.937762+00"
643,"5014292785","6367489225","Okay sure",NULL,NULL,"2025-10-21 21:52:39.908083+00"
644,"6367489225","5014292785","I can't expect u to tell me ur name 🤦🏻‍♂️... Well if that will make u comfortable that's okay with me.",NULL,NULL,"2025-10-21 21:54:11.135939+00"
645,"6367489225","5014292785","But talking here feels unnatural. I don't mind a fake profile but text me in this account and we can talk comfortably. I would love to know u more. 
@abela_hz",NULL,NULL,"2025-10-21 21:55:19.14225+00"
646,"6367489225","5014292785","@abel_hz",NULL,NULL,"2025-10-21 21:55:55.238544+00"
647,"5405718080","896207190","Hey broski",NULL,NULL,"2025-10-22 03:34:02.253593+00"
648,"8345240157","1103065697","Hey Dear, I am down to be ur submissive obedient boy",NULL,NULL,"2025-10-22 07:02:24.33287+00"
649,"8345240157","1103065697","I thought ur into femdom..",NULL,NULL,"2025-10-22 07:06:16.103227+00"
650,"7388700051","7897386358","Help",NULL,NULL,"2025-10-22 09:31:15.471908+00"
651,"6344107400","6499363352","How did u even remember that?",NULL,NULL,"2025-10-22 11:03:02.071904+00"
652,"6499363352","6344107400","Bruh ur Shakespeare's inspo 
(in a vile way)",NULL,NULL,"2025-10-22 11:05:13.681042+00"
653,"6344107400","6499363352","I wrote that like a year or two minamn ago. But it was real. U a girl?",NULL,NULL,"2025-10-22 11:06:24.461177+00"
654,"6499363352","6344107400","Why repost it then 
Use this talent for s good cause 😭",NULL,NULL,"2025-10-22 11:08:25.976043+00"
655,"6344107400","6499363352","I use it eko. Do you love literature?",NULL,NULL,"2025-10-22 11:08:55.674974+00"
656,"6499363352","6344107400","Not much 
I used to write for highschool classes i was actually good at it too but im easily distracted so i got bored",NULL,NULL,"2025-10-22 11:11:06.559731+00"
657,"6344107400","6499363352","Are you a girl?",NULL,NULL,"2025-10-22 11:11:51.557444+00"
658,"6499363352","6344107400","Ya",NULL,NULL,"2025-10-22 11:11:59.497928+00"
659,"6499363352","6344107400","Anyways i hope u write bigger better things in the future",NULL,NULL,"2025-10-22 11:12:17.278832+00"
660,"6344107400","6499363352","May I see urs tho?",NULL,NULL,"2025-10-22 11:12:33.212743+00"
661,"6344107400","6499363352","Anything u wrote?",NULL,NULL,"2025-10-22 11:12:40.76979+00"
662,"6344107400","6499363352","Hey Gudfela",NULL,NULL,"2025-10-22 11:13:09.117451+00"
663,"6499363352","6344107400","The last time i wrote was like 2 yrs ago idk if i can find it",NULL,NULL,"2025-10-22 11:13:12.181103+00"
664,"6499363352","6344107400","If i do tho i'll send it to u",NULL,NULL,"2025-10-22 11:13:20.221551+00"
665,"6344107400","6499363352","Well I can show u some but we gotta go out of this bot",NULL,NULL,"2025-10-22 11:13:46.126699+00"
666,"6499363352","6344107400","Nahhh i comment freely cuz ts is anonymous",NULL,NULL,"2025-10-22 11:14:14.912741+00"
667,"6499363352","6344107400","Gudefela??",NULL,NULL,"2025-10-22 11:14:40.283296+00"
668,"6344107400","6499363352","It will be anonymous until you want to know more about me.",NULL,NULL,"2025-10-22 11:15:01.775136+00"
669,"6344107400","6499363352","Yeah gudefela",NULL,NULL,"2025-10-22 11:15:09.777096+00"
670,"6344107400","6499363352","People are engaging more",NULL,NULL,"2025-10-22 11:15:17.939148+00"
671,"6344107400","6499363352","And everyone things I just copied",NULL,NULL,"2025-10-22 11:15:32.301842+00"
672,"6344107400","6499363352","Yidebral",NULL,NULL,"2025-10-22 11:15:45.748656+00"
673,"6499363352","6344107400","Im not gudefela uk that right",NULL,NULL,"2025-10-22 11:16:20.326608+00"
674,"6499363352","6344107400","Lol did u mean to hit her up😭",NULL,NULL,"2025-10-22 11:16:34.837826+00"
675,"6344107400","6499363352","Hey who?",NULL,NULL,"2025-10-22 11:16:41.79103+00"
676,"6499363352","6344107400","I meam u could have edited it",NULL,NULL,"2025-10-22 11:16:45.675161+00"
677,"6344107400","6499363352","Haha baksh kenekash yikeral beka I don’t want to lie",NULL,NULL,"2025-10-22 11:17:37.491032+00"
678,"6344107400","6499363352","Yeah I was talking to her too but I am not good at bots",NULL,NULL,"2025-10-22 11:18:05.19402+00"
679,"6344107400","6499363352","She is the one who thought I copied from someone else",NULL,NULL,"2025-10-22 11:20:00.659822+00"
680,"6344107400","6499363352","Anyways girl if you wanna talk more you have to dm me.",NULL,NULL,"2025-10-22 11:21:27.917214+00"
681,"6344107400","6499363352","@paralexix here is my account let me talk to her now beka",NULL,NULL,"2025-10-22 11:22:39.14917+00"
682,"6344107400","5014292785","Hey girl",NULL,NULL,"2025-10-22 11:23:09.455975+00"
683,"6344107400","5014292785","Anchi gudfela",NULL,NULL,"2025-10-22 11:26:02.74324+00"
684,"6344107400","5014292785","That post was mine",NULL,NULL,"2025-10-22 11:26:18.814352+00"
685,"5014292785","6344107400","Ena mn lerdah",NULL,NULL,"2025-10-22 11:29:09.309543+00"
686,"6344107400","5014292785","Ere yemireda yirdash",NULL,NULL,"2025-10-22 11:29:25.527868+00"
687,"5014292785","6344107400","Amen",NULL,NULL,"2025-10-22 11:29:35.698357+00"
688,"6344107400","5014292785","Mn lirdash ene",NULL,NULL,"2025-10-22 11:29:38.846554+00"
689,"6344107400","5014292785","Haha amen",NULL,NULL,"2025-10-22 11:29:44.91094+00"
690,"5014292785","6344107400","Mnm",NULL,NULL,"2025-10-22 11:29:45.483316+00"
691,"6344107400","5014292785","You are famous here",NULL,NULL,"2025-10-22 11:29:53.446723+00"
692,"5014292785","6344107400","I know",NULL,NULL,"2025-10-22 11:29:59.065701+00"
693,"6344107400","5014292785","How old are u tho",NULL,NULL,"2025-10-22 11:30:22.678045+00"
694,"5014292785","6344107400","Why",NULL,NULL,"2025-10-22 11:30:29.469568+00"
695,"6344107400","5014292785","Just to know",NULL,NULL,"2025-10-22 11:30:34.323379+00"
696,"6344107400","5014292785","To have a reference",NULL,NULL,"2025-10-22 11:30:40.388877+00"
697,"6344107400","5014292785","That who I am talking with",NULL,NULL,"2025-10-22 11:30:46.491805+00"
698,"5014292785","6344107400","21",NULL,NULL,"2025-10-22 11:31:52.674675+00"
699,"6344107400","5014292785","My god",NULL,NULL,"2025-10-22 11:31:56.409848+00"
700,"6344107400","5014292785","Fr?",NULL,NULL,"2025-10-22 11:31:58.645637+00"
701,"6344107400","5014292785","Betam felfela nesha endee",NULL,NULL,"2025-10-22 11:32:33.016308+00"
702,"6344107400","5014292785","U sure u r only 21?",NULL,NULL,"2025-10-22 11:32:50.900963+00"
703,"5014292785","6344107400","Sent meseyeh nbr",NULL,NULL,"2025-10-22 11:32:53.753424+00"
704,"6344107400","5014292785","Ay beka at least 25 minamn or 24",NULL,NULL,"2025-10-22 11:33:10.209018+00"
879,"5014292785","6356474261","Why",NULL,NULL,"2025-10-25 12:14:23.001595+00"
705,"6344682126","1760862707","You told me that 500etb was the standard for this thing. Do you know a place/places in general?",NULL,NULL,"2025-10-22 11:33:17.519775+00"
712,"6344107400","5014292785","Ay tidenegchalesh",NULL,NULL,"2025-10-22 11:41:07.123008+00"
713,"6344107400","5014292785","What kind of men do you like ekuyochish weys more older man?",NULL,NULL,"2025-10-22 11:41:49.914016+00"
706,"6344107400","5014292785","I posted that vent long  ago eko how do you remember it",NULL,NULL,"2025-10-22 11:35:27.526205+00"
707,"5014292785","6344107400","I don't remember it. Awkewalew mech alku",NULL,NULL,"2025-10-22 11:37:10.519833+00"
708,"6344107400","5014292785","How do you know it is copy paste then",NULL,NULL,"2025-10-22 11:38:01.772799+00"
710,"6344107400","5014292785","So alascheniksh",NULL,NULL,"2025-10-22 11:39:53.775881+00"
718,"6344107400","5014292785","How old is ur preference tho?",NULL,NULL,"2025-10-22 11:45:09.592506+00"
719,"6344107400","5014292785","Girl I gotta go now. Talk to u later",NULL,NULL,"2025-10-22 11:47:53.536929+00"
709,"6344107400","5014292785","Anyways you are a kid I am shimagle I guess compared to you",NULL,NULL,"2025-10-22 11:39:43.733887+00"
711,"5014292785","6344107400","Sent neh",NULL,NULL,"2025-10-22 11:40:23.03695+00"
714,"5014292785","6344107400","30 sent neh",NULL,NULL,"2025-10-22 11:43:01.078641+00"
715,"6344107400","5014292785","Haha",NULL,NULL,"2025-10-22 11:43:10.722338+00"
716,"6344107400","5014292785","Someone is trying to look smart here",NULL,NULL,"2025-10-22 11:43:31.273554+00"
717,"6344107400","5014292785","R u 21 gn?",NULL,NULL,"2025-10-22 11:44:18.429913+00"
720,"1377944646","5924560478","Heyy",NULL,NULL,"2025-10-22 12:53:23.580964+00"
721,"6344107400","5014292785","Hey girl",NULL,NULL,"2025-10-22 13:46:57.040538+00"
722,"5014292785","6344107400","Hi",NULL,NULL,"2025-10-22 14:10:12.781792+00"
723,"6344107400","5014292785","How are you",NULL,NULL,"2025-10-22 14:10:29.198549+00"
724,"5014292785","6344107400","Alw",NULL,NULL,"2025-10-22 14:12:14.301371+00"
725,"6344107400","5014292785","How was ur day",NULL,NULL,"2025-10-22 14:12:54.594329+00"
726,"6344107400","6499363352","Hey girl",NULL,NULL,"2025-10-22 14:17:35.811293+00"
727,"6499363352","6344107400","Hey girly",NULL,NULL,"2025-10-22 14:19:06.274215+00"
728,"6344107400","6499363352","Haha now I am girly",NULL,NULL,"2025-10-22 14:19:19.695954+00"
729,"6499363352","6344107400","Sorry",NULL,NULL,"2025-10-22 14:37:34.901178+00"
730,"6344107400","6499363352","I am not girly tho",NULL,NULL,"2025-10-22 14:38:32.115377+00"
731,"6499363352","6344107400","Ok sorry",NULL,NULL,"2025-10-22 14:39:55.133021+00"
732,"6344107400","6499363352","So who should I call u",NULL,NULL,"2025-10-22 14:40:30.707318+00"
733,"6499363352","6344107400","Other she",NULL,NULL,"2025-10-22 14:41:09.902149+00"
734,"6344107400","6499363352","Haha no no name",NULL,NULL,"2025-10-22 14:41:30.028389+00"
735,"641739565","6332613822","Bro are you second year?",NULL,NULL,"2025-10-22 14:44:14.463162+00"
736,"6499363352","6344107400","Nah",NULL,NULL,"2025-10-22 14:44:21.710192+00"
737,"6344107400","6499363352","I am Yonas tho",NULL,NULL,"2025-10-22 14:59:28.368025+00"
738,"6499363352","6344107400","Its anonymous for a reason😭",NULL,NULL,"2025-10-22 15:00:05.755154+00"
739,"6344107400","6499363352","There are million yonas in this country but I don’t care if you know me demo",NULL,NULL,"2025-10-22 15:01:14.827386+00"
740,"6344107400","6499363352","U here",NULL,NULL,"2025-10-22 16:43:36.435731+00"
741,"6499363352","6344107400","Yea",NULL,NULL,"2025-10-22 16:44:37.343964+00"
742,"6344107400","6499363352","So how was ur day",NULL,NULL,"2025-10-22 16:44:49.224775+00"
743,"6499363352","6344107400","Normal",NULL,NULL,"2025-10-22 16:44:58.365332+00"
744,"6499363352","6344107400","Which campus u at",NULL,NULL,"2025-10-22 16:45:04.143196+00"
745,"6344107400","6499363352","I am not in campus anymore",NULL,NULL,"2025-10-22 16:45:23.882091+00"
746,"6499363352","6344107400","🙄 ohhhhh rly 
Wow ok",NULL,NULL,"2025-10-22 16:46:00.171764+00"
747,"6344107400","6499363352","Yeah which campus are u",NULL,NULL,"2025-10-22 16:46:32.128229+00"
748,"6344107400","6499363352","It’s been awhile since I finished school actually",NULL,NULL,"2025-10-22 16:48:36.919504+00"
749,"6499363352","6344107400","So ur old",NULL,NULL,"2025-10-22 16:48:59.167957+00"
750,"6499363352","6344107400","Got that",NULL,NULL,"2025-10-22 16:49:04.155912+00"
751,"6499363352","6344107400","Whachu doin here then",NULL,NULL,"2025-10-22 16:49:10.581602+00"
752,"6344107400","6499363352","I am old yeah",NULL,NULL,"2025-10-22 16:49:49.20304+00"
753,"6344107400","6499363352","Just refreshing memories",NULL,NULL,"2025-10-22 16:50:04.756394+00"
754,"6499363352","6344107400","Cool",NULL,NULL,"2025-10-22 16:50:10.287337+00"
755,"6344107400","6499363352","You will not leave when u leave my dear",NULL,NULL,"2025-10-22 16:50:20.128076+00"
756,"6499363352","6344107400","What",NULL,NULL,"2025-10-22 16:50:33.306+00"
757,"6344107400","6499363352","Gibi",NULL,NULL,"2025-10-22 16:51:16.286518+00"
758,"6344107400","6499363352","Yinafkal",NULL,NULL,"2025-10-22 16:52:22.133879+00"
759,"6499363352","6344107400","I dont think i will",NULL,NULL,"2025-10-22 16:52:52.296318+00"
760,"6344107400","6499363352","Which year r u now",NULL,NULL,"2025-10-22 16:53:13.739085+00"
761,"6499363352","6344107400","2",NULL,NULL,"2025-10-22 16:53:41.84629+00"
762,"6344107400","6499363352","Mn dept",NULL,NULL,"2025-10-22 16:53:57.813304+00"
763,"6499363352","6344107400","Nahh i aint sayn that",NULL,NULL,"2025-10-22 16:54:18.498985+00"
764,"6344107400","6499363352","Bcha 2nd yr honesh new yemereresh",NULL,NULL,"2025-10-22 16:54:38.997208+00"
765,"6499363352","6344107400","Yep",NULL,NULL,"2025-10-22 16:57:18.199508+00"
766,"6344107400","6499363352","Chill you will never get these years back",NULL,NULL,"2025-10-22 16:58:12.382922+00"
767,"6344107400","6499363352","Life will be even harder after gibi",NULL,NULL,"2025-10-22 16:58:26.19909+00"
768,"6499363352","6344107400","Bettee being w cocky ahh teens",NULL,NULL,"2025-10-22 16:59:18.828093+00"
769,"6344107400","6499363352","Yeah yeah I know esuma",NULL,NULL,"2025-10-22 17:00:22.457874+00"
770,"6344107400","6499363352","But plan for business minamn if you are good in business",NULL,NULL,"2025-10-22 17:00:37.860397+00"
771,"6344107400","6499363352","Learn as much as you can",NULL,NULL,"2025-10-22 17:00:46.936495+00"
772,"6344107400","6499363352","prepare for life while you are there",NULL,NULL,"2025-10-22 17:01:04.904238+00"
773,"6499363352","6344107400","Yea i guess its better than beinf butchered by life so i'll enjoy while i can",NULL,NULL,"2025-10-22 17:01:35.687934+00"
774,"6344107400","6499363352","Yeah",NULL,NULL,"2025-10-22 17:01:55.929058+00"
775,"6344107400","6499363352","In the mean time u gotta live",NULL,NULL,"2025-10-22 17:02:09.187057+00"
776,"6344107400","6499363352","Enjoy ur time even now",NULL,NULL,"2025-10-22 17:02:16.500523+00"
777,"6499363352","6344107400","Ok tnx",NULL,NULL,"2025-10-22 17:05:53.473659+00"
778,"6344107400","6499363352","Do you have a bf?",NULL,NULL,"2025-10-22 17:06:05.480602+00"
779,"6499363352","6344107400","No why",NULL,NULL,"2025-10-22 17:06:27.095004+00"
780,"6344107400","6499363352","Get one",NULL,NULL,"2025-10-22 17:06:34.061329+00"
781,"6499363352","6344107400","NEVER",NULL,NULL,"2025-10-22 17:06:40.790155+00"
782,"6344107400","6499363352","Mn eyeserash new",NULL,NULL,"2025-10-22 17:06:40.879778+00"
783,"6344107400","6499363352","How old ru",NULL,NULL,"2025-10-22 17:06:44.544836+00"
784,"6499363352","6344107400","Romania",NULL,NULL,"2025-10-22 17:07:04.734857+00"
785,"6344107400","6499363352","What?",NULL,NULL,"2025-10-22 17:07:20.80858+00"
786,"6499363352","6344107400","Its a meme look it up",NULL,NULL,"2025-10-22 17:07:30.603567+00"
787,"6344107400","6499363352","Send me esti",NULL,NULL,"2025-10-22 17:08:17.1511+00"
788,"6499363352","6344107400","Just search how old are u romania in tiktok 
U old people are so easily tires",NULL,NULL,"2025-10-22 17:09:01.829817+00"
789,"6344107400","6499363352","Haha 😆",NULL,NULL,"2025-10-22 17:09:17.43745+00"
790,"6344107400","6499363352","Haha so 21?",NULL,NULL,"2025-10-22 17:10:59.212388+00"
791,"6499363352","6344107400","No",NULL,NULL,"2025-10-22 17:14:50.577774+00"
792,"6344107400","6499363352","Algebagnm baksh",NULL,NULL,"2025-10-22 17:15:00.649546+00"
793,"6344107400","6499363352","How old r u I am romania",NULL,NULL,"2025-10-22 17:15:10.85028+00"
794,"6344107400","6499363352","Wtf is that",NULL,NULL,"2025-10-22 17:15:13.784875+00"
795,"6160727207","6892367093","where's the trade group at?",NULL,NULL,"2025-10-22 17:36:03.851565+00"
796,"855757095","7439766390","Hi",NULL,NULL,"2025-10-22 17:46:24.119141+00"
797,"7439766390","855757095","Selam",NULL,NULL,"2025-10-22 17:54:27.660245+00"
798,"7439766390","855757095","Selam",NULL,NULL,"2025-10-22 17:54:34.276455+00"
799,"855757095","7439766390","There's a tutoring job if you're interested",NULL,NULL,"2025-10-22 17:55:33.179548+00"
800,"855757095","7439766390","I thought it might be helpful for you",NULL,NULL,"2025-10-22 17:55:48.049065+00"
801,"7439766390","855757095","ere eshi ds ylegnal betam",NULL,NULL,"2025-10-22 17:56:21.189558+00"
802,"855757095","7439766390","https://docs.google.com/forms/d/e/1FAIpQLSfWWdCqSayzAFyyPy7sZ9pgpuWgnLWGzK2TsWLWKbltcWEHFw/viewform?usp=header",NULL,NULL,"2025-10-22 17:56:59.515126+00"
803,"855757095","7439766390","Apply on this",NULL,NULL,"2025-10-22 17:57:07.270104+00"
804,"855757095","7439766390","I also work bezi demo since you're smart aykebdhm",NULL,NULL,"2025-10-22 17:57:25.109342+00"
805,"7439766390","855757095","like ahun magegnet chlalw sera",NULL,NULL,"2025-10-22 17:59:14.841277+00"
806,"855757095","7439766390","Wedyawunu latagegn tchlaleh",NULL,NULL,"2025-10-22 18:00:14.699008+00"
807,"855757095","7439766390","Gn tnsh ketagesk yimetal",NULL,NULL,"2025-10-22 18:00:34.46756+00"
808,"855757095","7439766390","Dorm newa mtnorew? Rak bil chigir alew?",NULL,NULL,"2025-10-22 18:00:53.421216+00"
809,"7439766390","855757095","It's depends, betam kalrake it's okay",NULL,NULL,"2025-10-22 18:08:22.068102+00"
810,"7439766390","855757095","Eshi ere",NULL,NULL,"2025-10-22 18:08:49.231199+00"
811,"855757095","7439766390","Apply ena you can ask me anything you'd like",NULL,NULL,"2025-10-22 18:12:51.531118+00"
812,"855757095","7439766390","@HeartifiliaFT",NULL,NULL,"2025-10-22 18:13:19.4594+00"
813,"855757095","7032013638","Heyy",NULL,NULL,"2025-10-22 18:18:38.874822+00"
814,"7032013638","855757095","Hi",NULL,NULL,"2025-10-22 18:19:17.807214+00"
815,"7032013638","855757095","Hi",NULL,NULL,"2025-10-22 18:19:27.628924+00"
816,"855757095","7032013638","What's up",NULL,NULL,"2025-10-22 18:20:13.626086+00"
817,"855757095","7032013638","Did you get to create the community you were talking about",NULL,NULL,"2025-10-22 18:20:29.337922+00"
818,"7032013638","855757095","I just opened a grp yesterday. I plan on building it.",NULL,NULL,"2025-10-22 18:21:05.453171+00"
819,"7032013638","855757095","So u send me ur usernamr",NULL,NULL,"2025-10-22 18:21:47.810738+00"
820,"7032013638","855757095","Dm, i need ur acc",NULL,NULL,"2025-10-22 18:22:11.161623+00"
821,"855757095","7032013638","@HeartifiliaFT",NULL,NULL,"2025-10-22 18:22:20.924152+00"
822,"5713614056","6634362515","Howdy",NULL,NULL,"2025-10-23 09:23:07.370193+00"
823,"5713614056","6634362515","Ur responses are kinda sharp...it hurts man",NULL,NULL,"2025-10-23 09:23:19.915539+00"
824,"6634362515","5713614056","Ik",NULL,NULL,"2025-10-23 09:23:31.023213+00"
825,"6634362515","5713614056","That's the point",NULL,NULL,"2025-10-23 09:23:37.157902+00"
826,"8109112246","5014292785","We will share a dinner soon",NULL,NULL,"2025-10-23 13:53:34.890598+00"
827,"5014292785","8109112246","Ymn dinner",NULL,NULL,"2025-10-23 13:53:45.581114+00"
828,"8109112246","5014292785","Just get dinner,drunk and enjoy😉",NULL,NULL,"2025-10-23 13:54:20.0902+00"
829,"5014292785","5237102694","Who r u?",NULL,NULL,"2025-10-23 13:54:30.180112+00"
830,"5237102694","5014292785","What do u mean?",NULL,NULL,"2025-10-23 13:54:58.163688+00"
831,"5014292785","5237102694","Who am I speaking to",NULL,NULL,"2025-10-23 13:55:09.344601+00"
832,"5237102694","5014292785","Just random guy in 6 killo...hope ur here to and wonder if I can get some",NULL,NULL,"2025-10-23 13:55:50.586763+00"
833,"5014292785","5237102694","Get some what",NULL,NULL,"2025-10-23 13:56:13.645952+00"
834,"8109112246","5014292785","Do u Mind?",NULL,NULL,"2025-10-23 13:56:16.124525+00"
835,"5237102694","5014292785","Some time from u...cls yizen",NULL,NULL,"2025-10-23 13:57:00.252607+00"
836,"5014292785","5237102694","Jezba",NULL,NULL,"2025-10-23 13:57:09.786376+00"
837,"5014292785","5237102694","Do u think u r talking to a prostitute",NULL,NULL,"2025-10-23 13:57:40.506157+00"
838,"5237102694","5014292785","Why tho😢😳😳",NULL,NULL,"2025-10-23 13:57:47.983384+00"
839,"5237102694","5014292785","Not like that just balefew lijoch endezi siyaregu ayiche nw",NULL,NULL,"2025-10-23 13:58:28.411563+00"
840,"5014292785","5237102694","Mn seyaregu",NULL,NULL,"2025-10-23 13:58:41.080039+00"
841,"5237102694","5014292785","Eza 5 killo jerba yalew bar hido siyasnanu,...",NULL,NULL,"2025-10-23 13:59:56.801866+00"
842,"5237102694","5014292785","Enam body counte snt meselesh...",NULL,NULL,"2025-10-23 14:02:46.281547+00"
843,"8109112246","5014292785","Mn alsh ?",NULL,NULL,"2025-10-23 14:03:16.062094+00"
844,"6170475301","7231257941","hello",NULL,NULL,"2025-10-23 15:17:18.831049+00"
845,"7231257941","6170475301","Hello",NULL,NULL,"2025-10-23 15:19:06.37963+00"
846,"666702479","8132883465","What r the online tasks bruh",NULL,NULL,"2025-10-23 19:50:14.217379+00"
847,"6692034060","7032013638","I came across your user name on aau confessions comment section discussing the desire to create aau atheist/ agnostic group. I consider myself as an agnostic and want to join such groups.",NULL,NULL,"2025-10-23 20:53:58.056207+00"
848,"7032013638","6692034060","Send me ur user name I've already created one...",NULL,NULL,"2025-10-23 20:54:46.611409+00"
849,"6692034060","7032013638","Thank you!
@courageousnigga",NULL,NULL,"2025-10-23 20:55:21.937237+00"
850,"7032013638","6692034060","I hope u're not a tracker. I've said things which could led to stoning 😭😁😂",NULL,NULL,"2025-10-23 20:55:31.18168+00"
851,"6692034060","7032013638","Oh no brah😆😆",NULL,NULL,"2025-10-23 20:55:52.242537+00"
852,"7032013638","6692034060","Tf is wiz Ur story",NULL,NULL,"2025-10-23 20:56:23.049508+00"
853,"7032013638","6692034060","I'll add u😁",NULL,NULL,"2025-10-23 20:56:56.668453+00"
854,"8105323981","666702479","Man what kind of wild things u talkin about??",NULL,NULL,"2025-10-24 07:30:34.750703+00"
855,"7032013638","6634362515","https://t.me/+WGbuax5fQ0pkNWU0",NULL,NULL,"2025-10-24 07:59:39.174809+00"
856,"7032013638","6634362515","U an atheist right?",NULL,NULL,"2025-10-24 08:00:05.762923+00"
857,"1712195775","5647903240","👋 hi, are u an atheist?",NULL,NULL,"2025-10-24 08:02:41.62012+00"
858,"5647903240","1712195775","No",NULL,NULL,"2025-10-24 08:03:33.215158+00"
859,"7032013638","6634362515","👋hi... U an atheist. right?",NULL,NULL,"2025-10-24 08:03:43.91897+00"
860,"1712195775","5647903240","Alr, sry 2 bother u?",NULL,NULL,"2025-10-24 08:08:34.474874+00"
861,"1712195775","5647903240","Confession #2756

For muslims especially women like why are u people still muslim and even worse why are u defending it? Like I've tried to listen to muslim scholars and debates and honestly islam is really a fucked up dangerous ideology for freedom, social progress 
... overall for development like what do u mean mohammed married a 6 year old and 🍇 her at 9(he was 50+ degmo) and he had 12 wives and promises more( something like 72 ) in heaven, it even allowed slavery and he raped and allowed raping slaves and also it gave men the right to beat wives who refuse sex(seriously this is fucked up) , a woman’s testimony is treated as half a man’s and inheritance laws give male heirs twice the share of female heirs, thieves can be punished by having their hands cut off (as if thieves had it easy like im not defending stealing but cutting their hands is straight ድድብና) and adultery is punished by stoning(another ድድብና) leaving islam and blasphemy carry death penalties(and yeah islamic countries still allows that according to sharia law), Muslim men can marry christian or jewish women but muslim women are barred from marrying non muslim men(is this the equality u guys gave for women), Free Muslims can’t be enslaved but non muslims could be,  drinking alcohol can mean 40–80 lashes(again drinking is bad but violence is worse) and these aren’t the only fucked up things i saw ur imams say like  there are many more examples  and it’s no wonder most countries see islamic law as backward and u can all it “Islamophobia” if you want but people should wake up and if your religion is true, defend it without attacking others also for girls only why do u guys wear hijab like even if it's not mandatory why do u think ur allah ordered it

#Religion #Mental
I thought u might be atheist...",NULL,NULL,"2025-10-24 08:09:38.150607+00"
862,"6634362515","7032013638","I mostly identify as an agnostic.. but yes",NULL,NULL,"2025-10-24 08:34:09.795238+00"
863,"7032013638","6634362515","I see... bro I'm building an atheist and agnostic community. I opened a grp ts week, so join and help us get more members...
https://t.me/+WGbuax5fQ0pkNWU0",NULL,NULL,"2025-10-24 09:33:25.842363+00"
864,"7205880436","7388700051","Hey",NULL,NULL,"2025-10-24 14:06:29.400297+00"
865,"7388700051","7205880436","halo",NULL,NULL,"2025-10-24 14:52:36.881526+00"
866,"8178595410","5799933418","Ru male or female?",NULL,NULL,"2025-10-24 16:46:32.859509+00"
867,"5799933418","8178595410","Male .
what the?",NULL,NULL,"2025-10-24 16:48:11.57852+00"
868,"8178595410","5799933418","Ur male ...so he used ur anus🤕🥹",NULL,NULL,"2025-10-24 16:50:01.70227+00"
869,"8178595410","5799933418","Im female i could help that nbr eko 😞🤕",NULL,NULL,"2025-10-24 16:50:11.19609+00"
870,"5799933418","8178595410","Then help 
Give me your..",NULL,NULL,"2025-10-24 16:53:52.679257+00"
871,"5924560478","1377944646","Hay sry I didn't know how this bot worked",NULL,NULL,"2025-10-24 19:02:19.467347+00"
872,"5924560478","1377944646","How did u say you gonna help again?",NULL,NULL,"2025-10-24 19:24:51.805057+00"
873,"8178595410","7293631010","Hey selam ru freshman? M/f?",NULL,NULL,"2025-10-25 11:19:12.615513+00"
874,"8327870332","5014292785","why are you in this bot 24 7",NULL,NULL,"2025-10-25 11:23:05.717811+00"
875,"5014292785","8327870332","Not only in this bot. I'm just chronically online",NULL,NULL,"2025-10-25 11:23:30.454654+00"
876,"6356474261","5014292785","Hey there",NULL,NULL,"2025-10-25 12:08:17.47077+00"
877,"5014292785","6356474261","Hi",NULL,NULL,"2025-10-25 12:09:51.578588+00"
878,"6356474261","5014292785","Send me ur tg account",NULL,NULL,"2025-10-25 12:11:13.691395+00"
880,"6634362515","5713614056","Bonjour",NULL,NULL,"2025-10-25 15:32:23.738217+00"
881,"6634362515","5713614056","/confess",NULL,NULL,"2025-10-25 16:25:26.623544+00"
882,"8141527168","6692034060","So here u are",NULL,NULL,"2025-10-25 19:24:25.105154+00"
883,"8141527168","6692034060","i'm not sure if i send it or 
Anyways talk to me if u get the message",NULL,NULL,"2025-10-25 19:26:00.85278+00"
884,"6692034060","8141527168","Which message? I am already talking with you. Contact u with @Oceaneyes556. Right?",NULL,NULL,"2025-10-25 19:27:22.499189+00"
885,"8141527168","6692034060","Ow yes",NULL,NULL,"2025-10-25 19:28:14.544054+00"
886,"6499363352","7388700051","Hey 
Jst a question if i follow u does it mean i get notified whenever u comment😀",NULL,NULL,"2025-10-26 09:24:36.186052+00"
887,"7388700051","6499363352","I guess yeah. You'll get ur daily wisdom dose",NULL,NULL,"2025-10-26 09:28:01.417031+00"
888,"6499363352","7388700051","But i say a bunch of things i dont everyone to keep up w 😭
Nvm tnx",NULL,NULL,"2025-10-26 09:29:07.439893+00"
889,"7388700051","6499363352","I followed u cuz it will be easy to attack u",NULL,NULL,"2025-10-26 09:32:48.509966+00"
890,"6499363352","7388700051","Attack ?
U wanna attack me",NULL,NULL,"2025-10-26 09:36:15.419685+00"
891,"7388700051","6499363352","Ja",NULL,NULL,"2025-10-26 09:37:01.821656+00"
892,"6499363352","7388700051","Heh
Omo why do u wanna attack me
Did i say smtn mean to u",NULL,NULL,"2025-10-26 09:39:14.098207+00"
893,"7388700051","6499363352","It's in my nature to attack the weak",NULL,NULL,"2025-10-26 09:41:05.913259+00"
894,"6499363352","7388700051","Me u n gudefela need too have a meeting on how to councel this generation clearly we are the wise fathers",NULL,NULL,"2025-10-26 09:44:09.077688+00"
895,"7388700051","6499363352","Are u implying a threesome or I'm reading the room wrong",NULL,NULL,"2025-10-26 09:47:32.101546+00"
896,"6499363352","7388700051","Uk what 
Have a good day the confessions are already traumatic enough",NULL,NULL,"2025-10-26 09:49:18.756669+00"
897,"7388700051","6499363352","😂😂I'm playin",NULL,NULL,"2025-10-26 09:50:16.979385+00"
898,"6499363352","7388700051","U better be",NULL,NULL,"2025-10-26 09:56:48.67651+00"
899,"7388700051","6499363352","Gday",NULL,NULL,"2025-10-26 10:04:01.062238+00"
900,"1115042518","8487387358","han🥲class jemerachu",NULL,NULL,"2025-10-26 12:56:28.267216+00"
901,"8487387358","1115042518","Man neh",NULL,NULL,"2025-10-26 12:57:10.562687+00"
902,"1115042518","8487387358","Hehe your sub boy lbelsh😂anchima andun tebseshal kfu🥹",NULL,NULL,"2025-10-26 12:58:09.109078+00"
903,"7388700051","6499363352","did u solve the scavenger hunt thing??",NULL,NULL,"2025-10-26 14:11:23.395016+00"
904,"6499363352","7388700051","Wait im not even playing the game
Is there a link mnamn join ladrg",NULL,NULL,"2025-10-26 14:11:58.138723+00"
905,"7388700051","6499363352","how do u have 100 points tadiya?",NULL,NULL,"2025-10-26 14:14:02.011742+00"
906,"7388700051","6499363352","there is a 5k games button in the bot now. and it has the first clue",NULL,NULL,"2025-10-26 14:14:29.629993+00"
907,"6499363352","7388700051","I have some connections here and there😉",NULL,NULL,"2025-10-26 14:14:47.460528+00"
908,"6499363352","7388700051","Lene almetalgnm",NULL,NULL,"2025-10-26 14:15:05.201515+00"
909,"6499363352","7388700051","Smama whats the hint u were given",NULL,NULL,"2025-10-26 14:19:20.798437+00"
910,"7388700051","6499363352","🔎 Scavenger Hunt

Every secret has a beginning… Find where it all started. The first words ever spoken hold your first clue its out there for everybody to see",NULL,NULL,"2025-10-26 14:19:34.549086+00"
911,"6499363352","7388700051","And u can get 100 points by reading there privacy info i jst was reading it this morning ena when u finish u can claim the points",NULL,NULL,"2025-10-26 14:20:29.987773+00"
912,"6499363352","7388700051","Omg smae clue mn yhon",NULL,NULL,"2025-10-26 14:20:38.575991+00"
913,"7388700051","6499363352","i solved it",NULL,NULL,"2025-10-26 14:21:32.303546+00"
914,"7388700051","6499363352","i thought u did too",NULL,NULL,"2025-10-26 14:21:37.468794+00"
915,"6499363352","7388700051","No i didnt",NULL,NULL,"2025-10-26 14:21:43.81003+00"
916,"7388700051","6499363352","and was surprised that u maybe solved it",NULL,NULL,"2025-10-26 14:22:01.070691+00"
917,"7388700051","6499363352","i did",NULL,NULL,"2025-10-26 14:22:20.250702+00"
918,"6499363352","7388700051","No i jst read the rules version updates mnamn",NULL,NULL,"2025-10-26 14:22:25.297331+00"
919,"6499363352","7388700051","How do u type in ur answer for the scavenger hunt",NULL,NULL,"2025-10-26 14:25:00.791058+00"
920,"7388700051","6499363352","u dont type. its like a clue that leads to another clue mnamn then at the end u will get a link then u will win",NULL,NULL,"2025-10-26 14:26:09.04759+00"
921,"6499363352","7388700051","Ee aw aw i jst found clue 2 😀
Im so confused where does everyone decide who they are",NULL,NULL,"2025-10-26 14:27:35.067116+00"
922,"6499363352","7388700051","I found clue 3 yeaaay",NULL,NULL,"2025-10-26 14:28:30.379375+00"
923,"6499363352","7388700051","Man why u still got 50 points i told u there is a hunt for a free point its in the menu",NULL,NULL,"2025-10-26 14:31:50.230228+00"
924,"6499363352","7388700051","U need to help me out",NULL,NULL,"2025-10-26 14:38:00.015691+00"
925,"7388700051","6499363352","yetu gar nesh ahun",NULL,NULL,"2025-10-26 14:40:52.039514+00"
926,"7388700051","6499363352","what does the clue say?",NULL,NULL,"2025-10-26 14:41:01.508158+00"
927,"6499363352","7388700051","Replying to:

CLUE 4: Before five came three.Go back to the joy we shared then, the answer’s watching from the top right.",NULL,NULL,"2025-10-26 14:41:05.611509+00"
928,"7388700051","6499363352","like there is a msg (image) posted when the channel reached 3k",NULL,NULL,"2025-10-26 14:41:50.312541+00"
929,"7388700051","6499363352","look there",NULL,NULL,"2025-10-26 14:41:56.257299+00"
930,"6499363352","7388700051","Uk what nvm",NULL,NULL,"2025-10-26 14:43:24.688017+00"
931,"6499363352","7388700051","Clue 5 is even confusing",NULL,NULL,"2025-10-26 14:43:36.270016+00"
932,"6499363352","7388700051","Oh wait its the description😭",NULL,NULL,"2025-10-26 14:44:23.13359+00"
933,"6499363352","7388700051","/privacy",NULL,NULL,"2025-10-26 14:44:45.95217+00"
934,"7388700051","6499363352","i think u won accidentaly😂",NULL,NULL,"2025-10-26 14:45:00.865511+00"
935,"6499363352","7388700051","Yes 😭",NULL,NULL,"2025-10-26 14:45:05.943548+00"
936,"6499363352","7388700051","I feel like stupid person😭",NULL,NULL,"2025-10-26 14:45:16.631636+00"
937,"6499363352","7388700051","Yale flagote ashenefku 
And u knew but u didnt say anything😭",NULL,NULL,"2025-10-26 14:45:41.052438+00"
938,"7388700051","6499363352","damn nd i tot u were smart",NULL,NULL,"2025-10-26 14:45:54.0855+00"
939,"6499363352","7388700051","U literally gave me 1 hint i did it on my own",NULL,NULL,"2025-10-26 14:46:46.521547+00"
940,"7388700051","6499363352","u couldnt solve it w out ma help so..",NULL,NULL,"2025-10-26 14:50:04.267817+00"
941,"6499363352","7388700051","But i did tho 
I did it without knowing there was a game",NULL,NULL,"2025-10-26 14:50:24.783373+00"
942,"7388700051","6499363352","thats luck😭 why would u even read /privacy",NULL,NULL,"2025-10-26 14:51:51.509047+00"
943,"6499363352","7388700051","Idk i was just trying to see if they had a loophole we didnt know so they were tring to get our info mnamn 
Bcha i decided at 8 in the morning",NULL,NULL,"2025-10-26 14:55:36.53058+00"
944,"6499363352","5095946794","I feel bad i gotta tell u what the clue means girly",NULL,NULL,"2025-10-26 15:39:26.642782+00"
945,"6499363352","5095946794","Check their post when they had 3k subs",NULL,NULL,"2025-10-26 15:39:48.772378+00"
946,"5095946794","6499363352","I found clue 6 before clue 5 when i went to the bio
But thanks",NULL,NULL,"2025-10-26 15:41:36.601763+00"
947,"5095946794","6499363352","I found clue 6 before clue 5 when i went to the bio
But thanks",NULL,NULL,"2025-10-26 15:41:52.074648+00"
948,"5095946794","6499363352","Did you find the 7th clue? 
What is invisible hidden in plain sight?????",NULL,NULL,"2025-10-26 16:05:43.522739+00"
949,"6499363352","5095946794","Its on the bot menu 
Go to the privacy info",NULL,NULL,"2025-10-26 16:11:30.580167+00"
950,"5095946794","6499363352","/privacy",NULL,NULL,"2025-10-26 16:11:51.218008+00"
951,"5095946794","6499363352","Thank you🙏
I kept sending messages by accident.",NULL,NULL,"2025-10-26 16:13:21.526055+00"
952,"6499363352","5095946794","Its ok",NULL,NULL,"2025-10-26 16:18:07.154039+00"
953,"8425643190","1103065697","Hey",NULL,NULL,"2025-10-27 15:55:49.423488+00"
954,"8425643190","1103065697","Selam nw😊",NULL,NULL,"2025-10-27 16:01:01.276695+00"
955,"8425643190","1103065697","You don’t have to raise your voice — I already know who’s in charge😁

Rizz from ur sincerely 😁",NULL,NULL,"2025-10-27 16:21:33.30307+00"
