"user_id","has_accepted_rules","is_blocked","blocked_until","block_reason","nickname","comments_per_page","nickname_last_changed_at","profile_emoji","profile_emoji_last_changed_at","bio","allow_contact","gender","campus","year","department","interests","show_gender","show_campus","show_year","show_department","show_interests","notify_on_confession_comment","notify_on_comment_reply","notify_on_like","notify_on_followed_user_activity","profile_token"
"7860758921",False,False,NULL,NULL,NULL,NULL,NULL,NULL,NULL,NULL,True,NULL,NULL,NULL,NULL,NULL,False,False,False,False,False,True,True,True,True,NULL
"5457846437",True,False,NULL,NULL,NULL,NULL,NULL,NULL,NULL,NULL,True,NULL,NULL,NULL,NULL,NULL,False,False,False,False,False,True,True,True,True,NULL
"905843218",True,False,NULL,NULL,NULL,NULL,NULL,NULL,NULL,NULL,True,NULL,NULL,NULL,NULL,NULL,False,False,False,False,False,True,True,True,True,NULL
"8346547126",True,False,NULL,NULL,NULL,NULL,NULL,NULL,NULL,NULL,True,NULL,NULL,NULL,NULL,NULL,False,False,False,False,False,True,True,True,True,NULL
"6879605143",True,False,NULL,NULL,NULL,NULL,NULL,NULL,NULL,NULL,True,NULL,NULL,NULL,NULL,NULL,False,False,False,False,False,True,True,True,True,NULL
"6507987020",True,False,NULL,NULL,"Funny popcorn",NULL,"2025-10-23 05:06:35.950947+00",NULL,NULL,NULL,True,NULL,NULL,NULL,NULL,NULL,False,False,False,False,False,True,True,True,True,NULL
"1246561891",True,False,NULL,NULL,NULL,NULL,NULL,NULL,NULL,NULL,True,NULL,NULL,NULL,NULL,NULL,False,False,False,False,False,True,True,True,True,NULL
"1152409369",True,False,NULL,NULL,NULL,NULL,NULL,NULL,NULL,NULL,True,NULL,NULL,NULL,NULL,NULL,False,False,False,False,False,True,True,True,True,"7kaWuoripZg"
"1237099561",True,False,NULL,NULL,"Kuku",0,"2025-09-28 14:15:11.32705+00","👩",NULL,NULL,True,NULL,NULL,NULL,NULL,NULL,False,False,False,False,False,True,True,True,True,NULL
"626068749",True,False,NULL,NULL,NULL,NULL,NULL,NULL,NULL,NULL,True,NULL,NULL,NULL,NULL,NULL,False,False,False,False,False,True,True,True,True,NULL
"747057441",True,False,NULL,NULL,"Itzzme",NULL,"2025-10-04 15:13:25.362669+00",NULL,NULL,NULL,True,NULL,NULL,NULL,NULL,NULL,False,False,False,False,False,True,True,True,True,NULL
"1746332408",True,False,NULL,NULL,"one love",NULL,"2025-10-06 08:49:13.697489+00","😎",NULL,NULL,True,NULL,NULL,NULL,NULL,NULL,False,False,False,False,False,True,True,True,True,"sYdWDnlYrGg"
"1329466621",True,False,NULL,NULL,NULL,NULL,NULL,NULL,NULL,NULL,True,NULL,NULL,NULL,NULL,NULL,False,False,False,False,False,True,True,True,True,NULL
"7013993338",True,False,NULL,NULL,NULL,NULL,NULL,NULL,NULL,NULL,True,NULL,NULL,NULL,NULL,NULL,False,False,False,False,False,True,True,True,True,NULL
"6857380990",True,False,NULL,NULL,NULL,NULL,NULL,NULL,NULL,NULL,True,NULL,NULL,NULL,NULL,NULL,False,False,False,False,False,True,True,True,True,NULL
"420521982",True,False,NULL,NULL,NULL,NULL,NULL,NULL,NULL,NULL,True,NULL,NULL,NULL,NULL,NULL,False,False,False,False,False,True,True,True,True,NULL
"5092379124",True,False,NULL,NULL,"Verdant Sun",NULL,"2025-10-05 09:35:18.423054+00","☀️",NULL,NULL,True,NULL,NULL,NULL,NULL,NULL,False,False,False,False,False,True,True,True,True,"1u4QFVOeUHg"
"5400588836",True,False,NULL,NULL,NULL,NULL,NULL,NULL,NULL,NULL,True,NULL,NULL,NULL,NULL,NULL,False,False,False,False,False,True,True,True,True,NULL
"733055100",True,False,NULL,NULL,NULL,NULL,NULL,NULL,NULL,NULL,True,NULL,NULL,NULL,NULL,NULL,False,False,False,False,False,True,True,True,True,NULL
"1288645124",True,False,NULL,NULL,NULL,NULL,NULL,NULL,NULL,NULL,True,NULL,NULL,NULL,NULL,NULL,False,False,False,False,False,True,True,True,True,NULL
"7239777085",True,False,NULL,NULL,NULL,NULL,NULL,NULL,NULL,NULL,True,NULL,NULL,NULL,NULL,NULL,False,False,False,False,False,True,True,True,True,"Yy4VRcPoDKg"
"1011634385",True,False,NULL,NULL,NULL,NULL,NULL,NULL,NULL,NULL,True,NULL,NULL,NULL,NULL,NULL,False,False,False,False,False,True,True,True,True,NULL
"8008734645",True,False,NULL,NULL,NULL,NULL,NULL,NULL,NULL,NULL,True,NULL,NULL,NULL,NULL,NULL,False,False,False,False,False,True,True,True,True,NULL
"1489180149",True,False,NULL,NULL,NULL,NULL,NULL,NULL,NULL,NULL,True,NULL,NULL,NULL,NULL,NULL,False,False,False,False,False,True,True,True,True,NULL
"714316822",True,False,NULL,NULL,NULL,NULL,NULL,NULL,NULL,NULL,True,NULL,NULL,NULL,NULL,NULL,False,False,False,False,False,True,True,True,True,NULL
"7213390613",True,False,NULL,NULL,NULL,NULL,NULL,NULL,NULL,NULL,True,NULL,NULL,NULL,NULL,NULL,False,False,False,False,False,True,True,True,True,NULL
"5337480635",True,False,NULL,NULL,NULL,NULL,NULL,NULL,NULL,NULL,True,NULL,NULL,NULL,NULL,NULL,False,False,False,False,False,True,True,True,True,NULL
"7442471091",True,False,NULL,NULL,NULL,NULL,NULL,NULL,NULL,NULL,True,NULL,NULL,NULL,NULL,NULL,False,False,False,False,False,True,True,True,True,NULL
"6155030600",True,False,NULL,NULL,NULL,NULL,NULL,NULL,NULL,NULL,True,NULL,NULL,NULL,NULL,NULL,False,False,False,False,False,True,True,True,True,NULL
"7201782013",True,False,NULL,NULL,NULL,NULL,NULL,NULL,NULL,NULL,True,NULL,NULL,NULL,NULL,NULL,False,False,False,False,False,True,True,True,True,NULL
"5543723797",True,False,NULL,NULL,NULL,NULL,NULL,NULL,NULL,NULL,True,NULL,NULL,NULL,NULL,NULL,False,False,False,False,False,True,True,True,True,NULL
"576362523",True,False,NULL,NULL,NULL,NULL,NULL,NULL,NULL,NULL,True,NULL,NULL,NULL,NULL,NULL,False,False,False,False,False,True,True,True,True,NULL
"1470324488",True,False,NULL,NULL,NULL,NULL,NULL,NULL,NULL,NULL,True,NULL,NULL,NULL,NULL,NULL,False,False,False,False,False,True,True,True,True,NULL
"6174394307",True,False,NULL,NULL,NULL,NULL,NULL,NULL,NULL,NULL,True,NULL,NULL,NULL,NULL,NULL,False,False,False,False,False,True,True,True,True,NULL
"5807570391",True,False,NULL,NULL,NULL,NULL,NULL,NULL,NULL,NULL,True,NULL,NULL,NULL,NULL,NULL,False,False,False,False,False,True,True,True,True,NULL
"6066758984",True,False,NULL,NULL,NULL,NULL,NULL,NULL,NULL,NULL,True,NULL,NULL,NULL,NULL,NULL,False,False,False,False,False,True,True,True,True,NULL
"8031207818",True,False,NULL,NULL,NULL,NULL,NULL,NULL,NULL,NULL,True,NULL,NULL,NULL,NULL,NULL,False,False,False,False,False,True,True,True,True,NULL
"5563459400",True,False,NULL,NULL,"CEO of clownery",20,"2025-10-05 14:46:29.596137+00",NULL,NULL,NULL,False,NULL,NULL,NULL,NULL,NULL,False,False,False,False,False,True,True,True,True,NULL
"898224518",True,False,NULL,NULL,"Solstice",NULL,"2025-09-26 14:45:00.091299+00","😎",NULL,NULL,True,"Male",NULL,NULL,NULL,NULL,False,False,False,False,False,True,True,True,True,NULL
"1130347596",True,False,NULL,NULL,NULL,NULL,NULL,NULL,NULL,NULL,True,NULL,NULL,NULL,NULL,NULL,False,False,False,False,False,True,True,True,True,NULL
"873895016",True,False,NULL,NULL,NULL,NULL,NULL,NULL,NULL,NULL,True,NULL,NULL,NULL,NULL,NULL,False,False,False,False,False,True,True,True,True,NULL
"6555304125",True,False,NULL,NULL,NULL,NULL,NULL,NULL,NULL,NULL,True,NULL,NULL,NULL,NULL,NULL,False,False,False,False,False,True,True,True,True,NULL
"7999867339",True,False,NULL,NULL,NULL,NULL,NULL,NULL,NULL,NULL,True,NULL,NULL,NULL,NULL,NULL,False,False,False,False,False,True,True,True,True,NULL
"5575895227",True,False,NULL,NULL,NULL,NULL,NULL,NULL,NULL,NULL,True,NULL,NULL,NULL,NULL,NULL,False,False,False,False,False,True,True,True,True,NULL
"765597159",True,False,NULL,NULL,NULL,NULL,NULL,NULL,NULL,NULL,True,NULL,NULL,NULL,NULL,NULL,False,False,False,False,False,True,True,True,True,NULL
"7844339050",True,False,NULL,NULL,NULL,NULL,NULL,NULL,NULL,NULL,True,NULL,NULL,NULL,NULL,NULL,False,False,False,False,False,True,True,True,True,NULL
"7758177630",True,False,NULL,NULL,NULL,NULL,NULL,NULL,NULL,NULL,True,NULL,NULL,NULL,NULL,NULL,False,False,False,False,False,True,True,True,True,NULL
"1729891107",True,False,NULL,NULL,NULL,NULL,NULL,NULL,NULL,NULL,True,NULL,NULL,NULL,NULL,NULL,False,False,False,False,False,True,True,True,True,NULL
"7181072073",True,False,NULL,NULL,NULL,NULL,NULL,NULL,NULL,NULL,True,NULL,NULL,NULL,NULL,NULL,False,False,False,False,False,True,True,True,True,NULL
"7290942021",True,False,NULL,NULL,NULL,NULL,NULL,NULL,NULL,NULL,True,NULL,NULL,NULL,NULL,NULL,False,False,False,False,False,True,True,True,True,NULL
"802131145",True,False,NULL,NULL,NULL,20,NULL,"☀️",NULL,NULL,True,"Female",NULL,NULL,NULL,NULL,True,False,False,False,False,True,True,True,True,NULL
"7541045100",True,False,NULL,NULL,NULL,NULL,NULL,NULL,NULL,NULL,True,NULL,NULL,NULL,NULL,NULL,False,False,False,False,False,True,True,True,True,NULL
"1222542336",True,False,NULL,NULL,"YouWho",NULL,"2025-09-14 21:06:38.105406+00","☀️",NULL,NULL,True,NULL,NULL,NULL,NULL,NULL,False,False,False,False,False,True,True,True,True,"fT6pCfEyCmo"
"5172623990",True,False,NULL,NULL,NULL,NULL,NULL,NULL,NULL,NULL,True,NULL,NULL,NULL,NULL,NULL,False,False,False,False,False,True,True,True,True,NULL
"1898734887",True,False,NULL,NULL,NULL,NULL,NULL,NULL,NULL,NULL,True,NULL,NULL,NULL,NULL,NULL,False,False,False,False,False,True,True,True,True,NULL
"6687809647",False,True,NULL,"Posting Ads",NULL,NULL,NULL,NULL,NULL,NULL,True,NULL,NULL,NULL,NULL,NULL,False,False,False,False,False,True,True,True,True,NULL
"6309101296",True,False,NULL,NULL,NULL,NULL,NULL,NULL,NULL,NULL,True,NULL,NULL,NULL,NULL,NULL,False,False,False,False,False,True,True,True,True,NULL
"5100043461",True,False,NULL,NULL,NULL,NULL,NULL,NULL,NULL,NULL,True,NULL,NULL,NULL,NULL,NULL,False,False,False,False,False,True,True,True,True,NULL
"838880186",True,False,NULL,NULL,"God",NULL,"2025-09-06 14:17:50.821007+00","😎",NULL,NULL,True,NULL,NULL,NULL,NULL,NULL,False,False,False,False,False,True,True,True,True,NULL
"2051390526",True,False,NULL,NULL,NULL,NULL,NULL,NULL,NULL,NULL,True,NULL,NULL,NULL,NULL,NULL,False,False,False,False,False,True,True,True,True,NULL
"6839822722",True,False,NULL,NULL,NULL,NULL,NULL,NULL,NULL,NULL,True,NULL,NULL,NULL,NULL,NULL,False,False,False,False,False,True,True,True,True,NULL
"7773846469",True,False,NULL,NULL,NULL,NULL,NULL,"✨",NULL,NULL,True,NULL,NULL,NULL,NULL,NULL,False,False,False,False,False,True,True,True,True,"U5vbvDOlo7Y"
"989260246",True,False,NULL,NULL,NULL,NULL,NULL,NULL,NULL,NULL,True,NULL,NULL,NULL,NULL,NULL,False,False,False,False,False,True,True,True,True,"w55aT4g9_mU"
"1073206835",True,False,NULL,NULL,NULL,NULL,NULL,NULL,NULL,NULL,True,NULL,NULL,NULL,NULL,NULL,False,False,False,False,False,True,True,True,True,NULL
"5788201459",True,False,NULL,NULL,NULL,NULL,NULL,NULL,NULL,NULL,True,NULL,NULL,NULL,NULL,NULL,False,False,False,False,False,True,True,True,True,NULL
"1993823299",True,False,NULL,NULL,NULL,NULL,NULL,NULL,NULL,NULL,True,NULL,NULL,NULL,NULL,NULL,False,False,False,False,False,True,True,True,True,NULL
"1112901936",True,False,NULL,NULL,NULL,NULL,NULL,NULL,NULL,NULL,True,NULL,NULL,NULL,NULL,NULL,False,False,False,False,False,True,True,True,True,NULL
"1784827142",True,False,NULL,NULL,NULL,NULL,NULL,NULL,NULL,NULL,True,NULL,NULL,NULL,NULL,NULL,False,False,False,False,False,True,True,True,True,"QYvcnxcx-x0"
"6733215848",True,False,NULL,NULL,NULL,NULL,NULL,NULL,NULL,NULL,True,NULL,NULL,NULL,NULL,NULL,False,False,False,False,False,True,True,True,True,NULL
"6121699947",True,False,NULL,NULL,NULL,NULL,NULL,NULL,NULL,NULL,True,NULL,NULL,NULL,NULL,NULL,False,False,False,False,False,True,True,True,True,NULL
"5092828766",True,False,NULL,NULL,NULL,NULL,NULL,NULL,NULL,NULL,True,NULL,NULL,NULL,NULL,NULL,False,False,False,False,False,True,True,True,True,NULL
"494152601",True,False,NULL,NULL,NULL,NULL,NULL,NULL,NULL,NULL,True,NULL,NULL,NULL,NULL,NULL,False,False,False,False,False,True,True,True,True,NULL
"5494647233",True,False,NULL,NULL,NULL,NULL,NULL,NULL,NULL,NULL,True,NULL,NULL,NULL,NULL,NULL,False,False,False,False,False,True,True,True,True,NULL
"7410805359",True,False,NULL,NULL,NULL,NULL,NULL,NULL,NULL,NULL,True,NULL,NULL,NULL,NULL,NULL,False,False,False,False,False,True,True,True,True,NULL
"6561325518",True,False,NULL,NULL,NULL,NULL,NULL,NULL,NULL,NULL,True,NULL,NULL,NULL,NULL,NULL,False,False,False,False,False,True,True,True,True,NULL
"7508478659",True,False,NULL,NULL,NULL,NULL,NULL,NULL,NULL,NULL,True,NULL,NULL,NULL,NULL,NULL,False,False,False,False,False,True,True,True,True,NULL
"7481221766",True,False,NULL,NULL,NULL,NULL,NULL,NULL,NULL,NULL,True,NULL,NULL,NULL,NULL,NULL,False,False,False,False,False,True,True,True,True,NULL
"5179126315",True,False,NULL,NULL,NULL,NULL,NULL,NULL,NULL,NULL,True,NULL,NULL,NULL,NULL,NULL,False,False,False,False,False,True,True,True,True,NULL
"7067987059",True,False,NULL,NULL,NULL,NULL,NULL,NULL,NULL,NULL,True,NULL,NULL,NULL,NULL,NULL,False,False,False,False,False,True,True,True,True,NULL
"1691714926",True,False,NULL,NULL,NULL,NULL,NULL,NULL,NULL,NULL,True,NULL,NULL,NULL,NULL,NULL,False,False,False,False,False,True,True,True,True,NULL
"5038620134",True,False,NULL,NULL,NULL,NULL,NULL,NULL,NULL,NULL,True,NULL,NULL,NULL,NULL,NULL,False,False,False,False,False,True,True,True,True,NULL
"6822694145",True,False,NULL,NULL,NULL,NULL,NULL,NULL,NULL,NULL,True,NULL,NULL,NULL,NULL,NULL,False,False,False,False,False,True,True,True,True,NULL
"7499038197",True,False,NULL,NULL,NULL,NULL,NULL,NULL,NULL,NULL,True,NULL,NULL,NULL,NULL,NULL,False,False,False,False,False,True,True,True,True,NULL
"5753929428",True,False,NULL,NULL,NULL,NULL,NULL,NULL,NULL,NULL,True,NULL,NULL,NULL,NULL,NULL,False,False,False,False,False,True,True,True,True,NULL
"374360926",True,False,NULL,NULL,NULL,NULL,NULL,NULL,NULL,NULL,True,NULL,NULL,NULL,NULL,NULL,False,False,False,False,False,True,True,True,True,NULL
"7841734709",True,False,NULL,NULL,NULL,NULL,NULL,NULL,NULL,NULL,True,NULL,NULL,NULL,NULL,NULL,False,False,False,False,False,True,True,True,True,NULL
"7025807416",True,False,NULL,NULL,NULL,NULL,NULL,NULL,NULL,NULL,True,NULL,NULL,NULL,NULL,NULL,False,False,False,False,False,True,True,True,True,NULL
"1617143846",True,False,NULL,NULL,NULL,NULL,NULL,NULL,NULL,NULL,True,NULL,NULL,NULL,NULL,NULL,False,False,False,False,False,True,True,True,True,NULL
"5297383392",True,False,NULL,NULL,NULL,NULL,NULL,NULL,NULL,NULL,True,NULL,NULL,NULL,NULL,NULL,False,False,False,False,False,True,True,True,True,NULL
"642702162",True,False,NULL,NULL,NULL,NULL,NULL,NULL,NULL,NULL,True,NULL,NULL,NULL,NULL,NULL,False,False,False,False,False,True,True,True,True,NULL
"5966722613",True,False,NULL,NULL,"Juicy",NULL,"2025-09-28 08:59:29.485041+00","✨",NULL,NULL,True,NULL,NULL,NULL,NULL,NULL,False,False,False,False,False,True,True,True,True,NULL
"6593985522",True,False,NULL,NULL,NULL,NULL,NULL,NULL,NULL,NULL,True,NULL,NULL,NULL,NULL,NULL,False,False,False,False,False,True,True,True,True,NULL
"6168555857",True,False,NULL,NULL,NULL,NULL,NULL,NULL,NULL,NULL,True,NULL,NULL,NULL,NULL,NULL,False,False,False,False,False,True,True,True,True,NULL
"5651671876",True,False,NULL,NULL,NULL,NULL,NULL,NULL,NULL,NULL,True,NULL,NULL,NULL,NULL,NULL,False,False,False,False,False,True,True,True,True,NULL
"7539100688",True,False,NULL,NULL,NULL,NULL,NULL,NULL,NULL,NULL,True,NULL,NULL,NULL,NULL,NULL,False,False,False,False,False,True,True,True,True,NULL
"625575051",True,False,NULL,NULL,NULL,NULL,NULL,NULL,NULL,NULL,True,NULL,NULL,NULL,NULL,NULL,False,False,False,False,False,True,True,True,True,NULL
"6582154303",True,False,NULL,NULL,NULL,NULL,NULL,NULL,NULL,NULL,True,NULL,NULL,NULL,NULL,NULL,False,False,False,False,False,True,True,True,True,NULL
"756628801",True,False,NULL,NULL,NULL,NULL,NULL,NULL,NULL,NULL,True,NULL,NULL,NULL,NULL,NULL,False,False,False,False,False,True,True,True,True,NULL
"7820125704",True,False,NULL,NULL,NULL,NULL,NULL,NULL,NULL,NULL,True,NULL,NULL,NULL,NULL,NULL,False,False,False,False,False,True,True,True,True,NULL
"7709599752",True,False,NULL,NULL,NULL,NULL,NULL,NULL,NULL,NULL,True,NULL,NULL,NULL,NULL,NULL,False,False,False,False,False,True,True,True,True,NULL
"2012907470",True,False,NULL,NULL,NULL,NULL,NULL,NULL,NULL,NULL,True,NULL,NULL,NULL,NULL,NULL,False,False,False,False,False,True,True,True,True,"AVaEiDFmNtw"
"6068700603",True,False,NULL,NULL,NULL,NULL,NULL,NULL,NULL,NULL,True,NULL,NULL,NULL,NULL,NULL,False,False,False,False,False,True,True,True,True,NULL
"1145862362",True,False,NULL,NULL,NULL,NULL,NULL,NULL,NULL,NULL,True,NULL,NULL,NULL,NULL,NULL,False,False,False,False,False,True,True,True,True,NULL
"7928364992",True,False,NULL,NULL,NULL,NULL,NULL,NULL,NULL,NULL,True,NULL,NULL,NULL,NULL,NULL,False,False,False,False,False,True,True,True,True,NULL
"5398360915",True,False,NULL,NULL,NULL,NULL,NULL,NULL,NULL,NULL,True,NULL,NULL,NULL,NULL,NULL,False,False,False,False,False,True,True,True,True,NULL
"820124459",True,False,NULL,NULL,NULL,NULL,NULL,NULL,NULL,NULL,True,NULL,NULL,NULL,NULL,NULL,False,False,False,False,False,True,True,True,True,"VsB1LPuccoo"
"6198210805",True,False,NULL,NULL,NULL,NULL,NULL,NULL,NULL,NULL,True,NULL,NULL,NULL,NULL,NULL,False,False,False,False,False,True,True,True,True,NULL
"5836033631",True,False,NULL,NULL,NULL,NULL,NULL,NULL,NULL,NULL,True,NULL,NULL,NULL,NULL,NULL,False,False,False,False,False,True,True,True,True,NULL
"6337775931",True,False,NULL,NULL,NULL,NULL,NULL,NULL,NULL,NULL,True,NULL,NULL,NULL,NULL,NULL,False,False,False,False,False,True,True,True,True,NULL
"1298849354",True,False,NULL,NULL,NULL,NULL,NULL,NULL,NULL,NULL,True,NULL,NULL,NULL,NULL,NULL,False,False,False,False,False,True,True,True,True,NULL
"6642629298",True,False,NULL,NULL,NULL,NULL,NULL,NULL,NULL,NULL,True,NULL,NULL,NULL,NULL,NULL,False,False,False,False,False,True,True,True,True,NULL
"1365780684",True,False,NULL,NULL,NULL,NULL,NULL,NULL,NULL,NULL,True,NULL,NULL,NULL,NULL,NULL,False,False,False,False,False,True,True,True,True,NULL
"1784010491",True,False,NULL,NULL,NULL,NULL,NULL,NULL,NULL,NULL,True,NULL,NULL,NULL,NULL,NULL,False,False,False,False,False,True,True,True,True,NULL
"818616927",True,False,NULL,NULL,NULL,NULL,NULL,NULL,NULL,NULL,True,NULL,NULL,NULL,NULL,NULL,False,False,False,False,False,True,True,True,True,NULL
"8111064287",True,False,NULL,NULL,NULL,NULL,NULL,NULL,NULL,NULL,True,NULL,NULL,NULL,NULL,NULL,False,False,False,False,False,True,True,True,True,NULL
"6323386905",True,False,NULL,NULL,NULL,NULL,NULL,NULL,NULL,NULL,True,NULL,NULL,NULL,NULL,NULL,False,False,False,False,False,True,True,True,True,NULL
"6184838934",True,False,NULL,NULL,NULL,NULL,NULL,NULL,NULL,NULL,True,NULL,NULL,NULL,NULL,NULL,False,False,False,False,False,True,True,True,True,NULL
"886552241",True,False,NULL,NULL,NULL,NULL,NULL,NULL,NULL,NULL,True,NULL,NULL,NULL,NULL,NULL,False,False,False,False,False,True,True,True,True,NULL
"1414869452",True,False,NULL,NULL,NULL,NULL,NULL,NULL,NULL,NULL,True,NULL,NULL,NULL,NULL,NULL,False,False,False,False,False,True,True,True,True,NULL
"1198287475",True,False,NULL,NULL,NULL,NULL,NULL,NULL,NULL,NULL,True,NULL,NULL,NULL,NULL,NULL,False,False,False,False,False,True,True,True,True,NULL
"794849648",True,False,NULL,NULL,NULL,NULL,NULL,NULL,NULL,NULL,True,NULL,NULL,NULL,NULL,NULL,False,False,False,False,False,True,True,True,True,NULL
"6492879232",True,False,NULL,NULL,NULL,NULL,NULL,NULL,NULL,NULL,True,NULL,NULL,NULL,NULL,NULL,False,False,False,False,False,True,True,True,True,NULL
"5724277285",True,False,NULL,NULL,NULL,NULL,NULL,NULL,NULL,NULL,True,NULL,NULL,NULL,NULL,NULL,False,False,False,False,False,True,True,True,True,NULL
"1748161699",True,False,NULL,NULL,NULL,NULL,NULL,NULL,NULL,NULL,True,NULL,NULL,NULL,NULL,NULL,False,False,False,False,False,True,True,True,True,NULL
"6904498279",True,False,NULL,NULL,NULL,NULL,NULL,NULL,NULL,NULL,True,NULL,NULL,NULL,NULL,NULL,False,False,False,False,False,True,True,True,True,NULL
"7709181580",True,False,NULL,NULL,NULL,NULL,NULL,NULL,NULL,NULL,True,NULL,NULL,NULL,NULL,NULL,False,False,False,False,False,True,True,True,True,NULL
"1502453204",True,False,NULL,NULL,NULL,NULL,NULL,NULL,NULL,NULL,True,NULL,NULL,NULL,NULL,NULL,False,False,False,False,False,True,True,True,True,NULL
"2037192934",True,False,NULL,NULL,NULL,NULL,NULL,NULL,NULL,NULL,True,NULL,NULL,NULL,NULL,NULL,False,False,False,False,False,True,True,True,True,NULL
"1809091845",True,False,NULL,NULL,NULL,NULL,NULL,NULL,NULL,NULL,True,NULL,NULL,NULL,NULL,NULL,False,False,False,False,False,True,True,True,True,NULL
"7438306348",True,False,NULL,NULL,NULL,NULL,NULL,NULL,NULL,NULL,True,NULL,NULL,NULL,NULL,NULL,False,False,False,False,False,True,True,True,True,NULL
"703291273",True,False,NULL,NULL,NULL,NULL,NULL,NULL,NULL,NULL,True,NULL,NULL,NULL,NULL,NULL,False,False,False,False,False,True,True,True,True,NULL
"8053557759",True,False,NULL,NULL,NULL,NULL,NULL,NULL,NULL,NULL,True,NULL,NULL,NULL,NULL,NULL,False,False,False,False,False,True,True,True,True,NULL
"1542259713",True,False,NULL,NULL,NULL,NULL,NULL,NULL,NULL,NULL,True,NULL,NULL,NULL,NULL,NULL,False,False,False,False,False,True,True,True,True,NULL
"1937200455",True,False,NULL,NULL,NULL,NULL,NULL,NULL,NULL,NULL,True,NULL,NULL,NULL,NULL,NULL,False,False,False,False,False,True,True,True,True,NULL
"5764323582",True,False,NULL,NULL,NULL,NULL,NULL,NULL,NULL,NULL,True,NULL,NULL,NULL,NULL,NULL,False,False,False,False,False,True,True,True,True,NULL
"425585187",True,False,NULL,NULL,NULL,NULL,NULL,NULL,NULL,NULL,True,NULL,NULL,NULL,NULL,NULL,False,False,False,False,False,True,True,True,True,NULL
"7751082675",True,False,NULL,NULL,NULL,NULL,NULL,NULL,NULL,NULL,True,NULL,NULL,NULL,NULL,NULL,False,False,False,False,False,True,True,True,True,NULL
"5016284963",True,False,NULL,NULL,NULL,NULL,NULL,NULL,NULL,NULL,True,NULL,NULL,NULL,NULL,NULL,False,False,False,False,False,True,True,True,True,NULL
"1595857667",True,False,NULL,NULL,NULL,NULL,NULL,NULL,NULL,NULL,True,NULL,NULL,NULL,NULL,NULL,False,False,False,False,False,True,True,True,True,NULL
"2098146277",True,False,NULL,NULL,NULL,NULL,NULL,NULL,NULL,NULL,True,NULL,NULL,NULL,NULL,NULL,False,False,False,False,False,True,True,True,True,NULL
"6819990938",True,False,NULL,NULL,NULL,NULL,NULL,NULL,NULL,NULL,True,NULL,NULL,NULL,NULL,NULL,False,False,False,False,False,True,True,True,True,NULL
"7726323339",True,False,NULL,NULL,NULL,NULL,NULL,NULL,NULL,NULL,True,NULL,NULL,NULL,NULL,NULL,False,False,False,False,False,True,True,True,True,NULL
"743988929",True,False,NULL,NULL,NULL,NULL,NULL,NULL,NULL,NULL,True,NULL,NULL,NULL,NULL,NULL,False,False,False,False,False,True,True,True,True,NULL
"7378305360",True,False,NULL,NULL,NULL,NULL,NULL,NULL,NULL,NULL,True,NULL,NULL,NULL,NULL,NULL,False,False,False,False,False,True,True,True,True,NULL
"915716811",True,False,NULL,NULL,NULL,NULL,NULL,NULL,NULL,NULL,True,NULL,NULL,NULL,NULL,NULL,False,False,False,False,False,True,True,True,True,NULL
"8305804441",True,False,NULL,NULL,NULL,NULL,NULL,NULL,NULL,NULL,True,NULL,NULL,NULL,NULL,NULL,False,False,False,False,False,True,True,True,True,NULL
"1366621938",True,False,NULL,NULL,NULL,NULL,NULL,NULL,NULL,NULL,True,NULL,NULL,NULL,NULL,NULL,False,False,False,False,False,True,True,True,True,NULL
"7597149156",True,False,NULL,NULL,NULL,NULL,NULL,NULL,NULL,NULL,True,NULL,NULL,NULL,NULL,NULL,False,False,False,False,False,True,True,True,True,NULL
"5098712447",True,False,NULL,NULL,NULL,NULL,NULL,NULL,NULL,NULL,True,NULL,NULL,NULL,NULL,NULL,False,False,False,False,False,True,True,True,True,NULL
"7795433079",True,False,NULL,NULL,NULL,NULL,NULL,NULL,NULL,NULL,True,NULL,NULL,NULL,NULL,NULL,False,False,False,False,False,True,True,True,True,NULL
"6047470832",True,False,NULL,NULL,NULL,NULL,NULL,NULL,NULL,NULL,True,NULL,NULL,NULL,NULL,NULL,False,False,False,False,False,True,True,True,True,NULL
"1087921460",True,False,NULL,NULL,NULL,NULL,NULL,NULL,NULL,NULL,True,NULL,NULL,NULL,NULL,NULL,False,False,False,False,False,True,True,True,True,NULL
"5689969991",True,False,NULL,NULL,NULL,NULL,NULL,NULL,NULL,NULL,True,NULL,NULL,NULL,NULL,NULL,False,False,False,False,False,True,True,True,True,NULL
"5755608242",True,False,NULL,NULL,NULL,NULL,NULL,NULL,NULL,NULL,True,NULL,NULL,NULL,NULL,NULL,False,False,False,False,False,True,True,True,True,"T3kHaDc57zI"
"7608950236",True,False,NULL,NULL,NULL,NULL,NULL,NULL,NULL,NULL,True,NULL,NULL,NULL,NULL,NULL,False,False,False,False,False,True,True,True,True,NULL
"6020471733",True,False,NULL,NULL,NULL,15,NULL,NULL,NULL,NULL,True,NULL,NULL,NULL,NULL,NULL,False,False,False,False,False,True,True,True,True,NULL
"1840358324",True,False,NULL,NULL,NULL,NULL,NULL,NULL,NULL,NULL,True,NULL,NULL,NULL,NULL,NULL,False,False,False,False,False,True,True,True,True,NULL
"7977630577",True,False,NULL,NULL,NULL,NULL,NULL,NULL,NULL,NULL,True,NULL,NULL,NULL,NULL,NULL,False,False,False,False,False,True,True,True,True,NULL
"1338931208",True,False,NULL,NULL,"cognito",NULL,"2025-10-02 09:26:45.112342+00","🎧",NULL,NULL,True,NULL,NULL,NULL,NULL,NULL,False,False,False,False,False,True,True,True,True,NULL
"6854317836",True,False,NULL,NULL,"pussy whisperer",NULL,"2025-10-13 11:17:49.372756+00","🦊",NULL,NULL,True,NULL,NULL,NULL,NULL,NULL,False,False,False,False,False,True,True,True,True,NULL
"955069692",True,False,NULL,NULL,NULL,NULL,NULL,NULL,NULL,NULL,True,NULL,NULL,NULL,NULL,NULL,False,False,False,False,False,True,True,True,True,NULL
"1817792176",True,False,NULL,NULL,NULL,NULL,NULL,NULL,NULL,NULL,True,NULL,NULL,NULL,NULL,NULL,False,False,False,False,False,True,True,True,True,NULL
"5591029154",True,False,NULL,NULL,NULL,NULL,NULL,NULL,NULL,NULL,True,NULL,NULL,NULL,NULL,NULL,False,False,False,False,False,True,True,True,True,NULL
"7292540097",True,False,NULL,NULL,NULL,NULL,NULL,NULL,NULL,NULL,True,NULL,NULL,NULL,NULL,NULL,False,False,False,False,False,True,True,True,True,NULL
"7586672107",True,False,NULL,NULL,NULL,NULL,NULL,NULL,NULL,NULL,True,NULL,NULL,NULL,NULL,NULL,False,False,False,False,False,True,True,True,True,NULL
"1016877315",True,False,NULL,NULL,NULL,NULL,NULL,NULL,NULL,NULL,True,NULL,NULL,NULL,NULL,NULL,False,False,False,False,False,True,True,True,True,NULL
"7698654813",True,False,NULL,NULL,NULL,NULL,NULL,NULL,NULL,NULL,True,NULL,NULL,NULL,NULL,NULL,False,False,False,False,False,True,True,True,True,NULL
"1246475351",True,False,NULL,NULL,NULL,NULL,NULL,NULL,NULL,NULL,True,NULL,NULL,NULL,NULL,NULL,False,False,False,False,False,True,True,True,True,NULL
"1857294945",True,False,NULL,NULL,NULL,NULL,NULL,NULL,NULL,NULL,True,NULL,NULL,NULL,NULL,NULL,False,False,False,False,False,True,True,True,True,NULL
"1430288524",True,False,NULL,NULL,NULL,NULL,NULL,NULL,NULL,NULL,True,NULL,NULL,NULL,NULL,NULL,False,False,False,False,False,True,True,True,True,NULL
"5046687151",True,False,NULL,NULL,NULL,NULL,NULL,NULL,NULL,NULL,True,NULL,NULL,NULL,NULL,NULL,False,False,False,False,False,True,True,True,True,NULL
"678984223",True,False,NULL,NULL,NULL,NULL,NULL,NULL,NULL,NULL,True,NULL,NULL,NULL,NULL,NULL,False,False,False,False,False,True,True,True,True,NULL
"6981232498",True,False,NULL,NULL,NULL,NULL,NULL,NULL,NULL,NULL,True,NULL,NULL,NULL,NULL,NULL,False,False,False,False,False,True,True,True,True,NULL
"2031076896",True,False,NULL,NULL,NULL,NULL,NULL,NULL,NULL,NULL,True,NULL,NULL,NULL,NULL,NULL,False,False,False,False,False,True,True,True,True,NULL
"913165563",True,False,NULL,NULL,NULL,NULL,NULL,NULL,NULL,NULL,True,NULL,NULL,NULL,NULL,NULL,False,False,False,False,False,True,True,True,True,NULL
"7415627929",True,False,NULL,NULL,NULL,NULL,NULL,NULL,NULL,NULL,True,NULL,NULL,NULL,NULL,NULL,False,False,False,False,False,True,True,True,True,NULL
"819530621",True,False,NULL,NULL,NULL,NULL,NULL,NULL,NULL,NULL,True,NULL,NULL,NULL,NULL,NULL,False,False,False,False,False,True,True,True,True,NULL
"6483526618",False,False,NULL,NULL,NULL,NULL,NULL,NULL,NULL,NULL,True,NULL,NULL,NULL,NULL,NULL,False,False,False,False,False,True,True,True,True,NULL
"5803231802",True,False,NULL,NULL,NULL,NULL,NULL,NULL,NULL,NULL,True,NULL,NULL,NULL,NULL,NULL,False,False,False,False,False,True,True,True,True,NULL
"6092002749",True,False,NULL,NULL,NULL,NULL,NULL,NULL,NULL,NULL,True,NULL,NULL,NULL,NULL,NULL,False,False,False,False,False,True,True,True,True,NULL
"646213863",True,False,NULL,NULL,NULL,NULL,NULL,NULL,NULL,NULL,True,NULL,NULL,NULL,NULL,NULL,False,False,False,False,False,True,True,True,True,NULL
"5017883974",True,False,NULL,NULL,NULL,NULL,NULL,NULL,NULL,NULL,True,NULL,NULL,NULL,NULL,NULL,False,False,False,False,False,True,True,True,True,NULL
"7191675020",True,False,NULL,NULL,NULL,NULL,NULL,NULL,NULL,NULL,True,NULL,NULL,NULL,NULL,NULL,False,False,False,False,False,True,True,True,True,NULL
"5145057341",True,False,NULL,NULL,NULL,NULL,NULL,NULL,NULL,NULL,True,NULL,NULL,NULL,NULL,NULL,False,False,False,False,False,True,True,True,True,"n1PJfZl9qJc"
"1111511680",True,False,NULL,NULL,NULL,NULL,NULL,NULL,NULL,NULL,True,NULL,NULL,NULL,NULL,NULL,False,False,False,False,False,True,True,True,True,NULL
"1146030408",True,False,NULL,NULL,NULL,NULL,NULL,NULL,NULL,NULL,True,NULL,NULL,NULL,NULL,NULL,False,False,False,False,False,True,True,True,True,NULL
"439870114",True,False,NULL,NULL,NULL,NULL,NULL,NULL,NULL,NULL,True,NULL,NULL,NULL,NULL,NULL,False,False,False,False,False,True,True,True,True,NULL
"484751274",True,False,NULL,NULL,NULL,NULL,NULL,NULL,NULL,NULL,True,NULL,NULL,NULL,NULL,NULL,False,False,False,False,False,True,True,True,True,NULL
"1975735236",True,False,NULL,NULL,NULL,NULL,NULL,NULL,NULL,NULL,True,NULL,NULL,NULL,NULL,NULL,False,False,False,False,False,True,True,True,True,NULL
"6330483976",True,False,NULL,NULL,NULL,NULL,NULL,NULL,NULL,NULL,True,NULL,NULL,NULL,NULL,NULL,False,False,False,False,False,True,True,True,True,NULL
"826461563",True,False,NULL,NULL,NULL,NULL,NULL,NULL,NULL,NULL,True,NULL,NULL,NULL,NULL,NULL,False,False,False,False,False,True,True,True,True,NULL
"1340848333",True,False,NULL,NULL,NULL,NULL,NULL,NULL,NULL,NULL,True,NULL,NULL,NULL,NULL,NULL,False,False,False,False,False,True,True,True,True,NULL
"5856558259",True,False,NULL,NULL,NULL,NULL,NULL,NULL,NULL,NULL,True,NULL,NULL,NULL,NULL,NULL,False,False,False,False,False,True,True,True,True,NULL
"1233002468",True,False,NULL,NULL,NULL,NULL,NULL,NULL,NULL,NULL,True,NULL,NULL,NULL,NULL,NULL,False,False,False,False,False,True,True,True,True,NULL
"455487103",True,False,NULL,NULL,NULL,NULL,NULL,NULL,NULL,NULL,True,NULL,NULL,NULL,NULL,NULL,False,False,False,False,False,True,True,True,True,NULL
"1239781185",True,False,NULL,NULL,NULL,NULL,NULL,NULL,NULL,NULL,True,NULL,NULL,NULL,NULL,NULL,False,False,False,False,False,True,True,True,True,NULL
"753665538",True,False,NULL,NULL,NULL,NULL,NULL,NULL,NULL,NULL,True,NULL,NULL,NULL,NULL,NULL,False,False,False,False,False,True,True,True,True,NULL
"899693528",True,False,NULL,NULL,NULL,NULL,NULL,NULL,NULL,NULL,True,NULL,NULL,NULL,NULL,NULL,False,False,False,False,False,True,True,True,True,NULL
"5795975953",True,False,NULL,NULL,NULL,NULL,NULL,NULL,NULL,NULL,True,NULL,NULL,NULL,NULL,NULL,False,False,False,False,False,True,True,True,True,NULL
"1210469808",True,False,NULL,NULL,NULL,NULL,NULL,NULL,NULL,NULL,True,NULL,NULL,NULL,NULL,NULL,False,False,False,False,False,True,True,True,True,NULL
"1647829518",True,False,NULL,NULL,NULL,NULL,NULL,NULL,NULL,NULL,True,NULL,NULL,NULL,NULL,NULL,False,False,False,False,False,True,True,True,True,"lai5zUqum9g"
"5629845526",True,False,NULL,NULL,NULL,NULL,NULL,NULL,NULL,NULL,True,NULL,NULL,NULL,NULL,NULL,False,False,False,False,False,True,True,True,True,NULL
"8163264100",True,False,NULL,NULL,NULL,NULL,NULL,NULL,NULL,NULL,True,NULL,NULL,NULL,NULL,NULL,False,False,False,False,False,True,True,True,True,NULL
"924330892",True,False,NULL,NULL,NULL,NULL,NULL,NULL,NULL,NULL,True,NULL,NULL,NULL,NULL,NULL,False,False,False,False,False,True,True,True,True,NULL
"1471865776",True,False,NULL,NULL,NULL,NULL,NULL,NULL,NULL,NULL,True,NULL,NULL,NULL,NULL,NULL,False,False,False,False,False,True,True,True,True,NULL
"929440994",True,False,NULL,NULL,NULL,NULL,NULL,NULL,NULL,NULL,True,NULL,NULL,NULL,NULL,NULL,False,False,False,False,False,True,True,True,True,NULL
"874902262",True,False,NULL,NULL,NULL,NULL,NULL,NULL,NULL,NULL,True,NULL,NULL,NULL,NULL,NULL,False,False,False,False,False,True,True,True,True,NULL
"7324749328",True,False,NULL,NULL,NULL,NULL,NULL,NULL,NULL,NULL,True,NULL,NULL,NULL,NULL,NULL,False,False,False,False,False,True,True,True,True,NULL
"5812917906",True,False,NULL,NULL,NULL,NULL,NULL,NULL,NULL,NULL,True,NULL,NULL,NULL,NULL,NULL,False,False,False,False,False,True,True,True,True,NULL
"410551876",True,False,NULL,NULL,NULL,NULL,NULL,NULL,NULL,NULL,True,NULL,NULL,NULL,NULL,NULL,False,False,False,False,False,True,True,True,True,NULL
"678175656",True,False,NULL,NULL,NULL,NULL,NULL,NULL,NULL,NULL,True,NULL,NULL,NULL,NULL,NULL,False,False,False,False,False,True,True,True,True,NULL
"6206613050",True,False,NULL,NULL,NULL,NULL,NULL,NULL,NULL,NULL,True,NULL,NULL,NULL,NULL,NULL,False,False,False,False,False,True,True,True,True,NULL
"1115042518",True,False,NULL,NULL,NULL,NULL,NULL,NULL,NULL,NULL,True,NULL,NULL,NULL,NULL,NULL,False,False,False,False,False,True,True,True,True,"xeZlNxD2Plw"
"7692283596",True,False,NULL,NULL,NULL,NULL,NULL,NULL,NULL,NULL,True,NULL,NULL,NULL,NULL,NULL,False,False,False,False,False,True,True,True,True,NULL
"1099537419",True,False,NULL,NULL,NULL,NULL,NULL,NULL,NULL,NULL,True,NULL,NULL,NULL,NULL,NULL,False,False,False,False,False,True,True,True,True,"8tUMFqD_oBM"
"942101382",True,False,NULL,NULL,NULL,NULL,NULL,NULL,NULL,NULL,True,NULL,NULL,NULL,NULL,NULL,False,False,False,False,False,True,True,True,True,NULL
"5089177755",True,False,NULL,NULL,NULL,NULL,NULL,NULL,NULL,NULL,True,NULL,NULL,NULL,NULL,NULL,False,False,False,False,False,True,True,True,True,NULL
"571847306",True,False,NULL,NULL,NULL,NULL,NULL,NULL,NULL,NULL,True,NULL,NULL,NULL,NULL,NULL,False,False,False,False,False,True,True,True,True,NULL
"6378160036",True,False,NULL,NULL,NULL,NULL,NULL,NULL,NULL,NULL,True,NULL,NULL,NULL,NULL,NULL,False,False,False,False,False,True,True,True,True,NULL
"7929846677",True,False,NULL,NULL,NULL,NULL,NULL,NULL,NULL,NULL,True,NULL,NULL,NULL,NULL,NULL,False,False,False,False,False,True,True,True,True,NULL
"1736757099",True,False,NULL,NULL,NULL,NULL,NULL,NULL,NULL,NULL,True,NULL,NULL,NULL,NULL,NULL,False,False,False,False,False,True,True,True,True,NULL
"1076145510",True,False,NULL,NULL,NULL,NULL,NULL,NULL,NULL,NULL,True,NULL,NULL,NULL,NULL,NULL,False,False,False,False,False,True,True,True,True,NULL
"1285031736",True,False,NULL,NULL,NULL,NULL,NULL,NULL,NULL,NULL,True,NULL,NULL,NULL,NULL,NULL,False,False,False,False,False,True,True,True,True,NULL
"1462216263",True,False,NULL,NULL,NULL,NULL,NULL,NULL,NULL,NULL,True,NULL,NULL,NULL,NULL,NULL,False,False,False,False,False,True,True,True,True,NULL
"1642553752",True,False,NULL,NULL,NULL,NULL,NULL,NULL,NULL,NULL,True,NULL,NULL,NULL,NULL,NULL,False,False,False,False,False,True,True,True,True,NULL
"6921128834",True,False,NULL,NULL,NULL,NULL,NULL,NULL,NULL,NULL,True,NULL,NULL,NULL,NULL,NULL,False,False,False,False,False,True,True,True,True,NULL
"6415433894",True,False,NULL,NULL,NULL,NULL,NULL,NULL,NULL,NULL,True,NULL,NULL,NULL,NULL,NULL,False,False,False,False,False,True,True,True,True,NULL
"8390938158",True,False,NULL,NULL,NULL,NULL,NULL,NULL,NULL,NULL,True,NULL,NULL,NULL,NULL,NULL,False,False,False,False,False,True,True,True,True,NULL
"7089307956",True,False,NULL,NULL,NULL,NULL,NULL,NULL,NULL,NULL,True,NULL,NULL,NULL,NULL,NULL,False,False,False,False,False,True,True,True,True,NULL
"887154309",True,False,NULL,NULL,NULL,NULL,NULL,NULL,NULL,NULL,True,NULL,NULL,NULL,NULL,NULL,False,False,False,False,False,True,True,True,True,NULL
"5666677132",True,False,NULL,NULL,NULL,NULL,NULL,NULL,NULL,NULL,True,NULL,NULL,NULL,NULL,NULL,False,False,False,False,False,True,True,True,True,NULL
"7657032724",True,False,NULL,NULL,NULL,NULL,NULL,NULL,NULL,NULL,True,NULL,NULL,NULL,NULL,NULL,False,False,False,False,False,True,True,True,True,NULL
"6063265822",True,False,NULL,NULL,NULL,NULL,NULL,NULL,NULL,NULL,True,NULL,NULL,NULL,NULL,NULL,False,False,False,False,False,True,True,True,True,NULL
"7594684067",True,False,NULL,NULL,NULL,NULL,NULL,NULL,NULL,NULL,True,NULL,NULL,NULL,NULL,NULL,False,False,False,False,False,True,True,True,True,NULL
"1927895135",True,False,NULL,NULL,NULL,NULL,NULL,NULL,NULL,NULL,True,NULL,NULL,NULL,NULL,NULL,False,False,False,False,False,True,True,True,True,NULL
"7633218215",True,False,NULL,NULL,NULL,NULL,NULL,NULL,NULL,NULL,True,NULL,NULL,NULL,NULL,NULL,False,False,False,False,False,True,True,True,True,NULL
"1301673187",True,False,NULL,NULL,NULL,NULL,NULL,NULL,NULL,NULL,True,NULL,NULL,NULL,NULL,NULL,False,False,False,False,False,True,True,True,True,"HHO7RZn_Yr8"
"5697953153",True,False,NULL,NULL,NULL,NULL,NULL,NULL,NULL,NULL,True,NULL,NULL,NULL,NULL,NULL,False,False,False,False,False,True,True,True,True,NULL
"981550488",True,False,NULL,NULL,NULL,NULL,NULL,NULL,NULL,NULL,True,NULL,NULL,NULL,NULL,NULL,False,False,False,False,False,True,True,True,True,NULL
"923216949",True,False,NULL,NULL,NULL,NULL,NULL,NULL,NULL,NULL,True,NULL,NULL,NULL,NULL,NULL,False,False,False,False,False,True,True,True,True,NULL
"5209551611",True,False,NULL,NULL,NULL,NULL,NULL,NULL,NULL,NULL,True,NULL,NULL,NULL,NULL,NULL,False,False,False,False,False,True,True,True,True,NULL
"7225161168",True,False,NULL,NULL,NULL,NULL,NULL,NULL,NULL,NULL,True,NULL,NULL,NULL,NULL,NULL,False,False,False,False,False,True,True,True,True,NULL
"1666565021",True,False,NULL,NULL,NULL,NULL,NULL,NULL,NULL,NULL,True,NULL,NULL,NULL,NULL,NULL,False,False,False,False,False,True,True,True,True,NULL
"6472491155",True,False,NULL,NULL,NULL,NULL,NULL,NULL,NULL,NULL,True,NULL,NULL,NULL,NULL,NULL,False,False,False,False,False,True,True,True,True,NULL
"1211299696",True,False,NULL,NULL,NULL,NULL,NULL,NULL,NULL,NULL,True,NULL,NULL,NULL,NULL,NULL,False,False,False,False,False,True,True,True,True,"7kQzm7x280M"
"7997426290",True,False,NULL,NULL,NULL,NULL,NULL,NULL,NULL,NULL,True,NULL,NULL,NULL,NULL,NULL,False,False,False,False,False,True,True,True,True,NULL
"1667237352",True,False,NULL,NULL,NULL,NULL,NULL,NULL,NULL,NULL,True,NULL,NULL,NULL,NULL,NULL,False,False,False,False,False,True,True,True,True,NULL
"7910048402",True,False,NULL,NULL,NULL,NULL,NULL,NULL,NULL,NULL,True,NULL,NULL,NULL,NULL,NULL,False,False,False,False,False,True,True,True,True,NULL
"1076635519",True,False,NULL,NULL,NULL,NULL,NULL,NULL,NULL,NULL,True,NULL,NULL,NULL,NULL,NULL,False,False,False,False,False,True,True,True,True,NULL
"7883096328",True,False,NULL,NULL,NULL,NULL,NULL,NULL,NULL,NULL,True,NULL,NULL,NULL,NULL,NULL,False,False,False,False,False,True,True,True,True,NULL
"7492058923",True,False,NULL,NULL,NULL,NULL,NULL,NULL,NULL,NULL,True,NULL,NULL,NULL,NULL,NULL,False,False,False,False,False,True,True,True,True,NULL
"5933440049",True,False,NULL,NULL,NULL,NULL,NULL,NULL,NULL,NULL,True,NULL,NULL,NULL,NULL,NULL,False,False,False,False,False,True,True,True,True,NULL
"5063483116",True,False,NULL,NULL,NULL,NULL,NULL,NULL,NULL,NULL,True,NULL,NULL,NULL,NULL,NULL,False,False,False,False,False,True,True,True,True,NULL
"6236787886",True,False,NULL,NULL,NULL,NULL,NULL,NULL,NULL,NULL,True,NULL,NULL,NULL,NULL,NULL,False,False,False,False,False,True,True,True,True,NULL
"5854619906",True,False,NULL,NULL,NULL,NULL,NULL,NULL,NULL,NULL,True,NULL,NULL,NULL,NULL,NULL,False,False,False,False,False,True,True,True,True,NULL
"1424657958",True,False,NULL,NULL,NULL,NULL,NULL,NULL,NULL,NULL,True,NULL,NULL,NULL,NULL,NULL,False,False,False,False,False,True,True,True,True,NULL
"5112263214",True,False,NULL,NULL,NULL,NULL,NULL,NULL,NULL,NULL,True,NULL,NULL,NULL,NULL,NULL,False,False,False,False,False,True,True,True,True,NULL
"1250283277",True,False,NULL,NULL,NULL,NULL,NULL,NULL,NULL,NULL,True,NULL,NULL,NULL,NULL,NULL,False,False,False,False,False,True,True,True,True,NULL
"439294363",True,False,NULL,NULL,NULL,NULL,NULL,NULL,NULL,NULL,True,NULL,NULL,NULL,NULL,NULL,False,False,False,False,False,True,True,True,True,NULL
"5819072143",True,False,NULL,NULL,NULL,NULL,NULL,NULL,NULL,NULL,True,NULL,NULL,NULL,NULL,NULL,False,False,False,False,False,True,True,True,True,NULL
"5405718080",True,False,NULL,NULL,"Jo 6k",NULL,"2025-10-07 10:39:39.93146+00","👨",NULL,NULL,True,NULL,NULL,NULL,NULL,NULL,False,False,False,False,False,True,True,True,True,"8m0QxmQmViM"
"1711173076",True,False,NULL,NULL,NULL,NULL,NULL,NULL,NULL,NULL,True,NULL,NULL,NULL,NULL,NULL,False,False,False,False,False,True,True,True,True,NULL
"395548450",True,False,NULL,NULL,NULL,NULL,NULL,NULL,NULL,NULL,True,NULL,NULL,NULL,NULL,NULL,False,False,False,False,False,True,True,True,True,NULL
"716458131",True,False,NULL,NULL,NULL,NULL,NULL,NULL,NULL,NULL,True,NULL,NULL,NULL,NULL,NULL,False,False,False,False,False,True,True,True,True,NULL
"6657363709",True,False,NULL,NULL,NULL,NULL,NULL,NULL,NULL,NULL,True,NULL,NULL,NULL,NULL,NULL,False,False,False,False,False,True,True,True,True,NULL
"7202700575",True,False,NULL,NULL,NULL,NULL,NULL,NULL,NULL,NULL,True,NULL,NULL,NULL,NULL,NULL,False,False,False,False,False,True,True,True,True,NULL
"7851247133",True,False,NULL,NULL,NULL,NULL,NULL,NULL,NULL,NULL,True,NULL,NULL,NULL,NULL,NULL,False,False,False,False,False,True,True,True,True,NULL
"846747600",True,False,NULL,NULL,NULL,NULL,NULL,NULL,NULL,NULL,True,NULL,NULL,NULL,NULL,NULL,False,False,False,False,False,True,True,True,True,"hjYM5YDQbOI"
"7533388133",True,False,NULL,NULL,NULL,NULL,NULL,NULL,NULL,NULL,True,NULL,NULL,NULL,NULL,NULL,False,False,False,False,False,True,True,True,True,NULL
"1406224073",True,False,NULL,NULL,NULL,NULL,NULL,NULL,NULL,NULL,True,NULL,NULL,NULL,NULL,NULL,False,False,False,False,False,True,True,True,True,"GMIY3M4-wXU"
"655616957",True,False,NULL,NULL,NULL,NULL,NULL,NULL,NULL,NULL,True,NULL,NULL,NULL,NULL,NULL,False,False,False,False,False,True,True,True,True,NULL
"2015736672",True,False,NULL,NULL,NULL,NULL,NULL,NULL,NULL,NULL,True,NULL,NULL,NULL,NULL,NULL,False,False,False,False,False,True,True,True,True,NULL
"5467618403",True,False,NULL,NULL,NULL,NULL,NULL,NULL,NULL,NULL,True,NULL,NULL,NULL,NULL,NULL,False,False,False,False,False,True,True,True,True,NULL
"1609652720",True,False,NULL,NULL,NULL,NULL,NULL,NULL,NULL,NULL,True,NULL,NULL,NULL,NULL,NULL,False,False,False,False,False,True,True,True,True,NULL
"7069247322",True,False,NULL,NULL,NULL,NULL,NULL,NULL,NULL,NULL,True,NULL,NULL,NULL,NULL,NULL,False,False,False,False,False,True,True,True,True,NULL
"5949026441",True,False,NULL,NULL,NULL,NULL,NULL,NULL,NULL,NULL,True,NULL,NULL,NULL,NULL,NULL,False,False,False,False,False,True,True,True,True,NULL
"6564154216",True,False,NULL,NULL,NULL,NULL,NULL,NULL,NULL,NULL,True,NULL,NULL,NULL,NULL,NULL,False,False,False,False,False,True,True,True,True,NULL
"5992972303",True,False,NULL,NULL,NULL,NULL,NULL,NULL,NULL,NULL,True,NULL,NULL,NULL,NULL,NULL,False,False,False,False,False,True,True,True,True,NULL
"5536484775",True,False,NULL,NULL,NULL,NULL,NULL,NULL,NULL,NULL,True,NULL,NULL,NULL,NULL,NULL,False,False,False,False,False,True,True,True,True,NULL
"1651940164",True,False,NULL,NULL,NULL,NULL,NULL,NULL,NULL,NULL,True,NULL,NULL,NULL,NULL,NULL,False,False,False,False,False,True,True,True,True,NULL
"394257328",True,False,NULL,NULL,NULL,NULL,NULL,NULL,NULL,NULL,True,NULL,NULL,NULL,NULL,NULL,False,False,False,False,False,True,True,True,True,NULL
"950717154",True,False,NULL,NULL,NULL,NULL,NULL,NULL,NULL,NULL,True,NULL,NULL,NULL,NULL,NULL,False,False,False,False,False,True,True,True,True,NULL
"5505139002",True,False,NULL,NULL,NULL,NULL,NULL,NULL,NULL,NULL,True,NULL,NULL,NULL,NULL,NULL,False,False,False,False,False,True,True,True,True,NULL
"560125806",True,False,NULL,NULL,NULL,NULL,NULL,NULL,NULL,NULL,True,NULL,NULL,NULL,NULL,NULL,False,False,False,False,False,True,True,True,True,NULL
"828772819",True,False,NULL,NULL,NULL,NULL,NULL,NULL,NULL,NULL,True,NULL,NULL,NULL,NULL,NULL,False,False,False,False,False,True,True,True,True,NULL
"1381857082",True,False,NULL,NULL,NULL,NULL,NULL,NULL,NULL,NULL,True,NULL,NULL,NULL,NULL,NULL,False,False,False,False,False,True,True,True,True,NULL
"5453540048",True,False,NULL,NULL,NULL,NULL,NULL,NULL,NULL,NULL,True,NULL,NULL,NULL,NULL,NULL,False,False,False,False,False,True,True,True,True,NULL
"1959084385",True,False,NULL,NULL,NULL,NULL,NULL,NULL,NULL,NULL,True,NULL,NULL,NULL,NULL,NULL,False,False,False,False,False,True,True,True,True,NULL
"6339565954",True,False,NULL,NULL,NULL,NULL,NULL,NULL,NULL,NULL,True,NULL,NULL,NULL,NULL,NULL,False,False,False,False,False,True,True,True,True,"WBOww4CR2Yk"
"1984498244",True,False,NULL,NULL,NULL,NULL,NULL,NULL,NULL,NULL,True,NULL,NULL,NULL,NULL,NULL,False,False,False,False,False,True,True,True,True,NULL
"542661993",True,False,NULL,NULL,NULL,NULL,NULL,NULL,NULL,NULL,True,NULL,NULL,NULL,NULL,NULL,False,False,False,False,False,True,True,True,True,NULL
"978645142",True,False,NULL,NULL,NULL,NULL,NULL,NULL,NULL,NULL,True,NULL,NULL,NULL,NULL,NULL,False,False,False,False,False,True,True,True,True,NULL
"1029128493",True,False,NULL,NULL,NULL,NULL,NULL,NULL,NULL,NULL,True,NULL,NULL,NULL,NULL,NULL,False,False,False,False,False,True,True,True,True,NULL
"1854029593",True,False,NULL,NULL,NULL,NULL,NULL,NULL,NULL,NULL,True,NULL,NULL,NULL,NULL,NULL,False,False,False,False,False,True,True,True,True,NULL
"8151025176",True,False,NULL,NULL,NULL,NULL,NULL,NULL,NULL,NULL,True,NULL,NULL,NULL,NULL,NULL,False,False,False,False,False,True,True,True,True,NULL
"1385070222",True,False,NULL,NULL,NULL,NULL,NULL,NULL,NULL,NULL,True,NULL,NULL,NULL,NULL,NULL,False,False,False,False,False,True,True,True,True,NULL
"5381673363",True,False,NULL,NULL,NULL,NULL,NULL,NULL,NULL,NULL,True,NULL,NULL,NULL,NULL,NULL,False,False,False,False,False,True,True,True,True,"0tYTgcIwCCw"
"6477285867",True,False,NULL,NULL,NULL,NULL,NULL,NULL,NULL,NULL,True,NULL,NULL,NULL,NULL,NULL,False,False,False,False,False,True,True,True,True,NULL
"1685533889",True,False,NULL,NULL,NULL,NULL,NULL,NULL,NULL,NULL,True,NULL,NULL,NULL,NULL,NULL,False,False,False,False,False,True,True,True,True,NULL
"926105486",True,False,NULL,NULL,NULL,NULL,NULL,NULL,NULL,NULL,True,NULL,NULL,NULL,NULL,NULL,False,False,False,False,False,True,True,True,True,NULL
"8004072848",True,False,NULL,NULL,NULL,NULL,NULL,NULL,NULL,NULL,True,NULL,NULL,NULL,NULL,NULL,False,False,False,False,False,True,True,True,True,NULL
"6389678897",True,False,NULL,NULL,NULL,NULL,NULL,NULL,NULL,NULL,True,NULL,NULL,NULL,NULL,NULL,False,False,False,False,False,True,True,True,True,NULL
"1712597714",True,False,NULL,NULL,NULL,NULL,NULL,NULL,NULL,NULL,True,NULL,NULL,NULL,NULL,NULL,False,False,False,False,False,True,True,True,True,NULL
"671375880",True,False,NULL,NULL,NULL,NULL,NULL,NULL,NULL,NULL,True,NULL,NULL,NULL,NULL,NULL,False,False,False,False,False,True,True,True,True,NULL
"580216861",True,False,NULL,NULL,NULL,NULL,NULL,NULL,NULL,NULL,True,NULL,NULL,NULL,NULL,NULL,False,False,False,False,False,True,True,True,True,NULL
"8140763984",True,False,NULL,NULL,NULL,NULL,NULL,NULL,NULL,NULL,True,NULL,NULL,NULL,NULL,NULL,False,False,False,False,False,True,True,True,True,NULL
"562643328",True,False,NULL,NULL,NULL,NULL,NULL,NULL,NULL,NULL,True,NULL,NULL,NULL,NULL,NULL,False,False,False,False,False,True,True,True,True,NULL
"8119681491",True,False,NULL,NULL,"Straightforward",NULL,"2025-09-26 15:14:01.506549+00",NULL,NULL,NULL,True,NULL,NULL,NULL,NULL,NULL,False,False,False,False,False,True,True,True,True,NULL
"942663833",True,False,NULL,NULL,NULL,NULL,NULL,NULL,NULL,NULL,True,NULL,NULL,NULL,NULL,NULL,False,False,False,False,False,True,True,True,True,NULL
"6547449472",True,False,NULL,NULL,NULL,NULL,NULL,NULL,NULL,NULL,True,NULL,NULL,NULL,NULL,NULL,False,False,False,False,False,True,True,True,True,NULL
"7219105413",True,False,NULL,NULL,NULL,NULL,NULL,NULL,NULL,NULL,True,NULL,NULL,NULL,NULL,NULL,False,False,False,False,False,True,True,True,True,NULL
"5917106607",True,False,NULL,NULL,NULL,NULL,NULL,NULL,NULL,NULL,True,NULL,NULL,NULL,NULL,NULL,False,False,False,False,False,True,True,True,True,NULL
"1583149562",True,False,NULL,NULL,"Lol",NULL,"2025-10-03 18:08:30.227802+00",NULL,NULL,NULL,True,NULL,NULL,NULL,NULL,NULL,False,False,False,False,False,True,True,True,True,NULL
"1779413068",True,False,NULL,NULL,NULL,NULL,NULL,NULL,NULL,NULL,True,NULL,NULL,NULL,NULL,NULL,False,False,False,False,False,True,True,True,True,NULL
"6980677561",True,False,NULL,NULL,NULL,NULL,NULL,NULL,NULL,NULL,True,NULL,NULL,NULL,NULL,NULL,False,False,False,False,False,True,True,True,True,NULL
"1098834679",True,False,NULL,NULL,"Fyodor",NULL,"2025-09-13 10:22:32.13395+00","🦊",NULL,NULL,True,NULL,NULL,NULL,NULL,NULL,False,False,False,False,False,True,True,True,True,NULL
"954118599",True,False,NULL,NULL,"Galactic Empire",NULL,"2025-10-01 12:40:49.414423+00",NULL,NULL,NULL,True,NULL,NULL,NULL,NULL,NULL,False,False,False,False,False,True,True,True,True,NULL
"5985876829",True,False,NULL,NULL,"Floating",5,"2025-10-03 16:33:26.882548+00","👨",NULL,NULL,True,NULL,NULL,NULL,NULL,NULL,False,False,False,False,False,True,True,True,True,NULL
"684773974",True,False,NULL,NULL,"ፀፁኘ",NULL,"2025-10-10 11:07:37.845766+00",NULL,NULL,NULL,True,NULL,NULL,NULL,NULL,NULL,False,False,False,False,False,True,True,True,True,NULL
"1436892288",True,False,NULL,NULL,"Korerima",NULL,"2025-09-29 16:17:27.794869+00","✨",NULL,NULL,True,NULL,NULL,NULL,NULL,NULL,False,False,False,False,False,True,True,True,True,NULL
"1677137155",True,False,NULL,NULL,NULL,NULL,NULL,NULL,NULL,NULL,True,NULL,NULL,NULL,NULL,NULL,False,False,False,False,False,True,True,True,True,"VwknEXewq64"
"559252407",True,False,NULL,NULL,"Eneja",NULL,"2025-10-04 20:10:38.977671+00","🧐",NULL,NULL,True,NULL,NULL,NULL,NULL,NULL,False,False,False,False,False,True,True,True,True,NULL
"865658635",True,False,NULL,NULL,NULL,0,NULL,NULL,NULL,NULL,True,NULL,NULL,NULL,NULL,NULL,False,False,False,False,False,True,True,True,True,"SH2eLrM8qpo"
"855757095",True,False,NULL,NULL,"Vin",NULL,"2025-10-10 18:50:33.582939+00","👩",NULL,NULL,True,NULL,NULL,NULL,NULL,NULL,False,False,False,False,False,True,True,True,True,NULL
"7590238163",True,False,NULL,NULL,NULL,NULL,NULL,NULL,NULL,NULL,True,NULL,NULL,NULL,NULL,NULL,False,False,False,False,False,True,True,True,True,NULL
"895157634",True,False,NULL,NULL,NULL,NULL,NULL,NULL,NULL,NULL,True,NULL,NULL,NULL,NULL,NULL,False,False,False,False,False,True,True,True,True,NULL
"7182747801",True,False,NULL,NULL,NULL,NULL,NULL,NULL,NULL,NULL,True,NULL,NULL,NULL,NULL,NULL,False,False,False,False,False,True,True,True,True,NULL
"5874171599",True,False,NULL,NULL,NULL,NULL,NULL,NULL,NULL,NULL,True,NULL,NULL,NULL,NULL,NULL,False,False,False,False,False,True,True,True,True,NULL
"874301139",True,False,NULL,NULL,NULL,NULL,NULL,NULL,NULL,NULL,True,NULL,NULL,NULL,NULL,NULL,False,False,False,False,False,True,True,True,True,NULL
"5158239783",True,False,NULL,NULL,NULL,NULL,NULL,"☀️",NULL,NULL,True,NULL,NULL,NULL,NULL,NULL,False,False,False,False,False,True,True,True,True,NULL
"7777778194",True,False,NULL,NULL,NULL,NULL,NULL,NULL,NULL,NULL,True,NULL,NULL,NULL,NULL,NULL,False,False,False,False,False,True,True,True,True,NULL
"6136854300",True,False,NULL,NULL,NULL,NULL,NULL,NULL,NULL,NULL,True,NULL,NULL,NULL,NULL,NULL,False,False,False,False,False,True,True,True,True,NULL
"1217060828",True,False,NULL,NULL,NULL,NULL,NULL,NULL,NULL,NULL,True,NULL,NULL,NULL,NULL,NULL,False,False,False,False,False,True,True,True,True,NULL
"5916861454",True,False,NULL,NULL,NULL,NULL,NULL,NULL,NULL,NULL,True,NULL,NULL,NULL,NULL,NULL,False,False,False,False,False,True,True,True,True,NULL
"1410414519",True,False,NULL,NULL,NULL,NULL,NULL,NULL,NULL,NULL,True,NULL,NULL,NULL,NULL,NULL,False,False,False,False,False,True,True,True,True,NULL
"1874803904",True,False,NULL,NULL,NULL,NULL,NULL,NULL,NULL,NULL,True,NULL,NULL,NULL,NULL,NULL,False,False,False,False,False,True,True,True,True,NULL
"2130692938",True,False,NULL,NULL,NULL,NULL,NULL,NULL,NULL,NULL,True,NULL,NULL,NULL,NULL,NULL,False,False,False,False,False,True,True,True,True,NULL
"5167981707",True,False,NULL,NULL,NULL,NULL,NULL,NULL,NULL,NULL,True,NULL,NULL,NULL,NULL,NULL,False,False,False,False,False,True,True,True,True,NULL
"615228914",True,False,NULL,NULL,NULL,NULL,NULL,NULL,NULL,NULL,True,NULL,NULL,NULL,NULL,NULL,False,False,False,False,False,True,True,True,True,NULL
"1323795544",True,False,NULL,NULL,NULL,NULL,NULL,NULL,NULL,NULL,True,NULL,NULL,NULL,NULL,NULL,False,False,False,False,False,True,True,True,True,NULL
"762880620",True,False,NULL,NULL,NULL,NULL,NULL,NULL,NULL,NULL,True,NULL,NULL,NULL,NULL,NULL,False,False,False,False,False,True,True,True,True,NULL
"6270904463",True,False,NULL,NULL,NULL,NULL,NULL,NULL,NULL,NULL,True,NULL,NULL,NULL,NULL,NULL,False,False,False,False,False,True,True,True,True,NULL
"1013921757",True,False,NULL,NULL,NULL,NULL,NULL,NULL,NULL,NULL,True,NULL,NULL,NULL,NULL,NULL,False,False,False,False,False,True,True,True,True,NULL
"5946411786",True,False,NULL,NULL,NULL,NULL,NULL,NULL,NULL,NULL,True,NULL,NULL,NULL,NULL,NULL,False,False,False,False,False,True,True,True,True,NULL
"1021135519",True,False,NULL,NULL,NULL,NULL,NULL,NULL,NULL,NULL,True,NULL,NULL,NULL,NULL,NULL,False,False,False,False,False,True,True,True,True,NULL
"6259928234",True,False,NULL,NULL,NULL,NULL,NULL,NULL,NULL,NULL,True,NULL,NULL,NULL,NULL,NULL,False,False,False,False,False,True,True,True,True,NULL
"6224052171",True,False,NULL,NULL,NULL,NULL,NULL,NULL,NULL,NULL,True,NULL,NULL,NULL,NULL,NULL,False,False,False,False,False,True,True,True,True,"VEufUcgmthc"
"8053524660",True,False,NULL,NULL,"Doc",NULL,"2025-10-22 04:20:35.925612+00","🥲",NULL,NULL,True,NULL,NULL,NULL,NULL,NULL,False,False,False,False,False,True,True,True,True,NULL
"667900021",True,False,NULL,NULL,NULL,NULL,NULL,NULL,NULL,NULL,True,NULL,NULL,NULL,NULL,NULL,False,False,False,False,False,True,True,True,True,"grB-zHLX0Qw"
"1168930072",True,False,NULL,NULL,NULL,NULL,NULL,NULL,NULL,NULL,True,NULL,NULL,NULL,NULL,NULL,False,False,False,False,False,True,True,True,True,NULL
"842703365",True,False,NULL,NULL,NULL,NULL,NULL,NULL,NULL,NULL,True,NULL,NULL,NULL,NULL,NULL,False,False,False,False,False,True,True,True,True,NULL
"7907297545",True,False,NULL,NULL,NULL,NULL,NULL,NULL,NULL,NULL,True,NULL,NULL,NULL,NULL,NULL,False,False,False,False,False,True,True,True,True,NULL
"7646459048",True,False,NULL,NULL,NULL,NULL,NULL,NULL,NULL,NULL,True,NULL,NULL,NULL,NULL,NULL,False,False,False,False,False,True,True,True,True,NULL
"5634700034",True,False,NULL,NULL,NULL,NULL,NULL,NULL,NULL,NULL,True,NULL,NULL,NULL,NULL,NULL,False,False,False,False,False,True,True,True,True,NULL
"5687912195",True,False,NULL,NULL,NULL,NULL,NULL,NULL,NULL,NULL,True,NULL,NULL,NULL,NULL,NULL,False,False,False,False,False,True,True,True,True,NULL
"851921841",True,False,NULL,NULL,NULL,NULL,NULL,NULL,NULL,NULL,True,NULL,NULL,NULL,NULL,NULL,False,False,False,False,False,True,True,True,True,NULL
"7852535272",True,False,NULL,NULL,NULL,NULL,NULL,NULL,NULL,NULL,True,NULL,NULL,NULL,NULL,NULL,False,False,False,False,False,True,True,True,True,NULL
"1569824598",True,False,NULL,NULL,NULL,NULL,NULL,NULL,NULL,NULL,True,NULL,NULL,NULL,NULL,NULL,False,False,False,False,False,True,True,True,True,NULL
"7505143686",True,False,NULL,NULL,NULL,NULL,NULL,NULL,NULL,NULL,True,NULL,NULL,NULL,NULL,NULL,False,False,False,False,False,True,True,True,True,NULL
"645031688",True,False,NULL,NULL,NULL,NULL,NULL,NULL,NULL,NULL,True,NULL,NULL,NULL,NULL,NULL,False,False,False,False,False,True,True,True,True,NULL
"1316851155",True,False,NULL,NULL,NULL,NULL,NULL,NULL,NULL,NULL,True,NULL,NULL,NULL,NULL,NULL,False,False,False,False,False,True,True,True,True,NULL
"6913319665",True,False,NULL,NULL,NULL,NULL,NULL,NULL,NULL,NULL,True,NULL,NULL,NULL,NULL,NULL,False,False,False,False,False,True,True,True,True,NULL
"1023764963",True,False,NULL,NULL,NULL,NULL,NULL,NULL,NULL,NULL,True,NULL,NULL,NULL,NULL,NULL,False,False,False,False,False,True,True,True,True,NULL
"7652434229",True,False,NULL,NULL,NULL,NULL,NULL,NULL,NULL,NULL,True,NULL,NULL,NULL,NULL,NULL,False,False,False,False,False,True,True,True,True,NULL
"1945418377",True,False,NULL,NULL,NULL,NULL,NULL,NULL,NULL,NULL,True,NULL,NULL,NULL,NULL,NULL,False,False,False,False,False,True,True,True,True,NULL
"634536224",True,False,NULL,NULL,NULL,NULL,NULL,NULL,NULL,NULL,True,NULL,NULL,NULL,NULL,NULL,False,False,False,False,False,True,True,True,True,NULL
"989129746",True,False,NULL,NULL,NULL,NULL,NULL,NULL,NULL,NULL,True,NULL,NULL,NULL,NULL,NULL,False,False,False,False,False,True,True,True,True,NULL
"5855093500",True,False,NULL,NULL,NULL,NULL,NULL,NULL,NULL,NULL,True,NULL,NULL,NULL,NULL,NULL,False,False,False,False,False,True,True,True,True,NULL
"5753941397",True,False,NULL,NULL,NULL,NULL,NULL,NULL,NULL,NULL,True,NULL,NULL,NULL,NULL,NULL,False,False,False,False,False,True,True,True,True,NULL
"5041766865",True,False,NULL,NULL,NULL,NULL,NULL,NULL,NULL,NULL,True,NULL,NULL,NULL,NULL,NULL,False,False,False,False,False,True,True,True,True,NULL
"5707602269",True,False,NULL,NULL,NULL,NULL,NULL,NULL,NULL,NULL,True,NULL,NULL,NULL,NULL,NULL,False,False,False,False,False,True,True,True,True,NULL
"1708986933",True,False,NULL,NULL,NULL,NULL,NULL,NULL,NULL,NULL,True,NULL,NULL,NULL,NULL,NULL,False,False,False,False,False,True,True,True,True,NULL
"1794788212",True,False,NULL,NULL,NULL,NULL,NULL,NULL,NULL,NULL,True,NULL,NULL,NULL,NULL,NULL,False,False,False,False,False,True,True,True,True,NULL
"5573643336",True,False,NULL,NULL,NULL,NULL,NULL,NULL,NULL,NULL,True,NULL,NULL,NULL,NULL,NULL,False,False,False,False,False,True,True,True,True,NULL
"1648185602",True,False,NULL,NULL,NULL,NULL,NULL,NULL,NULL,NULL,True,NULL,NULL,NULL,NULL,NULL,False,False,False,False,False,True,True,True,True,NULL
"782683208",True,False,NULL,NULL,NULL,NULL,NULL,NULL,NULL,NULL,True,NULL,NULL,NULL,NULL,NULL,False,False,False,False,False,True,True,True,True,NULL
"1980329253",True,False,NULL,NULL,NULL,NULL,NULL,NULL,NULL,NULL,True,NULL,NULL,NULL,NULL,NULL,False,False,False,False,False,True,True,True,True,NULL
"6910319168",True,False,NULL,NULL,NULL,NULL,NULL,NULL,NULL,NULL,True,NULL,NULL,NULL,NULL,NULL,False,False,False,False,False,True,True,True,True,NULL
"474904680",True,False,NULL,NULL,NULL,NULL,NULL,NULL,NULL,NULL,True,NULL,NULL,NULL,NULL,NULL,False,False,False,False,False,True,True,True,True,NULL
"5545652046",True,False,NULL,NULL,NULL,NULL,NULL,NULL,NULL,NULL,True,NULL,NULL,NULL,NULL,NULL,False,False,False,False,False,True,True,True,True,NULL
"5299450279",True,False,NULL,NULL,NULL,NULL,NULL,NULL,NULL,NULL,True,NULL,NULL,NULL,NULL,NULL,False,False,False,False,False,True,True,True,True,NULL
"5008405591",True,False,NULL,NULL,NULL,NULL,NULL,NULL,NULL,NULL,True,NULL,NULL,NULL,NULL,NULL,False,False,False,False,False,True,True,True,True,NULL
"6070029100",True,False,NULL,NULL,"Beletu",NULL,"2025-10-22 17:29:24.645322+00","👩",NULL,NULL,True,NULL,NULL,NULL,NULL,NULL,False,False,False,False,False,True,True,True,True,NULL
"896944300",True,False,NULL,NULL,NULL,NULL,NULL,NULL,NULL,NULL,True,NULL,NULL,NULL,NULL,NULL,False,False,False,False,False,True,True,True,True,NULL
"7199387857",True,False,NULL,NULL,NULL,NULL,NULL,NULL,NULL,NULL,True,NULL,NULL,NULL,NULL,NULL,False,False,False,False,False,True,True,True,True,NULL
"642247335",True,False,NULL,NULL,NULL,NULL,NULL,NULL,NULL,NULL,True,NULL,NULL,NULL,NULL,NULL,False,False,False,False,False,True,True,True,True,NULL
"6634593936",True,False,NULL,NULL,NULL,NULL,NULL,NULL,NULL,NULL,True,NULL,NULL,NULL,NULL,NULL,False,False,False,False,False,True,True,True,True,NULL
"7817484120",True,False,NULL,NULL,NULL,NULL,NULL,NULL,NULL,NULL,True,NULL,NULL,NULL,NULL,NULL,False,False,False,False,False,True,True,True,True,NULL
"1832733885",True,False,NULL,NULL,NULL,NULL,NULL,NULL,NULL,NULL,True,NULL,NULL,NULL,NULL,NULL,False,False,False,False,False,True,True,True,True,NULL
"774164233",True,False,NULL,NULL,NULL,NULL,NULL,NULL,NULL,NULL,True,NULL,NULL,NULL,NULL,NULL,False,False,False,False,False,True,True,True,True,NULL
"1241455590",True,False,NULL,NULL,NULL,NULL,NULL,NULL,NULL,NULL,True,NULL,NULL,NULL,NULL,NULL,False,False,False,False,False,True,True,True,True,NULL
"5225942999",True,False,NULL,NULL,NULL,NULL,NULL,NULL,NULL,NULL,True,NULL,NULL,NULL,NULL,NULL,False,False,False,False,False,True,True,True,True,NULL
"7435783484",True,False,NULL,NULL,NULL,NULL,NULL,NULL,NULL,NULL,True,NULL,NULL,NULL,NULL,NULL,False,False,False,False,False,True,True,True,True,NULL
"6860500033",True,False,NULL,NULL,NULL,NULL,NULL,NULL,NULL,NULL,True,NULL,NULL,NULL,NULL,NULL,False,False,False,False,False,True,True,True,True,NULL
"897474752",True,False,NULL,NULL,NULL,NULL,NULL,NULL,NULL,NULL,True,NULL,NULL,NULL,NULL,NULL,False,False,False,False,False,True,True,True,True,NULL
"858299807",True,False,NULL,NULL,NULL,NULL,NULL,NULL,NULL,NULL,True,NULL,NULL,NULL,NULL,NULL,False,False,False,False,False,True,True,True,True,NULL
"1427336078",True,False,NULL,NULL,NULL,NULL,NULL,NULL,NULL,NULL,True,NULL,NULL,NULL,NULL,NULL,False,False,False,False,False,True,True,True,True,NULL
"6078217393",True,False,NULL,NULL,NULL,NULL,NULL,NULL,NULL,NULL,True,NULL,NULL,NULL,NULL,NULL,False,False,False,False,False,True,True,True,True,NULL
"7354157233",True,False,NULL,NULL,NULL,NULL,NULL,NULL,NULL,NULL,True,NULL,NULL,NULL,NULL,NULL,False,False,False,False,False,True,True,True,True,NULL
"965662839",True,False,NULL,NULL,NULL,NULL,NULL,NULL,NULL,NULL,True,NULL,NULL,NULL,NULL,NULL,False,False,False,False,False,True,True,True,True,NULL
"1748194090",True,False,NULL,NULL,NULL,NULL,NULL,NULL,NULL,NULL,True,NULL,NULL,NULL,NULL,NULL,False,False,False,False,False,True,True,True,True,NULL
"2004572600",True,False,NULL,NULL,NULL,NULL,NULL,NULL,NULL,NULL,True,NULL,NULL,NULL,NULL,NULL,False,False,False,False,False,True,True,True,True,NULL
"7679005925",True,False,NULL,NULL,NULL,NULL,NULL,NULL,NULL,NULL,True,NULL,NULL,NULL,NULL,NULL,False,False,False,False,False,True,True,True,True,NULL
"1537031593",True,False,NULL,NULL,NULL,NULL,NULL,NULL,NULL,NULL,True,NULL,NULL,NULL,NULL,NULL,False,False,False,False,False,True,True,True,True,NULL
"6505114830",True,False,NULL,NULL,NULL,NULL,NULL,NULL,NULL,NULL,True,NULL,NULL,NULL,NULL,NULL,False,False,False,False,False,True,True,True,True,NULL
"1029826901",True,False,NULL,NULL,NULL,NULL,NULL,NULL,NULL,NULL,True,NULL,NULL,NULL,NULL,NULL,False,False,False,False,False,True,True,True,True,NULL
"901269701",True,False,NULL,NULL,NULL,NULL,NULL,NULL,NULL,NULL,True,NULL,NULL,NULL,NULL,NULL,False,False,False,False,False,True,True,True,True,NULL
"6438193517",True,False,NULL,NULL,NULL,NULL,NULL,NULL,NULL,NULL,True,NULL,NULL,NULL,NULL,NULL,False,False,False,False,False,True,True,True,True,NULL
"1744016847",True,False,NULL,NULL,NULL,NULL,NULL,NULL,NULL,NULL,True,NULL,NULL,NULL,NULL,NULL,False,False,False,False,False,True,True,True,True,NULL
"1034320521",True,False,NULL,NULL,NULL,NULL,NULL,NULL,NULL,NULL,True,NULL,NULL,NULL,NULL,NULL,False,False,False,False,False,True,True,True,True,NULL
"6367489225",True,False,NULL,NULL,"random guy",NULL,"2025-10-26 21:22:56.910108+00","👨",NULL,NULL,True,NULL,NULL,NULL,NULL,NULL,False,False,False,False,False,True,True,True,True,NULL
"5030370037",True,False,NULL,NULL,NULL,NULL,NULL,NULL,NULL,NULL,True,NULL,NULL,NULL,NULL,NULL,False,False,False,False,False,True,True,True,True,NULL
"664242494",True,False,NULL,NULL,NULL,NULL,NULL,NULL,NULL,NULL,True,NULL,NULL,NULL,NULL,NULL,False,False,False,False,False,True,True,True,True,NULL
"7321547804",True,False,NULL,NULL,NULL,NULL,NULL,NULL,NULL,NULL,True,NULL,NULL,NULL,NULL,NULL,False,False,False,False,False,True,True,True,True,"b3QL8-YLT6c"
"7031646373",True,False,NULL,NULL,NULL,NULL,NULL,NULL,NULL,NULL,True,NULL,NULL,NULL,NULL,NULL,False,False,False,False,False,True,True,True,True,NULL
"5527748575",True,False,NULL,NULL,NULL,NULL,NULL,NULL,NULL,NULL,True,NULL,NULL,NULL,NULL,NULL,False,False,False,False,False,True,True,True,True,NULL
"7430281451",True,False,NULL,NULL,NULL,NULL,NULL,NULL,NULL,NULL,True,NULL,NULL,NULL,NULL,NULL,False,False,False,False,False,True,True,True,True,NULL
"7434630984",True,False,NULL,NULL,NULL,NULL,NULL,NULL,NULL,NULL,True,NULL,NULL,NULL,NULL,NULL,False,False,False,False,False,True,True,True,True,NULL
"628012820",True,False,NULL,NULL,NULL,NULL,NULL,NULL,NULL,NULL,True,NULL,NULL,NULL,NULL,NULL,False,False,False,False,False,True,True,True,True,NULL
"785607278",True,False,NULL,NULL,NULL,NULL,NULL,NULL,NULL,NULL,True,NULL,NULL,NULL,NULL,NULL,False,False,False,False,False,True,True,True,True,NULL
"1395505364",True,False,NULL,NULL,NULL,NULL,NULL,NULL,NULL,NULL,True,NULL,NULL,NULL,NULL,NULL,False,False,False,False,False,True,True,True,True,NULL
"6171506896",True,False,NULL,NULL,NULL,NULL,NULL,NULL,NULL,NULL,True,NULL,NULL,NULL,NULL,NULL,False,False,False,False,False,True,True,True,True,NULL
"699399241",True,False,NULL,NULL,NULL,NULL,NULL,NULL,NULL,NULL,True,NULL,NULL,NULL,NULL,NULL,False,False,False,False,False,True,True,True,True,NULL
"1449786392",True,False,NULL,NULL,NULL,NULL,NULL,NULL,NULL,NULL,True,NULL,NULL,NULL,NULL,NULL,False,False,False,False,False,True,True,True,True,NULL
"7245233149",True,False,NULL,NULL,NULL,NULL,NULL,NULL,NULL,NULL,True,NULL,NULL,NULL,NULL,NULL,False,False,False,False,False,True,True,True,True,NULL
"5268829829",True,False,NULL,NULL,NULL,NULL,NULL,NULL,NULL,NULL,True,NULL,NULL,NULL,NULL,NULL,False,False,False,False,False,True,True,True,True,NULL
"6673233278",True,False,NULL,NULL,NULL,NULL,NULL,NULL,NULL,NULL,True,NULL,NULL,NULL,NULL,NULL,False,False,False,False,False,True,True,True,True,NULL
"8232147671",True,False,NULL,NULL,NULL,NULL,NULL,NULL,NULL,NULL,True,NULL,NULL,NULL,NULL,NULL,False,False,False,False,False,True,True,True,True,NULL
"1005931500",True,False,NULL,NULL,NULL,NULL,NULL,NULL,NULL,NULL,True,NULL,NULL,NULL,NULL,NULL,False,False,False,False,False,True,True,True,True,NULL
"410700949",True,False,NULL,NULL,NULL,NULL,NULL,NULL,NULL,NULL,True,NULL,NULL,NULL,NULL,NULL,False,False,False,False,False,True,True,True,True,NULL
"7397324997",True,False,NULL,NULL,NULL,NULL,NULL,NULL,NULL,NULL,True,NULL,NULL,NULL,NULL,NULL,False,False,False,False,False,True,True,True,True,NULL
"1378427852",True,False,NULL,NULL,NULL,NULL,NULL,NULL,NULL,NULL,True,NULL,NULL,NULL,NULL,NULL,False,False,False,False,False,True,True,True,True,NULL
"5013200070",True,False,NULL,NULL,NULL,NULL,NULL,NULL,NULL,NULL,True,NULL,NULL,NULL,NULL,NULL,False,False,False,False,False,True,True,True,True,NULL
"410221669",True,False,NULL,NULL,NULL,NULL,NULL,NULL,NULL,NULL,True,NULL,NULL,NULL,NULL,NULL,False,False,False,False,False,True,True,True,True,"7AcxrxaovAM"
"1706138163",True,False,NULL,NULL,NULL,NULL,NULL,NULL,NULL,NULL,True,NULL,NULL,NULL,NULL,NULL,False,False,False,False,False,True,True,True,True,NULL
"1091380085",True,False,NULL,NULL,NULL,NULL,NULL,NULL,NULL,NULL,True,NULL,NULL,NULL,NULL,NULL,False,False,False,False,False,True,True,True,True,NULL
"6477111751",True,False,NULL,NULL,NULL,NULL,NULL,NULL,NULL,NULL,True,NULL,NULL,NULL,NULL,NULL,False,False,False,False,False,True,True,True,True,NULL
"6931225160",True,False,NULL,NULL,NULL,NULL,NULL,NULL,NULL,NULL,True,NULL,NULL,NULL,NULL,NULL,False,False,False,False,False,True,True,True,True,NULL
"2147227253",True,False,NULL,NULL,NULL,NULL,NULL,NULL,NULL,NULL,True,NULL,NULL,NULL,NULL,NULL,False,False,False,False,False,True,True,True,True,NULL
"6880713172",True,False,NULL,NULL,NULL,NULL,NULL,NULL,NULL,NULL,True,NULL,NULL,NULL,NULL,NULL,False,False,False,False,False,True,True,True,True,NULL
"6819319491",True,False,NULL,NULL,NULL,NULL,NULL,NULL,NULL,NULL,True,NULL,NULL,NULL,NULL,NULL,False,False,False,False,False,True,True,True,True,NULL
"6305576966",True,False,NULL,NULL,NULL,NULL,NULL,"🦊",NULL,NULL,True,NULL,NULL,NULL,NULL,NULL,False,False,False,False,False,True,True,True,True,"yLUlGkxdk1c"
"1466500575",True,False,NULL,NULL,NULL,NULL,NULL,NULL,NULL,NULL,True,NULL,NULL,NULL,NULL,NULL,False,False,False,False,False,True,True,True,True,NULL
"1473195726",True,False,NULL,NULL,NULL,NULL,NULL,NULL,NULL,NULL,True,NULL,NULL,NULL,NULL,NULL,False,False,False,False,False,True,True,True,True,NULL
"7556183083",True,False,NULL,NULL,NULL,NULL,NULL,NULL,NULL,NULL,True,NULL,NULL,NULL,NULL,NULL,False,False,False,False,False,True,True,True,True,NULL
"7578307771",True,False,NULL,NULL,NULL,NULL,NULL,NULL,NULL,NULL,True,NULL,NULL,NULL,NULL,NULL,False,False,False,False,False,True,True,True,True,NULL
"1187818738",True,False,NULL,NULL,NULL,NULL,NULL,NULL,NULL,NULL,True,NULL,NULL,NULL,NULL,NULL,False,False,False,False,False,True,True,True,True,NULL
"6233075737",True,False,NULL,NULL,NULL,NULL,NULL,NULL,NULL,NULL,True,NULL,NULL,NULL,NULL,NULL,False,False,False,False,False,True,True,True,True,"TRswDwZPVGI"
"5418871288",True,False,NULL,NULL,NULL,NULL,NULL,NULL,NULL,NULL,True,NULL,NULL,NULL,NULL,NULL,False,False,False,False,False,True,True,True,True,NULL
"779482282",True,False,NULL,NULL,NULL,NULL,NULL,NULL,NULL,NULL,True,NULL,NULL,NULL,NULL,NULL,False,False,False,False,False,True,True,True,True,NULL
"7667712165",True,False,NULL,NULL,NULL,NULL,NULL,NULL,NULL,NULL,True,NULL,NULL,NULL,NULL,NULL,False,False,False,False,False,True,True,True,True,NULL
"1377811543",True,False,NULL,NULL,NULL,NULL,NULL,NULL,NULL,NULL,True,NULL,NULL,NULL,NULL,NULL,False,False,False,False,False,True,True,True,True,NULL
"820498731",True,False,NULL,NULL,NULL,NULL,NULL,NULL,NULL,NULL,True,NULL,NULL,NULL,NULL,NULL,False,False,False,False,False,True,True,True,True,NULL
"5647903240",True,False,NULL,NULL,NULL,NULL,NULL,NULL,NULL,NULL,True,NULL,NULL,NULL,NULL,NULL,False,False,False,False,False,True,True,True,True,"-8-9Tw1xkVA"
"2105384358",True,False,NULL,NULL,NULL,NULL,NULL,NULL,NULL,NULL,True,NULL,NULL,NULL,NULL,NULL,False,False,False,False,False,True,True,True,True,NULL
"5421170729",True,False,NULL,NULL,NULL,NULL,NULL,NULL,NULL,NULL,True,NULL,NULL,NULL,NULL,NULL,False,False,False,False,False,True,True,True,True,NULL
"7699136642",True,False,NULL,NULL,NULL,NULL,NULL,NULL,NULL,NULL,True,NULL,NULL,NULL,NULL,NULL,False,False,False,False,False,True,True,True,True,NULL
"1818949092",True,False,NULL,NULL,NULL,NULL,NULL,NULL,NULL,NULL,True,NULL,NULL,NULL,NULL,NULL,False,False,False,False,False,True,True,True,True,NULL
"992306559",True,False,NULL,NULL,NULL,NULL,NULL,NULL,NULL,NULL,True,NULL,NULL,NULL,NULL,NULL,False,False,False,False,False,True,True,True,True,NULL
"763425743",True,False,NULL,NULL,NULL,NULL,NULL,NULL,NULL,NULL,True,NULL,NULL,NULL,NULL,NULL,False,False,False,False,False,True,True,True,True,NULL
"1026676664",True,False,NULL,NULL,NULL,NULL,NULL,NULL,NULL,NULL,True,NULL,NULL,NULL,NULL,NULL,False,False,False,False,False,True,True,True,True,NULL
"7947480696",True,False,NULL,NULL,NULL,NULL,NULL,NULL,NULL,NULL,True,NULL,NULL,NULL,NULL,NULL,False,False,False,False,False,True,True,True,True,NULL
"535548928",True,False,NULL,NULL,NULL,NULL,NULL,NULL,NULL,NULL,True,NULL,NULL,NULL,NULL,NULL,False,False,False,False,False,True,True,True,True,NULL
"1186932520",True,False,NULL,NULL,NULL,NULL,NULL,NULL,NULL,NULL,True,NULL,NULL,NULL,NULL,NULL,False,False,False,False,False,True,True,True,True,NULL
"7421994952",True,False,NULL,NULL,NULL,NULL,NULL,NULL,NULL,NULL,True,NULL,NULL,NULL,NULL,NULL,False,False,False,False,False,True,True,True,True,NULL
"646679136",True,False,NULL,NULL,NULL,NULL,NULL,NULL,NULL,NULL,True,NULL,NULL,NULL,NULL,NULL,False,False,False,False,False,True,True,True,True,NULL
"5393180424",True,False,NULL,NULL,NULL,NULL,NULL,NULL,NULL,NULL,True,NULL,NULL,NULL,NULL,NULL,False,False,False,False,False,True,True,True,True,NULL
"942588913",True,False,NULL,NULL,NULL,NULL,NULL,NULL,NULL,NULL,True,NULL,NULL,NULL,NULL,NULL,False,False,False,False,False,True,True,True,True,NULL
"1231420360",True,False,NULL,NULL,NULL,NULL,NULL,NULL,NULL,NULL,True,NULL,NULL,NULL,NULL,NULL,False,False,False,False,False,True,True,True,True,NULL
"640127754",True,False,NULL,NULL,NULL,NULL,NULL,NULL,NULL,NULL,True,NULL,NULL,NULL,NULL,NULL,False,False,False,False,False,True,True,True,True,NULL
"5401842279",True,False,NULL,NULL,NULL,NULL,NULL,NULL,NULL,NULL,True,NULL,NULL,NULL,NULL,NULL,False,False,False,False,False,True,True,True,True,NULL
"1075011116",True,False,NULL,NULL,NULL,NULL,NULL,NULL,NULL,NULL,True,NULL,NULL,NULL,NULL,NULL,False,False,False,False,False,True,True,True,True,NULL
"7643333083",True,False,NULL,NULL,NULL,NULL,NULL,NULL,NULL,NULL,True,NULL,NULL,NULL,NULL,NULL,False,False,False,False,False,True,True,True,True,NULL
"6219124796",True,False,NULL,NULL,NULL,NULL,NULL,NULL,NULL,NULL,True,NULL,NULL,NULL,NULL,NULL,False,False,False,False,False,True,True,True,True,NULL
"1890147663",True,False,NULL,NULL,NULL,NULL,NULL,NULL,NULL,NULL,False,NULL,NULL,NULL,NULL,NULL,False,False,False,False,False,True,True,True,True,NULL
"7611044282",True,False,NULL,NULL,NULL,NULL,NULL,NULL,NULL,NULL,True,NULL,NULL,NULL,NULL,NULL,False,False,False,False,False,True,True,True,True,NULL
"2030113643",True,False,NULL,NULL,NULL,NULL,NULL,NULL,NULL,NULL,True,NULL,NULL,NULL,NULL,NULL,False,False,False,False,False,True,True,True,True,NULL
"985969763",True,False,NULL,NULL,NULL,NULL,NULL,NULL,NULL,NULL,True,NULL,NULL,NULL,NULL,NULL,False,False,False,False,False,True,True,True,True,NULL
"1150681828",True,False,NULL,NULL,NULL,NULL,NULL,NULL,NULL,NULL,True,NULL,NULL,NULL,NULL,NULL,False,False,False,False,False,True,True,True,True,NULL
"7127756788",True,False,NULL,NULL,NULL,NULL,NULL,NULL,NULL,NULL,True,NULL,NULL,NULL,NULL,NULL,False,False,False,False,False,True,True,True,True,"TwVfKa-SptI"
"6658907648",True,False,NULL,NULL,NULL,25,NULL,"☀️",NULL,NULL,True,NULL,NULL,NULL,NULL,NULL,False,False,False,False,False,True,True,True,True,NULL
"1762826118",True,False,NULL,NULL,NULL,NULL,NULL,NULL,NULL,NULL,True,NULL,NULL,NULL,NULL,NULL,False,False,False,False,False,True,True,True,True,"8x6RXqOwSys"
"540041616",True,False,NULL,NULL,"ThirdCoffee",NULL,"2025-09-30 12:09:18.521338+00",NULL,NULL,NULL,True,NULL,NULL,NULL,NULL,NULL,False,False,False,False,False,True,True,True,True,NULL
"1366336315",True,False,NULL,NULL,NULL,NULL,NULL,NULL,NULL,NULL,True,NULL,NULL,NULL,NULL,NULL,False,False,False,False,False,True,True,True,True,NULL
"5067198717",True,False,NULL,NULL,"Undisputed",NULL,"2025-09-27 16:23:23.37554+00","🧐",NULL,NULL,True,NULL,NULL,NULL,NULL,NULL,False,False,False,False,False,True,True,True,True,NULL
"351356603",True,False,NULL,NULL,NULL,NULL,NULL,NULL,NULL,NULL,True,NULL,NULL,NULL,NULL,NULL,False,False,False,False,False,True,True,True,True,NULL
"7739102070",True,False,NULL,NULL,NULL,NULL,NULL,"☀️",NULL,NULL,True,NULL,NULL,NULL,NULL,NULL,False,False,False,False,False,True,True,True,True,NULL
"5440521648",True,False,NULL,NULL,NULL,NULL,NULL,NULL,NULL,NULL,False,NULL,NULL,NULL,NULL,NULL,False,False,False,False,False,True,True,True,True,NULL
"1492789560",True,False,NULL,NULL,NULL,NULL,NULL,"👤",NULL,NULL,True,NULL,NULL,NULL,NULL,NULL,False,False,False,False,False,True,True,True,True,NULL
"5747521170",True,False,NULL,NULL,"Zeus",0,"2025-10-12 16:39:22.627685+00",NULL,NULL,NULL,True,NULL,NULL,NULL,NULL,NULL,False,False,False,False,False,True,True,True,True,NULL
"1014465849",True,False,NULL,NULL,NULL,NULL,NULL,NULL,NULL,NULL,True,NULL,NULL,NULL,NULL,NULL,False,False,False,False,False,True,True,True,True,"Rfo-0B-Ksw4"
"6375950022",True,False,NULL,NULL,NULL,NULL,NULL,NULL,NULL,NULL,True,NULL,NULL,NULL,NULL,NULL,False,False,False,False,False,True,True,True,True,NULL
"1130612915",True,False,NULL,NULL,NULL,NULL,NULL,NULL,NULL,NULL,True,NULL,NULL,NULL,NULL,NULL,False,False,False,False,False,True,True,True,True,NULL
"6758824963",True,False,NULL,NULL,NULL,NULL,NULL,NULL,NULL,NULL,True,NULL,NULL,NULL,NULL,NULL,False,False,False,False,False,True,True,True,True,NULL
"2127027523",True,False,NULL,NULL,NULL,NULL,NULL,NULL,NULL,NULL,True,NULL,NULL,NULL,NULL,NULL,False,False,False,False,False,True,True,True,True,NULL
"800591141",True,False,NULL,NULL,NULL,NULL,NULL,NULL,NULL,NULL,True,NULL,NULL,NULL,NULL,NULL,False,False,False,False,False,True,True,True,True,NULL
"598056331",True,False,NULL,NULL,NULL,NULL,NULL,NULL,NULL,NULL,True,NULL,NULL,NULL,NULL,NULL,False,False,False,False,False,True,True,True,True,NULL
"5752337678",True,False,NULL,NULL,NULL,NULL,NULL,NULL,NULL,NULL,True,NULL,NULL,NULL,NULL,NULL,False,False,False,False,False,True,True,True,True,NULL
"661171900",True,False,NULL,NULL,NULL,NULL,NULL,NULL,NULL,NULL,True,NULL,NULL,NULL,NULL,NULL,False,False,False,False,False,True,True,True,True,NULL
"5687278153",True,False,NULL,NULL,NULL,NULL,NULL,NULL,NULL,NULL,True,NULL,NULL,NULL,NULL,NULL,False,False,False,False,False,True,True,True,True,NULL
"1225993895",True,False,NULL,NULL,NULL,NULL,NULL,NULL,NULL,NULL,True,NULL,NULL,NULL,NULL,NULL,False,False,False,False,False,True,True,True,True,NULL
"6571418897",True,False,NULL,NULL,NULL,NULL,NULL,NULL,NULL,NULL,True,NULL,NULL,NULL,NULL,NULL,False,False,False,False,False,True,True,True,True,NULL
"796146421",True,False,NULL,NULL,NULL,NULL,NULL,NULL,NULL,NULL,True,NULL,NULL,NULL,NULL,NULL,False,False,False,False,False,True,True,True,True,NULL
"7301651363",True,False,NULL,NULL,NULL,NULL,NULL,NULL,NULL,NULL,True,NULL,NULL,NULL,NULL,NULL,False,False,False,False,False,True,True,True,True,NULL
"5226798295",True,False,NULL,NULL,NULL,NULL,NULL,NULL,NULL,NULL,True,NULL,NULL,NULL,NULL,NULL,False,False,False,False,False,True,True,True,True,NULL
"5462530196",True,False,NULL,NULL,NULL,NULL,NULL,NULL,NULL,NULL,True,NULL,NULL,NULL,NULL,NULL,False,False,False,False,False,True,True,True,True,NULL
"1178019097",True,False,NULL,NULL,NULL,NULL,NULL,NULL,NULL,NULL,True,NULL,NULL,NULL,NULL,NULL,False,False,False,False,False,True,True,True,True,NULL
"1724178377",True,False,NULL,NULL,NULL,NULL,NULL,NULL,NULL,NULL,True,NULL,NULL,NULL,NULL,NULL,False,False,False,False,False,True,True,True,True,NULL
"447117401",True,False,NULL,NULL,NULL,NULL,NULL,NULL,NULL,NULL,True,NULL,NULL,NULL,NULL,NULL,False,False,False,False,False,True,True,True,True,NULL
"6142494644",True,False,NULL,NULL,NULL,NULL,NULL,NULL,NULL,NULL,True,NULL,NULL,NULL,NULL,NULL,False,False,False,False,False,True,True,True,True,NULL
"8068204898",True,False,NULL,NULL,NULL,NULL,NULL,NULL,NULL,NULL,True,NULL,NULL,NULL,NULL,NULL,False,False,False,False,False,True,True,True,True,NULL
"5393797694",True,False,NULL,NULL,NULL,NULL,NULL,NULL,NULL,NULL,True,NULL,NULL,NULL,NULL,NULL,False,False,False,False,False,True,True,True,True,NULL
"643764427",True,False,NULL,NULL,NULL,NULL,NULL,NULL,NULL,NULL,True,NULL,NULL,NULL,NULL,NULL,False,False,False,False,False,True,True,True,True,NULL
"6091033153",True,False,NULL,NULL,NULL,NULL,NULL,NULL,NULL,NULL,True,NULL,NULL,NULL,NULL,NULL,False,False,False,False,False,True,True,True,True,NULL
"5884136763",True,False,NULL,NULL,NULL,NULL,NULL,NULL,NULL,NULL,True,NULL,NULL,NULL,NULL,NULL,False,False,False,False,False,True,True,True,True,NULL
"723802681",True,False,NULL,NULL,NULL,NULL,NULL,NULL,NULL,NULL,True,NULL,NULL,NULL,NULL,NULL,False,False,False,False,False,True,True,True,True,NULL
"2125121525",True,False,NULL,NULL,NULL,NULL,NULL,NULL,NULL,NULL,True,NULL,NULL,NULL,NULL,NULL,False,False,False,False,False,True,True,True,True,NULL
"530336101",True,False,NULL,NULL,NULL,NULL,NULL,NULL,NULL,NULL,True,NULL,NULL,NULL,NULL,NULL,False,False,False,False,False,True,True,True,True,NULL
"6358660938",True,False,NULL,NULL,NULL,NULL,NULL,NULL,NULL,NULL,True,NULL,NULL,NULL,NULL,NULL,False,False,False,False,False,True,True,True,True,NULL
"7727209502",True,False,NULL,NULL,NULL,NULL,NULL,NULL,NULL,NULL,True,NULL,NULL,NULL,NULL,NULL,False,False,False,False,False,True,True,True,True,NULL
"6060179344",True,False,NULL,NULL,"slyly",0,"2025-10-01 07:42:38.793559+00","✨",NULL,NULL,True,NULL,NULL,NULL,NULL,NULL,False,False,False,False,False,True,True,True,True,NULL
"6441372727",True,False,NULL,NULL,NULL,NULL,NULL,NULL,NULL,NULL,True,NULL,NULL,NULL,NULL,NULL,False,False,False,False,False,True,True,True,True,NULL
"1046332094",True,False,NULL,NULL,NULL,NULL,NULL,NULL,NULL,NULL,True,NULL,NULL,NULL,NULL,NULL,False,False,False,False,False,True,True,True,True,NULL
"2033415231",True,False,NULL,NULL,NULL,NULL,NULL,NULL,NULL,NULL,True,NULL,NULL,NULL,NULL,NULL,False,False,False,False,False,True,True,True,True,NULL
"875902785",True,False,NULL,NULL,NULL,NULL,NULL,NULL,NULL,NULL,True,NULL,NULL,NULL,NULL,NULL,False,False,False,False,False,True,True,True,True,NULL
"1948738737",True,False,NULL,NULL,NULL,NULL,NULL,NULL,NULL,NULL,True,NULL,NULL,NULL,NULL,NULL,False,False,False,False,False,True,True,True,True,NULL
"1882624013",True,False,NULL,NULL,NULL,NULL,NULL,NULL,NULL,NULL,True,NULL,NULL,NULL,NULL,NULL,False,False,False,False,False,True,True,True,True,NULL
"502864394",True,False,NULL,NULL,NULL,NULL,NULL,NULL,NULL,NULL,True,NULL,NULL,NULL,NULL,NULL,False,False,False,False,False,True,True,True,True,NULL
"8101403130",True,False,NULL,NULL,NULL,NULL,NULL,NULL,NULL,NULL,True,NULL,NULL,NULL,NULL,NULL,False,False,False,False,False,True,True,True,True,NULL
"7400431586",True,False,NULL,NULL,NULL,NULL,NULL,NULL,NULL,NULL,True,NULL,NULL,NULL,NULL,NULL,False,False,False,False,False,True,True,True,True,NULL
"6709840845",True,False,NULL,NULL,NULL,NULL,NULL,NULL,NULL,NULL,True,NULL,NULL,NULL,NULL,NULL,False,False,False,False,False,True,True,True,True,NULL
"703468832",True,False,NULL,NULL,NULL,NULL,NULL,NULL,NULL,NULL,True,NULL,NULL,NULL,NULL,NULL,False,False,False,False,False,True,True,True,True,NULL
"7365172919",True,False,NULL,NULL,NULL,NULL,NULL,NULL,NULL,NULL,True,NULL,NULL,NULL,NULL,NULL,False,False,False,False,False,True,True,True,True,NULL
"345821233",True,False,NULL,NULL,NULL,NULL,NULL,NULL,NULL,NULL,True,NULL,NULL,NULL,NULL,NULL,False,False,False,False,False,True,True,True,True,NULL
"925813161",True,False,NULL,NULL,NULL,NULL,NULL,NULL,NULL,NULL,True,NULL,NULL,NULL,NULL,NULL,False,False,False,False,False,True,True,True,True,NULL
"713551189",True,False,NULL,NULL,NULL,NULL,NULL,NULL,NULL,NULL,True,NULL,NULL,NULL,NULL,NULL,False,False,False,False,False,True,True,True,True,NULL
"8128238271",True,False,NULL,NULL,NULL,NULL,NULL,NULL,NULL,NULL,True,NULL,NULL,NULL,NULL,NULL,False,False,False,False,False,True,True,True,True,NULL
"7784990622",True,False,NULL,NULL,NULL,NULL,NULL,NULL,NULL,NULL,True,NULL,NULL,NULL,NULL,NULL,False,False,False,False,False,True,True,True,True,NULL
"5394528895",True,False,NULL,NULL,NULL,NULL,NULL,NULL,NULL,NULL,True,NULL,NULL,NULL,NULL,NULL,False,False,False,False,False,True,True,True,True,NULL
"2062173720",True,False,NULL,NULL,NULL,NULL,NULL,NULL,NULL,NULL,True,NULL,NULL,NULL,NULL,NULL,False,False,False,False,False,True,True,True,True,NULL
"1194501963",True,False,NULL,NULL,NULL,NULL,NULL,NULL,NULL,NULL,True,NULL,NULL,NULL,NULL,NULL,False,False,False,False,False,True,True,True,True,NULL
"1030283770",True,False,NULL,NULL,NULL,NULL,NULL,NULL,NULL,NULL,True,NULL,NULL,NULL,NULL,NULL,False,False,False,False,False,True,True,True,True,NULL
"560409668",True,False,NULL,NULL,NULL,NULL,NULL,NULL,NULL,NULL,True,NULL,NULL,NULL,NULL,NULL,False,False,False,False,False,True,True,True,True,NULL
"1265833766",True,False,NULL,NULL,NULL,NULL,NULL,NULL,NULL,NULL,True,NULL,NULL,NULL,NULL,NULL,False,False,False,False,False,True,True,True,True,NULL
"1103797707",True,False,NULL,NULL,NULL,NULL,NULL,NULL,NULL,NULL,True,NULL,NULL,NULL,NULL,NULL,False,False,False,False,False,True,True,True,True,NULL
"7732563561",False,False,NULL,NULL,NULL,NULL,NULL,NULL,NULL,NULL,True,NULL,NULL,NULL,NULL,NULL,False,False,False,False,False,True,True,True,True,NULL
"1337121828",True,False,NULL,NULL,NULL,NULL,NULL,NULL,NULL,NULL,True,NULL,NULL,NULL,NULL,NULL,False,False,False,False,False,True,True,True,True,NULL
"904105918",True,False,NULL,NULL,NULL,NULL,NULL,NULL,NULL,NULL,True,NULL,NULL,NULL,NULL,NULL,False,False,False,False,False,True,True,True,True,NULL
"918056248",True,False,NULL,NULL,NULL,NULL,NULL,NULL,NULL,NULL,True,NULL,NULL,NULL,NULL,NULL,False,False,False,False,False,True,True,True,True,NULL
"1293620103",True,False,NULL,NULL,NULL,NULL,NULL,NULL,NULL,NULL,True,NULL,NULL,NULL,NULL,NULL,False,False,False,False,False,True,True,True,True,NULL
"8034247290",True,False,NULL,NULL,NULL,NULL,NULL,NULL,NULL,NULL,True,NULL,NULL,NULL,NULL,NULL,False,False,False,False,False,True,True,True,True,NULL
"839638945",True,False,NULL,NULL,NULL,NULL,NULL,NULL,NULL,NULL,True,NULL,NULL,NULL,NULL,NULL,False,False,False,False,False,True,True,True,True,NULL
"7385008719",True,False,NULL,NULL,NULL,NULL,NULL,NULL,NULL,NULL,True,NULL,NULL,NULL,NULL,NULL,False,False,False,False,False,True,True,True,True,NULL
"7726740364",True,False,NULL,NULL,NULL,NULL,NULL,NULL,NULL,NULL,True,NULL,NULL,NULL,NULL,NULL,False,False,False,False,False,True,True,True,True,NULL
"1971422325",True,False,NULL,NULL,NULL,NULL,NULL,NULL,NULL,NULL,True,NULL,NULL,NULL,NULL,NULL,False,False,False,False,False,True,True,True,True,NULL
"7776561163",True,False,NULL,NULL,NULL,NULL,NULL,NULL,NULL,NULL,True,NULL,NULL,NULL,NULL,NULL,False,False,False,False,False,True,True,True,True,NULL
"5096946527",True,False,NULL,NULL,NULL,NULL,NULL,NULL,NULL,NULL,True,NULL,NULL,NULL,NULL,NULL,False,False,False,False,False,True,True,True,True,NULL
"640935901",True,False,NULL,NULL,NULL,NULL,NULL,NULL,NULL,NULL,True,NULL,NULL,NULL,NULL,NULL,False,False,False,False,False,True,True,True,True,NULL
"5780389973",True,False,NULL,NULL,NULL,NULL,NULL,NULL,NULL,NULL,True,NULL,NULL,NULL,NULL,NULL,False,False,False,False,False,True,True,True,True,NULL
"5577543851",True,False,NULL,NULL,NULL,NULL,NULL,NULL,NULL,NULL,True,NULL,NULL,NULL,NULL,NULL,False,False,False,False,False,True,True,True,True,NULL
"5769048459",True,False,NULL,NULL,NULL,NULL,NULL,NULL,NULL,NULL,True,NULL,NULL,NULL,NULL,NULL,False,False,False,False,False,True,True,True,True,NULL
"1025508479",True,False,NULL,NULL,NULL,NULL,NULL,NULL,NULL,NULL,True,NULL,NULL,NULL,NULL,NULL,False,False,False,False,False,True,True,True,True,NULL
"5949034924",True,False,NULL,NULL,NULL,NULL,NULL,NULL,NULL,NULL,True,NULL,NULL,NULL,NULL,NULL,False,False,False,False,False,True,True,True,True,NULL
"5465858554",True,False,NULL,NULL,NULL,NULL,NULL,NULL,NULL,NULL,True,NULL,NULL,NULL,NULL,NULL,False,False,False,False,False,True,True,True,True,NULL
"5682821841",True,False,NULL,NULL,NULL,NULL,NULL,NULL,NULL,NULL,True,NULL,NULL,NULL,NULL,NULL,False,False,False,False,False,True,True,True,True,NULL
"5481746084",True,False,NULL,NULL,NULL,NULL,NULL,NULL,NULL,NULL,True,NULL,NULL,NULL,NULL,NULL,False,False,False,False,False,True,True,True,True,NULL
"6232375384",True,False,NULL,NULL,NULL,NULL,NULL,NULL,NULL,NULL,True,NULL,NULL,NULL,NULL,NULL,False,False,False,False,False,True,True,True,True,NULL
"6197833843",True,False,NULL,NULL,NULL,NULL,NULL,NULL,NULL,NULL,True,NULL,NULL,NULL,NULL,NULL,False,False,False,False,False,True,True,True,True,NULL
"5723927134",True,False,NULL,NULL,NULL,NULL,NULL,NULL,NULL,NULL,True,NULL,NULL,NULL,NULL,NULL,False,False,False,False,False,True,True,True,True,NULL
"794456980",True,False,NULL,NULL,NULL,NULL,NULL,NULL,NULL,NULL,True,NULL,NULL,NULL,NULL,NULL,False,False,False,False,False,True,True,True,True,NULL
"943292919",True,False,NULL,NULL,NULL,NULL,NULL,NULL,NULL,NULL,True,NULL,NULL,NULL,NULL,NULL,False,False,False,False,False,True,True,True,True,NULL
"5716282913",True,False,NULL,NULL,NULL,NULL,NULL,NULL,NULL,NULL,True,NULL,NULL,NULL,NULL,NULL,False,False,False,False,False,True,True,True,True,NULL
"6289410173",True,False,NULL,NULL,NULL,NULL,NULL,NULL,NULL,NULL,True,NULL,NULL,NULL,NULL,NULL,False,False,False,False,False,True,True,True,True,NULL
"7025504966",True,False,NULL,NULL,NULL,NULL,NULL,NULL,NULL,NULL,True,NULL,NULL,NULL,NULL,NULL,False,False,False,False,False,True,True,True,True,NULL
"1259684056",True,False,NULL,NULL,NULL,NULL,NULL,NULL,NULL,NULL,True,NULL,NULL,NULL,NULL,NULL,False,False,False,False,False,True,True,True,True,NULL
"6821236512",True,False,NULL,NULL,NULL,NULL,NULL,NULL,NULL,NULL,True,NULL,NULL,NULL,NULL,NULL,False,False,False,False,False,True,True,True,True,NULL
"5981221383",True,False,NULL,NULL,NULL,NULL,NULL,NULL,NULL,NULL,True,NULL,NULL,NULL,NULL,NULL,False,False,False,False,False,True,True,True,True,NULL
"1491873649",True,False,NULL,NULL,NULL,NULL,NULL,NULL,NULL,NULL,True,NULL,NULL,NULL,NULL,NULL,False,False,False,False,False,True,True,True,True,"jqWMKgCP0qg"
"1071208007",True,False,NULL,NULL,NULL,NULL,NULL,NULL,NULL,NULL,True,NULL,NULL,NULL,NULL,NULL,False,False,False,False,False,True,True,True,True,NULL
"7476296056",True,False,NULL,NULL,NULL,NULL,NULL,NULL,NULL,NULL,True,NULL,NULL,NULL,NULL,NULL,False,False,False,False,False,True,True,True,True,NULL
"6143879269",True,False,NULL,NULL,NULL,NULL,NULL,NULL,NULL,NULL,True,NULL,NULL,NULL,NULL,NULL,False,False,False,False,False,True,True,True,True,NULL
"7585733262",True,False,NULL,NULL,NULL,NULL,NULL,NULL,NULL,NULL,True,NULL,NULL,NULL,NULL,NULL,False,False,False,False,False,True,True,True,True,NULL
"5614312287",True,False,NULL,NULL,"puh",NULL,"2025-10-18 15:45:20.764822+00","🧑",NULL,NULL,True,NULL,NULL,NULL,NULL,NULL,False,False,False,False,False,True,True,True,True,NULL
"1381462660",True,False,NULL,NULL,NULL,NULL,NULL,NULL,NULL,NULL,True,NULL,NULL,NULL,NULL,NULL,False,False,False,False,False,True,True,True,True,NULL
"5861088790",True,False,NULL,NULL,NULL,NULL,NULL,NULL,NULL,NULL,True,NULL,NULL,NULL,NULL,NULL,False,False,False,False,False,True,True,True,True,NULL
"6025420085",True,False,NULL,NULL,NULL,NULL,NULL,NULL,NULL,NULL,True,NULL,NULL,NULL,NULL,NULL,False,False,False,False,False,True,True,True,True,NULL
"7753394746",True,False,NULL,NULL,NULL,NULL,NULL,NULL,NULL,NULL,True,NULL,NULL,NULL,NULL,NULL,False,False,False,False,False,True,True,True,True,NULL
"669168716",True,False,NULL,NULL,NULL,NULL,NULL,NULL,NULL,NULL,True,NULL,NULL,NULL,NULL,NULL,False,False,False,False,False,True,True,True,True,NULL
"349090281",True,False,NULL,NULL,NULL,NULL,NULL,NULL,NULL,NULL,True,NULL,NULL,NULL,NULL,NULL,False,False,False,False,False,True,True,True,True,NULL
"657241914",True,False,NULL,NULL,"G Thomas",NULL,"2025-10-03 09:21:52.381639+00",NULL,NULL,NULL,True,NULL,NULL,NULL,NULL,NULL,False,False,False,False,False,True,True,True,True,"4hp0xVSlq68"
"5812682919",True,False,NULL,NULL,NULL,NULL,NULL,NULL,NULL,NULL,True,NULL,NULL,NULL,NULL,NULL,False,False,False,False,False,True,True,True,True,NULL
"387179361",True,False,NULL,NULL,NULL,NULL,NULL,NULL,NULL,NULL,True,NULL,NULL,NULL,NULL,NULL,False,False,False,False,False,True,True,True,True,NULL
"727896738",True,False,NULL,NULL,NULL,NULL,NULL,NULL,NULL,NULL,True,NULL,NULL,NULL,NULL,NULL,False,False,False,False,False,True,True,True,True,NULL
"7344878929",True,False,NULL,NULL,NULL,NULL,NULL,NULL,NULL,NULL,True,NULL,NULL,NULL,NULL,NULL,False,False,False,False,False,True,True,True,True,"IioEPpUW-sM"
"857462247",True,False,NULL,NULL,NULL,NULL,NULL,NULL,NULL,NULL,True,NULL,NULL,NULL,NULL,NULL,False,False,False,False,False,True,True,True,True,NULL
"6403314994",True,False,NULL,NULL,NULL,NULL,NULL,NULL,NULL,NULL,True,NULL,NULL,NULL,NULL,NULL,False,False,False,False,False,True,True,True,True,NULL
"973547418",True,False,NULL,NULL,NULL,NULL,NULL,NULL,NULL,NULL,True,NULL,NULL,NULL,NULL,NULL,False,False,False,False,False,True,True,True,True,NULL
"5208564213",True,False,NULL,NULL,NULL,NULL,NULL,NULL,NULL,NULL,True,NULL,NULL,NULL,NULL,NULL,False,False,False,False,False,True,True,True,True,NULL
"1014812455",True,False,NULL,NULL,NULL,NULL,NULL,NULL,NULL,NULL,True,NULL,NULL,NULL,NULL,NULL,False,False,False,False,False,True,True,True,True,NULL
"5571614453",True,False,NULL,NULL,NULL,NULL,NULL,NULL,NULL,NULL,True,NULL,NULL,NULL,NULL,NULL,False,False,False,False,False,True,True,True,True,NULL
"6153247958",True,False,NULL,NULL,NULL,NULL,NULL,NULL,NULL,NULL,True,NULL,NULL,NULL,NULL,NULL,False,False,False,False,False,True,True,True,True,NULL
"1391174363",True,False,NULL,NULL,NULL,NULL,NULL,NULL,NULL,NULL,True,NULL,NULL,NULL,NULL,NULL,False,False,False,False,False,True,True,True,True,NULL
"5244455932",True,False,NULL,NULL,NULL,NULL,NULL,NULL,NULL,NULL,True,NULL,NULL,NULL,NULL,NULL,False,False,False,False,False,True,True,True,True,NULL
"837593135",True,False,NULL,NULL,NULL,NULL,NULL,NULL,NULL,NULL,True,NULL,NULL,NULL,NULL,NULL,False,False,False,False,False,True,True,True,True,NULL
"1051924742",True,False,NULL,NULL,NULL,NULL,NULL,NULL,NULL,NULL,True,NULL,NULL,NULL,NULL,NULL,False,False,False,False,False,True,True,True,True,NULL
"1792316028",True,False,NULL,NULL,NULL,NULL,NULL,NULL,NULL,NULL,True,NULL,NULL,NULL,NULL,NULL,False,False,False,False,False,True,True,True,True,NULL
"1401480687",True,False,NULL,NULL,NULL,NULL,NULL,NULL,NULL,NULL,True,NULL,NULL,NULL,NULL,NULL,False,False,False,False,False,True,True,True,True,NULL
"440446418",True,False,NULL,NULL,NULL,NULL,NULL,NULL,NULL,NULL,True,NULL,NULL,NULL,NULL,NULL,False,False,False,False,False,True,True,True,True,NULL
"467324332",True,False,NULL,NULL,NULL,NULL,NULL,NULL,NULL,NULL,True,NULL,NULL,NULL,NULL,NULL,False,False,False,False,False,True,True,True,True,NULL
"5419135770",True,False,NULL,NULL,NULL,NULL,NULL,NULL,NULL,NULL,True,NULL,NULL,NULL,NULL,NULL,False,False,False,False,False,True,True,True,True,NULL
"1963690182",True,False,NULL,NULL,NULL,NULL,NULL,NULL,NULL,NULL,True,NULL,NULL,NULL,NULL,NULL,False,False,False,False,False,True,True,True,True,NULL
"5715202186",True,False,NULL,NULL,NULL,NULL,NULL,NULL,NULL,NULL,True,NULL,NULL,NULL,NULL,NULL,False,False,False,False,False,True,True,True,True,NULL
"6986292637",True,False,NULL,NULL,NULL,NULL,NULL,NULL,NULL,NULL,True,NULL,NULL,NULL,NULL,NULL,False,False,False,False,False,True,True,True,True,NULL
"461748899",True,False,NULL,NULL,NULL,NULL,NULL,NULL,NULL,NULL,True,NULL,NULL,NULL,NULL,NULL,False,False,False,False,False,True,True,True,True,NULL
"5993598877",True,False,NULL,NULL,NULL,NULL,NULL,NULL,NULL,NULL,True,NULL,NULL,NULL,NULL,NULL,False,False,False,False,False,True,True,True,True,NULL
"1165404020",True,False,NULL,NULL,NULL,NULL,NULL,NULL,NULL,NULL,True,NULL,NULL,NULL,NULL,NULL,False,False,False,False,False,True,True,True,True,NULL
"1046370133",True,False,NULL,NULL,NULL,NULL,NULL,NULL,NULL,NULL,True,NULL,NULL,NULL,NULL,NULL,False,False,False,False,False,True,True,True,True,NULL
"1914040395",True,False,NULL,NULL,NULL,NULL,NULL,NULL,NULL,NULL,True,NULL,NULL,NULL,NULL,NULL,False,False,False,False,False,True,True,True,True,NULL
"5098657577",True,False,NULL,NULL,NULL,NULL,NULL,NULL,NULL,NULL,True,NULL,NULL,NULL,NULL,NULL,False,False,False,False,False,True,True,True,True,NULL
"818621438",True,False,NULL,NULL,NULL,NULL,NULL,NULL,NULL,NULL,True,NULL,NULL,NULL,NULL,NULL,False,False,False,False,False,True,True,True,True,NULL
"7062800588",True,False,NULL,NULL,NULL,NULL,NULL,NULL,NULL,NULL,True,NULL,NULL,NULL,NULL,NULL,False,False,False,False,False,True,True,True,True,NULL
"5327249549",True,False,NULL,NULL,NULL,NULL,NULL,NULL,NULL,NULL,True,NULL,NULL,NULL,NULL,NULL,False,False,False,False,False,True,True,True,True,NULL
"6438676157",True,False,NULL,NULL,NULL,NULL,NULL,NULL,NULL,NULL,True,NULL,NULL,NULL,NULL,NULL,False,False,False,False,False,True,True,True,True,NULL
"1359345779",True,False,NULL,NULL,NULL,NULL,NULL,NULL,NULL,NULL,True,NULL,NULL,NULL,NULL,NULL,False,False,False,False,False,True,True,True,True,NULL
"7712292484",True,False,NULL,NULL,NULL,NULL,NULL,NULL,NULL,NULL,True,NULL,NULL,NULL,NULL,NULL,False,False,False,False,False,True,True,True,True,NULL
"835834295",True,False,NULL,NULL,NULL,NULL,NULL,NULL,NULL,NULL,True,NULL,NULL,NULL,NULL,NULL,False,False,False,False,False,True,True,True,True,NULL
"7006001251",True,False,NULL,NULL,NULL,NULL,NULL,NULL,NULL,NULL,True,NULL,NULL,NULL,NULL,NULL,False,False,False,False,False,True,True,True,True,NULL
"1365443832",True,False,NULL,NULL,NULL,NULL,NULL,NULL,NULL,NULL,True,NULL,NULL,NULL,NULL,NULL,False,False,False,False,False,True,True,True,True,NULL
"5155734025",True,False,NULL,NULL,NULL,NULL,NULL,NULL,NULL,NULL,True,NULL,NULL,NULL,NULL,NULL,False,False,False,False,False,True,True,True,True,NULL
"5650409458",True,False,NULL,NULL,"Nosy",NULL,"2025-10-03 07:44:59.267549+00","👻",NULL,NULL,True,NULL,NULL,NULL,NULL,NULL,False,False,False,False,False,True,True,True,True,NULL
"5118020368",True,False,NULL,NULL,NULL,NULL,NULL,NULL,NULL,NULL,True,NULL,NULL,NULL,NULL,NULL,False,False,False,False,False,True,True,True,True,NULL
"5345097358",True,False,NULL,NULL,NULL,NULL,NULL,NULL,NULL,NULL,True,NULL,NULL,NULL,NULL,NULL,False,False,False,False,False,True,True,True,True,NULL
"1345563833",True,False,NULL,NULL,NULL,NULL,NULL,NULL,NULL,NULL,True,NULL,NULL,NULL,NULL,NULL,False,False,False,False,False,True,True,True,True,"aL9IyOw-UUA"
"801874336",True,False,NULL,NULL,NULL,NULL,NULL,NULL,NULL,NULL,True,NULL,NULL,NULL,NULL,NULL,False,False,False,False,False,True,True,True,True,NULL
"6468921862",True,False,NULL,NULL,NULL,NULL,NULL,NULL,NULL,NULL,True,NULL,NULL,NULL,NULL,NULL,False,False,False,False,False,True,True,True,True,NULL
"1516740073",True,False,NULL,NULL,NULL,NULL,NULL,NULL,NULL,NULL,True,NULL,NULL,NULL,NULL,NULL,False,False,False,False,False,True,True,True,True,NULL
"5657044581",True,False,NULL,NULL,NULL,NULL,NULL,NULL,NULL,NULL,True,NULL,NULL,NULL,NULL,NULL,False,False,False,False,False,True,True,True,True,NULL
"7043326530",True,False,NULL,NULL,NULL,NULL,NULL,NULL,NULL,NULL,True,NULL,NULL,NULL,NULL,NULL,False,False,False,False,False,True,True,True,True,NULL
"410869253",True,False,NULL,NULL,NULL,NULL,NULL,NULL,NULL,NULL,True,NULL,NULL,NULL,NULL,NULL,False,False,False,False,False,True,True,True,True,NULL
"7667946290",True,False,NULL,NULL,NULL,NULL,NULL,NULL,NULL,NULL,True,NULL,NULL,NULL,NULL,NULL,False,False,False,False,False,True,True,True,True,NULL
"6348392313",True,False,NULL,NULL,NULL,NULL,NULL,NULL,NULL,NULL,True,NULL,NULL,NULL,NULL,NULL,False,False,False,False,False,True,True,True,True,NULL
"1161799353",True,False,NULL,NULL,NULL,NULL,NULL,NULL,NULL,NULL,True,NULL,NULL,NULL,NULL,NULL,False,False,False,False,False,True,True,True,True,NULL
"590463306",True,False,NULL,NULL,NULL,NULL,NULL,NULL,NULL,NULL,True,NULL,NULL,NULL,NULL,NULL,False,False,False,False,False,True,True,True,True,NULL
"1826640689",True,False,NULL,NULL,NULL,NULL,NULL,NULL,NULL,NULL,True,NULL,NULL,NULL,NULL,NULL,False,False,False,False,False,True,True,True,True,NULL
"7149512328",True,False,NULL,NULL,NULL,NULL,NULL,NULL,NULL,NULL,True,NULL,NULL,NULL,NULL,NULL,False,False,False,False,False,True,True,True,True,NULL
"6643822256",True,False,NULL,NULL,NULL,NULL,NULL,NULL,NULL,NULL,True,NULL,NULL,NULL,NULL,NULL,False,False,False,False,False,True,True,True,True,NULL
"5055816200",True,False,NULL,NULL,NULL,NULL,NULL,NULL,NULL,NULL,True,NULL,NULL,NULL,NULL,NULL,False,False,False,False,False,True,True,True,True,NULL
"5401902852",True,False,NULL,NULL,NULL,NULL,NULL,NULL,NULL,NULL,True,NULL,NULL,NULL,NULL,NULL,False,False,False,False,False,True,True,True,True,NULL
"906589246",True,False,NULL,NULL,NULL,NULL,NULL,NULL,NULL,NULL,True,NULL,NULL,NULL,NULL,NULL,False,False,False,False,False,True,True,True,True,NULL
"6067458886",True,False,NULL,NULL,"Cole",NULL,"2025-09-14 15:26:18.039829+00",NULL,NULL,NULL,True,NULL,NULL,NULL,NULL,NULL,False,False,False,False,False,True,True,True,True,NULL
"6300074389",True,False,NULL,NULL,"Neo",NULL,"2025-09-12 14:14:08.808575+00","👨",NULL,NULL,True,NULL,NULL,NULL,NULL,NULL,False,False,False,False,False,True,True,True,True,NULL
"8104339826",True,False,NULL,NULL,"Warner",NULL,"2025-09-17 04:26:37.214598+00","🦊",NULL,NULL,True,NULL,NULL,NULL,NULL,NULL,False,False,False,False,False,True,True,True,True,NULL
"6889161700",True,False,NULL,NULL,"the mad man",NULL,"2025-09-15 20:37:31.010277+00","👻",NULL,NULL,True,NULL,NULL,NULL,NULL,NULL,False,False,False,False,False,True,True,True,True,NULL
"1081290216",True,False,NULL,NULL,NULL,0,NULL,NULL,NULL,NULL,True,NULL,NULL,NULL,NULL,NULL,False,False,False,False,False,True,True,True,True,NULL
"6317272546",True,False,NULL,NULL,NULL,NULL,NULL,NULL,NULL,NULL,True,NULL,NULL,NULL,NULL,NULL,False,False,False,False,False,True,True,True,True,"crcsHLD1kAA"
"891142041",True,False,NULL,NULL,NULL,NULL,NULL,NULL,NULL,NULL,True,NULL,NULL,NULL,NULL,NULL,False,False,False,False,False,True,True,True,True,"NUFZ41RNXvU"
"1006915047",True,False,NULL,NULL,NULL,NULL,NULL,NULL,NULL,NULL,True,NULL,NULL,NULL,NULL,NULL,False,False,False,False,False,True,True,True,True,"bfVsf2NQmUA"
"745176520",True,False,NULL,NULL,NULL,NULL,NULL,NULL,NULL,NULL,True,NULL,NULL,NULL,NULL,NULL,False,False,False,False,False,True,True,True,True,"nIDYC36j0QM"
"1146932382",True,False,NULL,NULL,NULL,NULL,NULL,NULL,NULL,NULL,True,NULL,NULL,NULL,NULL,NULL,False,False,False,False,False,True,True,True,True,"_oTp1_CEX5U"
"6824094661",True,False,NULL,NULL,NULL,NULL,NULL,NULL,NULL,NULL,True,NULL,NULL,NULL,NULL,NULL,False,False,False,False,False,True,True,True,True,"C7e7SSPrfoc"
"593008862",True,False,NULL,NULL,NULL,NULL,NULL,NULL,NULL,NULL,True,NULL,NULL,NULL,NULL,NULL,False,False,False,False,False,True,True,True,True,NULL
"361463719",True,False,NULL,NULL,NULL,NULL,NULL,NULL,NULL,NULL,True,NULL,NULL,NULL,NULL,NULL,False,False,False,False,False,True,True,True,True,NULL
"1492782572",True,False,NULL,NULL,NULL,NULL,NULL,NULL,NULL,NULL,True,NULL,NULL,NULL,NULL,NULL,False,False,False,False,False,True,True,True,True,NULL
"6474930192",True,False,NULL,NULL,NULL,NULL,NULL,NULL,NULL,NULL,True,NULL,NULL,NULL,NULL,NULL,False,False,False,False,False,True,True,True,True,NULL
"1423318617",True,False,NULL,NULL,NULL,NULL,NULL,NULL,NULL,NULL,True,NULL,NULL,NULL,NULL,NULL,False,False,False,False,False,True,True,True,True,NULL
"7093498653",True,False,NULL,NULL,NULL,NULL,NULL,NULL,NULL,NULL,True,NULL,NULL,NULL,NULL,NULL,False,False,False,False,False,True,True,True,True,NULL
"836513546",True,False,NULL,NULL,NULL,NULL,NULL,NULL,NULL,NULL,True,NULL,NULL,NULL,NULL,NULL,False,False,False,False,False,True,True,True,True,NULL
"7570269180",True,False,NULL,NULL,NULL,NULL,NULL,NULL,NULL,NULL,True,NULL,NULL,NULL,NULL,NULL,False,False,False,False,False,True,True,True,True,NULL
"6000273933",True,False,NULL,NULL,NULL,NULL,NULL,NULL,NULL,NULL,True,NULL,NULL,NULL,NULL,NULL,False,False,False,False,False,True,True,True,True,NULL
"5000677554",True,False,NULL,NULL,NULL,NULL,NULL,NULL,NULL,NULL,True,NULL,NULL,NULL,NULL,NULL,False,False,False,False,False,True,True,True,True,NULL
"967771245",True,False,NULL,NULL,NULL,NULL,NULL,NULL,NULL,NULL,True,NULL,NULL,NULL,NULL,NULL,False,False,False,False,False,True,True,True,True,NULL
"7300950041",True,False,NULL,NULL,NULL,NULL,NULL,NULL,NULL,NULL,True,NULL,NULL,NULL,NULL,NULL,False,False,False,False,False,True,True,True,True,NULL
"6696133437",True,False,NULL,NULL,NULL,NULL,NULL,NULL,NULL,NULL,True,NULL,NULL,NULL,NULL,NULL,False,False,False,False,False,True,True,True,True,NULL
"1257653092",True,False,NULL,NULL,NULL,NULL,NULL,NULL,NULL,NULL,True,NULL,NULL,NULL,NULL,NULL,False,False,False,False,False,True,True,True,True,NULL
"1097141132",True,False,NULL,NULL,NULL,NULL,NULL,NULL,NULL,NULL,True,NULL,NULL,NULL,NULL,NULL,False,False,False,False,False,True,True,True,True,NULL
"2049498743",True,False,NULL,NULL,NULL,NULL,NULL,NULL,NULL,NULL,True,NULL,NULL,NULL,NULL,NULL,False,False,False,False,False,True,True,True,True,NULL
"1262778833",True,False,NULL,NULL,NULL,NULL,NULL,NULL,NULL,NULL,True,NULL,NULL,NULL,NULL,NULL,False,False,False,False,False,True,True,True,True,NULL
"7505772260",True,False,NULL,NULL,NULL,NULL,NULL,NULL,NULL,NULL,True,NULL,NULL,NULL,NULL,NULL,False,False,False,False,False,True,True,True,True,NULL
"7819723183",True,False,NULL,NULL,NULL,NULL,NULL,NULL,NULL,NULL,True,NULL,NULL,NULL,NULL,NULL,False,False,False,False,False,True,True,True,True,NULL
"5595678884",True,False,NULL,NULL,NULL,NULL,NULL,NULL,NULL,NULL,True,NULL,NULL,NULL,NULL,NULL,False,False,False,False,False,True,True,True,True,NULL
"5102671564",True,False,NULL,NULL,NULL,NULL,NULL,NULL,NULL,NULL,True,NULL,NULL,NULL,NULL,NULL,False,False,False,False,False,True,True,True,True,NULL
"5953394485",True,False,NULL,NULL,NULL,NULL,NULL,NULL,NULL,NULL,True,NULL,NULL,NULL,NULL,NULL,False,False,False,False,False,True,True,True,True,NULL
"790611217",True,False,NULL,NULL,NULL,NULL,NULL,NULL,NULL,NULL,True,NULL,NULL,NULL,NULL,NULL,False,False,False,False,False,True,True,True,True,NULL
"548642206",True,False,NULL,NULL,NULL,NULL,NULL,NULL,NULL,NULL,True,NULL,NULL,NULL,NULL,NULL,False,False,False,False,False,True,True,True,True,NULL
"407743178",True,False,NULL,NULL,NULL,NULL,NULL,NULL,NULL,NULL,True,NULL,NULL,NULL,NULL,NULL,False,False,False,False,False,True,True,True,True,NULL
"5011355321",True,False,NULL,NULL,NULL,NULL,NULL,NULL,NULL,NULL,True,NULL,NULL,NULL,NULL,NULL,False,False,False,False,False,True,True,True,True,NULL
"2109811383",True,False,NULL,NULL,NULL,NULL,NULL,NULL,NULL,NULL,True,NULL,NULL,NULL,NULL,NULL,False,False,False,False,False,True,True,True,True,NULL
"7195834386",True,False,NULL,NULL,NULL,NULL,NULL,NULL,NULL,NULL,True,NULL,NULL,NULL,NULL,NULL,False,False,False,False,False,True,True,True,True,NULL
"1936800963",True,False,NULL,NULL,NULL,NULL,NULL,NULL,NULL,NULL,True,NULL,NULL,NULL,NULL,NULL,False,False,False,False,False,True,True,True,True,NULL
"5683475264",True,False,NULL,NULL,NULL,NULL,NULL,NULL,NULL,NULL,True,NULL,NULL,NULL,NULL,NULL,False,False,False,False,False,True,True,True,True,NULL
"8017382027",True,False,NULL,NULL,NULL,NULL,NULL,NULL,NULL,NULL,True,NULL,NULL,NULL,NULL,NULL,False,False,False,False,False,True,True,True,True,NULL
"5449153474",True,False,NULL,NULL,"Shebelaw",NULL,"2025-10-13 17:13:31.006368+00","👻",NULL,NULL,True,NULL,NULL,NULL,NULL,NULL,False,False,False,False,False,True,True,True,True,NULL
"567040342",True,False,NULL,NULL,NULL,NULL,NULL,NULL,NULL,NULL,True,NULL,NULL,NULL,NULL,NULL,False,False,False,False,False,True,True,True,True,NULL
"1674917809",True,False,NULL,NULL,NULL,NULL,NULL,"🧚‍♀️",NULL,NULL,True,NULL,NULL,NULL,NULL,NULL,False,False,False,False,False,True,True,True,True,NULL
"6833095316",True,False,NULL,NULL,NULL,NULL,NULL,NULL,NULL,NULL,True,NULL,NULL,NULL,NULL,NULL,False,False,False,False,False,True,True,True,True,NULL
"1126977158",True,False,NULL,NULL,NULL,NULL,NULL,NULL,NULL,NULL,True,NULL,NULL,NULL,NULL,NULL,False,False,False,False,False,True,True,True,True,NULL
"6825345634",True,False,NULL,NULL,NULL,NULL,NULL,NULL,NULL,NULL,True,NULL,NULL,NULL,NULL,NULL,False,False,False,False,False,True,True,True,True,NULL
"1817022247",True,False,NULL,NULL,NULL,NULL,NULL,NULL,NULL,NULL,True,NULL,NULL,NULL,NULL,NULL,False,False,False,False,False,True,True,True,True,NULL
"669780725",True,False,NULL,NULL,NULL,NULL,NULL,NULL,NULL,NULL,True,NULL,NULL,NULL,NULL,NULL,False,False,False,False,False,True,True,True,True,NULL
"6977409668",True,False,NULL,NULL,NULL,NULL,NULL,NULL,NULL,NULL,True,NULL,NULL,NULL,NULL,NULL,False,False,False,False,False,True,True,True,True,NULL
"5949936801",True,False,NULL,NULL,NULL,NULL,NULL,NULL,NULL,NULL,True,NULL,NULL,NULL,NULL,NULL,False,False,False,False,False,True,True,True,True,NULL
"1562768222",True,False,NULL,NULL,NULL,NULL,NULL,NULL,NULL,NULL,True,NULL,NULL,NULL,NULL,NULL,False,False,False,False,False,True,True,True,True,NULL
"5435997854",True,False,NULL,NULL,NULL,NULL,NULL,NULL,NULL,NULL,True,NULL,NULL,NULL,NULL,NULL,False,False,False,False,False,True,True,True,True,NULL
"636039187",True,False,NULL,NULL,NULL,NULL,NULL,NULL,NULL,NULL,True,NULL,NULL,NULL,NULL,NULL,False,False,False,False,False,True,True,True,True,NULL
"8024242540",True,False,NULL,NULL,NULL,NULL,NULL,NULL,NULL,NULL,True,NULL,NULL,NULL,NULL,NULL,False,False,False,False,False,True,True,True,True,NULL
"1487167321",True,False,NULL,NULL,NULL,NULL,NULL,NULL,NULL,NULL,True,NULL,NULL,NULL,NULL,NULL,False,False,False,False,False,True,True,True,True,NULL
"7083093173",True,False,NULL,NULL,NULL,NULL,NULL,NULL,NULL,NULL,True,NULL,NULL,NULL,NULL,NULL,False,False,False,False,False,True,True,True,True,NULL
"1816384192",True,False,NULL,NULL,NULL,NULL,NULL,NULL,NULL,NULL,True,NULL,NULL,NULL,NULL,NULL,False,False,False,False,False,True,True,True,True,NULL
"806879832",True,False,NULL,NULL,NULL,NULL,NULL,NULL,NULL,NULL,True,NULL,NULL,NULL,NULL,NULL,False,False,False,False,False,True,True,True,True,NULL
"625652822",True,False,NULL,NULL,NULL,NULL,NULL,NULL,NULL,NULL,True,NULL,NULL,NULL,NULL,NULL,False,False,False,False,False,True,True,True,True,NULL
"815473818",True,False,NULL,NULL,NULL,NULL,NULL,NULL,NULL,NULL,True,NULL,NULL,NULL,NULL,NULL,False,False,False,False,False,True,True,True,True,NULL
"485859721",True,False,NULL,NULL,NULL,NULL,NULL,NULL,NULL,NULL,True,NULL,NULL,NULL,NULL,NULL,False,False,False,False,False,True,True,True,True,NULL
"7369879223",True,False,NULL,NULL,NULL,NULL,NULL,NULL,NULL,NULL,True,NULL,NULL,NULL,NULL,NULL,False,False,False,False,False,True,True,True,True,NULL
"734660207",True,False,NULL,NULL,NULL,NULL,NULL,NULL,NULL,NULL,True,NULL,NULL,NULL,NULL,NULL,False,False,False,False,False,True,True,True,True,NULL
"6175067580",True,False,NULL,NULL,NULL,NULL,NULL,NULL,NULL,NULL,True,NULL,NULL,NULL,NULL,NULL,False,False,False,False,False,True,True,True,True,NULL
"5090476704",True,False,NULL,NULL,NULL,NULL,NULL,NULL,NULL,NULL,True,NULL,NULL,NULL,NULL,NULL,False,False,False,False,False,True,True,True,True,NULL
"1241734233",True,False,NULL,NULL,NULL,NULL,NULL,NULL,NULL,NULL,True,NULL,NULL,NULL,NULL,NULL,False,False,False,False,False,True,True,True,True,NULL
"5669212970",True,False,NULL,NULL,NULL,NULL,NULL,NULL,NULL,NULL,True,NULL,NULL,NULL,NULL,NULL,False,False,False,False,False,True,True,True,True,NULL
"7246745435",True,False,NULL,NULL,NULL,NULL,NULL,NULL,NULL,NULL,True,NULL,NULL,NULL,NULL,NULL,False,False,False,False,False,True,True,True,True,NULL
"6020099934",True,False,NULL,NULL,NULL,NULL,NULL,NULL,NULL,NULL,True,NULL,NULL,NULL,NULL,NULL,False,False,False,False,False,True,True,True,True,NULL
"1119770719",True,False,NULL,NULL,NULL,NULL,NULL,NULL,NULL,NULL,True,NULL,NULL,NULL,NULL,NULL,False,False,False,False,False,True,True,True,True,NULL
"1640135037",True,False,NULL,NULL,NULL,NULL,NULL,NULL,NULL,NULL,True,NULL,NULL,NULL,NULL,NULL,False,False,False,False,False,True,True,True,True,NULL
"5837604333",True,False,NULL,NULL,NULL,NULL,NULL,NULL,NULL,NULL,True,NULL,NULL,NULL,NULL,NULL,False,False,False,False,False,True,True,True,True,NULL
"1724546497",True,False,NULL,NULL,NULL,NULL,NULL,NULL,NULL,NULL,True,NULL,NULL,NULL,NULL,NULL,False,False,False,False,False,True,True,True,True,NULL
"1632889459",True,False,NULL,NULL,NULL,NULL,NULL,NULL,NULL,NULL,True,NULL,NULL,NULL,NULL,NULL,False,False,False,False,False,True,True,True,True,NULL
"1089687092",True,False,NULL,NULL,NULL,NULL,NULL,NULL,NULL,NULL,True,NULL,NULL,NULL,NULL,NULL,False,False,False,False,False,True,True,True,True,NULL
"818001584",True,False,NULL,NULL,NULL,NULL,NULL,NULL,NULL,NULL,True,NULL,NULL,NULL,NULL,NULL,False,False,False,False,False,True,True,True,True,NULL
"6438375349",True,False,NULL,NULL,NULL,NULL,NULL,NULL,NULL,NULL,True,NULL,NULL,NULL,NULL,NULL,False,False,False,False,False,True,True,True,True,NULL
"7094399756",True,False,NULL,NULL,NULL,NULL,NULL,NULL,NULL,NULL,True,NULL,NULL,NULL,NULL,NULL,False,False,False,False,False,True,True,True,True,NULL
"6505514138",True,False,NULL,NULL,NULL,NULL,NULL,NULL,NULL,NULL,True,NULL,NULL,NULL,NULL,NULL,False,False,False,False,False,True,True,True,True,NULL
"1900788969",True,False,NULL,NULL,"Chimpanzinibananini",NULL,"2025-09-25 15:17:30.317775+00",NULL,NULL,NULL,True,NULL,NULL,NULL,NULL,NULL,False,False,False,False,False,True,True,True,True,NULL
"5434571223",True,False,NULL,NULL,NULL,NULL,NULL,NULL,NULL,NULL,True,NULL,NULL,NULL,NULL,NULL,False,False,False,False,False,True,True,True,True,NULL
"535730963",True,False,NULL,NULL,NULL,NULL,NULL,NULL,NULL,NULL,True,NULL,NULL,NULL,NULL,NULL,False,False,False,False,False,True,True,True,True,NULL
"459927946",True,False,NULL,NULL,NULL,NULL,NULL,NULL,NULL,NULL,True,NULL,NULL,NULL,NULL,NULL,False,False,False,False,False,True,True,True,True,NULL
"690734667",True,False,NULL,NULL,NULL,NULL,NULL,NULL,NULL,NULL,True,NULL,NULL,NULL,NULL,NULL,False,False,False,False,False,True,True,True,True,NULL
"361025313",True,False,NULL,NULL,NULL,NULL,NULL,NULL,NULL,NULL,True,NULL,NULL,NULL,NULL,NULL,False,False,False,False,False,True,True,True,True,NULL
"7101269896",True,False,NULL,NULL,NULL,NULL,NULL,NULL,NULL,NULL,True,NULL,NULL,NULL,NULL,NULL,False,False,False,False,False,True,True,True,True,NULL
"843277183",True,False,NULL,NULL,NULL,NULL,NULL,NULL,NULL,NULL,True,NULL,NULL,NULL,NULL,NULL,False,False,False,False,False,True,True,True,True,NULL
"5785586279",True,False,NULL,NULL,NULL,NULL,NULL,NULL,NULL,NULL,True,NULL,NULL,NULL,NULL,NULL,False,False,False,False,False,True,True,True,True,NULL
"6694201115",True,False,NULL,NULL,NULL,NULL,NULL,NULL,NULL,NULL,True,NULL,NULL,NULL,NULL,NULL,False,False,False,False,False,True,True,True,True,NULL
"8183424020",True,False,NULL,NULL,NULL,NULL,NULL,NULL,NULL,NULL,True,NULL,NULL,NULL,NULL,NULL,False,False,False,False,False,True,True,True,True,NULL
"5986399541",True,False,NULL,NULL,NULL,NULL,NULL,NULL,NULL,NULL,True,NULL,NULL,NULL,NULL,NULL,False,False,False,False,False,True,True,True,True,NULL
"7672449932",True,False,NULL,NULL,NULL,NULL,NULL,NULL,NULL,NULL,True,NULL,NULL,NULL,NULL,NULL,False,False,False,False,False,True,True,True,True,NULL
"6314028978",True,False,NULL,NULL,"Thattallnigga",NULL,"2025-10-18 17:19:24.933595+00","👨",NULL,NULL,True,NULL,NULL,NULL,NULL,NULL,False,False,False,False,False,True,True,True,True,NULL
"7292548349",True,False,NULL,NULL,NULL,NULL,NULL,NULL,NULL,NULL,True,NULL,NULL,NULL,NULL,NULL,False,False,False,False,False,True,True,True,True,NULL
"1776969666",True,False,NULL,NULL,NULL,NULL,NULL,NULL,NULL,NULL,True,NULL,NULL,NULL,NULL,NULL,False,False,False,False,False,True,True,True,True,NULL
"499993297",True,False,NULL,NULL,NULL,NULL,NULL,NULL,NULL,NULL,True,NULL,NULL,NULL,NULL,NULL,False,False,False,False,False,True,True,True,True,NULL
"7225030088",True,False,NULL,NULL,NULL,NULL,NULL,NULL,NULL,NULL,True,NULL,NULL,NULL,NULL,NULL,False,False,False,False,False,True,True,True,True,NULL
"5751048786",True,False,NULL,NULL,NULL,NULL,NULL,NULL,NULL,NULL,True,NULL,NULL,NULL,NULL,NULL,False,False,False,False,False,True,True,True,True,NULL
"636003523",True,False,NULL,NULL,NULL,NULL,NULL,NULL,NULL,NULL,True,NULL,NULL,NULL,NULL,NULL,False,False,False,False,False,True,True,True,True,NULL
"7337653691",True,False,NULL,NULL,NULL,NULL,NULL,NULL,NULL,NULL,True,NULL,NULL,NULL,NULL,NULL,False,False,False,False,False,True,True,True,True,NULL
"5309563112",True,False,NULL,NULL,"Anony",NULL,"2025-09-13 18:26:02.674491+00","👩",NULL,NULL,True,NULL,NULL,NULL,NULL,NULL,False,False,False,False,False,True,True,True,True,NULL
"933501392",True,False,NULL,NULL,NULL,NULL,NULL,NULL,NULL,NULL,True,NULL,NULL,NULL,NULL,NULL,False,False,False,False,False,True,True,True,True,NULL
"986230286",True,False,NULL,NULL,NULL,NULL,NULL,NULL,NULL,NULL,True,NULL,NULL,NULL,NULL,NULL,False,False,False,False,False,True,True,True,True,NULL
"5239786643",True,False,NULL,NULL,NULL,NULL,NULL,NULL,NULL,NULL,True,NULL,NULL,NULL,NULL,NULL,False,False,False,False,False,True,True,True,True,NULL
"7696561635",True,False,NULL,NULL,NULL,NULL,NULL,NULL,NULL,NULL,True,NULL,NULL,NULL,NULL,NULL,False,False,False,False,False,True,True,True,True,NULL
"1565364688",True,False,NULL,NULL,NULL,NULL,NULL,NULL,NULL,NULL,True,NULL,NULL,NULL,NULL,NULL,False,False,False,False,False,True,True,True,True,NULL
"5807125968",True,False,NULL,NULL,NULL,NULL,NULL,NULL,NULL,NULL,True,NULL,NULL,NULL,NULL,NULL,False,False,False,False,False,True,True,True,True,NULL
"1222371988",True,False,NULL,NULL,NULL,NULL,NULL,NULL,NULL,NULL,True,NULL,NULL,NULL,NULL,NULL,False,False,False,False,False,True,True,True,True,NULL
"884782150",True,False,NULL,NULL,NULL,NULL,NULL,NULL,NULL,NULL,True,NULL,NULL,NULL,NULL,NULL,False,False,False,False,False,True,True,True,True,NULL
"7332464165",True,False,NULL,NULL,NULL,NULL,NULL,NULL,NULL,NULL,True,NULL,NULL,NULL,NULL,NULL,False,False,False,False,False,True,True,True,True,NULL
"8115862116",True,False,NULL,NULL,NULL,NULL,NULL,NULL,NULL,NULL,True,NULL,NULL,NULL,NULL,NULL,False,False,False,False,False,True,True,True,True,NULL
"386261453",True,False,NULL,NULL,NULL,NULL,NULL,NULL,NULL,NULL,True,NULL,NULL,NULL,NULL,NULL,False,False,False,False,False,True,True,True,True,NULL
"1727312784",True,False,NULL,NULL,NULL,NULL,NULL,NULL,NULL,NULL,True,NULL,NULL,NULL,NULL,NULL,False,False,False,False,False,True,True,True,True,NULL
"6977151410",True,False,NULL,NULL,NULL,NULL,NULL,NULL,NULL,NULL,True,NULL,NULL,NULL,NULL,NULL,False,False,False,False,False,True,True,True,True,NULL
"5856708133",True,False,NULL,NULL,NULL,NULL,NULL,NULL,NULL,NULL,True,NULL,NULL,NULL,NULL,NULL,False,False,False,False,False,True,True,True,True,NULL
"680128734",True,False,NULL,NULL,NULL,NULL,NULL,NULL,NULL,NULL,True,NULL,NULL,NULL,NULL,NULL,False,False,False,False,False,True,True,True,True,NULL
"1226573152",True,False,NULL,NULL,NULL,NULL,NULL,NULL,NULL,NULL,True,NULL,NULL,NULL,NULL,NULL,False,False,False,False,False,True,True,True,True,NULL
"5085993647",True,False,NULL,NULL,NULL,NULL,NULL,NULL,NULL,NULL,True,NULL,NULL,NULL,NULL,NULL,False,False,False,False,False,True,True,True,True,NULL
"6829629945",True,False,NULL,NULL,NULL,NULL,NULL,NULL,NULL,NULL,True,NULL,NULL,NULL,NULL,NULL,False,False,False,False,False,True,True,True,True,NULL
"6571860550",True,False,NULL,NULL,NULL,NULL,NULL,NULL,NULL,NULL,True,NULL,NULL,NULL,NULL,NULL,False,False,False,False,False,True,True,True,True,NULL
"6415618189",True,False,NULL,NULL,NULL,NULL,NULL,NULL,NULL,NULL,True,NULL,NULL,NULL,NULL,NULL,False,False,False,False,False,True,True,True,True,NULL
"704216360",True,False,NULL,NULL,NULL,NULL,NULL,NULL,NULL,NULL,True,NULL,NULL,NULL,NULL,NULL,False,False,False,False,False,True,True,True,True,NULL
"625530681",True,False,NULL,NULL,NULL,NULL,NULL,NULL,NULL,NULL,True,NULL,NULL,NULL,NULL,NULL,False,False,False,False,False,True,True,True,True,NULL
"1342810261",True,False,NULL,NULL,NULL,NULL,NULL,NULL,NULL,NULL,True,NULL,NULL,NULL,NULL,NULL,False,False,False,False,False,True,True,True,True,NULL
"765963711",True,False,NULL,NULL,NULL,NULL,NULL,NULL,NULL,NULL,True,NULL,NULL,NULL,NULL,NULL,False,False,False,False,False,True,True,True,True,NULL
"6812134374",True,False,NULL,NULL,NULL,NULL,NULL,NULL,NULL,NULL,True,NULL,NULL,NULL,NULL,NULL,False,False,False,False,False,True,True,True,True,NULL
"955941194",True,False,NULL,NULL,NULL,NULL,NULL,NULL,NULL,NULL,True,NULL,NULL,NULL,NULL,NULL,False,False,False,False,False,True,True,True,True,NULL
"5045678261",True,False,NULL,NULL,NULL,NULL,NULL,NULL,NULL,NULL,True,NULL,NULL,NULL,NULL,NULL,False,False,False,False,False,True,True,True,True,NULL
"6832567168",True,False,NULL,NULL,NULL,NULL,NULL,NULL,NULL,NULL,True,NULL,NULL,NULL,NULL,NULL,False,False,False,False,False,True,True,True,True,NULL
"1106294548",True,False,NULL,NULL,NULL,NULL,NULL,NULL,NULL,NULL,True,NULL,NULL,NULL,NULL,NULL,False,False,False,False,False,True,True,True,True,NULL
"682493127",True,False,NULL,NULL,NULL,NULL,NULL,NULL,NULL,NULL,True,NULL,NULL,NULL,NULL,NULL,False,False,False,False,False,True,True,True,True,NULL
"1797490235",True,False,NULL,NULL,NULL,NULL,NULL,NULL,NULL,NULL,True,NULL,NULL,NULL,NULL,NULL,False,False,False,False,False,True,True,True,True,NULL
"504098668",True,False,NULL,NULL,NULL,NULL,NULL,NULL,NULL,NULL,True,NULL,NULL,NULL,NULL,NULL,False,False,False,False,False,True,True,True,True,NULL
"1593494703",True,False,NULL,NULL,NULL,NULL,NULL,NULL,NULL,NULL,True,NULL,NULL,NULL,NULL,NULL,False,False,False,False,False,True,True,True,True,NULL
"7428199875",True,False,NULL,NULL,NULL,NULL,NULL,NULL,NULL,NULL,True,NULL,NULL,NULL,NULL,NULL,False,False,False,False,False,True,True,True,True,NULL
"763319677",True,False,NULL,NULL,NULL,NULL,NULL,NULL,NULL,NULL,True,NULL,NULL,NULL,NULL,NULL,False,False,False,False,False,True,True,True,True,NULL
"760648753",True,False,NULL,NULL,NULL,NULL,NULL,NULL,NULL,NULL,True,NULL,NULL,NULL,NULL,NULL,False,False,False,False,False,True,True,True,True,NULL
"848197653",True,False,NULL,NULL,NULL,NULL,NULL,NULL,NULL,NULL,True,NULL,NULL,NULL,NULL,NULL,False,False,False,False,False,True,True,True,True,NULL
"949915518",True,False,NULL,NULL,NULL,NULL,NULL,NULL,NULL,NULL,True,NULL,NULL,NULL,NULL,NULL,False,False,False,False,False,True,True,True,True,"pINpSg6EKlM"
"6831239623",True,False,NULL,NULL,NULL,NULL,NULL,NULL,NULL,NULL,True,NULL,NULL,NULL,NULL,NULL,False,False,False,False,False,True,True,True,True,"4g-1snSIPGY"
"5938779438",True,False,NULL,NULL,NULL,NULL,NULL,NULL,NULL,NULL,True,NULL,NULL,NULL,NULL,NULL,False,False,False,False,False,True,True,True,True,"e4gr6mnFmkY"
"300043648",True,False,NULL,NULL,NULL,NULL,NULL,NULL,NULL,NULL,True,NULL,NULL,NULL,NULL,NULL,False,False,False,False,False,True,True,True,True,NULL
"5848947517",True,False,NULL,NULL,NULL,NULL,NULL,NULL,NULL,NULL,True,NULL,NULL,NULL,NULL,NULL,False,False,False,False,False,True,True,True,True,NULL
"6887182283",True,False,NULL,NULL,NULL,NULL,NULL,NULL,NULL,NULL,True,NULL,NULL,NULL,NULL,NULL,False,False,False,False,False,True,True,True,True,NULL
"6381339200",True,False,NULL,NULL,NULL,NULL,NULL,NULL,NULL,NULL,True,NULL,NULL,NULL,NULL,NULL,False,False,False,False,False,True,True,True,True,NULL
"1977274541",True,False,NULL,NULL,NULL,NULL,NULL,NULL,NULL,NULL,True,NULL,NULL,NULL,NULL,NULL,False,False,False,False,False,True,True,True,True,NULL
"5655855403",True,False,NULL,NULL,NULL,NULL,NULL,NULL,NULL,NULL,True,NULL,NULL,NULL,NULL,NULL,False,False,False,False,False,True,True,True,True,NULL
"826346643",True,False,NULL,NULL,NULL,NULL,NULL,NULL,NULL,NULL,True,NULL,NULL,NULL,NULL,NULL,False,False,False,False,False,True,True,True,True,NULL
"808057718",True,False,NULL,NULL,NULL,NULL,NULL,NULL,NULL,NULL,True,NULL,NULL,NULL,NULL,NULL,False,False,False,False,False,True,True,True,True,NULL
"8338186102",True,False,NULL,NULL,NULL,NULL,NULL,NULL,NULL,NULL,True,NULL,NULL,NULL,NULL,NULL,False,False,False,False,False,True,True,True,True,NULL
"6654071668",True,False,NULL,NULL,NULL,NULL,NULL,NULL,NULL,NULL,True,NULL,NULL,NULL,NULL,NULL,False,False,False,False,False,True,True,True,True,NULL
"758938660",True,False,NULL,NULL,NULL,NULL,NULL,NULL,NULL,NULL,True,NULL,NULL,NULL,NULL,NULL,False,False,False,False,False,True,True,True,True,NULL
"5452430248",True,False,NULL,NULL,NULL,NULL,NULL,NULL,NULL,NULL,True,NULL,NULL,NULL,NULL,NULL,False,False,False,False,False,True,True,True,True,NULL
"1173083986",True,False,NULL,NULL,NULL,NULL,NULL,NULL,NULL,NULL,True,NULL,NULL,NULL,NULL,NULL,False,False,False,False,False,True,True,True,True,NULL
"7863948853",True,False,NULL,NULL,NULL,NULL,NULL,NULL,NULL,NULL,True,NULL,NULL,NULL,NULL,NULL,False,False,False,False,False,True,True,True,True,NULL
"675112427",True,False,NULL,NULL,NULL,NULL,NULL,NULL,NULL,NULL,True,NULL,NULL,NULL,NULL,NULL,False,False,False,False,False,True,True,True,True,NULL
"6021660452",True,False,NULL,NULL,NULL,NULL,NULL,NULL,NULL,NULL,True,NULL,NULL,NULL,NULL,NULL,False,False,False,False,False,True,True,True,True,NULL
"8140574064",True,False,NULL,NULL,NULL,NULL,NULL,NULL,NULL,NULL,True,NULL,NULL,NULL,NULL,NULL,False,False,False,False,False,True,True,True,True,NULL
"6341512640",True,False,NULL,NULL,NULL,NULL,NULL,NULL,NULL,NULL,True,NULL,NULL,NULL,NULL,NULL,False,False,False,False,False,True,True,True,True,NULL
"1217677959",True,False,NULL,NULL,NULL,NULL,NULL,NULL,NULL,NULL,True,NULL,NULL,NULL,NULL,NULL,False,False,False,False,False,True,True,True,True,NULL
"1201360478",True,False,NULL,NULL,NULL,NULL,NULL,NULL,NULL,NULL,True,NULL,NULL,NULL,NULL,NULL,False,False,False,False,False,True,True,True,True,NULL
"429713086",True,False,NULL,NULL,NULL,NULL,NULL,NULL,NULL,NULL,True,NULL,NULL,NULL,NULL,NULL,False,False,False,False,False,True,True,True,True,NULL
"728519825",True,False,NULL,NULL,NULL,NULL,NULL,NULL,NULL,NULL,True,NULL,NULL,NULL,NULL,NULL,False,False,False,False,False,True,True,True,True,NULL
"310868163",True,False,NULL,NULL,NULL,NULL,NULL,NULL,NULL,NULL,True,NULL,NULL,NULL,NULL,NULL,False,False,False,False,False,True,True,True,True,NULL
"6344107400",True,False,NULL,NULL,NULL,NULL,NULL,NULL,NULL,NULL,True,NULL,NULL,NULL,NULL,NULL,False,False,False,False,False,True,True,True,True,NULL
"973700301",True,False,NULL,NULL,NULL,NULL,NULL,NULL,NULL,NULL,True,NULL,NULL,NULL,NULL,NULL,False,False,False,False,False,True,True,True,True,NULL
"1082821422",True,False,NULL,NULL,NULL,NULL,NULL,NULL,NULL,NULL,True,NULL,NULL,NULL,NULL,NULL,False,False,False,False,False,True,True,True,True,NULL
"571568870",True,False,NULL,NULL,NULL,NULL,NULL,NULL,NULL,NULL,True,NULL,NULL,NULL,NULL,NULL,False,False,False,False,False,True,True,True,True,NULL
"587459532",True,False,NULL,NULL,NULL,NULL,NULL,NULL,NULL,NULL,True,NULL,NULL,NULL,NULL,NULL,False,False,False,False,False,True,True,True,True,NULL
"395116069",True,False,NULL,NULL,NULL,NULL,NULL,NULL,NULL,NULL,True,NULL,NULL,NULL,NULL,NULL,False,False,False,False,False,True,True,True,True,NULL
"1262217876",True,False,NULL,NULL,NULL,NULL,NULL,NULL,NULL,NULL,True,NULL,NULL,NULL,NULL,NULL,False,False,False,False,False,True,True,True,True,NULL
"1842485702",True,False,NULL,NULL,NULL,NULL,NULL,NULL,NULL,NULL,True,NULL,NULL,NULL,NULL,NULL,False,False,False,False,False,True,True,True,True,NULL
"7170374069",True,False,NULL,NULL,NULL,NULL,NULL,NULL,NULL,NULL,True,NULL,NULL,NULL,NULL,NULL,False,False,False,False,False,True,True,True,True,NULL
"635992865",True,False,NULL,NULL,"SheklaTbs",NULL,"2025-09-18 17:40:24.440322+00",NULL,NULL,NULL,True,NULL,NULL,NULL,NULL,NULL,False,False,False,False,False,True,True,True,True,NULL
"1388948904",True,False,NULL,NULL,NULL,NULL,NULL,NULL,NULL,NULL,True,NULL,NULL,NULL,NULL,NULL,False,False,False,False,False,True,True,True,True,"oUqMxpSJkyg"
"1642412500",True,False,NULL,NULL,"Dude",NULL,"2025-09-28 15:07:43.817975+00","☀️",NULL,NULL,True,NULL,NULL,NULL,NULL,NULL,False,False,False,False,False,True,True,True,True,"02fl1KtuqnM"
"7945889315",True,False,NULL,NULL,NULL,25,NULL,NULL,NULL,NULL,True,NULL,NULL,NULL,NULL,NULL,False,False,False,False,False,True,True,True,True,NULL
"872690594",True,False,NULL,NULL,NULL,25,NULL,NULL,NULL,NULL,True,NULL,NULL,NULL,NULL,NULL,False,False,False,False,False,True,True,True,True,"UKmEqIJgm0Q"
"5354448612",True,False,NULL,NULL,"Blackie",NULL,"2025-10-10 14:14:07.296971+00","🧑",NULL,NULL,True,NULL,NULL,NULL,NULL,NULL,False,False,False,False,False,True,True,True,True,NULL
"1905159972",True,False,NULL,NULL,"ገጀራው",NULL,"2025-10-21 03:58:12.102068+00",NULL,NULL,NULL,False,NULL,NULL,NULL,NULL,NULL,False,False,False,False,False,True,True,True,True,"vYBrdBGFjvM"
"7277167325",True,False,NULL,NULL,NULL,NULL,NULL,NULL,NULL,NULL,True,NULL,NULL,NULL,NULL,NULL,False,False,False,False,False,True,True,True,True,NULL
"5208295770",True,False,NULL,NULL,NULL,NULL,NULL,NULL,NULL,NULL,True,NULL,NULL,NULL,NULL,NULL,False,False,False,False,False,True,True,True,True,NULL
"1164557619",True,False,NULL,NULL,NULL,NULL,NULL,NULL,NULL,NULL,True,NULL,NULL,NULL,NULL,NULL,False,False,False,False,False,True,True,True,True,NULL
"1971384658",True,False,NULL,NULL,NULL,NULL,NULL,NULL,NULL,NULL,True,NULL,NULL,NULL,NULL,NULL,False,False,False,False,False,True,True,True,True,NULL
"8373033343",True,False,NULL,NULL,NULL,NULL,NULL,NULL,NULL,NULL,True,NULL,NULL,NULL,NULL,NULL,False,False,False,False,False,True,True,True,True,NULL
"1617930386",True,False,NULL,NULL,NULL,NULL,NULL,NULL,NULL,NULL,True,NULL,NULL,NULL,NULL,NULL,False,False,False,False,False,True,True,True,True,NULL
"308439908",True,False,NULL,NULL,NULL,NULL,NULL,NULL,NULL,NULL,True,NULL,NULL,NULL,NULL,NULL,False,False,False,False,False,True,True,True,True,NULL
"958229183",True,False,NULL,NULL,NULL,NULL,NULL,NULL,NULL,NULL,True,NULL,NULL,NULL,NULL,NULL,False,False,False,False,False,True,True,True,True,NULL
"2062013590",True,False,NULL,NULL,NULL,NULL,NULL,NULL,NULL,NULL,True,NULL,NULL,NULL,NULL,NULL,False,False,False,False,False,True,True,True,True,NULL
"1447145353",True,False,NULL,NULL,NULL,NULL,NULL,NULL,NULL,NULL,True,NULL,NULL,NULL,NULL,NULL,False,False,False,False,False,True,True,True,True,NULL
"7347324010",True,False,NULL,NULL,NULL,NULL,NULL,"🎮",NULL,NULL,True,NULL,NULL,NULL,NULL,NULL,False,False,False,False,False,True,True,True,True,NULL
"1839328576",True,False,NULL,NULL,NULL,NULL,NULL,NULL,NULL,NULL,True,NULL,NULL,NULL,NULL,NULL,False,False,False,False,False,True,True,True,True,NULL
"5914787363",True,False,NULL,NULL,NULL,NULL,NULL,NULL,NULL,NULL,True,NULL,NULL,NULL,NULL,NULL,False,False,False,False,False,True,True,True,True,NULL
"818052507",True,False,NULL,NULL,NULL,NULL,NULL,NULL,NULL,NULL,True,NULL,NULL,NULL,NULL,NULL,False,False,False,False,False,True,True,True,True,NULL
"6665067295",False,False,NULL,NULL,NULL,NULL,NULL,NULL,NULL,NULL,True,NULL,NULL,NULL,NULL,NULL,False,False,False,False,False,True,True,True,True,NULL
"5569993604",True,False,NULL,NULL,NULL,NULL,NULL,NULL,NULL,NULL,True,NULL,NULL,NULL,NULL,NULL,False,False,False,False,False,True,True,True,True,NULL
"5431888831",True,False,NULL,NULL,NULL,NULL,NULL,NULL,NULL,NULL,True,NULL,NULL,NULL,NULL,NULL,False,False,False,False,False,True,True,True,True,NULL
"1122805141",False,False,NULL,NULL,NULL,NULL,NULL,NULL,NULL,NULL,True,NULL,NULL,NULL,NULL,NULL,False,False,False,False,False,True,True,True,True,NULL
"1387421830",True,False,NULL,NULL,NULL,NULL,NULL,NULL,NULL,NULL,True,NULL,NULL,NULL,NULL,NULL,False,False,False,False,False,True,True,True,True,NULL
"2095067711",False,False,NULL,NULL,NULL,NULL,NULL,NULL,NULL,NULL,True,NULL,NULL,NULL,NULL,NULL,False,False,False,False,False,True,True,True,True,NULL
"6298848613",True,False,NULL,NULL,NULL,NULL,NULL,NULL,NULL,NULL,True,NULL,NULL,NULL,NULL,NULL,False,False,False,False,False,True,True,True,True,NULL
"6556180132",True,False,NULL,NULL,NULL,NULL,NULL,NULL,NULL,NULL,True,NULL,NULL,NULL,NULL,NULL,False,False,False,False,False,True,True,True,True,NULL
"5506994008",True,False,NULL,NULL,NULL,NULL,NULL,NULL,NULL,NULL,True,NULL,NULL,NULL,NULL,NULL,False,False,False,False,False,True,True,True,True,NULL
"1910509637",True,False,NULL,NULL,NULL,NULL,NULL,NULL,NULL,NULL,True,NULL,NULL,NULL,NULL,NULL,False,False,False,False,False,True,True,True,True,NULL
"1296665123",True,False,NULL,NULL,NULL,NULL,NULL,NULL,NULL,NULL,True,NULL,NULL,NULL,NULL,NULL,False,False,False,False,False,True,True,True,True,NULL
"2070913500",True,False,NULL,NULL,NULL,NULL,NULL,NULL,NULL,NULL,True,NULL,NULL,NULL,NULL,NULL,False,False,False,False,False,True,True,True,True,NULL
"1042839750",True,False,NULL,NULL,NULL,NULL,NULL,NULL,NULL,NULL,True,NULL,NULL,NULL,NULL,NULL,False,False,False,False,False,True,True,True,True,NULL
"1798299775",True,False,NULL,NULL,NULL,NULL,NULL,NULL,NULL,NULL,True,NULL,NULL,NULL,NULL,NULL,False,False,False,False,False,True,True,True,True,NULL
"1658392273",False,False,NULL,NULL,NULL,NULL,NULL,NULL,NULL,NULL,True,NULL,NULL,NULL,NULL,NULL,False,False,False,False,False,True,True,True,True,NULL
"2056792047",True,False,NULL,NULL,NULL,NULL,NULL,NULL,NULL,NULL,True,NULL,NULL,NULL,NULL,NULL,False,False,False,False,False,True,True,True,True,NULL
"1621687801",True,False,NULL,NULL,NULL,NULL,NULL,NULL,NULL,NULL,True,NULL,NULL,NULL,NULL,NULL,False,False,False,False,False,True,True,True,True,NULL
"5844468579",True,False,NULL,NULL,NULL,NULL,NULL,NULL,NULL,NULL,True,NULL,NULL,NULL,NULL,NULL,False,False,False,False,False,True,True,True,True,NULL
"644071764",True,False,NULL,NULL,NULL,NULL,NULL,NULL,NULL,NULL,True,NULL,NULL,NULL,NULL,NULL,False,False,False,False,False,True,True,True,True,"8SK8lf0ZLqM"
"8440700114",True,False,NULL,NULL,NULL,NULL,NULL,NULL,NULL,NULL,True,NULL,NULL,NULL,NULL,NULL,False,False,False,False,False,True,True,True,True,NULL
"5687300791",True,False,NULL,NULL,NULL,NULL,NULL,NULL,NULL,NULL,True,NULL,NULL,NULL,NULL,NULL,False,False,False,False,False,True,True,True,True,NULL
"365384234",True,False,NULL,NULL,NULL,NULL,NULL,NULL,NULL,NULL,True,NULL,NULL,NULL,NULL,NULL,False,False,False,False,False,True,True,True,True,NULL
"927187353",True,False,NULL,NULL,NULL,NULL,NULL,NULL,NULL,NULL,True,NULL,NULL,NULL,NULL,NULL,False,False,False,False,False,True,True,True,True,NULL
"6615059420",True,False,NULL,NULL,NULL,NULL,NULL,NULL,NULL,NULL,True,NULL,NULL,NULL,NULL,NULL,False,False,False,False,False,True,True,True,True,NULL
"6000002479",True,False,NULL,NULL,NULL,NULL,NULL,NULL,NULL,NULL,True,NULL,NULL,NULL,NULL,NULL,False,False,False,False,False,True,True,True,True,NULL
"7171564905",True,False,NULL,NULL,NULL,NULL,NULL,NULL,NULL,NULL,True,NULL,NULL,NULL,NULL,NULL,False,False,False,False,False,True,True,True,True,NULL
"6127705333",True,False,NULL,NULL,NULL,NULL,NULL,NULL,NULL,NULL,True,NULL,NULL,NULL,NULL,NULL,False,False,False,False,False,True,True,True,True,NULL
"1140641106",True,False,NULL,NULL,NULL,NULL,NULL,NULL,NULL,NULL,True,NULL,NULL,NULL,NULL,NULL,False,False,False,False,False,True,True,True,True,NULL
"5354050812",True,False,NULL,NULL,NULL,NULL,NULL,NULL,NULL,NULL,True,NULL,NULL,NULL,NULL,NULL,False,False,False,False,False,True,True,True,True,NULL
"5215578263",True,False,NULL,NULL,NULL,NULL,NULL,NULL,NULL,NULL,True,NULL,NULL,NULL,NULL,NULL,False,False,False,False,False,True,True,True,True,NULL
"1896199946",True,False,NULL,NULL,NULL,NULL,NULL,NULL,NULL,NULL,True,NULL,NULL,NULL,NULL,NULL,False,False,False,False,False,True,True,True,True,NULL
"5032776428",True,False,NULL,NULL,NULL,NULL,NULL,NULL,NULL,NULL,True,NULL,NULL,NULL,NULL,NULL,False,False,False,False,False,True,True,True,True,NULL
"323726825",True,False,NULL,NULL,NULL,NULL,NULL,NULL,NULL,NULL,True,NULL,NULL,NULL,NULL,NULL,False,False,False,False,False,True,True,True,True,NULL
"5217355666",True,False,NULL,NULL,NULL,NULL,NULL,NULL,NULL,NULL,True,NULL,NULL,NULL,NULL,NULL,False,False,False,False,False,True,True,True,True,NULL
"753981801",True,False,NULL,NULL,NULL,NULL,NULL,NULL,NULL,NULL,True,NULL,NULL,NULL,NULL,NULL,False,False,False,False,False,True,True,True,True,NULL
"6397803307",True,False,NULL,NULL,NULL,NULL,NULL,NULL,NULL,NULL,True,NULL,NULL,NULL,NULL,NULL,False,False,False,False,False,True,True,True,True,NULL
"695033796",False,False,NULL,NULL,NULL,NULL,NULL,NULL,NULL,NULL,True,NULL,NULL,NULL,NULL,NULL,False,False,False,False,False,True,True,True,True,NULL
"5948733023",True,False,NULL,NULL,NULL,NULL,NULL,NULL,NULL,NULL,True,NULL,NULL,NULL,NULL,NULL,False,False,False,False,False,True,True,True,True,NULL
"6690477770",True,False,NULL,NULL,NULL,NULL,NULL,NULL,NULL,NULL,True,NULL,NULL,NULL,NULL,NULL,False,False,False,False,False,True,True,True,True,NULL
"1910883616",True,False,NULL,NULL,NULL,NULL,NULL,NULL,NULL,NULL,True,NULL,NULL,NULL,NULL,NULL,False,False,False,False,False,True,True,True,True,NULL
"957328380",True,False,NULL,NULL,"SLM",10,"2025-09-22 10:13:10.874664+00","🧑",NULL,"Freewill",False,NULL,NULL,NULL,NULL,NULL,False,False,False,False,False,True,True,True,True,"93ppaBEPL7U"
"7560815560",True,False,NULL,NULL,NULL,NULL,NULL,NULL,NULL,NULL,True,NULL,NULL,NULL,NULL,NULL,False,False,False,False,False,True,True,True,True,NULL
"1624616593",True,False,NULL,NULL,NULL,NULL,NULL,NULL,NULL,NULL,True,NULL,NULL,NULL,NULL,NULL,False,False,False,False,False,True,True,True,True,NULL
"2084277363",False,False,NULL,NULL,NULL,NULL,NULL,NULL,NULL,NULL,True,NULL,NULL,NULL,NULL,NULL,False,False,False,False,False,True,True,True,True,NULL
"6304596210",True,False,NULL,NULL,NULL,NULL,NULL,NULL,NULL,NULL,True,NULL,NULL,NULL,NULL,NULL,False,False,False,False,False,True,True,True,True,NULL
"753083991",True,False,NULL,NULL,NULL,NULL,NULL,NULL,NULL,NULL,True,NULL,NULL,NULL,NULL,NULL,False,False,False,False,False,True,True,True,True,NULL
"1493643112",True,False,NULL,NULL,NULL,NULL,NULL,NULL,NULL,NULL,True,NULL,NULL,NULL,NULL,NULL,False,False,False,False,False,True,True,True,True,NULL
"1884655906",True,False,NULL,NULL,NULL,NULL,NULL,NULL,NULL,NULL,True,NULL,NULL,NULL,NULL,NULL,False,False,False,False,False,True,True,True,True,NULL
"685911550",True,False,NULL,NULL,NULL,NULL,NULL,NULL,NULL,NULL,True,NULL,NULL,NULL,NULL,NULL,False,False,False,False,False,True,True,True,True,NULL
"974808543",True,False,NULL,NULL,NULL,NULL,NULL,NULL,NULL,NULL,True,NULL,NULL,NULL,NULL,NULL,False,False,False,False,False,True,True,True,True,NULL
"5107955094",True,False,NULL,NULL,NULL,NULL,NULL,NULL,NULL,NULL,True,NULL,NULL,NULL,NULL,NULL,False,False,False,False,False,True,True,True,True,NULL
"595291552",True,False,NULL,NULL,NULL,NULL,NULL,NULL,NULL,NULL,True,NULL,NULL,NULL,NULL,NULL,False,False,False,False,False,True,True,True,True,NULL
"885214316",True,False,NULL,NULL,NULL,NULL,NULL,NULL,NULL,NULL,True,NULL,NULL,NULL,NULL,NULL,False,False,False,False,False,True,True,True,True,NULL
"5378089615",True,False,NULL,NULL,NULL,NULL,NULL,NULL,NULL,NULL,True,NULL,NULL,NULL,NULL,NULL,False,False,False,False,False,True,True,True,True,NULL
"8166201033",True,False,NULL,NULL,NULL,NULL,NULL,NULL,NULL,NULL,True,NULL,NULL,NULL,NULL,NULL,False,False,False,False,False,True,True,True,True,NULL
"6901656134",True,False,NULL,NULL,NULL,NULL,NULL,NULL,NULL,NULL,True,NULL,NULL,NULL,NULL,NULL,False,False,False,False,False,True,True,True,True,NULL
"5470834374",True,False,NULL,NULL,NULL,NULL,NULL,NULL,NULL,NULL,True,NULL,NULL,NULL,NULL,NULL,False,False,False,False,False,True,True,True,True,NULL
"1085389690",True,False,NULL,NULL,NULL,NULL,NULL,NULL,NULL,NULL,True,NULL,NULL,NULL,NULL,NULL,False,False,False,False,False,True,True,True,True,NULL
"8335183124",True,False,NULL,NULL,NULL,NULL,NULL,NULL,NULL,NULL,True,NULL,NULL,NULL,NULL,NULL,False,False,False,False,False,True,True,True,True,NULL
"6258405568",True,False,NULL,NULL,NULL,NULL,NULL,NULL,NULL,NULL,True,NULL,NULL,NULL,NULL,NULL,False,False,False,False,False,True,True,True,True,NULL
"812868714",True,False,NULL,NULL,NULL,NULL,NULL,NULL,NULL,NULL,True,NULL,NULL,NULL,NULL,NULL,False,False,False,False,False,True,True,True,True,NULL
"8113132828",True,False,NULL,NULL,NULL,NULL,NULL,NULL,NULL,NULL,True,NULL,NULL,NULL,NULL,NULL,False,False,False,False,False,True,True,True,True,NULL
"7666737715",True,False,NULL,NULL,NULL,NULL,NULL,NULL,NULL,NULL,True,NULL,NULL,NULL,NULL,NULL,False,False,False,False,False,True,True,True,True,NULL
"7101179481",True,False,NULL,NULL,NULL,NULL,NULL,NULL,NULL,NULL,True,NULL,NULL,NULL,NULL,NULL,False,False,False,False,False,True,True,True,True,NULL
"5085711369",True,False,NULL,NULL,NULL,NULL,NULL,NULL,NULL,NULL,True,NULL,NULL,NULL,NULL,NULL,False,False,False,False,False,True,True,True,True,NULL
"778021324",True,False,NULL,NULL,NULL,NULL,NULL,NULL,NULL,NULL,True,NULL,NULL,NULL,NULL,NULL,False,False,False,False,False,True,True,True,True,NULL
"5082072194",True,False,NULL,NULL,NULL,NULL,NULL,NULL,NULL,NULL,True,NULL,NULL,NULL,NULL,NULL,False,False,False,False,False,True,True,True,True,NULL
"1932706081",True,False,NULL,NULL,NULL,NULL,NULL,NULL,NULL,NULL,True,NULL,NULL,NULL,NULL,NULL,False,False,False,False,False,True,True,True,True,NULL
"565759959",True,False,NULL,NULL,NULL,NULL,NULL,NULL,NULL,NULL,True,NULL,NULL,NULL,NULL,NULL,False,False,False,False,False,True,True,True,True,NULL
"6110336587",True,False,NULL,NULL,NULL,NULL,NULL,NULL,NULL,NULL,True,NULL,NULL,NULL,NULL,NULL,False,False,False,False,False,True,True,True,True,NULL
"2008523671",True,False,NULL,NULL,NULL,NULL,NULL,NULL,NULL,NULL,True,NULL,NULL,NULL,NULL,NULL,False,False,False,False,False,True,True,True,True,NULL
"6682554890",True,False,NULL,NULL,NULL,NULL,NULL,NULL,NULL,NULL,True,NULL,NULL,NULL,NULL,NULL,False,False,False,False,False,True,True,True,True,NULL
"901540192",True,False,NULL,NULL,NULL,NULL,NULL,NULL,NULL,NULL,True,NULL,NULL,NULL,NULL,NULL,False,False,False,False,False,True,True,True,True,NULL
"5984989903",True,False,NULL,NULL,NULL,NULL,NULL,NULL,NULL,NULL,True,NULL,NULL,NULL,NULL,NULL,False,False,False,False,False,True,True,True,True,NULL
"5707255275",True,False,NULL,NULL,NULL,NULL,NULL,NULL,NULL,NULL,True,NULL,NULL,NULL,NULL,NULL,False,False,False,False,False,True,True,True,True,NULL
"361886174",True,False,NULL,NULL,NULL,NULL,NULL,NULL,NULL,NULL,True,NULL,NULL,NULL,NULL,NULL,False,False,False,False,False,True,True,True,True,NULL
"1235263017",False,False,NULL,NULL,NULL,NULL,NULL,NULL,NULL,NULL,True,NULL,NULL,NULL,NULL,NULL,False,False,False,False,False,True,True,True,True,NULL
"5522446788",True,False,NULL,NULL,NULL,NULL,NULL,NULL,NULL,NULL,True,NULL,NULL,NULL,NULL,NULL,False,False,False,False,False,True,True,True,True,NULL
"1089378045",True,False,NULL,NULL,NULL,NULL,NULL,NULL,NULL,NULL,True,NULL,NULL,NULL,NULL,NULL,False,False,False,False,False,True,True,True,True,NULL
"5621159053",True,False,NULL,NULL,NULL,NULL,NULL,NULL,NULL,NULL,True,NULL,NULL,NULL,NULL,NULL,False,False,False,False,False,True,True,True,True,NULL
"815078840",False,False,NULL,NULL,NULL,NULL,NULL,NULL,NULL,NULL,True,NULL,NULL,NULL,NULL,NULL,False,False,False,False,False,True,True,True,True,NULL
"5465331740",True,False,NULL,NULL,NULL,NULL,NULL,NULL,NULL,NULL,True,NULL,NULL,NULL,NULL,NULL,False,False,False,False,False,True,True,True,True,NULL
"6971854380",True,False,NULL,NULL,NULL,NULL,NULL,NULL,NULL,NULL,True,NULL,NULL,NULL,NULL,NULL,False,False,False,False,False,True,True,True,True,NULL
"1586511634",True,False,NULL,NULL,NULL,NULL,NULL,NULL,NULL,NULL,True,NULL,NULL,NULL,NULL,NULL,False,False,False,False,False,True,True,True,True,NULL
"6082789029",True,False,NULL,NULL,NULL,NULL,NULL,NULL,NULL,NULL,True,NULL,NULL,NULL,NULL,NULL,False,False,False,False,False,True,True,True,True,NULL
"847319460",True,False,NULL,NULL,NULL,NULL,NULL,NULL,NULL,NULL,True,NULL,NULL,NULL,NULL,NULL,False,False,False,False,False,True,True,True,True,NULL
"613200833",True,False,NULL,NULL,NULL,NULL,NULL,NULL,NULL,NULL,True,NULL,NULL,NULL,NULL,NULL,False,False,False,False,False,True,True,True,True,NULL
"5261108402",True,False,NULL,NULL,"አሸብር",NULL,"2025-10-25 06:02:34.728208+00","🧐",NULL,NULL,True,NULL,NULL,NULL,NULL,NULL,False,False,False,False,False,True,True,True,True,NULL
"6652411080",True,False,NULL,NULL,NULL,NULL,NULL,NULL,NULL,NULL,True,NULL,NULL,NULL,NULL,NULL,False,False,False,False,False,True,True,True,True,NULL
"5731849384",True,False,NULL,NULL,NULL,NULL,NULL,NULL,NULL,NULL,True,NULL,NULL,NULL,NULL,NULL,False,False,False,False,False,True,True,True,True,NULL
"5184925490",True,False,NULL,NULL,NULL,NULL,NULL,NULL,NULL,NULL,True,NULL,NULL,NULL,NULL,NULL,False,False,False,False,False,True,True,True,True,NULL
"1377044725",True,False,NULL,NULL,NULL,NULL,NULL,NULL,NULL,NULL,True,NULL,NULL,NULL,NULL,NULL,False,False,False,False,False,True,True,True,True,NULL
"6507157123",True,False,NULL,NULL,NULL,NULL,NULL,NULL,NULL,NULL,True,NULL,NULL,NULL,NULL,NULL,False,False,False,False,False,True,True,True,True,NULL
"653950494",True,False,NULL,NULL,NULL,NULL,NULL,NULL,NULL,NULL,True,NULL,NULL,NULL,NULL,NULL,False,False,False,False,False,True,True,True,True,NULL
"457457432",True,False,NULL,NULL,NULL,NULL,NULL,NULL,NULL,NULL,True,NULL,NULL,NULL,NULL,NULL,False,False,False,False,False,True,True,True,True,NULL
"7189362713",True,False,NULL,NULL,NULL,NULL,NULL,NULL,NULL,NULL,True,NULL,NULL,NULL,NULL,NULL,False,False,False,False,False,True,True,True,True,NULL
"5800819330",True,False,NULL,NULL,NULL,NULL,NULL,NULL,NULL,NULL,True,NULL,NULL,NULL,NULL,NULL,False,False,False,False,False,True,True,True,True,NULL
"2012357134",True,False,NULL,NULL,NULL,NULL,NULL,NULL,NULL,NULL,True,NULL,NULL,NULL,NULL,NULL,False,False,False,False,False,True,True,True,True,NULL
"7801848130",False,False,NULL,NULL,NULL,NULL,NULL,NULL,NULL,NULL,True,NULL,NULL,NULL,NULL,NULL,False,False,False,False,False,True,True,True,True,NULL
"859504305",True,False,NULL,NULL,"Stalin",NULL,"2025-09-29 19:42:50.983928+00","✨",NULL,"Neat biggers jas gews",True,NULL,NULL,NULL,NULL,NULL,False,False,False,False,False,True,True,True,True,"LGE7lJo8w-4"
"7628412476",True,False,NULL,NULL,NULL,NULL,NULL,NULL,NULL,NULL,True,NULL,NULL,NULL,NULL,NULL,False,False,False,False,False,True,True,True,True,NULL
"1886189335",True,False,NULL,NULL,NULL,NULL,NULL,NULL,NULL,NULL,True,NULL,NULL,NULL,NULL,NULL,False,False,False,False,False,True,True,True,True,"YxVPWTnOJNw"
"1160365234",True,False,NULL,NULL,NULL,NULL,NULL,NULL,NULL,NULL,True,NULL,NULL,NULL,NULL,NULL,False,False,False,False,False,True,True,True,True,NULL
"740034522",True,False,NULL,NULL,NULL,NULL,NULL,NULL,NULL,NULL,True,NULL,NULL,NULL,NULL,NULL,False,False,False,False,False,True,True,True,True,NULL
"755518371",True,False,NULL,NULL,NULL,NULL,NULL,NULL,NULL,NULL,True,NULL,NULL,NULL,NULL,NULL,False,False,False,False,False,True,True,True,True,NULL
"6813275006",True,False,NULL,NULL,NULL,NULL,NULL,NULL,NULL,NULL,True,NULL,NULL,NULL,NULL,NULL,False,False,False,False,False,True,True,True,True,NULL
"1412840479",True,False,NULL,NULL,NULL,NULL,NULL,NULL,NULL,NULL,True,NULL,NULL,NULL,NULL,NULL,False,False,False,False,False,True,True,True,True,NULL
"8076870327",True,False,NULL,NULL,NULL,NULL,NULL,NULL,NULL,NULL,True,NULL,NULL,NULL,NULL,NULL,False,False,False,False,False,True,True,True,True,NULL
"865151236",True,False,NULL,NULL,NULL,NULL,NULL,NULL,NULL,NULL,True,NULL,NULL,NULL,NULL,NULL,False,False,False,False,False,True,True,True,True,NULL
"7809767276",True,False,NULL,NULL,NULL,NULL,NULL,NULL,NULL,NULL,True,NULL,NULL,NULL,NULL,NULL,False,False,False,False,False,True,True,True,True,NULL
"8169042169",True,False,NULL,NULL,NULL,NULL,NULL,NULL,NULL,NULL,True,NULL,NULL,NULL,NULL,NULL,False,False,False,False,False,True,True,True,True,NULL
"6590587274",True,False,NULL,NULL,NULL,NULL,NULL,NULL,NULL,NULL,True,NULL,NULL,NULL,NULL,NULL,False,False,False,False,False,True,True,True,True,NULL
"1222587280",True,False,NULL,NULL,NULL,NULL,NULL,NULL,NULL,NULL,True,NULL,NULL,NULL,NULL,NULL,False,False,False,False,False,True,True,True,True,NULL
"5438163291",True,False,NULL,NULL,NULL,NULL,NULL,NULL,NULL,NULL,True,NULL,NULL,NULL,NULL,NULL,False,False,False,False,False,True,True,True,True,NULL
"7398567548",True,False,NULL,NULL,"Hhh",NULL,"2025-09-21 06:34:27.797555+00","☀️",NULL,NULL,True,NULL,NULL,NULL,NULL,NULL,False,False,False,False,False,True,True,True,True,"fCQoJ4h64ew"
"7881582535",True,False,NULL,NULL,NULL,NULL,NULL,NULL,NULL,NULL,True,NULL,NULL,NULL,NULL,NULL,False,False,False,False,False,True,True,True,True,NULL
"461657028",True,False,NULL,NULL,NULL,NULL,NULL,NULL,NULL,NULL,True,NULL,NULL,NULL,NULL,NULL,False,False,False,False,False,True,True,True,True,NULL
"659455814",True,False,NULL,NULL,NULL,NULL,NULL,NULL,NULL,NULL,True,NULL,NULL,NULL,NULL,NULL,False,False,False,False,False,True,True,True,True,NULL
"7735058045",True,False,NULL,NULL,NULL,NULL,NULL,NULL,NULL,NULL,True,NULL,NULL,NULL,NULL,NULL,False,False,False,False,False,True,True,True,True,NULL
"5968154346",True,False,NULL,NULL,NULL,NULL,NULL,NULL,NULL,NULL,True,NULL,NULL,NULL,NULL,NULL,False,False,False,False,False,True,True,True,True,NULL
"6352835218",True,False,NULL,NULL,NULL,NULL,NULL,NULL,NULL,NULL,True,NULL,NULL,NULL,NULL,NULL,False,False,False,False,False,True,True,True,True,NULL
"6300864225",True,False,NULL,NULL,NULL,NULL,NULL,NULL,NULL,NULL,True,NULL,NULL,NULL,NULL,NULL,False,False,False,False,False,True,True,True,True,NULL
"5575585934",True,False,NULL,NULL,"የማነ",NULL,"2025-10-05 14:41:13.552398+00",NULL,NULL,NULL,True,NULL,NULL,NULL,NULL,NULL,False,False,False,False,False,True,True,True,True,NULL
"2044560643",True,False,NULL,NULL,"Radiator",NULL,"2025-10-09 14:50:06.815033+00","👨",NULL,NULL,True,NULL,NULL,NULL,NULL,NULL,False,False,False,False,False,True,True,True,True,NULL
"427209741",True,False,NULL,NULL,NULL,NULL,NULL,NULL,NULL,NULL,True,NULL,NULL,NULL,NULL,NULL,False,False,False,False,False,True,True,True,True,NULL
"7679369663",True,False,NULL,NULL,"Mikasa",NULL,"2025-09-21 08:48:33.161116+00","👩",NULL,NULL,True,NULL,NULL,NULL,NULL,NULL,False,False,False,False,False,True,True,True,True,NULL
"7154176517",True,False,NULL,NULL,NULL,NULL,NULL,NULL,NULL,NULL,True,NULL,NULL,NULL,NULL,NULL,False,False,False,False,False,True,True,True,True,NULL
"661830998",True,False,NULL,NULL,NULL,NULL,NULL,NULL,NULL,NULL,True,NULL,NULL,NULL,NULL,NULL,False,False,False,False,False,True,True,True,True,NULL
"896762966",True,False,NULL,NULL,NULL,NULL,NULL,NULL,NULL,NULL,True,NULL,NULL,NULL,NULL,NULL,False,False,False,False,False,True,True,True,True,NULL
"1849516415",True,False,NULL,NULL,NULL,NULL,NULL,NULL,NULL,NULL,True,NULL,NULL,NULL,NULL,NULL,False,False,False,False,False,True,True,True,True,NULL
"6068484150",True,False,NULL,NULL,NULL,NULL,NULL,NULL,NULL,NULL,True,NULL,NULL,NULL,NULL,NULL,False,False,False,False,False,True,True,True,True,NULL
"7700558431",True,False,NULL,NULL,NULL,NULL,NULL,NULL,NULL,NULL,True,NULL,NULL,NULL,NULL,NULL,False,False,False,False,False,True,True,True,True,NULL
"1663672217",True,False,NULL,NULL,NULL,NULL,NULL,NULL,NULL,NULL,True,NULL,NULL,NULL,NULL,NULL,False,False,False,False,False,True,True,True,True,NULL
"1883378537",True,False,NULL,NULL,NULL,NULL,NULL,NULL,NULL,NULL,True,NULL,NULL,NULL,NULL,NULL,False,False,False,False,False,True,True,True,True,NULL
"953854600",True,False,NULL,NULL,NULL,NULL,NULL,NULL,NULL,NULL,True,NULL,NULL,NULL,NULL,NULL,False,False,False,False,False,True,True,True,True,NULL
"2134524585",True,False,NULL,NULL,NULL,NULL,NULL,NULL,NULL,NULL,True,NULL,NULL,NULL,NULL,NULL,False,False,False,False,False,True,True,True,True,NULL
"5874942800",True,False,NULL,NULL,NULL,NULL,NULL,NULL,NULL,NULL,True,NULL,NULL,NULL,NULL,NULL,False,False,False,False,False,True,True,True,True,NULL
"7553536990",True,False,NULL,NULL,NULL,NULL,NULL,NULL,NULL,NULL,True,NULL,NULL,NULL,NULL,NULL,False,False,False,False,False,True,True,True,True,NULL
"1786393042",True,False,NULL,NULL,NULL,NULL,NULL,NULL,NULL,NULL,True,NULL,NULL,NULL,NULL,NULL,False,False,False,False,False,True,True,True,True,NULL
"868773123",True,False,NULL,NULL,NULL,NULL,NULL,NULL,NULL,NULL,True,NULL,NULL,NULL,NULL,NULL,False,False,False,False,False,True,True,True,True,NULL
"1039693482",True,False,NULL,NULL,NULL,NULL,NULL,NULL,NULL,NULL,True,NULL,NULL,NULL,NULL,NULL,False,False,False,False,False,True,True,True,True,NULL
"6073403596",True,False,NULL,NULL,NULL,NULL,NULL,NULL,NULL,NULL,True,NULL,NULL,NULL,NULL,NULL,False,False,False,False,False,True,True,True,True,NULL
"6296582144",True,False,NULL,NULL,NULL,NULL,NULL,NULL,NULL,NULL,True,NULL,NULL,NULL,NULL,NULL,False,False,False,False,False,True,True,True,True,NULL
"1431647079",True,False,NULL,NULL,NULL,NULL,NULL,NULL,NULL,NULL,True,NULL,NULL,NULL,NULL,NULL,False,False,False,False,False,True,True,True,True,NULL
"7137527366",True,False,NULL,NULL,NULL,NULL,NULL,NULL,NULL,NULL,True,NULL,NULL,NULL,NULL,NULL,False,False,False,False,False,True,True,True,True,NULL
"378429885",True,False,NULL,NULL,NULL,NULL,NULL,NULL,NULL,NULL,True,NULL,NULL,NULL,NULL,NULL,False,False,False,False,False,True,True,True,True,NULL
"1918217865",True,False,NULL,NULL,NULL,NULL,NULL,NULL,NULL,NULL,True,NULL,NULL,NULL,NULL,NULL,False,False,False,False,False,True,True,True,True,NULL
"1152503968",True,False,NULL,NULL,NULL,NULL,NULL,NULL,NULL,NULL,True,NULL,NULL,NULL,NULL,NULL,False,False,False,False,False,True,True,True,True,NULL
"533285204",True,False,NULL,NULL,NULL,NULL,NULL,NULL,NULL,NULL,True,NULL,NULL,NULL,NULL,NULL,False,False,False,False,False,True,True,True,True,NULL
"1642054221",False,False,NULL,NULL,NULL,NULL,NULL,NULL,NULL,NULL,True,NULL,NULL,NULL,NULL,NULL,False,False,False,False,False,True,True,True,True,NULL
"6917829757",True,False,NULL,NULL,NULL,NULL,NULL,NULL,NULL,NULL,True,NULL,NULL,NULL,NULL,NULL,False,False,False,False,False,True,True,True,True,NULL
"1367278343",True,False,NULL,NULL,NULL,NULL,NULL,NULL,NULL,NULL,True,NULL,NULL,NULL,NULL,NULL,False,False,False,False,False,True,True,True,True,NULL
"6921648424",True,False,NULL,NULL,NULL,NULL,NULL,NULL,NULL,NULL,True,NULL,NULL,NULL,NULL,NULL,False,False,False,False,False,True,True,True,True,NULL
"5357012195",True,False,NULL,NULL,NULL,NULL,NULL,NULL,NULL,NULL,True,NULL,NULL,NULL,NULL,NULL,False,False,False,False,False,True,True,True,True,NULL
"5020018062",True,False,NULL,NULL,NULL,NULL,NULL,NULL,NULL,NULL,True,NULL,NULL,NULL,NULL,NULL,False,False,False,False,False,True,True,True,True,NULL
"7961336280",True,False,NULL,NULL,NULL,NULL,NULL,NULL,NULL,NULL,True,NULL,NULL,NULL,NULL,NULL,False,False,False,False,False,True,True,True,True,NULL
"650706491",True,False,NULL,NULL,NULL,NULL,NULL,NULL,NULL,NULL,True,NULL,NULL,NULL,NULL,NULL,False,False,False,False,False,True,True,True,True,NULL
"6557701408",True,False,NULL,NULL,NULL,NULL,NULL,NULL,NULL,NULL,True,NULL,NULL,NULL,NULL,NULL,False,False,False,False,False,True,True,True,True,NULL
"5047402020",True,False,NULL,NULL,NULL,NULL,NULL,NULL,NULL,NULL,True,NULL,NULL,NULL,NULL,NULL,False,False,False,False,False,True,True,True,True,NULL
"6013311498",True,False,NULL,NULL,NULL,NULL,NULL,NULL,NULL,NULL,True,NULL,NULL,NULL,NULL,NULL,False,False,False,False,False,True,True,True,True,NULL
"960298456",True,False,NULL,NULL,NULL,NULL,NULL,NULL,NULL,NULL,True,NULL,NULL,NULL,NULL,NULL,False,False,False,False,False,True,True,True,True,NULL
"7815506754",True,False,NULL,NULL,NULL,NULL,NULL,NULL,NULL,NULL,True,NULL,NULL,NULL,NULL,NULL,False,False,False,False,False,True,True,True,True,NULL
"1108398765",True,False,NULL,NULL,NULL,NULL,NULL,NULL,NULL,NULL,True,NULL,NULL,NULL,NULL,NULL,False,False,False,False,False,True,True,True,True,NULL
"656138467",True,False,NULL,NULL,NULL,NULL,NULL,NULL,NULL,NULL,True,NULL,NULL,NULL,NULL,NULL,False,False,False,False,False,True,True,True,True,NULL
"6050829716",True,False,NULL,NULL,NULL,NULL,NULL,NULL,NULL,NULL,True,NULL,NULL,NULL,NULL,NULL,False,False,False,False,False,True,True,True,True,NULL
"6857760939",True,False,NULL,NULL,NULL,NULL,NULL,NULL,NULL,NULL,True,NULL,NULL,NULL,NULL,NULL,False,False,False,False,False,True,True,True,True,NULL
"797847663",True,False,NULL,NULL,NULL,NULL,NULL,NULL,NULL,NULL,True,NULL,NULL,NULL,NULL,NULL,False,False,False,False,False,True,True,True,True,NULL
"6422496097",True,False,NULL,NULL,NULL,NULL,NULL,NULL,NULL,NULL,True,NULL,NULL,NULL,NULL,NULL,False,False,False,False,False,True,True,True,True,NULL
"7182325256",True,False,NULL,NULL,NULL,NULL,NULL,NULL,NULL,NULL,True,NULL,NULL,NULL,NULL,NULL,False,False,False,False,False,True,True,True,True,NULL
"491010256",True,False,NULL,NULL,NULL,NULL,NULL,NULL,NULL,NULL,True,NULL,NULL,NULL,NULL,NULL,False,False,False,False,False,True,True,True,True,NULL
"1258617301",True,False,NULL,NULL,NULL,NULL,NULL,NULL,NULL,NULL,True,NULL,NULL,NULL,NULL,NULL,False,False,False,False,False,True,True,True,True,NULL
"5279264191",True,False,NULL,NULL,NULL,NULL,NULL,NULL,NULL,NULL,True,NULL,NULL,NULL,NULL,NULL,False,False,False,False,False,True,True,True,True,NULL
"7052226379",True,False,NULL,NULL,NULL,NULL,NULL,NULL,NULL,NULL,True,NULL,NULL,NULL,NULL,NULL,False,False,False,False,False,True,True,True,True,NULL
"2118389940",True,False,NULL,NULL,NULL,NULL,NULL,NULL,NULL,NULL,True,NULL,NULL,NULL,NULL,NULL,False,False,False,False,False,True,True,True,True,NULL
"1391231134",True,False,NULL,NULL,NULL,NULL,NULL,NULL,NULL,NULL,True,NULL,NULL,NULL,NULL,NULL,False,False,False,False,False,True,True,True,True,NULL
"555985497",True,False,NULL,NULL,NULL,NULL,NULL,NULL,NULL,NULL,True,NULL,NULL,NULL,NULL,NULL,False,False,False,False,False,True,True,True,True,NULL
"975677472",True,False,NULL,NULL,NULL,NULL,NULL,NULL,NULL,NULL,True,NULL,NULL,NULL,NULL,NULL,False,False,False,False,False,True,True,True,True,NULL
"449111634",True,False,NULL,NULL,NULL,NULL,NULL,NULL,NULL,NULL,True,NULL,NULL,NULL,NULL,NULL,False,False,False,False,False,True,True,True,True,NULL
"5513908497",True,False,NULL,NULL,NULL,NULL,NULL,NULL,NULL,NULL,True,NULL,NULL,NULL,NULL,NULL,False,False,False,False,False,True,True,True,True,NULL
"6061957736",True,False,NULL,NULL,NULL,NULL,NULL,NULL,NULL,NULL,True,NULL,NULL,NULL,NULL,NULL,False,False,False,False,False,True,True,True,True,NULL
"8181214137",True,False,NULL,NULL,NULL,NULL,NULL,NULL,NULL,NULL,True,NULL,NULL,NULL,NULL,NULL,False,False,False,False,False,True,True,True,True,NULL
"372876269",True,False,NULL,NULL,NULL,NULL,NULL,NULL,NULL,NULL,True,NULL,NULL,NULL,NULL,NULL,False,False,False,False,False,True,True,True,True,NULL
"1550786265",True,False,NULL,NULL,NULL,NULL,NULL,NULL,NULL,NULL,True,NULL,NULL,NULL,NULL,NULL,False,False,False,False,False,True,True,True,True,NULL
"1006248033",True,False,NULL,NULL,NULL,NULL,NULL,NULL,NULL,NULL,True,NULL,NULL,NULL,NULL,NULL,False,False,False,False,False,True,True,True,True,NULL
"667825992",True,False,NULL,NULL,NULL,NULL,NULL,NULL,NULL,NULL,True,NULL,NULL,NULL,NULL,NULL,False,False,False,False,False,True,True,True,True,NULL
"737449626",True,False,NULL,NULL,NULL,NULL,NULL,NULL,NULL,NULL,True,NULL,NULL,NULL,NULL,NULL,False,False,False,False,False,True,True,True,True,NULL
"1046540384",True,False,NULL,NULL,NULL,NULL,NULL,NULL,NULL,NULL,True,NULL,NULL,NULL,NULL,NULL,False,False,False,False,False,True,True,True,True,NULL
"6915515979",True,False,NULL,NULL,NULL,NULL,NULL,NULL,NULL,NULL,True,NULL,NULL,NULL,NULL,NULL,False,False,False,False,False,True,True,True,True,NULL
"1028695494",True,False,NULL,NULL,NULL,NULL,NULL,NULL,NULL,NULL,True,NULL,NULL,NULL,NULL,NULL,False,False,False,False,False,True,True,True,True,NULL
"6453417512",True,False,NULL,NULL,NULL,NULL,NULL,NULL,NULL,NULL,True,NULL,NULL,NULL,NULL,NULL,False,False,False,False,False,True,True,True,True,NULL
"6625148502",True,False,NULL,NULL,NULL,NULL,NULL,NULL,NULL,NULL,True,NULL,NULL,NULL,NULL,NULL,False,False,False,False,False,True,True,True,True,NULL
"1710656154",True,False,NULL,NULL,NULL,NULL,NULL,NULL,NULL,NULL,True,NULL,NULL,NULL,NULL,NULL,False,False,False,False,False,True,True,True,True,NULL
"6155445620",True,False,NULL,NULL,NULL,NULL,NULL,NULL,NULL,NULL,True,NULL,NULL,NULL,NULL,NULL,False,False,False,False,False,True,True,True,True,NULL
"6540283531",True,False,NULL,NULL,NULL,NULL,NULL,NULL,NULL,NULL,True,NULL,NULL,NULL,NULL,NULL,False,False,False,False,False,True,True,True,True,NULL
"6026614235",True,False,NULL,NULL,NULL,NULL,NULL,NULL,NULL,NULL,True,NULL,NULL,NULL,NULL,NULL,False,False,False,False,False,True,True,True,True,NULL
"5695869643",True,False,NULL,NULL,NULL,NULL,NULL,NULL,NULL,NULL,True,NULL,NULL,NULL,NULL,NULL,False,False,False,False,False,True,True,True,True,NULL
"1298762938",True,False,NULL,NULL,NULL,NULL,NULL,NULL,NULL,NULL,True,NULL,NULL,NULL,NULL,NULL,False,False,False,False,False,True,True,True,True,NULL
"7453612566",True,False,NULL,NULL,NULL,NULL,NULL,NULL,NULL,NULL,True,NULL,NULL,NULL,NULL,NULL,False,False,False,False,False,True,True,True,True,NULL
"5502593671",True,False,NULL,NULL,NULL,NULL,NULL,NULL,NULL,NULL,True,NULL,NULL,NULL,NULL,NULL,False,False,False,False,False,True,True,True,True,NULL
"923391790",True,False,NULL,NULL,NULL,NULL,NULL,NULL,NULL,NULL,True,NULL,NULL,NULL,NULL,NULL,False,False,False,False,False,True,True,True,True,NULL
"1981302048",True,False,NULL,NULL,NULL,NULL,NULL,NULL,NULL,NULL,True,NULL,NULL,NULL,NULL,NULL,False,False,False,False,False,True,True,True,True,NULL
"405461398",True,False,NULL,NULL,NULL,NULL,NULL,NULL,NULL,NULL,True,NULL,NULL,NULL,NULL,NULL,False,False,False,False,False,True,True,True,True,NULL
"6894790576",True,False,NULL,NULL,NULL,NULL,NULL,NULL,NULL,NULL,True,NULL,NULL,NULL,NULL,NULL,False,False,False,False,False,True,True,True,True,NULL
"912217922",True,False,NULL,NULL,NULL,NULL,NULL,NULL,NULL,NULL,True,NULL,NULL,NULL,NULL,NULL,False,False,False,False,False,True,True,True,True,NULL
"1639506071",True,False,NULL,NULL,NULL,NULL,NULL,NULL,NULL,NULL,True,NULL,NULL,NULL,NULL,NULL,False,False,False,False,False,True,True,True,True,NULL
"6186036844",True,False,NULL,NULL,NULL,NULL,NULL,NULL,NULL,NULL,True,NULL,NULL,NULL,NULL,NULL,False,False,False,False,False,True,True,True,True,NULL
"7464292837",True,False,NULL,NULL,NULL,NULL,NULL,NULL,NULL,NULL,True,NULL,NULL,NULL,NULL,NULL,False,False,False,False,False,True,True,True,True,NULL
"6873994819",True,False,NULL,NULL,NULL,NULL,NULL,NULL,NULL,NULL,True,NULL,NULL,NULL,NULL,NULL,False,False,False,False,False,True,True,True,True,NULL
"8054428677",True,False,NULL,NULL,NULL,NULL,NULL,NULL,NULL,NULL,True,NULL,NULL,NULL,NULL,NULL,False,False,False,False,False,True,True,True,True,"UY9TDx0ySDU"
"339005067",True,False,NULL,NULL,NULL,NULL,NULL,NULL,NULL,NULL,True,NULL,NULL,NULL,NULL,NULL,False,False,False,False,False,True,True,True,True,NULL
"7163106865",True,False,NULL,NULL,NULL,NULL,NULL,NULL,NULL,NULL,True,NULL,NULL,NULL,NULL,NULL,False,False,False,False,False,True,True,True,True,NULL
"7689686104",True,False,NULL,NULL,NULL,NULL,NULL,NULL,NULL,NULL,True,NULL,NULL,NULL,NULL,NULL,False,False,False,False,False,True,True,True,True,NULL
"1861007702",True,False,NULL,NULL,NULL,NULL,NULL,NULL,NULL,NULL,True,NULL,NULL,NULL,NULL,NULL,False,False,False,False,False,True,True,True,True,NULL
"1043579215",True,False,NULL,NULL,NULL,NULL,NULL,NULL,NULL,NULL,True,NULL,NULL,NULL,NULL,NULL,False,False,False,False,False,True,True,True,True,NULL
"5764930908",True,False,NULL,NULL,NULL,NULL,NULL,NULL,NULL,NULL,True,NULL,NULL,NULL,NULL,NULL,False,False,False,False,False,True,True,True,True,NULL
"1512665534",True,False,NULL,NULL,NULL,NULL,NULL,NULL,NULL,NULL,True,NULL,NULL,NULL,NULL,NULL,False,False,False,False,False,True,True,True,True,NULL
"821229434",True,False,NULL,NULL,NULL,NULL,NULL,NULL,NULL,NULL,True,NULL,NULL,NULL,NULL,NULL,False,False,False,False,False,True,True,True,True,NULL
"6069080788",True,False,NULL,NULL,NULL,NULL,NULL,NULL,NULL,NULL,True,NULL,NULL,NULL,NULL,NULL,False,False,False,False,False,True,True,True,True,NULL
"1620251544",True,False,NULL,NULL,NULL,NULL,NULL,NULL,NULL,NULL,True,NULL,NULL,NULL,NULL,NULL,False,False,False,False,False,True,True,True,True,NULL
"6827234748",True,False,NULL,NULL,NULL,NULL,NULL,NULL,NULL,NULL,True,NULL,NULL,NULL,NULL,NULL,False,False,False,False,False,True,True,True,True,NULL
"999086586",True,False,NULL,NULL,NULL,NULL,NULL,NULL,NULL,NULL,True,NULL,NULL,NULL,NULL,NULL,False,False,False,False,False,True,True,True,True,NULL
"7477066526",True,False,NULL,NULL,NULL,NULL,NULL,NULL,NULL,NULL,True,NULL,NULL,NULL,NULL,NULL,False,False,False,False,False,True,True,True,True,NULL
"1209966748",True,False,NULL,NULL,NULL,NULL,NULL,NULL,NULL,NULL,True,NULL,NULL,NULL,NULL,NULL,False,False,False,False,False,True,True,True,True,NULL
"471650038",True,False,NULL,NULL,NULL,NULL,NULL,NULL,NULL,NULL,True,NULL,NULL,NULL,NULL,NULL,False,False,False,False,False,True,True,True,True,NULL
"6939291759",True,False,NULL,NULL,NULL,NULL,NULL,NULL,NULL,NULL,True,NULL,NULL,NULL,NULL,NULL,False,False,False,False,False,True,True,True,True,NULL
"475186665",True,False,NULL,NULL,NULL,NULL,NULL,NULL,NULL,NULL,True,NULL,NULL,NULL,NULL,NULL,False,False,False,False,False,True,True,True,True,NULL
"6344816904",True,False,NULL,NULL,NULL,NULL,NULL,NULL,NULL,NULL,True,NULL,NULL,NULL,NULL,NULL,False,False,False,False,False,True,True,True,True,NULL
"5396646037",True,False,NULL,NULL,NULL,NULL,NULL,NULL,NULL,NULL,True,NULL,NULL,NULL,NULL,NULL,False,False,False,False,False,True,True,True,True,"UZ4rJjXHuuo"
"7278388292",True,False,NULL,NULL,NULL,NULL,NULL,NULL,NULL,NULL,True,NULL,NULL,NULL,NULL,NULL,False,False,False,False,False,True,True,True,True,NULL
"8481704883",True,False,NULL,NULL,"Thrust",0,"2025-10-06 17:59:55.259254+00","👨",NULL,NULL,True,NULL,NULL,NULL,NULL,NULL,False,False,False,False,False,True,True,True,True,NULL
"867843877",True,False,NULL,NULL,NULL,NULL,NULL,NULL,NULL,NULL,True,NULL,NULL,NULL,NULL,NULL,False,False,False,False,False,True,True,True,True,NULL
"7998380451",True,False,NULL,NULL,NULL,NULL,NULL,NULL,NULL,NULL,True,NULL,NULL,NULL,NULL,NULL,False,False,False,False,False,True,True,True,True,NULL
"2065816806",True,False,NULL,NULL,NULL,NULL,NULL,NULL,NULL,NULL,True,NULL,NULL,NULL,NULL,NULL,False,False,False,False,False,True,True,True,True,NULL
"1314915920",True,False,NULL,NULL,NULL,NULL,NULL,NULL,NULL,NULL,True,NULL,NULL,NULL,NULL,NULL,False,False,False,False,False,True,True,True,True,NULL
"5010045432",True,False,NULL,NULL,NULL,NULL,NULL,NULL,NULL,NULL,True,NULL,NULL,NULL,NULL,NULL,False,False,False,False,False,True,True,True,True,NULL
"5407077306",True,False,NULL,NULL,NULL,NULL,NULL,NULL,NULL,NULL,True,NULL,NULL,NULL,NULL,NULL,False,False,False,False,False,True,True,True,True,NULL
"1634679186",True,False,NULL,NULL,NULL,NULL,NULL,NULL,NULL,NULL,True,NULL,NULL,NULL,NULL,NULL,False,False,False,False,False,True,True,True,True,NULL
"947799113",True,False,NULL,NULL,NULL,NULL,NULL,NULL,NULL,NULL,True,NULL,NULL,NULL,NULL,NULL,False,False,False,False,False,True,True,True,True,NULL
"5680555522",True,False,NULL,NULL,NULL,NULL,NULL,NULL,NULL,NULL,True,NULL,NULL,NULL,NULL,NULL,False,False,False,False,False,True,True,True,True,NULL
"537238636",True,False,NULL,NULL,NULL,NULL,NULL,NULL,NULL,NULL,True,NULL,NULL,NULL,NULL,NULL,False,False,False,False,False,True,True,True,True,NULL
"7571907552",True,False,NULL,NULL,NULL,NULL,NULL,NULL,NULL,NULL,True,NULL,NULL,NULL,NULL,NULL,False,False,False,False,False,True,True,True,True,NULL
"1679837263",True,False,NULL,NULL,NULL,NULL,NULL,NULL,NULL,NULL,True,NULL,NULL,NULL,NULL,NULL,False,False,False,False,False,True,True,True,True,NULL
"1073897353",True,False,NULL,NULL,NULL,NULL,NULL,NULL,NULL,NULL,True,NULL,NULL,NULL,NULL,NULL,False,False,False,False,False,True,True,True,True,NULL
"7610407718",True,False,NULL,NULL,NULL,NULL,NULL,NULL,NULL,NULL,True,NULL,NULL,NULL,NULL,NULL,False,False,False,False,False,True,True,True,True,NULL
"6378873471",True,False,NULL,NULL,NULL,NULL,NULL,NULL,NULL,NULL,True,NULL,NULL,NULL,NULL,NULL,False,False,False,False,False,True,True,True,True,NULL
"5605787269",True,False,NULL,NULL,NULL,NULL,NULL,NULL,NULL,NULL,True,NULL,NULL,NULL,NULL,NULL,False,False,False,False,False,True,True,True,True,NULL
"5411349653",True,False,NULL,NULL,NULL,NULL,NULL,NULL,NULL,NULL,True,NULL,NULL,NULL,NULL,NULL,False,False,False,False,False,True,True,True,True,NULL
"6454701447",True,False,NULL,NULL,NULL,NULL,NULL,NULL,NULL,NULL,True,NULL,NULL,NULL,NULL,NULL,False,False,False,False,False,True,True,True,True,NULL
"1228285408",True,False,NULL,NULL,NULL,NULL,NULL,NULL,NULL,NULL,True,NULL,NULL,NULL,NULL,NULL,False,False,False,False,False,True,True,True,True,NULL
"853734993",True,False,NULL,NULL,NULL,NULL,NULL,NULL,NULL,NULL,True,NULL,NULL,NULL,NULL,NULL,False,False,False,False,False,True,True,True,True,NULL
"7598638856",True,False,NULL,NULL,NULL,NULL,NULL,NULL,NULL,NULL,True,NULL,NULL,NULL,NULL,NULL,False,False,False,False,False,True,True,True,True,NULL
"591802212",True,False,NULL,NULL,NULL,NULL,NULL,NULL,NULL,NULL,True,NULL,NULL,NULL,NULL,NULL,False,False,False,False,False,True,True,True,True,NULL
"928192957",True,False,NULL,NULL,NULL,NULL,NULL,NULL,NULL,NULL,True,NULL,NULL,NULL,NULL,NULL,False,False,False,False,False,True,True,True,True,NULL
"5038281970",True,False,NULL,NULL,NULL,NULL,NULL,NULL,NULL,NULL,True,NULL,NULL,NULL,NULL,NULL,False,False,False,False,False,True,True,True,True,NULL
"936565480",True,False,NULL,NULL,NULL,NULL,NULL,NULL,NULL,NULL,True,NULL,NULL,NULL,NULL,NULL,False,False,False,False,False,True,True,True,True,NULL
"648515808",True,False,NULL,NULL,NULL,NULL,NULL,NULL,NULL,NULL,True,NULL,NULL,NULL,NULL,NULL,False,False,False,False,False,True,True,True,True,NULL
"300105681",True,False,NULL,NULL,NULL,NULL,NULL,NULL,NULL,NULL,True,NULL,NULL,NULL,NULL,NULL,False,False,False,False,False,True,True,True,True,NULL
"441781662",True,False,NULL,NULL,NULL,NULL,NULL,NULL,NULL,NULL,True,NULL,NULL,NULL,NULL,NULL,False,False,False,False,False,True,True,True,True,"il3HO_XdEk8"
"1631030899",True,False,NULL,NULL,NULL,NULL,NULL,NULL,NULL,NULL,True,NULL,NULL,NULL,NULL,NULL,False,False,False,False,False,True,True,True,True,NULL
"1233599146",True,False,NULL,NULL,NULL,NULL,NULL,NULL,NULL,NULL,True,NULL,NULL,NULL,NULL,NULL,False,False,False,False,False,True,True,True,True,NULL
"2075343981",True,False,NULL,NULL,NULL,NULL,NULL,NULL,NULL,NULL,True,NULL,NULL,NULL,NULL,NULL,False,False,False,False,False,True,True,True,True,NULL
"7100039508",True,False,NULL,NULL,NULL,NULL,NULL,NULL,NULL,NULL,True,NULL,NULL,NULL,NULL,NULL,False,False,False,False,False,True,True,True,True,NULL
"8158209729",True,False,NULL,NULL,NULL,NULL,NULL,NULL,NULL,NULL,True,NULL,NULL,NULL,NULL,NULL,False,False,False,False,False,True,True,True,True,NULL
"5162142902",True,False,NULL,NULL,NULL,NULL,NULL,NULL,NULL,NULL,True,NULL,NULL,NULL,NULL,NULL,False,False,False,False,False,True,True,True,True,NULL
"1667785061",True,False,NULL,NULL,NULL,NULL,NULL,NULL,NULL,NULL,True,NULL,NULL,NULL,NULL,NULL,False,False,False,False,False,True,True,True,True,NULL
"6163366338",True,False,NULL,NULL,NULL,NULL,NULL,NULL,NULL,NULL,True,NULL,NULL,NULL,NULL,NULL,False,False,False,False,False,True,True,True,True,NULL
"8032801413",True,False,NULL,NULL,NULL,NULL,NULL,NULL,NULL,NULL,True,NULL,NULL,NULL,NULL,NULL,False,False,False,False,False,True,True,True,True,NULL
"1660367424",True,False,NULL,NULL,NULL,NULL,NULL,NULL,NULL,NULL,True,NULL,NULL,NULL,NULL,NULL,False,False,False,False,False,True,True,True,True,NULL
"423953987",True,False,NULL,NULL,NULL,NULL,NULL,NULL,NULL,NULL,True,NULL,NULL,NULL,NULL,NULL,False,False,False,False,False,True,True,True,True,NULL
"664899910",True,False,NULL,NULL,NULL,NULL,NULL,NULL,NULL,NULL,True,NULL,NULL,NULL,NULL,NULL,False,False,False,False,False,True,True,True,True,NULL
"983421595",True,False,NULL,NULL,NULL,NULL,NULL,NULL,NULL,NULL,True,NULL,NULL,NULL,NULL,NULL,False,False,False,False,False,True,True,True,True,NULL
"7796349144",True,False,NULL,NULL,NULL,NULL,NULL,NULL,NULL,NULL,True,NULL,NULL,NULL,NULL,NULL,False,False,False,False,False,True,True,True,True,NULL
"5778811385",True,False,NULL,NULL,NULL,NULL,NULL,NULL,NULL,NULL,True,NULL,NULL,NULL,NULL,NULL,False,False,False,False,False,True,True,True,True,NULL
"5207188386",True,False,NULL,NULL,NULL,NULL,NULL,NULL,NULL,NULL,True,NULL,NULL,NULL,NULL,NULL,False,False,False,False,False,True,True,True,True,NULL
"7518194719",True,False,NULL,NULL,NULL,NULL,NULL,NULL,NULL,NULL,True,NULL,NULL,NULL,NULL,NULL,False,False,False,False,False,True,True,True,True,NULL
"780591800",True,False,NULL,NULL,NULL,NULL,NULL,NULL,NULL,NULL,True,NULL,NULL,NULL,NULL,NULL,False,False,False,False,False,True,True,True,True,"Eoqsct0_9kA"
"5065940875",True,False,NULL,NULL,NULL,NULL,NULL,NULL,NULL,NULL,True,NULL,NULL,NULL,NULL,NULL,False,False,False,False,False,True,True,True,True,NULL
"8079347259",True,False,NULL,NULL,NULL,NULL,NULL,NULL,NULL,NULL,True,NULL,NULL,NULL,NULL,NULL,False,False,False,False,False,True,True,True,True,NULL
"5756352968",True,False,NULL,NULL,NULL,NULL,NULL,NULL,NULL,NULL,True,NULL,NULL,NULL,NULL,NULL,False,False,False,False,False,True,True,True,True,"Gchxf-ELtLY"
"6530970824",True,False,NULL,NULL,NULL,NULL,NULL,NULL,NULL,NULL,True,NULL,NULL,NULL,NULL,NULL,False,False,False,False,False,True,True,True,True,"AlbDouvEf24"
"6966504493",True,False,NULL,NULL,NULL,NULL,NULL,NULL,NULL,NULL,True,NULL,NULL,NULL,NULL,NULL,False,False,False,False,False,True,True,True,True,NULL
"6613122484",True,False,NULL,NULL,NULL,NULL,NULL,NULL,NULL,NULL,True,NULL,NULL,NULL,NULL,NULL,False,False,False,False,False,True,True,True,True,NULL
"383767497",True,False,NULL,NULL,NULL,NULL,NULL,NULL,NULL,NULL,True,NULL,NULL,NULL,NULL,NULL,False,False,False,False,False,True,True,True,True,NULL
"1671118349",True,False,NULL,NULL,NULL,NULL,NULL,NULL,NULL,NULL,True,NULL,NULL,NULL,NULL,NULL,False,False,False,False,False,True,True,True,True,NULL
"968011022",True,False,NULL,NULL,NULL,NULL,NULL,NULL,NULL,NULL,True,NULL,NULL,NULL,NULL,NULL,False,False,False,False,False,True,True,True,True,NULL
"1309301462",True,False,NULL,NULL,NULL,NULL,NULL,NULL,NULL,NULL,True,NULL,NULL,NULL,NULL,NULL,False,False,False,False,False,True,True,True,True,NULL
"832914149",True,False,NULL,NULL,NULL,NULL,NULL,NULL,NULL,NULL,True,NULL,NULL,NULL,NULL,NULL,False,False,False,False,False,True,True,True,True,NULL
"816709224",True,False,NULL,NULL,NULL,NULL,NULL,NULL,NULL,NULL,True,NULL,NULL,NULL,NULL,NULL,False,False,False,False,False,True,True,True,True,NULL
"1547014024",True,False,NULL,NULL,NULL,NULL,NULL,NULL,NULL,NULL,True,NULL,NULL,NULL,NULL,NULL,False,False,False,False,False,True,True,True,True,NULL
"6718298086",True,False,NULL,NULL,NULL,NULL,NULL,NULL,NULL,NULL,True,NULL,NULL,NULL,NULL,NULL,False,False,False,False,False,True,True,True,True,NULL
"509961370",True,False,NULL,NULL,NULL,NULL,NULL,NULL,NULL,NULL,True,NULL,NULL,NULL,NULL,NULL,False,False,False,False,False,True,True,True,True,NULL
"5627065169",True,False,NULL,NULL,NULL,NULL,NULL,NULL,NULL,NULL,True,NULL,NULL,NULL,NULL,NULL,False,False,False,False,False,True,True,True,True,NULL
"1713923913",True,False,NULL,NULL,NULL,10,NULL,NULL,NULL,NULL,True,NULL,NULL,NULL,NULL,NULL,False,False,False,False,False,True,True,True,True,NULL
"5799933418",True,False,NULL,NULL,"Confession owner",NULL,"2025-10-10 16:07:43.95196+00","👤",NULL,"No",True,NULL,NULL,NULL,NULL,NULL,False,False,False,False,False,True,True,True,True,NULL
"1275082033",True,False,NULL,NULL,NULL,NULL,NULL,NULL,NULL,NULL,True,NULL,NULL,NULL,NULL,NULL,False,False,False,False,False,True,True,True,True,"7W8mZBoG6F0"
"5805886330",True,False,NULL,NULL,"Bruh",NULL,"2025-10-02 18:45:24.05854+00","😎",NULL,NULL,True,NULL,NULL,NULL,NULL,NULL,False,False,False,False,False,True,True,True,True,NULL
"5519579897",True,False,NULL,NULL,"Pearl",NULL,"2025-10-12 18:01:07.193136+00",NULL,NULL,NULL,True,NULL,NULL,NULL,NULL,NULL,False,False,False,False,False,True,True,True,True,NULL
"6082115200",True,False,NULL,NULL,"Setiyo",NULL,"2025-10-08 09:52:46.817703+00","😎",NULL,NULL,True,NULL,NULL,NULL,NULL,NULL,False,False,False,False,False,True,True,True,True,NULL
"1226051366",True,False,NULL,NULL,NULL,NULL,NULL,NULL,NULL,NULL,True,NULL,NULL,NULL,NULL,NULL,False,False,False,False,False,True,True,True,True,"R14B_tEo0_w"
"5528984876",True,False,NULL,NULL,NULL,NULL,NULL,NULL,NULL,NULL,True,NULL,NULL,NULL,NULL,NULL,False,False,False,False,False,True,True,True,True,NULL
"1475846636",True,False,NULL,NULL,NULL,NULL,NULL,NULL,NULL,NULL,True,NULL,NULL,NULL,NULL,NULL,False,False,False,False,False,True,True,True,True,NULL
"7302852102",True,False,NULL,NULL,NULL,NULL,NULL,NULL,NULL,NULL,True,NULL,NULL,NULL,NULL,NULL,False,False,False,False,False,True,True,True,True,NULL
"6021598691",True,False,NULL,NULL,NULL,NULL,NULL,NULL,NULL,NULL,True,NULL,NULL,NULL,NULL,NULL,False,False,False,False,False,True,True,True,True,NULL
"2139134201",True,False,NULL,NULL,NULL,NULL,NULL,NULL,NULL,NULL,True,NULL,NULL,NULL,NULL,NULL,False,False,False,False,False,True,True,True,True,NULL
"5254274994",True,False,NULL,NULL,NULL,NULL,NULL,NULL,NULL,NULL,True,NULL,NULL,NULL,NULL,NULL,False,False,False,False,False,True,True,True,True,NULL
"7646748563",True,False,NULL,NULL,NULL,NULL,NULL,NULL,NULL,NULL,True,NULL,NULL,NULL,NULL,NULL,False,False,False,False,False,True,True,True,True,NULL
"2126485776",True,False,NULL,NULL,NULL,NULL,NULL,NULL,NULL,NULL,True,NULL,NULL,NULL,NULL,NULL,False,False,False,False,False,True,True,True,True,NULL
"5529883789",True,False,NULL,NULL,NULL,NULL,NULL,NULL,NULL,NULL,True,NULL,NULL,NULL,NULL,NULL,False,False,False,False,False,True,True,True,True,NULL
"1831173158",True,False,NULL,NULL,NULL,NULL,NULL,NULL,NULL,NULL,True,NULL,NULL,NULL,NULL,NULL,False,False,False,False,False,True,True,True,True,NULL
"1471018873",True,False,NULL,NULL,NULL,NULL,NULL,NULL,NULL,NULL,True,NULL,NULL,NULL,NULL,NULL,False,False,False,False,False,True,True,True,True,NULL
"5636942581",True,False,NULL,NULL,NULL,NULL,NULL,NULL,NULL,NULL,True,NULL,NULL,NULL,NULL,NULL,False,False,False,False,False,True,True,True,True,NULL
"7723935933",True,False,NULL,NULL,NULL,NULL,NULL,NULL,NULL,NULL,True,NULL,NULL,NULL,NULL,NULL,False,False,False,False,False,True,True,True,True,NULL
"5971935416",True,False,NULL,NULL,NULL,NULL,NULL,NULL,NULL,NULL,True,NULL,NULL,NULL,NULL,NULL,False,False,False,False,False,True,True,True,True,NULL
"826255765",True,False,NULL,NULL,NULL,NULL,NULL,NULL,NULL,NULL,True,NULL,NULL,NULL,NULL,NULL,False,False,False,False,False,True,True,True,True,NULL
"1519916330",True,False,NULL,NULL,NULL,NULL,NULL,NULL,NULL,NULL,True,NULL,NULL,NULL,NULL,NULL,False,False,False,False,False,True,True,True,True,NULL
"964513050",True,False,NULL,NULL,NULL,NULL,NULL,NULL,NULL,NULL,True,NULL,NULL,NULL,NULL,NULL,False,False,False,False,False,True,True,True,True,NULL
"7140061117",True,False,NULL,NULL,NULL,NULL,NULL,NULL,NULL,NULL,True,NULL,NULL,NULL,NULL,NULL,False,False,False,False,False,True,True,True,True,NULL
"1040430664",True,False,NULL,NULL,NULL,NULL,NULL,NULL,NULL,NULL,True,NULL,NULL,NULL,NULL,NULL,False,False,False,False,False,True,True,True,True,NULL
"1065502690",True,False,NULL,NULL,NULL,NULL,NULL,NULL,NULL,NULL,True,NULL,NULL,NULL,NULL,NULL,False,False,False,False,False,True,True,True,True,NULL
"7404196178",True,False,NULL,NULL,NULL,NULL,NULL,NULL,NULL,NULL,True,NULL,NULL,NULL,NULL,NULL,False,False,False,False,False,True,True,True,True,NULL
"6247220307",True,False,NULL,NULL,NULL,NULL,NULL,NULL,NULL,NULL,True,NULL,NULL,NULL,NULL,NULL,False,False,False,False,False,True,True,True,True,NULL
"1607179786",True,False,NULL,NULL,NULL,NULL,NULL,NULL,NULL,NULL,True,NULL,NULL,NULL,NULL,NULL,False,False,False,False,False,True,True,True,True,NULL
"1265797474",True,False,NULL,NULL,NULL,NULL,NULL,NULL,NULL,NULL,True,NULL,NULL,NULL,NULL,NULL,False,False,False,False,False,True,True,True,True,NULL
"1326646504",True,False,NULL,NULL,NULL,NULL,NULL,NULL,NULL,NULL,True,NULL,NULL,NULL,NULL,NULL,False,False,False,False,False,True,True,True,True,NULL
"2144941633",True,False,NULL,NULL,NULL,NULL,NULL,NULL,NULL,NULL,True,NULL,NULL,NULL,NULL,NULL,False,False,False,False,False,True,True,True,True,NULL
"1624399628",True,False,NULL,NULL,NULL,NULL,NULL,NULL,NULL,NULL,True,NULL,NULL,NULL,NULL,NULL,False,False,False,False,False,True,True,True,True,NULL
"5789184034",True,False,NULL,NULL,NULL,NULL,NULL,NULL,NULL,NULL,True,NULL,NULL,NULL,NULL,NULL,False,False,False,False,False,True,True,True,True,NULL
"5978934541",True,False,NULL,NULL,NULL,NULL,NULL,NULL,NULL,NULL,True,NULL,NULL,NULL,NULL,NULL,False,False,False,False,False,True,True,True,True,NULL
"1283686679",True,False,NULL,NULL,NULL,NULL,NULL,NULL,NULL,NULL,True,NULL,NULL,NULL,NULL,NULL,False,False,False,False,False,True,True,True,True,NULL
"5321218955",True,False,NULL,NULL,NULL,NULL,NULL,NULL,NULL,NULL,True,NULL,NULL,NULL,NULL,NULL,False,False,False,False,False,True,True,True,True,NULL
"2028913785",True,False,NULL,NULL,NULL,NULL,NULL,NULL,NULL,NULL,True,NULL,NULL,NULL,NULL,NULL,False,False,False,False,False,True,True,True,True,NULL
"6380308406",True,False,NULL,NULL,NULL,NULL,NULL,NULL,NULL,NULL,True,NULL,NULL,NULL,NULL,NULL,False,False,False,False,False,True,True,True,True,NULL
"867937425",True,False,NULL,NULL,NULL,NULL,NULL,NULL,NULL,NULL,True,NULL,NULL,NULL,NULL,NULL,False,False,False,False,False,True,True,True,True,NULL
"1183330694",True,False,NULL,NULL,NULL,NULL,NULL,NULL,NULL,NULL,True,NULL,NULL,NULL,NULL,NULL,False,False,False,False,False,True,True,True,True,NULL
"928018080",True,False,NULL,NULL,NULL,NULL,NULL,NULL,NULL,NULL,True,NULL,NULL,NULL,NULL,NULL,False,False,False,False,False,True,True,True,True,NULL
"2055398232",True,False,NULL,NULL,NULL,NULL,NULL,NULL,NULL,NULL,True,NULL,NULL,NULL,NULL,NULL,False,False,False,False,False,True,True,True,True,NULL
"7340025825",True,False,NULL,NULL,NULL,NULL,NULL,NULL,NULL,NULL,True,NULL,NULL,NULL,NULL,NULL,False,False,False,False,False,True,True,True,True,NULL
"6269979770",True,False,NULL,NULL,NULL,NULL,NULL,NULL,NULL,NULL,True,NULL,NULL,NULL,NULL,NULL,False,False,False,False,False,True,True,True,True,NULL
"7432150385",True,False,NULL,NULL,NULL,NULL,NULL,NULL,NULL,NULL,True,NULL,NULL,NULL,NULL,NULL,False,False,False,False,False,True,True,True,True,NULL
"5988019105",True,False,NULL,NULL,NULL,NULL,NULL,NULL,NULL,NULL,True,NULL,NULL,NULL,NULL,NULL,False,False,False,False,False,True,True,True,True,NULL
"1418160168",True,False,NULL,NULL,NULL,NULL,NULL,NULL,NULL,NULL,True,NULL,NULL,NULL,NULL,NULL,False,False,False,False,False,True,True,True,True,NULL
"964896032",True,False,NULL,NULL,NULL,NULL,NULL,NULL,NULL,NULL,True,NULL,NULL,NULL,NULL,NULL,False,False,False,False,False,True,True,True,True,NULL
"801301201",True,False,NULL,NULL,NULL,NULL,NULL,NULL,NULL,NULL,True,NULL,NULL,NULL,NULL,NULL,False,False,False,False,False,True,True,True,True,NULL
"719733089",True,False,NULL,NULL,NULL,NULL,NULL,NULL,NULL,NULL,True,NULL,NULL,NULL,NULL,NULL,False,False,False,False,False,True,True,True,True,NULL
"1670369346",True,False,NULL,NULL,NULL,NULL,NULL,NULL,NULL,NULL,True,NULL,NULL,NULL,NULL,NULL,False,False,False,False,False,True,True,True,True,NULL
"2126351769",True,False,NULL,NULL,NULL,NULL,NULL,NULL,NULL,NULL,True,NULL,NULL,NULL,NULL,NULL,False,False,False,False,False,True,True,True,True,NULL
"791008055",True,False,NULL,NULL,NULL,NULL,NULL,NULL,NULL,NULL,True,NULL,NULL,NULL,NULL,NULL,False,False,False,False,False,True,True,True,True,NULL
"8076664937",True,False,NULL,NULL,NULL,NULL,NULL,NULL,NULL,NULL,True,NULL,NULL,NULL,NULL,NULL,False,False,False,False,False,True,True,True,True,NULL
"6095859767",True,False,NULL,NULL,NULL,NULL,NULL,NULL,NULL,NULL,True,NULL,NULL,NULL,NULL,NULL,False,False,False,False,False,True,True,True,True,NULL
"6143985684",True,False,NULL,NULL,NULL,NULL,NULL,NULL,NULL,NULL,True,NULL,NULL,NULL,NULL,NULL,False,False,False,False,False,True,True,True,True,NULL
"1190974234",True,False,NULL,NULL,NULL,NULL,NULL,NULL,NULL,NULL,True,NULL,NULL,NULL,NULL,NULL,False,False,False,False,False,True,True,True,True,NULL
"7213348270",True,False,NULL,NULL,NULL,NULL,NULL,NULL,NULL,NULL,True,NULL,NULL,NULL,NULL,NULL,False,False,False,False,False,True,True,True,True,NULL
"6476846167",True,False,NULL,NULL,"Light Brown",NULL,"2025-10-24 16:23:29.143948+00",NULL,NULL,NULL,True,NULL,NULL,NULL,NULL,NULL,False,False,False,False,False,True,True,True,True,NULL
"1944889605",True,False,NULL,NULL,NULL,NULL,NULL,NULL,NULL,NULL,True,NULL,NULL,NULL,NULL,NULL,False,False,False,False,False,True,True,True,True,NULL
"1930290064",True,False,NULL,NULL,NULL,NULL,NULL,NULL,NULL,NULL,True,NULL,NULL,NULL,NULL,NULL,False,False,False,False,False,True,True,True,True,NULL
"6474136119",True,False,NULL,NULL,NULL,NULL,NULL,NULL,NULL,NULL,True,NULL,NULL,NULL,NULL,NULL,False,False,False,False,False,True,True,True,True,NULL
"5671125277",True,False,NULL,NULL,NULL,NULL,NULL,NULL,NULL,NULL,True,NULL,NULL,NULL,NULL,NULL,False,False,False,False,False,True,True,True,True,NULL
"7940711980",True,False,NULL,NULL,NULL,NULL,NULL,NULL,NULL,NULL,True,NULL,NULL,NULL,NULL,NULL,False,False,False,False,False,True,True,True,True,NULL
"2002715740",True,False,NULL,NULL,NULL,NULL,NULL,NULL,NULL,NULL,True,NULL,NULL,NULL,NULL,NULL,False,False,False,False,False,True,True,True,True,NULL
"926244947",True,False,NULL,NULL,NULL,NULL,NULL,NULL,NULL,NULL,True,NULL,NULL,NULL,NULL,NULL,False,False,False,False,False,True,True,True,True,NULL
"1162912779",True,False,NULL,NULL,NULL,NULL,NULL,NULL,NULL,NULL,True,NULL,NULL,NULL,NULL,NULL,False,False,False,False,False,True,True,True,True,NULL
"983998472",True,False,NULL,NULL,NULL,NULL,NULL,NULL,NULL,NULL,True,NULL,NULL,NULL,NULL,NULL,False,False,False,False,False,True,True,True,True,NULL
"6554238387",True,False,NULL,NULL,NULL,NULL,NULL,NULL,NULL,NULL,True,NULL,NULL,NULL,NULL,NULL,False,False,False,False,False,True,True,True,True,NULL
"7296436922",True,False,NULL,NULL,NULL,NULL,NULL,NULL,NULL,NULL,True,NULL,NULL,NULL,NULL,NULL,False,False,False,False,False,True,True,True,True,NULL
"727025739",True,False,NULL,NULL,NULL,NULL,NULL,NULL,NULL,NULL,True,NULL,NULL,NULL,NULL,NULL,False,False,False,False,False,True,True,True,True,NULL
"1242153542",True,False,NULL,NULL,NULL,NULL,NULL,NULL,NULL,NULL,True,NULL,NULL,NULL,NULL,NULL,False,False,False,False,False,True,True,True,True,NULL
"1363934678",True,False,NULL,NULL,NULL,NULL,NULL,NULL,NULL,NULL,True,NULL,NULL,NULL,NULL,NULL,False,False,False,False,False,True,True,True,True,NULL
"6992903619",True,False,NULL,NULL,NULL,NULL,NULL,NULL,NULL,NULL,True,NULL,NULL,NULL,NULL,NULL,False,False,False,False,False,True,True,True,True,NULL
"1058966019",True,False,NULL,NULL,NULL,NULL,NULL,NULL,NULL,NULL,True,NULL,NULL,NULL,NULL,NULL,False,False,False,False,False,True,True,True,True,NULL
"7044910412",True,False,NULL,NULL,NULL,NULL,NULL,NULL,NULL,NULL,True,NULL,NULL,NULL,NULL,NULL,False,False,False,False,False,True,True,True,True,NULL
"1113003650",True,False,NULL,NULL,NULL,NULL,NULL,NULL,NULL,NULL,True,NULL,NULL,NULL,NULL,NULL,False,False,False,False,False,True,True,True,True,"KhnHLwYvJZI"
"1815864050",True,False,NULL,NULL,NULL,NULL,NULL,NULL,NULL,NULL,True,NULL,NULL,NULL,NULL,NULL,False,False,False,False,False,True,True,True,True,NULL
"7681628337",True,False,NULL,NULL,NULL,NULL,NULL,NULL,NULL,NULL,True,NULL,NULL,NULL,NULL,NULL,False,False,False,False,False,True,True,True,True,NULL
"5303014204",True,False,NULL,NULL,NULL,NULL,NULL,NULL,NULL,NULL,True,NULL,NULL,NULL,NULL,NULL,False,False,False,False,False,True,True,True,True,NULL
"7779491147",True,False,NULL,NULL,NULL,NULL,NULL,NULL,NULL,NULL,True,NULL,NULL,NULL,NULL,NULL,False,False,False,False,False,True,True,True,True,NULL
"7278845008",True,False,NULL,NULL,NULL,NULL,NULL,NULL,NULL,NULL,True,NULL,NULL,NULL,NULL,NULL,False,False,False,False,False,True,True,True,True,NULL
"5688461570",True,False,NULL,NULL,NULL,NULL,NULL,NULL,NULL,NULL,True,NULL,NULL,NULL,NULL,NULL,False,False,False,False,False,True,True,True,True,NULL
"6748194127",True,False,NULL,NULL,NULL,NULL,NULL,NULL,NULL,NULL,True,NULL,NULL,NULL,NULL,NULL,False,False,False,False,False,True,True,True,True,NULL
"5867150489",True,False,NULL,NULL,NULL,NULL,NULL,NULL,NULL,NULL,True,NULL,NULL,NULL,NULL,NULL,False,False,False,False,False,True,True,True,True,NULL
"1194380322",True,False,NULL,NULL,NULL,NULL,NULL,NULL,NULL,NULL,True,NULL,NULL,NULL,NULL,NULL,False,False,False,False,False,True,True,True,True,NULL
"680607415",True,False,NULL,NULL,NULL,NULL,NULL,NULL,NULL,NULL,True,NULL,NULL,NULL,NULL,NULL,False,False,False,False,False,True,True,True,True,NULL
"5531428896",True,False,NULL,NULL,NULL,NULL,NULL,NULL,NULL,NULL,True,NULL,NULL,NULL,NULL,NULL,False,False,False,False,False,True,True,True,True,NULL
"1929999313",True,False,NULL,NULL,NULL,NULL,NULL,NULL,NULL,NULL,True,NULL,NULL,NULL,NULL,NULL,False,False,False,False,False,True,True,True,True,NULL
"6730609296",True,False,NULL,NULL,NULL,NULL,NULL,NULL,NULL,NULL,True,NULL,NULL,NULL,NULL,NULL,False,False,False,False,False,True,True,True,True,NULL
"1042218112",True,False,NULL,NULL,NULL,NULL,NULL,NULL,NULL,NULL,True,NULL,NULL,NULL,NULL,NULL,False,False,False,False,False,True,True,True,True,NULL
"5164214088",True,False,NULL,NULL,NULL,NULL,NULL,NULL,NULL,NULL,True,NULL,NULL,NULL,NULL,NULL,False,False,False,False,False,True,True,True,True,NULL
"5354128123",True,False,NULL,NULL,NULL,NULL,NULL,NULL,NULL,NULL,True,NULL,NULL,NULL,NULL,NULL,False,False,False,False,False,True,True,True,True,NULL
"7418640332",True,False,NULL,NULL,NULL,NULL,NULL,NULL,NULL,NULL,True,NULL,NULL,NULL,NULL,NULL,False,False,False,False,False,True,True,True,True,NULL
"5700562629",True,False,NULL,NULL,NULL,NULL,NULL,NULL,NULL,NULL,True,NULL,NULL,NULL,NULL,NULL,False,False,False,False,False,True,True,True,True,NULL
"1663314262",True,False,NULL,NULL,NULL,NULL,NULL,NULL,NULL,NULL,True,NULL,NULL,NULL,NULL,NULL,False,False,False,False,False,True,True,True,True,NULL
"488610851",True,False,NULL,NULL,NULL,NULL,NULL,NULL,NULL,NULL,True,NULL,NULL,NULL,NULL,NULL,False,False,False,False,False,True,True,True,True,NULL
"5670359688",True,False,NULL,NULL,NULL,NULL,NULL,NULL,NULL,NULL,True,NULL,NULL,NULL,NULL,NULL,False,False,False,False,False,True,True,True,True,NULL
"5719371095",True,False,NULL,NULL,NULL,NULL,NULL,NULL,NULL,NULL,True,NULL,NULL,NULL,NULL,NULL,False,False,False,False,False,True,True,True,True,NULL
"1426852170",True,False,NULL,NULL,NULL,NULL,NULL,NULL,NULL,NULL,True,NULL,NULL,NULL,NULL,NULL,False,False,False,False,False,True,True,True,True,NULL
"2011652705",True,False,NULL,NULL,NULL,NULL,NULL,NULL,NULL,NULL,True,NULL,NULL,NULL,NULL,NULL,False,False,False,False,False,True,True,True,True,NULL
"881824560",True,False,NULL,NULL,NULL,NULL,NULL,NULL,NULL,NULL,True,NULL,NULL,NULL,NULL,NULL,False,False,False,False,False,True,True,True,True,NULL
"1991009859",True,False,NULL,NULL,NULL,NULL,NULL,NULL,NULL,NULL,True,NULL,NULL,NULL,NULL,NULL,False,False,False,False,False,True,True,True,True,NULL
"5048103071",True,False,NULL,NULL,NULL,NULL,NULL,NULL,NULL,NULL,True,NULL,NULL,NULL,NULL,NULL,False,False,False,False,False,True,True,True,True,NULL
"7200241521",True,False,NULL,NULL,NULL,NULL,NULL,NULL,NULL,NULL,True,NULL,NULL,NULL,NULL,NULL,False,False,False,False,False,True,True,True,True,NULL
"6812729025",True,False,NULL,NULL,NULL,NULL,NULL,NULL,NULL,NULL,True,NULL,NULL,NULL,NULL,NULL,False,False,False,False,False,True,True,True,True,NULL
"1283001516",True,False,NULL,NULL,NULL,NULL,NULL,NULL,NULL,NULL,True,NULL,NULL,NULL,NULL,NULL,False,False,False,False,False,True,True,True,True,NULL
"5295205792",True,False,NULL,NULL,NULL,NULL,NULL,NULL,NULL,NULL,True,NULL,NULL,NULL,NULL,NULL,False,False,False,False,False,True,True,True,True,NULL
"1459064095",True,False,NULL,NULL,NULL,NULL,NULL,NULL,NULL,NULL,True,NULL,NULL,NULL,NULL,NULL,False,False,False,False,False,True,True,True,True,NULL
"1288245661",True,False,NULL,NULL,"Rar Putin",NULL,"2025-10-25 04:39:38.952378+00","🤠",NULL,NULL,True,NULL,NULL,NULL,NULL,NULL,False,False,False,False,False,True,True,True,True,NULL
"2051417267",True,False,NULL,NULL,NULL,NULL,NULL,NULL,NULL,NULL,True,NULL,NULL,NULL,NULL,NULL,False,False,False,False,False,True,True,True,True,NULL
"517458488",True,False,NULL,NULL,NULL,NULL,NULL,NULL,NULL,NULL,True,NULL,NULL,NULL,NULL,NULL,False,False,False,False,False,True,True,True,True,NULL
"6339340596",True,False,NULL,NULL,NULL,NULL,NULL,NULL,NULL,NULL,True,NULL,NULL,NULL,NULL,NULL,False,False,False,False,False,True,True,True,True,NULL
"923161634",True,False,NULL,NULL,NULL,NULL,NULL,NULL,NULL,NULL,True,NULL,NULL,NULL,NULL,NULL,False,False,False,False,False,True,True,True,True,NULL
"5647758015",True,False,NULL,NULL,NULL,NULL,NULL,NULL,NULL,NULL,True,NULL,NULL,NULL,NULL,NULL,False,False,False,False,False,True,True,True,True,NULL
"5971224156",True,False,NULL,NULL,NULL,NULL,NULL,NULL,NULL,NULL,True,NULL,NULL,NULL,NULL,NULL,False,False,False,False,False,True,True,True,True,NULL
"6280246332",True,False,NULL,NULL,NULL,NULL,NULL,NULL,NULL,NULL,True,NULL,NULL,NULL,NULL,NULL,False,False,False,False,False,True,True,True,True,NULL
"5982675094",True,False,NULL,NULL,NULL,NULL,NULL,NULL,NULL,NULL,True,NULL,NULL,NULL,NULL,NULL,False,False,False,False,False,True,True,True,True,NULL
"1280934506",True,False,NULL,NULL,NULL,NULL,NULL,NULL,NULL,NULL,True,NULL,NULL,NULL,NULL,NULL,False,False,False,False,False,True,True,True,True,NULL
"611862670",True,False,NULL,NULL,NULL,NULL,NULL,NULL,NULL,NULL,True,NULL,NULL,NULL,NULL,NULL,False,False,False,False,False,True,True,True,True,NULL
"572193149",True,False,NULL,NULL,NULL,NULL,NULL,NULL,NULL,NULL,True,NULL,NULL,NULL,NULL,NULL,False,False,False,False,False,True,True,True,True,NULL
"6665930777",True,False,NULL,NULL,NULL,NULL,NULL,NULL,NULL,NULL,True,NULL,NULL,NULL,NULL,NULL,False,False,False,False,False,True,True,True,True,NULL
"1601858306",True,False,NULL,NULL,NULL,NULL,NULL,NULL,NULL,NULL,True,NULL,NULL,NULL,NULL,NULL,False,False,False,False,False,True,True,True,True,NULL
"5390140885",True,False,NULL,NULL,NULL,NULL,NULL,NULL,NULL,NULL,True,NULL,NULL,NULL,NULL,NULL,False,False,False,False,False,True,True,True,True,NULL
"996786616",True,False,NULL,NULL,NULL,NULL,NULL,NULL,NULL,NULL,True,NULL,NULL,NULL,NULL,NULL,False,False,False,False,False,True,True,True,True,NULL
"1123284997",True,False,NULL,NULL,NULL,NULL,NULL,NULL,NULL,NULL,True,NULL,NULL,NULL,NULL,NULL,False,False,False,False,False,True,True,True,True,NULL
"1707068989",True,False,NULL,NULL,NULL,NULL,NULL,NULL,NULL,NULL,True,NULL,NULL,NULL,NULL,NULL,False,False,False,False,False,True,True,True,True,NULL
"6757315791",True,False,NULL,NULL,NULL,NULL,NULL,NULL,NULL,NULL,True,NULL,NULL,NULL,NULL,NULL,False,False,False,False,False,True,True,True,True,NULL
"5479324184",True,False,NULL,NULL,NULL,NULL,NULL,NULL,NULL,NULL,True,NULL,NULL,NULL,NULL,NULL,False,False,False,False,False,True,True,True,True,NULL
"1332862788",True,False,NULL,NULL,NULL,NULL,NULL,NULL,NULL,NULL,True,NULL,NULL,NULL,NULL,NULL,False,False,False,False,False,True,True,True,True,NULL
"1869087313",True,False,NULL,NULL,NULL,NULL,NULL,NULL,NULL,NULL,True,NULL,NULL,NULL,NULL,NULL,False,False,False,False,False,True,True,True,True,NULL
"768748151",True,False,NULL,NULL,NULL,NULL,NULL,NULL,NULL,NULL,True,NULL,NULL,NULL,NULL,NULL,False,False,False,False,False,True,True,True,True,NULL
"1498843379",True,False,NULL,NULL,NULL,NULL,NULL,NULL,NULL,NULL,True,NULL,NULL,NULL,NULL,NULL,False,False,False,False,False,True,True,True,True,NULL
"996323524",True,False,NULL,NULL,NULL,NULL,NULL,NULL,NULL,NULL,True,NULL,NULL,NULL,NULL,NULL,False,False,False,False,False,True,True,True,True,NULL
"1266422183",True,False,NULL,NULL,NULL,NULL,NULL,NULL,NULL,NULL,True,NULL,NULL,NULL,NULL,NULL,False,False,False,False,False,True,True,True,True,NULL
"8190015943",True,False,NULL,NULL,NULL,NULL,NULL,NULL,NULL,NULL,True,NULL,NULL,NULL,NULL,NULL,False,False,False,False,False,True,True,True,True,NULL
"1373145006",True,False,NULL,NULL,NULL,NULL,NULL,NULL,NULL,NULL,True,NULL,NULL,NULL,NULL,NULL,False,False,False,False,False,True,True,True,True,NULL
"7175004272",True,False,NULL,NULL,NULL,NULL,NULL,NULL,NULL,NULL,True,NULL,NULL,NULL,NULL,NULL,False,False,False,False,False,True,True,True,True,NULL
"7797402463",True,False,NULL,NULL,NULL,NULL,NULL,NULL,NULL,NULL,True,NULL,NULL,NULL,NULL,NULL,False,False,False,False,False,True,True,True,True,NULL
"6826646898",True,False,NULL,NULL,NULL,NULL,NULL,NULL,NULL,NULL,True,NULL,NULL,NULL,NULL,NULL,False,False,False,False,False,True,True,True,True,NULL
"7887417172",True,False,NULL,NULL,NULL,NULL,NULL,NULL,NULL,NULL,True,NULL,NULL,NULL,NULL,NULL,False,False,False,False,False,True,True,True,True,NULL
"6868418111",True,False,NULL,NULL,NULL,NULL,NULL,NULL,NULL,NULL,True,NULL,NULL,NULL,NULL,NULL,False,False,False,False,False,True,True,True,True,NULL
"1246934161",True,False,NULL,NULL,NULL,NULL,NULL,NULL,NULL,NULL,True,NULL,NULL,NULL,NULL,NULL,False,False,False,False,False,True,True,True,True,NULL
"7059279813",True,False,NULL,NULL,NULL,NULL,NULL,NULL,NULL,NULL,True,NULL,NULL,NULL,NULL,NULL,False,False,False,False,False,True,True,True,True,NULL
"1597703073",True,False,NULL,NULL,NULL,NULL,NULL,NULL,NULL,NULL,True,NULL,NULL,NULL,NULL,NULL,False,False,False,False,False,True,True,True,True,NULL
"1744279527",True,False,NULL,NULL,NULL,NULL,NULL,NULL,NULL,NULL,True,NULL,NULL,NULL,NULL,NULL,False,False,False,False,False,True,True,True,True,NULL
"823986253",True,False,NULL,NULL,NULL,NULL,NULL,NULL,NULL,NULL,True,NULL,NULL,NULL,NULL,NULL,False,False,False,False,False,True,True,True,True,NULL
"1063021361",True,False,NULL,NULL,NULL,NULL,NULL,NULL,NULL,NULL,True,NULL,NULL,NULL,NULL,NULL,False,False,False,False,False,True,True,True,True,NULL
"617306610",True,False,NULL,NULL,NULL,NULL,NULL,NULL,NULL,NULL,True,NULL,NULL,NULL,NULL,NULL,False,False,False,False,False,True,True,True,True,NULL
"5872005695",True,False,NULL,NULL,NULL,NULL,NULL,NULL,NULL,NULL,True,NULL,NULL,NULL,NULL,NULL,False,False,False,False,False,True,True,True,True,NULL
"1366424124",True,False,NULL,NULL,NULL,NULL,NULL,NULL,NULL,NULL,True,NULL,NULL,NULL,NULL,NULL,False,False,False,False,False,True,True,True,True,NULL
"5336828954",True,False,NULL,NULL,NULL,NULL,NULL,NULL,NULL,NULL,True,NULL,NULL,NULL,NULL,NULL,False,False,False,False,False,True,True,True,True,NULL
"7783554112",True,False,NULL,NULL,NULL,NULL,NULL,NULL,NULL,NULL,True,NULL,NULL,NULL,NULL,NULL,False,False,False,False,False,True,True,True,True,NULL
"7898754376",True,False,NULL,NULL,NULL,NULL,NULL,NULL,NULL,NULL,True,NULL,NULL,NULL,NULL,NULL,False,False,False,False,False,True,True,True,True,NULL
"5552979229",True,False,NULL,NULL,NULL,NULL,NULL,NULL,NULL,NULL,True,NULL,NULL,NULL,NULL,NULL,False,False,False,False,False,True,True,True,True,NULL
"1647484771",True,False,NULL,NULL,NULL,NULL,NULL,NULL,NULL,NULL,True,NULL,NULL,NULL,NULL,NULL,False,False,False,False,False,True,True,True,True,NULL
"1240825906",True,False,NULL,NULL,NULL,NULL,NULL,NULL,NULL,NULL,True,NULL,NULL,NULL,NULL,NULL,False,False,False,False,False,True,True,True,True,NULL
"7638249997",True,False,NULL,NULL,NULL,NULL,NULL,NULL,NULL,NULL,True,NULL,NULL,NULL,NULL,NULL,False,False,False,False,False,True,True,True,True,NULL
"901802406",True,False,NULL,NULL,NULL,NULL,NULL,NULL,NULL,NULL,True,NULL,NULL,NULL,NULL,NULL,False,False,False,False,False,True,True,True,True,NULL
"1425908186",True,False,NULL,NULL,NULL,NULL,NULL,NULL,NULL,NULL,True,NULL,NULL,NULL,NULL,NULL,False,False,False,False,False,True,True,True,True,NULL
"1244817387",True,False,NULL,NULL,NULL,NULL,NULL,NULL,NULL,NULL,True,NULL,NULL,NULL,NULL,NULL,False,False,False,False,False,True,True,True,True,NULL
"1255664933",True,False,NULL,NULL,NULL,NULL,NULL,NULL,NULL,NULL,True,NULL,NULL,NULL,NULL,NULL,False,False,False,False,False,True,True,True,True,NULL
"1475735837",True,False,NULL,NULL,NULL,NULL,NULL,NULL,NULL,NULL,True,NULL,NULL,NULL,NULL,NULL,False,False,False,False,False,True,True,True,True,NULL
"876722521",True,False,NULL,NULL,NULL,NULL,NULL,NULL,NULL,NULL,True,NULL,NULL,NULL,NULL,NULL,False,False,False,False,False,True,True,True,True,NULL
"5463555581",True,False,NULL,NULL,NULL,NULL,NULL,NULL,NULL,NULL,True,NULL,NULL,NULL,NULL,NULL,False,False,False,False,False,True,True,True,True,NULL
"611382864",True,False,NULL,NULL,NULL,NULL,NULL,NULL,NULL,NULL,True,NULL,NULL,NULL,NULL,NULL,False,False,False,False,False,True,True,True,True,NULL
"7162433656",True,False,NULL,NULL,NULL,NULL,NULL,NULL,NULL,NULL,True,NULL,NULL,NULL,NULL,NULL,False,False,False,False,False,True,True,True,True,NULL
"5255401657",True,False,NULL,NULL,NULL,NULL,NULL,NULL,NULL,NULL,True,NULL,NULL,NULL,NULL,NULL,False,False,False,False,False,True,True,True,True,NULL
"5224725107",True,False,NULL,NULL,NULL,NULL,NULL,NULL,NULL,NULL,True,NULL,NULL,NULL,NULL,NULL,False,False,False,False,False,True,True,True,True,"k0iAlN5ctWI"
"5874126715",True,False,NULL,NULL,NULL,NULL,NULL,NULL,NULL,NULL,True,NULL,NULL,NULL,NULL,NULL,False,False,False,False,False,True,True,True,True,NULL
"6142542468",True,False,NULL,NULL,NULL,NULL,NULL,NULL,NULL,NULL,True,NULL,NULL,NULL,NULL,NULL,False,False,False,False,False,True,True,True,True,"xrKiEoBbKSE"
"5741784151",True,False,NULL,NULL,"Hater",NULL,"2025-10-02 09:44:30.751637+00","🧐",NULL,NULL,True,NULL,NULL,NULL,NULL,NULL,False,False,False,False,False,True,True,True,True,NULL
"7057818028",True,False,NULL,NULL,"Zohran",NULL,"2025-10-03 17:54:38.883756+00",NULL,NULL,NULL,True,NULL,NULL,NULL,NULL,NULL,False,False,False,False,False,True,True,True,True,NULL
"1479125909",True,False,NULL,NULL,"Nigerrr",NULL,"2025-10-10 09:19:42.172532+00",NULL,NULL,NULL,True,NULL,NULL,NULL,NULL,NULL,False,False,False,False,False,True,True,True,True,NULL
"6331087112",True,False,NULL,NULL,"Bunny",0,"2025-10-10 05:32:27.070923+00","😴",NULL,NULL,True,NULL,NULL,NULL,NULL,NULL,False,False,False,False,False,True,True,True,True,NULL
"690152859",True,False,NULL,NULL,NULL,NULL,NULL,NULL,NULL,NULL,True,NULL,NULL,NULL,NULL,NULL,False,False,False,False,False,True,True,True,True,"KdJgq3vG_yo"
"6526766292",True,False,NULL,NULL,NULL,NULL,NULL,NULL,NULL,NULL,True,NULL,NULL,NULL,NULL,NULL,False,False,False,False,False,True,True,True,True,"_Em6Mkq9Lfg"
"5714149836",True,False,NULL,NULL,NULL,NULL,NULL,NULL,NULL,NULL,True,NULL,NULL,NULL,NULL,NULL,False,False,False,False,False,True,True,True,True,NULL
"305459091",True,False,NULL,NULL,NULL,NULL,NULL,NULL,NULL,NULL,True,NULL,NULL,NULL,NULL,NULL,False,False,False,False,False,True,True,True,True,NULL
"722392315",True,False,NULL,NULL,NULL,NULL,NULL,NULL,NULL,NULL,True,NULL,NULL,NULL,NULL,NULL,False,False,False,False,False,True,True,True,True,NULL
"895530345",True,False,NULL,NULL,NULL,NULL,NULL,NULL,NULL,NULL,True,NULL,NULL,NULL,NULL,NULL,False,False,False,False,False,True,True,True,True,NULL
"5229145221",True,False,NULL,NULL,NULL,NULL,NULL,NULL,NULL,NULL,True,NULL,NULL,NULL,NULL,NULL,False,False,False,False,False,True,True,True,True,NULL
"2085854534",True,False,NULL,NULL,NULL,NULL,NULL,NULL,NULL,NULL,True,NULL,NULL,NULL,NULL,NULL,False,False,False,False,False,True,True,True,True,NULL
"5898256079",True,False,NULL,NULL,NULL,NULL,NULL,NULL,NULL,NULL,True,NULL,NULL,NULL,NULL,NULL,False,False,False,False,False,True,True,True,True,NULL
"6734734361",True,False,NULL,NULL,NULL,NULL,NULL,NULL,NULL,NULL,True,NULL,NULL,NULL,NULL,NULL,False,False,False,False,False,True,True,True,True,NULL
"1704326359",True,False,NULL,NULL,NULL,NULL,NULL,NULL,NULL,NULL,True,NULL,NULL,NULL,NULL,NULL,False,False,False,False,False,True,True,True,True,NULL
"7954485188",True,False,NULL,NULL,NULL,NULL,NULL,NULL,NULL,NULL,True,NULL,NULL,NULL,NULL,NULL,False,False,False,False,False,True,True,True,True,NULL
"7271645128",True,False,NULL,NULL,NULL,NULL,NULL,NULL,NULL,NULL,True,NULL,NULL,NULL,NULL,NULL,False,False,False,False,False,True,True,True,True,NULL
"883664551",True,False,NULL,NULL,NULL,NULL,NULL,NULL,NULL,NULL,True,NULL,NULL,NULL,NULL,NULL,False,False,False,False,False,True,True,True,True,NULL
"1292687770",True,False,NULL,NULL,NULL,NULL,NULL,NULL,NULL,NULL,True,NULL,NULL,NULL,NULL,NULL,False,False,False,False,False,True,True,True,True,NULL
"6429414085",True,False,NULL,NULL,NULL,NULL,NULL,NULL,NULL,NULL,True,NULL,NULL,NULL,NULL,NULL,False,False,False,False,False,True,True,True,True,NULL
"1650455305",True,False,NULL,NULL,NULL,NULL,NULL,NULL,NULL,NULL,True,NULL,NULL,NULL,NULL,NULL,False,False,False,False,False,True,True,True,True,NULL
"7135329381",True,False,NULL,NULL,NULL,NULL,NULL,NULL,NULL,NULL,True,NULL,NULL,NULL,NULL,NULL,False,False,False,False,False,True,True,True,True,NULL
"1417859054",True,False,NULL,NULL,NULL,NULL,NULL,NULL,NULL,NULL,True,NULL,NULL,NULL,NULL,NULL,False,False,False,False,False,True,True,True,True,NULL
"6977752362",True,False,NULL,NULL,NULL,NULL,NULL,NULL,NULL,NULL,True,NULL,NULL,NULL,NULL,NULL,False,False,False,False,False,True,True,True,True,NULL
"888107433",True,False,NULL,NULL,NULL,NULL,NULL,NULL,NULL,NULL,True,NULL,NULL,NULL,NULL,NULL,False,False,False,False,False,True,True,True,True,NULL
"2128495207",True,False,NULL,NULL,NULL,NULL,NULL,NULL,NULL,NULL,True,NULL,NULL,NULL,NULL,NULL,False,False,False,False,False,True,True,True,True,NULL
"5852199411",True,False,NULL,NULL,NULL,NULL,NULL,NULL,NULL,NULL,True,NULL,NULL,NULL,NULL,NULL,False,False,False,False,False,True,True,True,True,NULL
"599011486",True,False,NULL,NULL,NULL,NULL,NULL,NULL,NULL,NULL,True,NULL,NULL,NULL,NULL,NULL,False,False,False,False,False,True,True,True,True,NULL
"694777296",True,False,NULL,NULL,NULL,NULL,NULL,NULL,NULL,NULL,True,NULL,NULL,NULL,NULL,NULL,False,False,False,False,False,True,True,True,True,NULL
"5496512290",True,False,NULL,NULL,NULL,NULL,NULL,NULL,NULL,NULL,True,NULL,NULL,NULL,NULL,NULL,False,False,False,False,False,True,True,True,True,NULL
"5298544362",True,False,NULL,NULL,NULL,NULL,NULL,NULL,NULL,NULL,True,NULL,NULL,NULL,NULL,NULL,False,False,False,False,False,True,True,True,True,NULL
"7559215578",True,False,NULL,NULL,NULL,NULL,NULL,NULL,NULL,NULL,True,NULL,NULL,NULL,NULL,NULL,False,False,False,False,False,True,True,True,True,NULL
"7489061007",True,False,NULL,NULL,NULL,NULL,NULL,NULL,NULL,NULL,True,NULL,NULL,NULL,NULL,NULL,False,False,False,False,False,True,True,True,True,NULL
"7172656153",True,False,NULL,NULL,NULL,NULL,NULL,NULL,NULL,NULL,True,NULL,NULL,NULL,NULL,NULL,False,False,False,False,False,True,True,True,True,NULL
"2009786350",True,False,NULL,NULL,NULL,NULL,NULL,NULL,NULL,NULL,True,NULL,NULL,NULL,NULL,NULL,False,False,False,False,False,True,True,True,True,NULL
"1184321336",True,False,NULL,NULL,NULL,NULL,NULL,NULL,NULL,NULL,True,NULL,NULL,NULL,NULL,NULL,False,False,False,False,False,True,True,True,True,NULL
"892393159",True,False,NULL,NULL,NULL,NULL,NULL,NULL,NULL,NULL,True,NULL,NULL,NULL,NULL,NULL,False,False,False,False,False,True,True,True,True,NULL
"720416565",True,False,NULL,NULL,NULL,NULL,NULL,NULL,NULL,NULL,True,NULL,NULL,NULL,NULL,NULL,False,False,False,False,False,True,True,True,True,NULL
"1383631805",True,False,NULL,NULL,NULL,NULL,NULL,NULL,NULL,NULL,True,NULL,NULL,NULL,NULL,NULL,False,False,False,False,False,True,True,True,True,NULL
"633189232",True,False,NULL,NULL,NULL,NULL,NULL,NULL,NULL,NULL,True,NULL,NULL,NULL,NULL,NULL,False,False,False,False,False,True,True,True,True,NULL
"410320920",True,False,NULL,NULL,NULL,NULL,NULL,NULL,NULL,NULL,True,NULL,NULL,NULL,NULL,NULL,False,False,False,False,False,True,True,True,True,NULL
"1169654099",True,False,NULL,NULL,NULL,NULL,NULL,NULL,NULL,NULL,True,NULL,NULL,NULL,NULL,NULL,False,False,False,False,False,True,True,True,True,NULL
"1189563640",True,False,NULL,NULL,NULL,NULL,NULL,NULL,NULL,NULL,True,NULL,NULL,NULL,NULL,NULL,False,False,False,False,False,True,True,True,True,NULL
"1171188931",True,False,NULL,NULL,NULL,NULL,NULL,NULL,NULL,NULL,True,NULL,NULL,NULL,NULL,NULL,False,False,False,False,False,True,True,True,True,NULL
"6015436852",True,False,NULL,NULL,NULL,NULL,NULL,NULL,NULL,NULL,True,NULL,NULL,NULL,NULL,NULL,False,False,False,False,False,True,True,True,True,NULL
"6092537719",True,False,NULL,NULL,NULL,NULL,NULL,NULL,NULL,NULL,True,NULL,NULL,NULL,NULL,NULL,False,False,False,False,False,True,True,True,True,NULL
"951307089",True,False,NULL,NULL,NULL,NULL,NULL,NULL,NULL,NULL,True,NULL,NULL,NULL,NULL,NULL,False,False,False,False,False,True,True,True,True,NULL
"5496257175",True,False,NULL,NULL,NULL,NULL,NULL,NULL,NULL,NULL,True,NULL,NULL,NULL,NULL,NULL,False,False,False,False,False,True,True,True,True,NULL
"1024844565",True,False,NULL,NULL,NULL,NULL,NULL,NULL,NULL,NULL,True,NULL,NULL,NULL,NULL,NULL,False,False,False,False,False,True,True,True,True,NULL
"1093546016",True,False,NULL,NULL,NULL,NULL,NULL,NULL,NULL,NULL,True,NULL,NULL,NULL,NULL,NULL,False,False,False,False,False,True,True,True,True,NULL
"900191600",True,False,NULL,NULL,NULL,NULL,NULL,NULL,NULL,NULL,True,NULL,NULL,NULL,NULL,NULL,False,False,False,False,False,True,True,True,True,NULL
"848503951",True,False,NULL,NULL,NULL,NULL,NULL,NULL,NULL,NULL,True,NULL,NULL,NULL,NULL,NULL,False,False,False,False,False,True,True,True,True,NULL
"2062818387",True,False,NULL,NULL,NULL,NULL,NULL,NULL,NULL,NULL,True,NULL,NULL,NULL,NULL,NULL,False,False,False,False,False,True,True,True,True,NULL
"6726899207",True,False,NULL,NULL,NULL,NULL,NULL,NULL,NULL,NULL,True,NULL,NULL,NULL,NULL,NULL,False,False,False,False,False,True,True,True,True,NULL
"788965433",True,False,NULL,NULL,NULL,NULL,NULL,NULL,NULL,NULL,True,NULL,NULL,NULL,NULL,NULL,False,False,False,False,False,True,True,True,True,NULL
"1000239320",True,False,NULL,NULL,NULL,NULL,NULL,NULL,NULL,NULL,True,NULL,NULL,NULL,NULL,NULL,False,False,False,False,False,True,True,True,True,NULL
"6392098218",True,False,NULL,NULL,NULL,NULL,NULL,NULL,NULL,NULL,True,NULL,NULL,NULL,NULL,NULL,False,False,False,False,False,True,True,True,True,NULL
"6754934834",True,False,NULL,NULL,NULL,NULL,NULL,NULL,NULL,NULL,True,NULL,NULL,NULL,NULL,NULL,False,False,False,False,False,True,True,True,True,"sLk2Qqvno_A"
"653854055",True,False,NULL,NULL,NULL,NULL,NULL,NULL,NULL,NULL,True,NULL,NULL,NULL,NULL,NULL,False,False,False,False,False,True,True,True,True,NULL
"6311892725",True,False,NULL,NULL,NULL,NULL,NULL,NULL,NULL,NULL,True,NULL,NULL,NULL,NULL,NULL,False,False,False,False,False,True,True,True,True,NULL
"5793161631",True,False,NULL,NULL,NULL,NULL,NULL,NULL,NULL,NULL,True,NULL,NULL,NULL,NULL,NULL,False,False,False,False,False,True,True,True,True,NULL
"5690204558",True,False,NULL,NULL,NULL,NULL,NULL,NULL,NULL,NULL,True,NULL,NULL,NULL,NULL,NULL,False,False,False,False,False,True,True,True,True,NULL
"1199863915",True,False,NULL,NULL,NULL,20,NULL,NULL,NULL,NULL,True,NULL,NULL,NULL,NULL,NULL,False,False,False,False,False,True,True,True,True,NULL
"1565005229",True,False,NULL,NULL,NULL,NULL,NULL,NULL,NULL,NULL,True,NULL,NULL,NULL,NULL,NULL,False,False,False,False,False,True,True,True,True,NULL
"1453006277",True,False,NULL,NULL,NULL,NULL,NULL,NULL,NULL,NULL,True,NULL,NULL,NULL,NULL,NULL,False,False,False,False,False,True,True,True,True,NULL
"1166281843",True,False,NULL,NULL,NULL,NULL,NULL,NULL,NULL,NULL,True,NULL,NULL,NULL,NULL,NULL,False,False,False,False,False,True,True,True,True,NULL
"1157797084",True,False,NULL,NULL,NULL,NULL,NULL,NULL,NULL,NULL,True,NULL,NULL,NULL,NULL,NULL,False,False,False,False,False,True,True,True,True,NULL
"7714483567",True,False,NULL,NULL,NULL,NULL,NULL,NULL,NULL,NULL,True,NULL,NULL,NULL,NULL,NULL,False,False,False,False,False,True,True,True,True,NULL
"6396648571",True,False,NULL,NULL,NULL,NULL,NULL,NULL,NULL,NULL,True,NULL,NULL,NULL,NULL,NULL,False,False,False,False,False,True,True,True,True,NULL
"1767140478",True,False,NULL,NULL,NULL,NULL,NULL,NULL,NULL,NULL,True,NULL,NULL,NULL,NULL,NULL,False,False,False,False,False,True,True,True,True,NULL
"5546595738",True,False,NULL,NULL,NULL,NULL,NULL,NULL,NULL,NULL,True,NULL,NULL,NULL,NULL,NULL,False,False,False,False,False,True,True,True,True,NULL
"1702094368",True,False,NULL,NULL,NULL,NULL,NULL,NULL,NULL,NULL,True,NULL,NULL,NULL,NULL,NULL,False,False,False,False,False,True,True,True,True,NULL
"1466462350",True,False,NULL,NULL,NULL,NULL,NULL,NULL,NULL,NULL,True,NULL,NULL,NULL,NULL,NULL,False,False,False,False,False,True,True,True,True,NULL
"7421252058",True,False,NULL,NULL,NULL,NULL,NULL,NULL,NULL,NULL,True,NULL,NULL,NULL,NULL,NULL,False,False,False,False,False,True,True,True,True,NULL
"7482390558",True,False,NULL,NULL,NULL,NULL,NULL,NULL,NULL,NULL,True,NULL,NULL,NULL,NULL,NULL,False,False,False,False,False,True,True,True,True,NULL
"5812737066",True,False,NULL,NULL,NULL,NULL,NULL,NULL,NULL,NULL,True,NULL,NULL,NULL,NULL,NULL,False,False,False,False,False,True,True,True,True,NULL
"581829232",True,False,NULL,NULL,NULL,NULL,NULL,NULL,NULL,NULL,True,NULL,NULL,NULL,NULL,NULL,False,False,False,False,False,True,True,True,True,NULL
"1471650343",True,False,NULL,NULL,NULL,NULL,NULL,NULL,NULL,NULL,True,NULL,NULL,NULL,NULL,NULL,False,False,False,False,False,True,True,True,True,NULL
"1501034964",True,False,NULL,NULL,NULL,NULL,NULL,NULL,NULL,NULL,True,NULL,NULL,NULL,NULL,NULL,False,False,False,False,False,True,True,True,True,NULL
"5969837465",True,False,NULL,NULL,NULL,NULL,NULL,NULL,NULL,NULL,True,NULL,NULL,NULL,NULL,NULL,False,False,False,False,False,True,True,True,True,NULL
"5755748138",True,False,NULL,NULL,NULL,NULL,NULL,NULL,NULL,NULL,True,NULL,NULL,NULL,NULL,NULL,False,False,False,False,False,True,True,True,True,NULL
"8116221990",True,False,NULL,NULL,NULL,NULL,NULL,NULL,NULL,NULL,True,NULL,NULL,NULL,NULL,NULL,False,False,False,False,False,True,True,True,True,NULL
"7528200033",True,False,NULL,NULL,"caramel",NULL,"2025-10-06 20:03:53.932362+00",NULL,NULL,NULL,True,NULL,NULL,NULL,NULL,NULL,False,False,False,False,False,True,True,True,True,"CAcTEIiqOeA"
"6483134417",True,False,NULL,NULL,NULL,NULL,NULL,NULL,NULL,NULL,True,NULL,NULL,NULL,NULL,NULL,False,False,False,False,False,True,True,True,True,NULL
"7054458135",True,False,NULL,NULL,NULL,NULL,NULL,NULL,NULL,NULL,True,NULL,NULL,NULL,NULL,NULL,False,False,False,False,False,True,True,True,True,NULL
"5847211893",True,False,NULL,NULL,NULL,NULL,NULL,NULL,NULL,NULL,True,NULL,NULL,NULL,NULL,NULL,False,False,False,False,False,True,True,True,True,NULL
"5109741660",True,False,NULL,NULL,NULL,NULL,NULL,NULL,NULL,NULL,True,NULL,NULL,NULL,NULL,NULL,False,False,False,False,False,True,True,True,True,NULL
"6985592609",True,False,NULL,NULL,NULL,NULL,NULL,NULL,NULL,NULL,True,NULL,NULL,NULL,NULL,NULL,False,False,False,False,False,True,True,True,True,NULL
"5690389071",True,False,NULL,NULL,NULL,NULL,NULL,NULL,NULL,NULL,True,NULL,NULL,NULL,NULL,NULL,False,False,False,False,False,True,True,True,True,NULL
"6363930885",True,False,NULL,NULL,NULL,NULL,NULL,NULL,NULL,NULL,True,NULL,NULL,NULL,NULL,NULL,False,False,False,False,False,True,True,True,True,NULL
"1331062154",True,False,NULL,NULL,NULL,NULL,NULL,NULL,NULL,NULL,True,NULL,NULL,NULL,NULL,NULL,False,False,False,False,False,True,True,True,True,NULL
"5920994215",True,False,NULL,NULL,NULL,NULL,NULL,NULL,NULL,NULL,True,NULL,NULL,NULL,NULL,NULL,False,False,False,False,False,True,True,True,True,NULL
"5977333168",True,False,NULL,NULL,NULL,NULL,NULL,NULL,NULL,NULL,True,NULL,NULL,NULL,NULL,NULL,False,False,False,False,False,True,True,True,True,NULL
"1946070533",True,False,NULL,NULL,NULL,NULL,NULL,NULL,NULL,NULL,True,NULL,NULL,NULL,NULL,NULL,False,False,False,False,False,True,True,True,True,NULL
"5341052327",True,False,NULL,NULL,NULL,NULL,NULL,NULL,NULL,NULL,True,NULL,NULL,NULL,NULL,NULL,False,False,False,False,False,True,True,True,True,NULL
"1565938708",True,False,NULL,NULL,NULL,NULL,NULL,NULL,NULL,NULL,True,NULL,NULL,NULL,NULL,NULL,False,False,False,False,False,True,True,True,True,NULL
"6043090172",True,False,NULL,NULL,NULL,NULL,NULL,NULL,NULL,NULL,True,NULL,NULL,NULL,NULL,NULL,False,False,False,False,False,True,True,True,True,NULL
"5825728480",True,False,NULL,NULL,NULL,NULL,NULL,NULL,NULL,NULL,True,NULL,NULL,NULL,NULL,NULL,False,False,False,False,False,True,True,True,True,NULL
"7404043925",True,False,NULL,NULL,NULL,NULL,NULL,NULL,NULL,NULL,True,NULL,NULL,NULL,NULL,NULL,False,False,False,False,False,True,True,True,True,NULL
"7515652450",True,False,NULL,NULL,NULL,NULL,NULL,NULL,NULL,NULL,True,NULL,NULL,NULL,NULL,NULL,False,False,False,False,False,True,True,True,True,NULL
"5788694970",True,False,NULL,NULL,NULL,NULL,NULL,NULL,NULL,NULL,True,NULL,NULL,NULL,NULL,NULL,False,False,False,False,False,True,True,True,True,NULL
"5190989012",True,False,NULL,NULL,NULL,NULL,NULL,NULL,NULL,NULL,True,NULL,NULL,NULL,NULL,NULL,False,False,False,False,False,True,True,True,True,NULL
"1935293627",True,False,NULL,NULL,NULL,NULL,NULL,NULL,NULL,NULL,True,NULL,NULL,NULL,NULL,NULL,False,False,False,False,False,True,True,True,True,NULL
"5858342495",True,False,NULL,NULL,NULL,NULL,NULL,NULL,NULL,NULL,True,NULL,NULL,NULL,NULL,NULL,False,False,False,False,False,True,True,True,True,NULL
"5477761388",True,False,NULL,NULL,NULL,NULL,NULL,NULL,NULL,NULL,True,NULL,NULL,NULL,NULL,NULL,False,False,False,False,False,True,True,True,True,NULL
"464531727",True,False,NULL,NULL,NULL,NULL,NULL,NULL,NULL,NULL,True,NULL,NULL,NULL,NULL,NULL,False,False,False,False,False,True,True,True,True,NULL
"1164391835",True,False,NULL,NULL,NULL,NULL,NULL,NULL,NULL,NULL,True,NULL,NULL,NULL,NULL,NULL,False,False,False,False,False,True,True,True,True,NULL
"1505010089",True,False,NULL,NULL,NULL,NULL,NULL,NULL,NULL,NULL,True,NULL,NULL,NULL,NULL,NULL,False,False,False,False,False,True,True,True,True,NULL
"546220976",True,False,NULL,NULL,NULL,NULL,NULL,NULL,NULL,NULL,True,NULL,NULL,NULL,NULL,NULL,False,False,False,False,False,True,True,True,True,NULL
"1887836531",True,False,NULL,NULL,NULL,NULL,NULL,NULL,NULL,NULL,True,NULL,NULL,NULL,NULL,NULL,False,False,False,False,False,True,True,True,True,NULL
"5987057062",True,False,NULL,NULL,NULL,NULL,NULL,NULL,NULL,NULL,True,NULL,NULL,NULL,NULL,NULL,False,False,False,False,False,True,True,True,True,NULL
"5674541265",True,False,NULL,NULL,NULL,NULL,NULL,NULL,NULL,NULL,True,NULL,NULL,NULL,NULL,NULL,False,False,False,False,False,True,True,True,True,NULL
"1929322157",True,False,NULL,NULL,NULL,NULL,NULL,NULL,NULL,NULL,True,NULL,NULL,NULL,NULL,NULL,False,False,False,False,False,True,True,True,True,NULL
"1224638165",True,False,NULL,NULL,NULL,NULL,NULL,NULL,NULL,NULL,True,NULL,NULL,NULL,NULL,NULL,False,False,False,False,False,True,True,True,True,NULL
"1221258159",True,False,NULL,NULL,NULL,NULL,NULL,NULL,NULL,NULL,True,NULL,NULL,NULL,NULL,NULL,False,False,False,False,False,True,True,True,True,NULL
"1944019831",True,False,NULL,NULL,NULL,NULL,NULL,NULL,NULL,NULL,True,NULL,NULL,NULL,NULL,NULL,False,False,False,False,False,True,True,True,True,NULL
"1086011924",True,False,NULL,NULL,NULL,NULL,NULL,NULL,NULL,NULL,True,NULL,NULL,NULL,NULL,NULL,False,False,False,False,False,True,True,True,True,NULL
"1760244754",True,False,NULL,NULL,NULL,NULL,NULL,NULL,NULL,NULL,True,NULL,NULL,NULL,NULL,NULL,False,False,False,False,False,True,True,True,True,NULL
"854759738",True,False,NULL,NULL,NULL,NULL,NULL,NULL,NULL,NULL,True,NULL,NULL,NULL,NULL,NULL,False,False,False,False,False,True,True,True,True,NULL
"1424273724",True,False,NULL,NULL,NULL,NULL,NULL,NULL,NULL,NULL,True,NULL,NULL,NULL,NULL,NULL,False,False,False,False,False,True,True,True,True,NULL
"1109820420",True,False,NULL,NULL,NULL,NULL,NULL,NULL,NULL,NULL,True,NULL,NULL,NULL,NULL,NULL,False,False,False,False,False,True,True,True,True,NULL
"1840933868",True,False,NULL,NULL,NULL,NULL,NULL,NULL,NULL,NULL,True,NULL,NULL,NULL,NULL,NULL,False,False,False,False,False,True,True,True,True,NULL
"1672996155",True,False,NULL,NULL,NULL,NULL,NULL,NULL,NULL,NULL,True,NULL,NULL,NULL,NULL,NULL,False,False,False,False,False,True,True,True,True,NULL
"663596784",True,False,NULL,NULL,NULL,NULL,NULL,NULL,NULL,NULL,True,NULL,NULL,NULL,NULL,NULL,False,False,False,False,False,True,True,True,True,NULL
"5609586363",True,False,NULL,NULL,NULL,NULL,NULL,NULL,NULL,NULL,True,NULL,NULL,NULL,NULL,NULL,False,False,False,False,False,True,True,True,True,NULL
"5233743501",True,False,NULL,NULL,NULL,NULL,NULL,NULL,NULL,NULL,True,NULL,NULL,NULL,NULL,NULL,False,False,False,False,False,True,True,True,True,NULL
"6519541201",True,False,NULL,NULL,NULL,NULL,NULL,"✨",NULL,NULL,True,NULL,NULL,NULL,NULL,NULL,False,False,False,False,False,True,True,True,True,NULL
"5853538819",True,False,NULL,NULL,NULL,NULL,NULL,NULL,NULL,NULL,True,NULL,NULL,NULL,NULL,NULL,False,False,False,False,False,True,True,True,True,NULL
"6061240997",True,False,NULL,NULL,NULL,NULL,NULL,NULL,NULL,NULL,True,NULL,NULL,NULL,NULL,NULL,False,False,False,False,False,True,True,True,True,NULL
"6094788714",True,False,NULL,NULL,NULL,NULL,NULL,NULL,NULL,NULL,True,NULL,NULL,NULL,NULL,NULL,False,False,False,False,False,True,True,True,True,NULL
"7697781434",True,False,NULL,NULL,NULL,NULL,NULL,NULL,NULL,NULL,True,NULL,NULL,NULL,NULL,NULL,False,False,False,False,False,True,True,True,True,NULL
"1205769314",True,False,NULL,NULL,NULL,NULL,NULL,NULL,NULL,NULL,True,NULL,NULL,NULL,NULL,NULL,False,False,False,False,False,True,True,True,True,NULL
"966393638",True,False,NULL,NULL,NULL,NULL,NULL,NULL,NULL,NULL,True,NULL,NULL,NULL,NULL,NULL,False,False,False,False,False,True,True,True,True,NULL
"1177222257",True,False,NULL,NULL,NULL,NULL,NULL,NULL,NULL,NULL,True,NULL,NULL,NULL,NULL,NULL,False,False,False,False,False,True,True,True,True,NULL
"1649291267",True,False,NULL,NULL,NULL,NULL,NULL,NULL,NULL,NULL,True,NULL,NULL,NULL,NULL,NULL,False,False,False,False,False,True,True,True,True,NULL
"6841485545",True,False,NULL,NULL,NULL,NULL,NULL,NULL,NULL,NULL,True,NULL,NULL,NULL,NULL,NULL,False,False,False,False,False,True,True,True,True,NULL
"6820903617",True,False,NULL,NULL,NULL,NULL,NULL,NULL,NULL,NULL,True,NULL,NULL,NULL,NULL,NULL,False,False,False,False,False,True,True,True,True,NULL
"1303545961",True,False,NULL,NULL,NULL,NULL,NULL,NULL,NULL,NULL,True,NULL,NULL,NULL,NULL,NULL,False,False,False,False,False,True,True,True,True,NULL
"6577202133",True,False,NULL,NULL,NULL,NULL,NULL,NULL,NULL,NULL,True,NULL,NULL,NULL,NULL,NULL,False,False,False,False,False,True,True,True,True,NULL
"7371807660",True,False,NULL,NULL,NULL,NULL,NULL,NULL,NULL,NULL,True,NULL,NULL,NULL,NULL,NULL,False,False,False,False,False,True,True,True,True,NULL
"6819691978",True,False,NULL,NULL,NULL,NULL,NULL,NULL,NULL,NULL,True,NULL,NULL,NULL,NULL,NULL,False,False,False,False,False,True,True,True,True,NULL
"8223038699",True,False,NULL,NULL,NULL,NULL,NULL,NULL,NULL,NULL,True,NULL,NULL,NULL,NULL,NULL,False,False,False,False,False,True,True,True,True,NULL
"5732099528",True,False,NULL,NULL,NULL,NULL,NULL,NULL,NULL,NULL,True,NULL,NULL,NULL,NULL,NULL,False,False,False,False,False,True,True,True,True,NULL
"5589893848",True,False,NULL,NULL,NULL,NULL,NULL,NULL,NULL,NULL,True,NULL,NULL,NULL,NULL,NULL,False,False,False,False,False,True,True,True,True,NULL
"5189934287",True,False,NULL,NULL,NULL,NULL,NULL,NULL,NULL,NULL,True,NULL,NULL,NULL,NULL,NULL,False,False,False,False,False,True,True,True,True,NULL
"5586318247",True,False,NULL,NULL,NULL,NULL,NULL,NULL,NULL,NULL,True,NULL,NULL,NULL,NULL,NULL,False,False,False,False,False,True,True,True,True,NULL
"624080111",True,False,NULL,NULL,NULL,NULL,NULL,NULL,NULL,NULL,True,NULL,NULL,NULL,NULL,NULL,False,False,False,False,False,True,True,True,True,NULL
"382297850",True,False,NULL,NULL,NULL,NULL,NULL,NULL,NULL,NULL,True,NULL,NULL,NULL,NULL,NULL,False,False,False,False,False,True,True,True,True,NULL
"766929199",True,False,NULL,NULL,NULL,NULL,NULL,NULL,NULL,NULL,True,NULL,NULL,NULL,NULL,NULL,False,False,False,False,False,True,True,True,True,NULL
"7285930394",True,False,NULL,NULL,NULL,NULL,NULL,NULL,NULL,NULL,True,NULL,NULL,NULL,NULL,NULL,False,False,False,False,False,True,True,True,True,NULL
"1385262997",True,False,NULL,NULL,NULL,NULL,NULL,NULL,NULL,NULL,True,NULL,NULL,NULL,NULL,NULL,False,False,False,False,False,True,True,True,True,NULL
"971519099",True,False,NULL,NULL,NULL,NULL,NULL,NULL,NULL,NULL,True,NULL,NULL,NULL,NULL,NULL,False,False,False,False,False,True,True,True,True,NULL
"5048358732",True,False,NULL,NULL,NULL,NULL,NULL,NULL,NULL,NULL,True,NULL,NULL,NULL,NULL,NULL,False,False,False,False,False,True,True,True,True,NULL
"1813432487",True,False,NULL,NULL,NULL,NULL,NULL,NULL,NULL,NULL,True,NULL,NULL,NULL,NULL,NULL,False,False,False,False,False,True,True,True,True,NULL
"1738931074",True,False,NULL,NULL,NULL,NULL,NULL,NULL,NULL,NULL,True,NULL,NULL,NULL,NULL,NULL,False,False,False,False,False,True,True,True,True,NULL
"6878726149",True,False,NULL,NULL,NULL,NULL,NULL,NULL,NULL,NULL,True,NULL,NULL,NULL,NULL,NULL,False,False,False,False,False,True,True,True,True,NULL
"7737379913",True,False,NULL,NULL,NULL,NULL,NULL,NULL,NULL,NULL,True,NULL,NULL,NULL,NULL,NULL,False,False,False,False,False,True,True,True,True,NULL
"1852141770",True,False,NULL,NULL,NULL,NULL,NULL,NULL,NULL,NULL,True,NULL,NULL,NULL,NULL,NULL,False,False,False,False,False,True,True,True,True,NULL
"5205109395",True,False,NULL,NULL,NULL,NULL,NULL,NULL,NULL,NULL,True,NULL,NULL,NULL,NULL,NULL,False,False,False,False,False,True,True,True,True,NULL
"685340260",True,False,NULL,NULL,NULL,NULL,NULL,NULL,NULL,NULL,True,NULL,NULL,NULL,NULL,NULL,False,False,False,False,False,True,True,True,True,"_Ti-PBlSCWE"
"2010617316",True,False,NULL,NULL,NULL,NULL,NULL,NULL,NULL,NULL,True,NULL,NULL,NULL,NULL,NULL,False,False,False,False,False,True,True,True,True,NULL
"5991696281",True,False,NULL,NULL,NULL,NULL,NULL,NULL,NULL,NULL,True,NULL,NULL,NULL,NULL,NULL,False,False,False,False,False,True,True,True,True,NULL
"732273863",True,False,NULL,NULL,NULL,NULL,NULL,NULL,NULL,NULL,True,NULL,NULL,NULL,NULL,NULL,False,False,False,False,False,True,True,True,True,NULL
"5772670638",True,False,NULL,NULL,NULL,NULL,NULL,NULL,NULL,NULL,True,NULL,NULL,NULL,NULL,NULL,False,False,False,False,False,True,True,True,True,NULL
"5971242865",True,False,NULL,NULL,NULL,NULL,NULL,NULL,NULL,NULL,True,NULL,NULL,NULL,NULL,NULL,False,False,False,False,False,True,True,True,True,NULL
"6040412108",True,False,NULL,NULL,NULL,NULL,NULL,NULL,NULL,NULL,True,NULL,NULL,NULL,NULL,NULL,False,False,False,False,False,True,True,True,True,NULL
"6602105388",True,False,NULL,NULL,NULL,NULL,NULL,NULL,NULL,NULL,True,NULL,NULL,NULL,NULL,NULL,False,False,False,False,False,True,True,True,True,NULL
"7646848037",True,False,NULL,NULL,NULL,NULL,NULL,NULL,NULL,NULL,True,NULL,NULL,NULL,NULL,NULL,False,False,False,False,False,True,True,True,True,NULL
"1058616282",True,False,NULL,NULL,NULL,NULL,NULL,NULL,NULL,NULL,True,NULL,NULL,NULL,NULL,NULL,False,False,False,False,False,True,True,True,True,NULL
"2068354035",True,False,NULL,NULL,NULL,NULL,NULL,NULL,NULL,NULL,True,NULL,NULL,NULL,NULL,NULL,False,False,False,False,False,True,True,True,True,NULL
"7656781253",True,False,NULL,NULL,NULL,NULL,NULL,NULL,NULL,NULL,True,NULL,NULL,NULL,NULL,NULL,False,False,False,False,False,True,True,True,True,NULL
"889935852",True,False,NULL,NULL,NULL,NULL,NULL,NULL,NULL,NULL,True,NULL,NULL,NULL,NULL,NULL,False,False,False,False,False,True,True,True,True,NULL
"5787647743",True,False,NULL,NULL,NULL,NULL,NULL,NULL,NULL,NULL,True,NULL,NULL,NULL,NULL,NULL,False,False,False,False,False,True,True,True,True,NULL
"7354695754",True,False,NULL,NULL,NULL,NULL,NULL,NULL,NULL,NULL,True,NULL,NULL,NULL,NULL,NULL,False,False,False,False,False,True,True,True,True,NULL
"1416135188",True,False,NULL,NULL,NULL,NULL,NULL,NULL,NULL,NULL,True,NULL,NULL,NULL,NULL,NULL,False,False,False,False,False,True,True,True,True,NULL
"429187089",True,False,NULL,NULL,NULL,NULL,NULL,NULL,NULL,NULL,True,NULL,NULL,NULL,NULL,NULL,False,False,False,False,False,True,True,True,True,NULL
"7295887617",True,False,NULL,NULL,NULL,NULL,NULL,NULL,NULL,NULL,True,NULL,NULL,NULL,NULL,NULL,False,False,False,False,False,True,True,True,True,NULL
"1915042293",True,False,NULL,NULL,NULL,NULL,NULL,NULL,NULL,NULL,True,NULL,NULL,NULL,NULL,NULL,False,False,False,False,False,True,True,True,True,NULL
"6376443523",True,False,NULL,NULL,"Valuable historian",NULL,"2025-09-18 16:57:14.020902+00",NULL,NULL,NULL,True,NULL,NULL,NULL,NULL,NULL,False,False,False,False,False,True,True,True,True,NULL
"1259808146",True,False,NULL,NULL,NULL,NULL,NULL,"👩",NULL,NULL,False,NULL,NULL,NULL,NULL,NULL,False,False,False,False,False,True,True,True,True,NULL
"424538416",True,False,NULL,NULL,"O41",NULL,"2025-10-08 22:42:41.051139+00","✨",NULL,"41",True,"Male",NULL,NULL,NULL,NULL,False,False,False,False,False,True,True,True,True,NULL
"891482424",True,False,NULL,NULL,NULL,NULL,NULL,NULL,NULL,NULL,True,NULL,NULL,NULL,NULL,NULL,False,False,False,False,False,True,True,True,True,NULL
"1096604947",True,False,NULL,NULL,NULL,NULL,NULL,NULL,NULL,NULL,True,NULL,NULL,NULL,NULL,NULL,False,False,False,False,False,True,True,True,True,NULL
"725958510",True,False,NULL,NULL,NULL,NULL,NULL,NULL,NULL,NULL,True,NULL,NULL,NULL,NULL,NULL,False,False,False,False,False,True,True,True,True,NULL
"1250399348",True,False,NULL,NULL,NULL,NULL,NULL,NULL,NULL,NULL,True,NULL,NULL,NULL,NULL,NULL,False,False,False,False,False,True,True,True,True,NULL
"878616409",True,False,NULL,NULL,NULL,NULL,NULL,NULL,NULL,NULL,True,NULL,NULL,NULL,NULL,NULL,False,False,False,False,False,True,True,True,True,NULL
"5955952909",True,False,NULL,NULL,NULL,NULL,NULL,NULL,NULL,NULL,True,NULL,NULL,NULL,NULL,NULL,False,False,False,False,False,True,True,True,True,NULL
"1701238322",True,False,NULL,NULL,NULL,NULL,NULL,NULL,NULL,NULL,True,NULL,NULL,NULL,NULL,NULL,False,False,False,False,False,True,True,True,True,NULL
"5188884189",True,False,NULL,NULL,NULL,NULL,NULL,NULL,NULL,NULL,True,NULL,NULL,NULL,NULL,NULL,False,False,False,False,False,True,True,True,True,NULL
"6892367093",True,False,NULL,NULL,NULL,NULL,NULL,NULL,NULL,NULL,True,NULL,NULL,NULL,NULL,NULL,False,False,False,False,False,True,True,True,True,NULL
"703850638",True,False,NULL,NULL,NULL,NULL,NULL,NULL,NULL,NULL,True,NULL,NULL,NULL,NULL,NULL,False,False,False,False,False,True,True,True,True,NULL
"695191154",True,False,NULL,NULL,NULL,NULL,NULL,NULL,NULL,NULL,True,NULL,NULL,NULL,NULL,NULL,False,False,False,False,False,True,True,True,True,NULL
"7230240355",True,False,NULL,NULL,NULL,NULL,NULL,NULL,NULL,NULL,True,NULL,NULL,NULL,NULL,NULL,False,False,False,False,False,True,True,True,True,NULL
"6474660313",True,False,NULL,NULL,NULL,NULL,NULL,NULL,NULL,NULL,True,NULL,NULL,NULL,NULL,NULL,False,False,False,False,False,True,True,True,True,NULL
"6619982006",True,False,NULL,NULL,NULL,NULL,NULL,NULL,NULL,NULL,True,NULL,NULL,NULL,NULL,NULL,False,False,False,False,False,True,True,True,True,NULL
"467877816",True,False,NULL,NULL,NULL,NULL,NULL,NULL,NULL,NULL,True,NULL,NULL,NULL,NULL,NULL,False,False,False,False,False,True,True,True,True,NULL
"870035735",True,False,NULL,NULL,NULL,NULL,NULL,NULL,NULL,NULL,True,NULL,NULL,NULL,NULL,NULL,False,False,False,False,False,True,True,True,True,NULL
"779584397",True,False,NULL,NULL,NULL,NULL,NULL,NULL,NULL,NULL,True,NULL,NULL,NULL,NULL,NULL,False,False,False,False,False,True,True,True,True,NULL
"1435482858",True,False,NULL,NULL,NULL,NULL,NULL,NULL,NULL,NULL,True,NULL,NULL,NULL,NULL,NULL,False,False,False,False,False,True,True,True,True,NULL
"620814866",True,False,NULL,NULL,NULL,NULL,NULL,NULL,NULL,NULL,True,NULL,NULL,NULL,NULL,NULL,False,False,False,False,False,True,True,True,True,NULL
"812744979",True,False,NULL,NULL,NULL,NULL,NULL,NULL,NULL,NULL,True,NULL,NULL,NULL,NULL,NULL,False,False,False,False,False,True,True,True,True,NULL
"7355172248",True,False,NULL,NULL,NULL,NULL,NULL,NULL,NULL,NULL,True,NULL,NULL,NULL,NULL,NULL,False,False,False,False,False,True,True,True,True,NULL
"6551032466",True,False,NULL,NULL,NULL,NULL,NULL,NULL,NULL,NULL,True,NULL,NULL,NULL,NULL,NULL,False,False,False,False,False,True,True,True,True,NULL
"6750736635",True,False,NULL,NULL,"Akaza",NULL,"2025-09-19 12:08:38.456641+00","😎",NULL,NULL,False,NULL,NULL,NULL,NULL,NULL,False,False,False,False,False,True,True,True,True,NULL
"7588544816",True,False,NULL,NULL,NULL,NULL,NULL,NULL,NULL,NULL,True,NULL,NULL,NULL,NULL,NULL,False,False,False,False,False,True,True,True,True,NULL
"882739731",True,False,NULL,NULL,NULL,NULL,NULL,NULL,NULL,NULL,True,NULL,NULL,NULL,NULL,NULL,False,False,False,False,False,True,True,True,True,NULL
"975858959",True,False,NULL,NULL,NULL,NULL,NULL,NULL,NULL,NULL,True,NULL,NULL,NULL,NULL,NULL,False,False,False,False,False,True,True,True,True,NULL
"860323715",True,False,NULL,NULL,NULL,NULL,NULL,NULL,NULL,NULL,True,NULL,NULL,NULL,NULL,NULL,False,False,False,False,False,True,True,True,True,NULL
"7828434072",True,False,NULL,NULL,NULL,NULL,NULL,NULL,NULL,NULL,True,NULL,NULL,NULL,NULL,NULL,False,False,False,False,False,True,True,True,True,NULL
"1133669714",True,False,NULL,NULL,NULL,NULL,NULL,NULL,NULL,NULL,True,NULL,NULL,NULL,NULL,NULL,False,False,False,False,False,True,True,True,True,NULL
"7390047884",True,False,NULL,NULL,NULL,NULL,NULL,NULL,NULL,NULL,True,NULL,NULL,NULL,NULL,NULL,False,False,False,False,False,True,True,True,True,NULL
"828147938",True,False,NULL,NULL,NULL,NULL,NULL,NULL,NULL,NULL,True,NULL,NULL,NULL,NULL,NULL,False,False,False,False,False,True,True,True,True,NULL
"7032312505",True,False,NULL,NULL,NULL,NULL,NULL,NULL,NULL,NULL,True,NULL,NULL,NULL,NULL,NULL,False,False,False,False,False,True,True,True,True,NULL
"6610557242",True,False,NULL,NULL,NULL,NULL,NULL,NULL,NULL,NULL,True,NULL,NULL,NULL,NULL,NULL,False,False,False,False,False,True,True,True,True,NULL
"5041383253",True,False,NULL,NULL,NULL,NULL,NULL,NULL,NULL,NULL,True,NULL,NULL,NULL,NULL,NULL,False,False,False,False,False,True,True,True,True,NULL
"8002653681",True,False,NULL,NULL,NULL,NULL,NULL,NULL,NULL,NULL,True,NULL,NULL,NULL,NULL,NULL,False,False,False,False,False,True,True,True,True,NULL
"1978485748",True,False,NULL,NULL,NULL,NULL,NULL,NULL,NULL,NULL,True,NULL,NULL,NULL,NULL,NULL,False,False,False,False,False,True,True,True,True,NULL
"901115796",True,False,NULL,NULL,NULL,NULL,NULL,NULL,NULL,NULL,True,NULL,NULL,NULL,NULL,NULL,False,False,False,False,False,True,True,True,True,NULL
"7084300383",True,False,NULL,NULL,NULL,NULL,NULL,NULL,NULL,NULL,True,NULL,NULL,NULL,NULL,NULL,False,False,False,False,False,True,True,True,True,NULL
"777449022",True,False,NULL,NULL,NULL,NULL,NULL,NULL,NULL,NULL,True,NULL,NULL,NULL,NULL,NULL,False,False,False,False,False,True,True,True,True,NULL
"1127180882",True,False,NULL,NULL,NULL,NULL,NULL,NULL,NULL,NULL,True,NULL,NULL,NULL,NULL,NULL,False,False,False,False,False,True,True,True,True,NULL
"5371975862",True,False,NULL,NULL,NULL,NULL,NULL,NULL,NULL,NULL,True,NULL,NULL,NULL,NULL,NULL,False,False,False,False,False,True,True,True,True,NULL
"1954638068",True,False,NULL,NULL,NULL,NULL,NULL,NULL,NULL,NULL,True,NULL,NULL,NULL,NULL,NULL,False,False,False,False,False,True,True,True,True,NULL
"989142257",True,False,NULL,NULL,NULL,NULL,NULL,NULL,NULL,NULL,True,NULL,NULL,NULL,NULL,NULL,False,False,False,False,False,True,True,True,True,NULL
"5854578102",True,False,NULL,NULL,NULL,NULL,NULL,NULL,NULL,NULL,True,NULL,NULL,NULL,NULL,NULL,False,False,False,False,False,True,True,True,True,NULL
"599540978",True,False,NULL,NULL,NULL,NULL,NULL,NULL,NULL,NULL,True,NULL,NULL,NULL,NULL,NULL,False,False,False,False,False,True,True,True,True,NULL
"5205447462",True,False,NULL,NULL,NULL,NULL,NULL,NULL,NULL,NULL,True,NULL,NULL,NULL,NULL,NULL,False,False,False,False,False,True,True,True,True,NULL
"6448471632",True,False,NULL,NULL,NULL,NULL,NULL,NULL,NULL,NULL,True,NULL,NULL,NULL,NULL,NULL,False,False,False,False,False,True,True,True,True,NULL
"1888603402",True,False,NULL,NULL,NULL,NULL,NULL,NULL,NULL,NULL,True,NULL,NULL,NULL,NULL,NULL,False,False,False,False,False,True,True,True,True,NULL
"5206747011",True,False,NULL,NULL,NULL,NULL,NULL,NULL,NULL,NULL,True,NULL,NULL,NULL,NULL,NULL,False,False,False,False,False,True,True,True,True,NULL
"1452476103",True,False,NULL,NULL,NULL,NULL,NULL,NULL,NULL,NULL,True,NULL,NULL,NULL,NULL,NULL,False,False,False,False,False,True,True,True,True,NULL
"1588710434",True,False,NULL,NULL,NULL,NULL,NULL,NULL,NULL,NULL,True,NULL,NULL,NULL,NULL,NULL,False,False,False,False,False,True,True,True,True,NULL
"423728279",True,False,NULL,NULL,NULL,NULL,NULL,NULL,NULL,NULL,True,NULL,NULL,NULL,NULL,NULL,False,False,False,False,False,True,True,True,True,NULL
"5852618440",True,False,NULL,NULL,NULL,NULL,NULL,NULL,NULL,NULL,True,NULL,NULL,NULL,NULL,NULL,False,False,False,False,False,True,True,True,True,NULL
"2001804404",True,False,NULL,NULL,NULL,NULL,NULL,NULL,NULL,NULL,True,NULL,NULL,NULL,NULL,NULL,False,False,False,False,False,True,True,True,True,NULL
"1345996732",True,False,NULL,NULL,NULL,NULL,NULL,NULL,NULL,NULL,True,NULL,NULL,NULL,NULL,NULL,False,False,False,False,False,True,True,True,True,NULL
"818526686",True,False,NULL,NULL,NULL,NULL,NULL,NULL,NULL,NULL,True,NULL,NULL,NULL,NULL,NULL,False,False,False,False,False,True,True,True,True,NULL
"6921030131",True,False,NULL,NULL,NULL,NULL,NULL,NULL,NULL,NULL,True,NULL,NULL,NULL,NULL,NULL,False,False,False,False,False,True,True,True,True,NULL
"6422502525",True,False,NULL,NULL,NULL,NULL,NULL,NULL,NULL,NULL,True,NULL,NULL,NULL,NULL,NULL,False,False,False,False,False,True,True,True,True,NULL
"696702865",True,False,NULL,NULL,NULL,NULL,NULL,NULL,NULL,NULL,True,NULL,NULL,NULL,NULL,NULL,False,False,False,False,False,True,True,True,True,NULL
"6813893508",True,False,NULL,NULL,NULL,NULL,NULL,NULL,NULL,NULL,True,NULL,NULL,NULL,NULL,NULL,False,False,False,False,False,True,True,True,True,NULL
"7143988547",True,False,NULL,NULL,NULL,NULL,NULL,NULL,NULL,NULL,True,NULL,NULL,NULL,NULL,NULL,False,False,False,False,False,True,True,True,True,NULL
"5822770814",True,False,NULL,NULL,NULL,NULL,NULL,NULL,NULL,NULL,True,NULL,NULL,NULL,NULL,NULL,False,False,False,False,False,True,True,True,True,NULL
"5421015078",True,False,NULL,NULL,NULL,NULL,NULL,NULL,NULL,NULL,True,NULL,NULL,NULL,NULL,NULL,False,False,False,False,False,True,True,True,True,NULL
"7202135360",True,False,NULL,NULL,NULL,NULL,NULL,NULL,NULL,NULL,True,NULL,NULL,NULL,NULL,NULL,False,False,False,False,False,True,True,True,True,NULL
"6088735156",True,False,NULL,NULL,NULL,NULL,NULL,NULL,NULL,NULL,True,NULL,NULL,NULL,NULL,NULL,False,False,False,False,False,True,True,True,True,NULL
"890624714",True,False,NULL,NULL,NULL,NULL,NULL,NULL,NULL,NULL,True,NULL,NULL,NULL,NULL,NULL,False,False,False,False,False,True,True,True,True,NULL
"1232458765",True,False,NULL,NULL,NULL,NULL,NULL,NULL,NULL,NULL,True,NULL,NULL,NULL,NULL,NULL,False,False,False,False,False,True,True,True,True,NULL
"1923055831",True,False,NULL,NULL,NULL,NULL,NULL,NULL,NULL,NULL,True,NULL,NULL,NULL,NULL,NULL,False,False,False,False,False,True,True,True,True,NULL
"996843634",True,False,NULL,NULL,NULL,NULL,NULL,NULL,NULL,NULL,True,NULL,NULL,NULL,NULL,NULL,False,False,False,False,False,True,True,True,True,NULL
"5694556028",True,False,NULL,NULL,NULL,NULL,NULL,NULL,NULL,NULL,True,NULL,NULL,NULL,NULL,NULL,False,False,False,False,False,True,True,True,True,NULL
"7117160830",True,False,NULL,NULL,NULL,NULL,NULL,NULL,NULL,NULL,True,NULL,NULL,NULL,NULL,NULL,False,False,False,False,False,True,True,True,True,NULL
"7119997500",True,False,NULL,NULL,NULL,NULL,NULL,NULL,NULL,NULL,True,NULL,NULL,NULL,NULL,NULL,False,False,False,False,False,True,True,True,True,NULL
"1138258254",True,False,NULL,NULL,NULL,NULL,NULL,NULL,NULL,NULL,True,NULL,NULL,NULL,NULL,NULL,False,False,False,False,False,True,True,True,True,NULL
"5132154505",True,False,NULL,NULL,NULL,NULL,NULL,NULL,NULL,NULL,True,NULL,NULL,NULL,NULL,NULL,False,False,False,False,False,True,True,True,True,NULL
"5596907237",True,False,NULL,NULL,NULL,NULL,NULL,NULL,NULL,NULL,True,NULL,NULL,NULL,NULL,NULL,False,False,False,False,False,True,True,True,True,NULL
"384352864",True,False,NULL,NULL,NULL,NULL,NULL,NULL,NULL,NULL,True,NULL,NULL,NULL,NULL,NULL,False,False,False,False,False,True,True,True,True,NULL
"6246705918",True,False,NULL,NULL,NULL,NULL,NULL,NULL,NULL,NULL,True,NULL,NULL,NULL,NULL,NULL,False,False,False,False,False,True,True,True,True,NULL
"1282217737",True,False,NULL,NULL,NULL,NULL,NULL,NULL,NULL,NULL,True,NULL,NULL,NULL,NULL,NULL,False,False,False,False,False,True,True,True,True,NULL
"1375671358",True,False,NULL,NULL,NULL,NULL,NULL,NULL,NULL,NULL,True,NULL,NULL,NULL,NULL,NULL,False,False,False,False,False,True,True,True,True,NULL
"1315836250",True,False,NULL,NULL,NULL,NULL,NULL,NULL,NULL,NULL,True,NULL,NULL,NULL,NULL,NULL,False,False,False,False,False,True,True,True,True,NULL
"7231201956",True,False,NULL,NULL,NULL,NULL,NULL,NULL,NULL,NULL,True,NULL,NULL,NULL,NULL,NULL,False,False,False,False,False,True,True,True,True,NULL
"997672490",True,False,NULL,NULL,NULL,NULL,NULL,NULL,NULL,NULL,True,NULL,NULL,NULL,NULL,NULL,False,False,False,False,False,True,True,True,True,NULL
"442106706",True,False,NULL,NULL,NULL,NULL,NULL,NULL,NULL,NULL,True,NULL,NULL,NULL,NULL,NULL,False,False,False,False,False,True,True,True,True,NULL
"1171735148",True,False,NULL,NULL,NULL,NULL,NULL,NULL,NULL,NULL,True,NULL,NULL,NULL,NULL,NULL,False,False,False,False,False,True,True,True,True,NULL
"968159962",True,False,NULL,NULL,NULL,NULL,NULL,NULL,NULL,NULL,True,NULL,NULL,NULL,NULL,NULL,False,False,False,False,False,True,True,True,True,NULL
"5084662547",True,False,NULL,NULL,NULL,NULL,NULL,NULL,NULL,NULL,True,NULL,NULL,NULL,NULL,NULL,False,False,False,False,False,True,True,True,True,NULL
"937348557",True,False,NULL,NULL,NULL,NULL,NULL,NULL,NULL,NULL,True,NULL,NULL,NULL,NULL,NULL,False,False,False,False,False,True,True,True,True,NULL
"752556585",True,False,NULL,NULL,NULL,NULL,NULL,NULL,NULL,NULL,True,NULL,NULL,NULL,NULL,NULL,False,False,False,False,False,True,True,True,True,NULL
"720957617",True,False,NULL,NULL,NULL,NULL,NULL,NULL,NULL,NULL,True,NULL,NULL,NULL,NULL,NULL,False,False,False,False,False,True,True,True,True,NULL
"1495899816",True,False,NULL,NULL,NULL,NULL,NULL,NULL,NULL,NULL,True,NULL,NULL,NULL,NULL,NULL,False,False,False,False,False,True,True,True,True,NULL
"1375268074",True,False,NULL,NULL,NULL,NULL,NULL,NULL,NULL,NULL,True,NULL,NULL,NULL,NULL,NULL,False,False,False,False,False,True,True,True,True,NULL
"8159639880",True,False,NULL,NULL,NULL,NULL,NULL,NULL,NULL,NULL,True,NULL,NULL,NULL,NULL,NULL,False,False,False,False,False,True,True,True,True,NULL
"1059534848",True,False,NULL,NULL,NULL,NULL,NULL,NULL,NULL,NULL,True,NULL,NULL,NULL,NULL,NULL,False,False,False,False,False,True,True,True,True,NULL
"5347638579",True,False,NULL,NULL,NULL,NULL,NULL,NULL,NULL,NULL,True,NULL,NULL,NULL,NULL,NULL,False,False,False,False,False,True,True,True,True,NULL
"7488467336",True,False,NULL,NULL,NULL,NULL,NULL,NULL,NULL,NULL,True,NULL,NULL,NULL,NULL,NULL,False,False,False,False,False,True,True,True,True,NULL
"1499138274",True,False,NULL,NULL,NULL,NULL,NULL,NULL,NULL,NULL,True,NULL,NULL,NULL,NULL,NULL,False,False,False,False,False,True,True,True,True,NULL
"5505407559",True,False,NULL,NULL,"mosolonni",NULL,"2025-09-15 10:36:42.933701+00","👻",NULL,NULL,True,NULL,NULL,NULL,NULL,NULL,False,False,False,False,False,True,True,True,True,NULL
"5653407399",True,False,NULL,NULL,NULL,NULL,NULL,NULL,NULL,NULL,True,NULL,NULL,NULL,NULL,NULL,False,False,False,False,False,True,True,True,True,NULL
"6083727215",True,False,NULL,NULL,NULL,NULL,NULL,NULL,NULL,NULL,True,NULL,NULL,NULL,NULL,NULL,False,False,False,False,False,True,True,True,True,NULL
"627904304",True,False,NULL,NULL,NULL,NULL,NULL,NULL,NULL,NULL,True,NULL,NULL,NULL,NULL,NULL,False,False,False,False,False,True,True,True,True,NULL
"1027243200",True,False,NULL,NULL,NULL,NULL,NULL,NULL,NULL,NULL,True,NULL,NULL,NULL,NULL,NULL,False,False,False,False,False,True,True,True,True,NULL
"1740213556",True,False,NULL,NULL,NULL,NULL,NULL,NULL,NULL,NULL,True,NULL,NULL,NULL,NULL,NULL,False,False,False,False,False,True,True,True,True,NULL
"491483589",True,False,NULL,NULL,NULL,NULL,NULL,NULL,NULL,NULL,True,NULL,NULL,NULL,NULL,NULL,False,False,False,False,False,True,True,True,True,NULL
"6131732159",True,False,NULL,NULL,NULL,NULL,NULL,NULL,NULL,NULL,True,NULL,NULL,NULL,NULL,NULL,False,False,False,False,False,True,True,True,True,NULL
"6697609565",True,False,NULL,NULL,NULL,NULL,NULL,NULL,NULL,NULL,True,NULL,NULL,NULL,NULL,NULL,False,False,False,False,False,True,True,True,True,NULL
"347834061",True,False,NULL,NULL,NULL,NULL,NULL,NULL,NULL,NULL,True,NULL,NULL,NULL,NULL,NULL,False,False,False,False,False,True,True,True,True,NULL
"5738764108",True,False,NULL,NULL,NULL,NULL,NULL,NULL,NULL,NULL,True,NULL,NULL,NULL,NULL,NULL,False,False,False,False,False,True,True,True,True,NULL
"8156368196",True,False,NULL,NULL,NULL,NULL,NULL,NULL,NULL,NULL,True,NULL,NULL,NULL,NULL,NULL,False,False,False,False,False,True,True,True,True,NULL
"7669171091",True,False,NULL,NULL,NULL,NULL,NULL,NULL,NULL,NULL,True,NULL,NULL,NULL,NULL,NULL,False,False,False,False,False,True,True,True,True,NULL
"6132106762",True,False,NULL,NULL,NULL,NULL,NULL,NULL,NULL,NULL,True,NULL,NULL,NULL,NULL,NULL,False,False,False,False,False,True,True,True,True,NULL
"801817450",True,False,NULL,NULL,NULL,NULL,NULL,NULL,NULL,NULL,True,NULL,NULL,NULL,NULL,NULL,False,False,False,False,False,True,True,True,True,NULL
"5130529877",True,False,NULL,NULL,NULL,NULL,NULL,NULL,NULL,NULL,True,NULL,NULL,NULL,NULL,NULL,False,False,False,False,False,True,True,True,True,NULL
"7085119805",True,False,NULL,NULL,NULL,NULL,NULL,NULL,NULL,NULL,True,NULL,NULL,NULL,NULL,NULL,False,False,False,False,False,True,True,True,True,NULL
"979975972",True,False,NULL,NULL,NULL,NULL,NULL,NULL,NULL,NULL,True,NULL,NULL,NULL,NULL,NULL,False,False,False,False,False,True,True,True,True,NULL
"5438582130",True,False,NULL,NULL,NULL,NULL,NULL,NULL,NULL,NULL,True,NULL,NULL,NULL,NULL,NULL,False,False,False,False,False,True,True,True,True,NULL
"529076202",True,False,NULL,NULL,NULL,NULL,NULL,NULL,NULL,NULL,True,NULL,NULL,NULL,NULL,NULL,False,False,False,False,False,True,True,True,True,NULL
"5062385680",True,False,NULL,NULL,NULL,NULL,NULL,NULL,NULL,NULL,True,NULL,NULL,NULL,NULL,NULL,False,False,False,False,False,True,True,True,True,NULL
"5901211563",True,False,NULL,NULL,NULL,NULL,NULL,NULL,NULL,NULL,True,NULL,NULL,NULL,NULL,NULL,False,False,False,False,False,True,True,True,True,NULL
"7335529500",True,False,NULL,NULL,NULL,NULL,NULL,NULL,NULL,NULL,True,NULL,NULL,NULL,NULL,NULL,False,False,False,False,False,True,True,True,True,NULL
"1059050464",True,False,NULL,NULL,NULL,NULL,NULL,NULL,NULL,NULL,True,NULL,NULL,NULL,NULL,NULL,False,False,False,False,False,True,True,True,True,NULL
"5875565744",True,False,NULL,NULL,NULL,NULL,NULL,NULL,NULL,NULL,True,NULL,NULL,NULL,NULL,NULL,False,False,False,False,False,True,True,True,True,NULL
"577224914",True,False,NULL,NULL,NULL,NULL,NULL,NULL,NULL,NULL,True,NULL,NULL,NULL,NULL,NULL,False,False,False,False,False,True,True,True,True,NULL
"6688266218",True,False,NULL,NULL,NULL,NULL,NULL,NULL,NULL,NULL,True,NULL,NULL,NULL,NULL,NULL,False,False,False,False,False,True,True,True,True,NULL
"993965759",True,False,NULL,NULL,NULL,NULL,NULL,NULL,NULL,NULL,True,NULL,NULL,NULL,NULL,NULL,False,False,False,False,False,True,True,True,True,NULL
"5844613254",True,False,NULL,NULL,NULL,NULL,NULL,NULL,NULL,NULL,True,NULL,NULL,NULL,NULL,NULL,False,False,False,False,False,True,True,True,True,NULL
"5574638196",True,False,NULL,NULL,NULL,NULL,NULL,NULL,NULL,NULL,True,NULL,NULL,NULL,NULL,NULL,False,False,False,False,False,True,True,True,True,NULL
"5182627541",True,False,NULL,NULL,"Mein kampf",NULL,"2025-10-07 20:17:20.745051+00","🧐",NULL,NULL,True,NULL,NULL,NULL,NULL,NULL,False,False,False,False,False,True,True,True,True,NULL
"5588977736",True,False,NULL,NULL,NULL,NULL,NULL,NULL,NULL,NULL,True,NULL,NULL,NULL,NULL,NULL,False,False,False,False,False,True,True,True,True,NULL
"6673221010",True,False,NULL,NULL,NULL,NULL,NULL,NULL,NULL,NULL,True,NULL,NULL,NULL,NULL,NULL,False,False,False,False,False,True,True,True,True,NULL
"7738422048",True,False,NULL,NULL,NULL,NULL,NULL,NULL,NULL,NULL,True,NULL,NULL,NULL,NULL,NULL,False,False,False,False,False,True,True,True,True,NULL
"781484106",True,False,NULL,NULL,NULL,NULL,NULL,NULL,NULL,NULL,True,NULL,NULL,NULL,NULL,NULL,False,False,False,False,False,True,True,True,True,NULL
"1618902549",True,False,NULL,NULL,NULL,NULL,NULL,NULL,NULL,NULL,True,NULL,NULL,NULL,NULL,NULL,False,False,False,False,False,True,True,True,True,NULL
"5280927461",True,False,NULL,NULL,NULL,NULL,NULL,NULL,NULL,NULL,True,NULL,NULL,NULL,NULL,NULL,False,False,False,False,False,True,True,True,True,NULL
"595900594",True,False,NULL,NULL,NULL,NULL,NULL,NULL,NULL,NULL,True,NULL,NULL,NULL,NULL,NULL,False,False,False,False,False,True,True,True,True,NULL
"1030303308",True,False,NULL,NULL,NULL,NULL,NULL,NULL,NULL,NULL,True,NULL,NULL,NULL,NULL,NULL,False,False,False,False,False,True,True,True,True,NULL
"5103408640",True,False,NULL,NULL,NULL,NULL,NULL,NULL,NULL,NULL,True,NULL,NULL,NULL,NULL,NULL,False,False,False,False,False,True,True,True,True,NULL
"799188550",True,False,NULL,NULL,NULL,NULL,NULL,NULL,NULL,NULL,True,NULL,NULL,NULL,NULL,NULL,False,False,False,False,False,True,True,True,True,NULL
"5376506038",True,False,NULL,NULL,NULL,NULL,NULL,NULL,NULL,NULL,True,NULL,NULL,NULL,NULL,NULL,False,False,False,False,False,True,True,True,True,NULL
"7673666831",True,False,NULL,NULL,NULL,NULL,NULL,NULL,NULL,NULL,True,NULL,NULL,NULL,NULL,NULL,False,False,False,False,False,True,True,True,True,NULL
"6376944507",True,False,NULL,NULL,NULL,NULL,NULL,NULL,NULL,NULL,True,NULL,NULL,NULL,NULL,NULL,False,False,False,False,False,True,True,True,True,NULL
"5103401700",True,False,NULL,NULL,NULL,NULL,NULL,NULL,NULL,NULL,True,NULL,NULL,NULL,NULL,NULL,False,False,False,False,False,True,True,True,True,NULL
"7783095530",True,False,NULL,NULL,NULL,NULL,NULL,NULL,NULL,NULL,True,NULL,NULL,NULL,NULL,NULL,False,False,False,False,False,True,True,True,True,NULL
"794052300",True,False,NULL,NULL,NULL,NULL,NULL,NULL,NULL,NULL,True,NULL,NULL,NULL,NULL,NULL,False,False,False,False,False,True,True,True,True,NULL
"1794995582",True,False,NULL,NULL,NULL,NULL,NULL,NULL,NULL,NULL,True,NULL,NULL,NULL,NULL,NULL,False,False,False,False,False,True,True,True,True,NULL
"1935588446",True,False,NULL,NULL,NULL,NULL,NULL,NULL,NULL,NULL,True,NULL,NULL,NULL,NULL,NULL,False,False,False,False,False,True,True,True,True,NULL
"7521175116",True,False,NULL,NULL,NULL,NULL,NULL,NULL,NULL,NULL,True,NULL,NULL,NULL,NULL,NULL,False,False,False,False,False,True,True,True,True,NULL
"895278020",True,False,NULL,NULL,NULL,NULL,NULL,NULL,NULL,NULL,True,NULL,NULL,NULL,NULL,NULL,False,False,False,False,False,True,True,True,True,NULL
"1652992950",True,False,NULL,NULL,NULL,NULL,NULL,NULL,NULL,NULL,True,NULL,NULL,NULL,NULL,NULL,False,False,False,False,False,True,True,True,True,NULL
"7018030337",True,False,NULL,NULL,NULL,NULL,NULL,NULL,NULL,NULL,True,NULL,NULL,NULL,NULL,NULL,False,False,False,False,False,True,True,True,True,NULL
"7738404222",True,False,NULL,NULL,NULL,NULL,NULL,NULL,NULL,NULL,True,NULL,NULL,NULL,NULL,NULL,False,False,False,False,False,True,True,True,True,NULL
"397842979",True,False,NULL,NULL,NULL,NULL,NULL,NULL,NULL,NULL,True,NULL,NULL,NULL,NULL,NULL,False,False,False,False,False,True,True,True,True,NULL
"5457338642",True,False,NULL,NULL,NULL,NULL,NULL,NULL,NULL,NULL,True,NULL,NULL,NULL,NULL,NULL,False,False,False,False,False,True,True,True,True,NULL
"6667142056",True,False,NULL,NULL,NULL,NULL,NULL,NULL,NULL,NULL,True,NULL,NULL,NULL,NULL,NULL,False,False,False,False,False,True,True,True,True,NULL
"1878801531",True,False,NULL,NULL,NULL,NULL,NULL,NULL,NULL,NULL,True,NULL,NULL,NULL,NULL,NULL,False,False,False,False,False,True,True,True,True,NULL
"7306316639",True,False,NULL,NULL,NULL,NULL,NULL,NULL,NULL,NULL,True,NULL,NULL,NULL,NULL,NULL,False,False,False,False,False,True,True,True,True,NULL
"979654805",True,False,NULL,NULL,NULL,NULL,NULL,NULL,NULL,NULL,True,NULL,NULL,NULL,NULL,NULL,False,False,False,False,False,True,True,True,True,NULL
"1393710733",True,False,NULL,NULL,NULL,NULL,NULL,NULL,NULL,NULL,True,NULL,NULL,NULL,NULL,NULL,False,False,False,False,False,True,True,True,True,NULL
"7952442903",True,False,NULL,NULL,NULL,NULL,NULL,NULL,NULL,NULL,True,NULL,NULL,NULL,NULL,NULL,False,False,False,False,False,True,True,True,True,NULL
"5372882067",True,False,NULL,NULL,NULL,NULL,NULL,NULL,NULL,NULL,True,NULL,NULL,NULL,NULL,NULL,False,False,False,False,False,True,True,True,True,NULL
"5850632565",True,False,NULL,NULL,NULL,NULL,NULL,NULL,NULL,NULL,True,NULL,NULL,NULL,NULL,NULL,False,False,False,False,False,True,True,True,True,NULL
"1245144039",True,False,NULL,NULL,NULL,NULL,NULL,NULL,NULL,NULL,True,NULL,NULL,NULL,NULL,NULL,False,False,False,False,False,True,True,True,True,NULL
"1869413970",True,False,NULL,NULL,NULL,NULL,NULL,NULL,NULL,NULL,True,NULL,NULL,NULL,NULL,NULL,False,False,False,False,False,True,True,True,True,NULL
"715312884",True,False,NULL,NULL,NULL,NULL,NULL,NULL,NULL,NULL,True,NULL,NULL,NULL,NULL,NULL,False,False,False,False,False,True,True,True,True,NULL
"620183759",True,False,NULL,NULL,NULL,NULL,NULL,NULL,NULL,NULL,True,NULL,NULL,NULL,NULL,NULL,False,False,False,False,False,True,True,True,True,NULL
"896753024",True,False,NULL,NULL,NULL,NULL,NULL,NULL,NULL,NULL,True,NULL,NULL,NULL,NULL,NULL,False,False,False,False,False,True,True,True,True,NULL
"332948906",True,False,NULL,NULL,NULL,NULL,NULL,NULL,NULL,NULL,True,NULL,NULL,NULL,NULL,NULL,False,False,False,False,False,True,True,True,True,NULL
"1026261429",True,False,NULL,NULL,NULL,NULL,NULL,NULL,NULL,NULL,True,NULL,NULL,NULL,NULL,NULL,False,False,False,False,False,True,True,True,True,NULL
"7492085693",True,False,NULL,NULL,NULL,NULL,NULL,NULL,NULL,NULL,True,NULL,NULL,NULL,NULL,NULL,False,False,False,False,False,True,True,True,True,NULL
"1268777032",True,False,NULL,NULL,NULL,NULL,NULL,NULL,NULL,NULL,True,NULL,NULL,NULL,NULL,NULL,False,False,False,False,False,True,True,True,True,NULL
"1125976917",True,False,NULL,NULL,NULL,NULL,NULL,NULL,NULL,NULL,True,NULL,NULL,NULL,NULL,NULL,False,False,False,False,False,True,True,True,True,NULL
"820404131",True,False,NULL,NULL,NULL,NULL,NULL,NULL,NULL,NULL,True,NULL,NULL,NULL,NULL,NULL,False,False,False,False,False,True,True,True,True,NULL
"6764785575",True,False,NULL,NULL,NULL,NULL,NULL,NULL,NULL,NULL,True,NULL,NULL,NULL,NULL,NULL,False,False,False,False,False,True,True,True,True,NULL
"1208984310",True,False,NULL,NULL,"Kaz",NULL,"2025-09-13 17:15:47.989041+00",NULL,NULL,NULL,True,NULL,NULL,NULL,NULL,NULL,False,False,False,False,False,True,True,True,True,NULL
"5851577403",True,False,NULL,NULL,NULL,NULL,NULL,NULL,NULL,NULL,True,NULL,NULL,NULL,NULL,NULL,False,False,False,False,False,True,True,True,True,"4dFkMAPLeUc"
"5539448340",True,False,NULL,NULL,NULL,NULL,NULL,NULL,NULL,NULL,True,NULL,NULL,NULL,NULL,NULL,False,False,False,False,False,True,True,True,True,"2E_J7w_FqaA"
"6874089028",True,False,NULL,NULL,NULL,NULL,NULL,NULL,NULL,NULL,True,NULL,NULL,NULL,NULL,NULL,False,False,False,False,False,True,True,True,True,"d91F5XqE3oc"
"7057819116",True,False,NULL,NULL,NULL,NULL,NULL,NULL,NULL,NULL,True,NULL,NULL,NULL,NULL,NULL,False,False,False,False,False,True,True,True,True,"FJuxGLXzZJc"
"5483107736",True,False,NULL,NULL,NULL,NULL,NULL,NULL,NULL,NULL,True,NULL,NULL,NULL,NULL,NULL,False,False,False,False,False,True,True,True,True,NULL
"457252038",True,False,NULL,NULL,"Shadow Crusader",20,"2025-09-19 09:04:11.774593+00","🎮",NULL,NULL,True,NULL,NULL,NULL,NULL,NULL,False,False,False,False,False,True,True,True,True,NULL
"7026294498",True,False,NULL,NULL,NULL,NULL,NULL,NULL,NULL,NULL,True,NULL,NULL,NULL,NULL,NULL,False,False,False,False,False,True,True,True,True,NULL
"5644207381",True,False,NULL,NULL,NULL,NULL,NULL,NULL,NULL,NULL,True,NULL,NULL,NULL,NULL,NULL,False,False,False,False,False,True,True,True,True,"uphBt2Pu348"
"1229106902",True,False,NULL,NULL,NULL,NULL,NULL,NULL,NULL,NULL,True,NULL,NULL,NULL,NULL,NULL,False,False,False,False,False,True,True,True,True,NULL
"1876936794",True,False,NULL,NULL,NULL,NULL,NULL,NULL,NULL,NULL,True,NULL,NULL,NULL,NULL,NULL,False,False,False,False,False,True,True,True,True,NULL
"1142105288",True,False,NULL,NULL,NULL,NULL,NULL,NULL,NULL,NULL,True,NULL,NULL,NULL,NULL,NULL,False,False,False,False,False,True,True,True,True,NULL
"910605574",True,False,NULL,NULL,NULL,NULL,NULL,NULL,NULL,NULL,True,NULL,NULL,NULL,NULL,NULL,False,False,False,False,False,True,True,True,True,NULL
"1087378018",True,False,NULL,NULL,NULL,NULL,NULL,NULL,NULL,NULL,True,NULL,NULL,NULL,NULL,NULL,False,False,False,False,False,True,True,True,True,NULL
"6240737662",True,False,NULL,NULL,NULL,NULL,NULL,NULL,NULL,NULL,True,NULL,NULL,NULL,NULL,NULL,False,False,False,False,False,True,True,True,True,NULL
"1785555796",True,False,NULL,NULL,NULL,NULL,NULL,NULL,NULL,NULL,True,NULL,NULL,NULL,NULL,NULL,False,False,False,False,False,True,True,True,True,NULL
"6523849606",True,False,NULL,NULL,NULL,NULL,NULL,NULL,NULL,NULL,True,NULL,NULL,NULL,NULL,NULL,False,False,False,False,False,True,True,True,True,NULL
"1782867813",True,False,NULL,NULL,NULL,NULL,NULL,NULL,NULL,NULL,True,NULL,NULL,NULL,NULL,NULL,False,False,False,False,False,True,True,True,True,NULL
"677713914",True,False,NULL,NULL,NULL,NULL,NULL,NULL,NULL,NULL,True,NULL,NULL,NULL,NULL,NULL,False,False,False,False,False,True,True,True,True,NULL
"7370636401",True,False,NULL,NULL,NULL,NULL,NULL,NULL,NULL,NULL,True,NULL,NULL,NULL,NULL,NULL,False,False,False,False,False,True,True,True,True,NULL
"636808362",True,False,NULL,NULL,NULL,NULL,NULL,NULL,NULL,NULL,True,NULL,NULL,NULL,NULL,NULL,False,False,False,False,False,True,True,True,True,NULL
"468731800",True,False,NULL,NULL,NULL,NULL,NULL,NULL,NULL,NULL,True,NULL,NULL,NULL,NULL,NULL,False,False,False,False,False,True,True,True,True,NULL
"6977599613",True,False,NULL,NULL,NULL,NULL,NULL,NULL,NULL,NULL,True,NULL,NULL,NULL,NULL,NULL,False,False,False,False,False,True,True,True,True,NULL
"6895374705",True,False,NULL,NULL,NULL,NULL,NULL,NULL,NULL,NULL,True,NULL,NULL,NULL,NULL,NULL,False,False,False,False,False,True,True,True,True,NULL
"5296737336",True,False,NULL,NULL,NULL,NULL,NULL,NULL,NULL,NULL,True,NULL,NULL,NULL,NULL,NULL,False,False,False,False,False,True,True,True,True,NULL
"8351947978",True,False,NULL,NULL,NULL,NULL,NULL,NULL,NULL,NULL,True,NULL,NULL,NULL,NULL,NULL,False,False,False,False,False,True,True,True,True,NULL
"5269825753",True,False,NULL,NULL,NULL,NULL,NULL,NULL,NULL,NULL,True,NULL,NULL,NULL,NULL,NULL,False,False,False,False,False,True,True,True,True,NULL
"725994739",True,False,NULL,NULL,NULL,NULL,NULL,NULL,NULL,NULL,True,NULL,NULL,NULL,NULL,NULL,False,False,False,False,False,True,True,True,True,NULL
"1165939946",True,False,NULL,NULL,NULL,NULL,NULL,NULL,NULL,NULL,True,NULL,NULL,NULL,NULL,NULL,False,False,False,False,False,True,True,True,True,NULL
"1274564943",True,False,NULL,NULL,NULL,NULL,NULL,NULL,NULL,NULL,True,NULL,NULL,NULL,NULL,NULL,False,False,False,False,False,True,True,True,True,NULL
"1259922071",False,False,NULL,NULL,NULL,NULL,NULL,NULL,NULL,NULL,True,NULL,NULL,NULL,NULL,NULL,False,False,False,False,False,True,True,True,True,NULL
"6754156879",True,False,NULL,NULL,NULL,NULL,NULL,NULL,NULL,NULL,True,NULL,NULL,NULL,NULL,NULL,False,False,False,False,False,True,True,True,True,NULL
"5139764466",True,False,NULL,NULL,NULL,NULL,NULL,NULL,NULL,NULL,True,NULL,NULL,NULL,NULL,NULL,False,False,False,False,False,True,True,True,True,NULL
"8055250084",False,False,NULL,NULL,NULL,NULL,NULL,NULL,NULL,NULL,True,NULL,NULL,NULL,NULL,NULL,False,False,False,False,False,True,True,True,True,NULL
"5511445707",True,False,NULL,NULL,NULL,NULL,NULL,NULL,NULL,NULL,True,NULL,NULL,NULL,NULL,NULL,False,False,False,False,False,True,True,True,True,NULL
"8262477776",True,False,NULL,NULL,NULL,NULL,NULL,NULL,NULL,NULL,True,NULL,NULL,NULL,NULL,NULL,False,False,False,False,False,True,True,True,True,"KvSJ5QfDb_g"
"6119674084",True,False,NULL,NULL,NULL,NULL,NULL,NULL,NULL,NULL,True,NULL,NULL,NULL,NULL,NULL,False,False,False,False,False,True,True,True,True,NULL
"1216098574",True,False,NULL,NULL,NULL,NULL,NULL,NULL,NULL,NULL,True,NULL,NULL,NULL,NULL,NULL,False,False,False,False,False,True,True,True,True,NULL
"6988519540",True,False,NULL,NULL,NULL,NULL,NULL,NULL,NULL,NULL,True,NULL,NULL,NULL,NULL,NULL,False,False,False,False,False,True,True,True,True,NULL
"762009375",True,False,NULL,NULL,NULL,NULL,NULL,NULL,NULL,NULL,True,NULL,NULL,NULL,NULL,NULL,False,False,False,False,False,True,True,True,True,NULL
"1366225762",True,False,NULL,NULL,NULL,NULL,NULL,NULL,NULL,NULL,True,NULL,NULL,NULL,NULL,NULL,False,False,False,False,False,True,True,True,True,NULL
"1239302887",True,False,NULL,NULL,NULL,NULL,NULL,NULL,NULL,NULL,True,NULL,NULL,NULL,NULL,NULL,False,False,False,False,False,True,True,True,True,NULL
"8388149199",True,False,NULL,NULL,NULL,NULL,NULL,NULL,NULL,NULL,True,NULL,NULL,NULL,NULL,NULL,False,False,False,False,False,True,True,True,True,NULL
"5405848539",True,False,NULL,NULL,"faiyaz",0,"2025-10-24 16:47:40.130245+00","🎧",NULL,NULL,True,NULL,NULL,NULL,NULL,NULL,False,False,False,False,False,True,True,True,True,NULL
"5523470065",True,False,NULL,NULL,NULL,NULL,NULL,NULL,NULL,NULL,True,NULL,NULL,NULL,NULL,NULL,False,False,False,False,False,True,True,True,True,NULL
"6066641267",True,False,NULL,NULL,NULL,NULL,NULL,NULL,NULL,NULL,True,NULL,NULL,NULL,NULL,NULL,False,False,False,False,False,True,True,True,True,NULL
"536324267",True,False,NULL,NULL,NULL,NULL,NULL,NULL,NULL,NULL,True,NULL,NULL,NULL,NULL,NULL,False,False,False,False,False,True,True,True,True,NULL
"5092998968",True,False,NULL,NULL,NULL,NULL,NULL,NULL,NULL,NULL,True,NULL,NULL,NULL,NULL,NULL,False,False,False,False,False,True,True,True,True,NULL
"6886183408",True,False,NULL,NULL,NULL,NULL,NULL,NULL,NULL,NULL,True,NULL,NULL,NULL,NULL,NULL,False,False,False,False,False,True,True,True,True,NULL
"7675052189",True,False,NULL,NULL,NULL,NULL,NULL,NULL,NULL,NULL,True,NULL,NULL,NULL,NULL,NULL,False,False,False,False,False,True,True,True,True,NULL
"6344107715",True,False,NULL,NULL,NULL,NULL,NULL,NULL,NULL,NULL,True,NULL,NULL,NULL,NULL,NULL,False,False,False,False,False,True,True,True,True,NULL
"1648526565",False,False,NULL,NULL,NULL,NULL,NULL,NULL,NULL,NULL,True,NULL,NULL,NULL,NULL,NULL,False,False,False,False,False,True,True,True,True,NULL
"719939743",True,False,NULL,NULL,NULL,NULL,NULL,NULL,NULL,NULL,True,NULL,NULL,NULL,NULL,NULL,False,False,False,False,False,True,True,True,True,NULL
"7161181638",True,False,NULL,NULL,NULL,NULL,NULL,NULL,NULL,NULL,True,NULL,NULL,NULL,NULL,NULL,False,False,False,False,False,True,True,True,True,NULL
"5255118601",True,False,NULL,NULL,NULL,NULL,NULL,NULL,NULL,NULL,True,NULL,NULL,NULL,NULL,NULL,False,False,False,False,False,True,True,True,True,NULL
"1174768157",True,False,NULL,NULL,NULL,NULL,NULL,NULL,NULL,NULL,True,NULL,NULL,NULL,NULL,NULL,False,False,False,False,False,True,True,True,True,NULL
"8314976128",True,False,NULL,NULL,NULL,NULL,NULL,NULL,NULL,NULL,True,NULL,NULL,NULL,NULL,NULL,False,False,False,False,False,True,True,True,True,NULL
"6475463202",True,False,NULL,NULL,NULL,NULL,NULL,NULL,NULL,NULL,True,NULL,NULL,NULL,NULL,NULL,False,False,False,False,False,True,True,True,True,NULL
"420958721",True,False,NULL,NULL,NULL,NULL,NULL,NULL,NULL,NULL,True,NULL,NULL,NULL,NULL,NULL,False,False,False,False,False,True,True,True,True,NULL
"6680595915",True,False,NULL,NULL,NULL,NULL,NULL,"🦊",NULL,NULL,True,NULL,NULL,NULL,NULL,NULL,False,False,False,False,False,True,True,True,True,NULL
"1020214209",True,False,NULL,NULL,NULL,NULL,NULL,NULL,NULL,NULL,True,NULL,NULL,NULL,NULL,NULL,False,False,False,False,False,True,True,True,True,NULL
"1815638450",True,False,NULL,NULL,NULL,NULL,NULL,NULL,NULL,NULL,True,NULL,NULL,NULL,NULL,NULL,False,False,False,False,False,True,True,True,True,NULL
"776208338",True,False,NULL,NULL,NULL,NULL,NULL,NULL,NULL,NULL,True,NULL,NULL,NULL,NULL,NULL,False,False,False,False,False,True,True,True,True,NULL
"685605604",True,False,NULL,NULL,NULL,NULL,NULL,NULL,NULL,NULL,True,NULL,NULL,NULL,NULL,NULL,False,False,False,False,False,True,True,True,True,NULL
"666153472",True,False,NULL,NULL,NULL,NULL,NULL,NULL,NULL,NULL,True,NULL,NULL,NULL,NULL,NULL,False,False,False,False,False,True,True,True,True,NULL
"6160437513",True,False,NULL,NULL,NULL,NULL,NULL,NULL,NULL,NULL,True,NULL,NULL,NULL,NULL,NULL,False,False,False,False,False,True,True,True,True,NULL
"5265009258",True,False,NULL,NULL,NULL,NULL,NULL,NULL,NULL,NULL,True,NULL,NULL,NULL,NULL,NULL,False,False,False,False,False,True,True,True,True,NULL
"1465944838",True,False,NULL,NULL,"Asalante",0,"2025-10-02 18:22:28.290187+00",NULL,NULL,NULL,True,NULL,NULL,NULL,NULL,NULL,False,False,False,False,False,True,True,True,True,NULL
"7966986352",True,False,NULL,NULL,NULL,NULL,NULL,NULL,NULL,NULL,True,NULL,NULL,NULL,NULL,NULL,False,False,False,False,False,True,True,True,True,NULL
"465935556",True,False,NULL,NULL,NULL,NULL,NULL,NULL,NULL,NULL,True,NULL,NULL,NULL,NULL,NULL,False,False,False,False,False,True,True,True,True,NULL
"7205824701",True,False,NULL,NULL,NULL,NULL,NULL,NULL,NULL,NULL,True,NULL,NULL,NULL,NULL,NULL,False,False,False,False,False,True,True,True,True,NULL
"5518614464",True,False,NULL,NULL,NULL,NULL,NULL,NULL,NULL,NULL,True,NULL,NULL,NULL,NULL,NULL,False,False,False,False,False,True,True,True,True,NULL
"6651110505",True,False,NULL,NULL,NULL,NULL,NULL,NULL,NULL,NULL,True,NULL,NULL,NULL,NULL,NULL,False,False,False,False,False,True,True,True,True,NULL
"568063330",True,False,NULL,NULL,NULL,NULL,NULL,NULL,NULL,NULL,True,NULL,NULL,NULL,NULL,NULL,False,False,False,False,False,True,True,True,True,NULL
"7853828912",True,False,NULL,NULL,NULL,NULL,NULL,NULL,NULL,NULL,True,NULL,NULL,NULL,NULL,NULL,False,False,False,False,False,True,True,True,True,NULL
"7156234858",True,False,NULL,NULL,NULL,NULL,NULL,NULL,NULL,NULL,True,NULL,NULL,NULL,NULL,NULL,False,False,False,False,False,True,True,True,True,NULL
"5898485482",True,False,NULL,NULL,NULL,NULL,NULL,NULL,NULL,NULL,True,NULL,NULL,NULL,NULL,NULL,False,False,False,False,False,True,True,True,True,NULL
"678070226",True,False,NULL,NULL,NULL,NULL,NULL,NULL,NULL,NULL,True,NULL,NULL,NULL,NULL,NULL,False,False,False,False,False,True,True,True,True,NULL
"371127205",True,False,NULL,NULL,NULL,NULL,NULL,NULL,NULL,NULL,True,NULL,NULL,NULL,NULL,NULL,False,False,False,False,False,True,True,True,True,NULL
"7064103924",True,False,NULL,NULL,NULL,NULL,NULL,NULL,NULL,NULL,True,NULL,NULL,NULL,NULL,NULL,False,False,False,False,False,True,True,True,True,NULL
"538840606",True,False,NULL,NULL,NULL,NULL,NULL,NULL,NULL,NULL,True,NULL,NULL,NULL,NULL,NULL,False,False,False,False,False,True,True,True,True,NULL
"5980863479",True,False,NULL,NULL,NULL,NULL,NULL,NULL,NULL,NULL,True,NULL,NULL,NULL,NULL,NULL,False,False,False,False,False,True,True,True,True,NULL
"6017652581",True,False,NULL,NULL,NULL,NULL,NULL,NULL,NULL,NULL,True,NULL,NULL,NULL,NULL,NULL,False,False,False,False,False,True,True,True,True,NULL
"6836890407",True,False,NULL,NULL,NULL,NULL,NULL,NULL,NULL,NULL,True,NULL,NULL,NULL,NULL,NULL,False,False,False,False,False,True,True,True,True,NULL
"1158048639",True,False,NULL,NULL,NULL,NULL,NULL,NULL,NULL,NULL,True,NULL,NULL,NULL,NULL,NULL,False,False,False,False,False,True,True,True,True,NULL
"1431024323",True,False,NULL,NULL,NULL,NULL,NULL,NULL,NULL,NULL,True,NULL,NULL,NULL,NULL,NULL,False,False,False,False,False,True,True,True,True,NULL
"5921538099",True,False,NULL,NULL,NULL,NULL,NULL,NULL,NULL,NULL,True,NULL,NULL,NULL,NULL,NULL,False,False,False,False,False,True,True,True,True,NULL
"6793272898",True,False,NULL,NULL,NULL,NULL,NULL,NULL,NULL,NULL,True,NULL,NULL,NULL,NULL,NULL,False,False,False,False,False,True,True,True,True,NULL
"1326722635",True,False,NULL,NULL,NULL,NULL,NULL,NULL,NULL,NULL,True,NULL,NULL,NULL,NULL,NULL,False,False,False,False,False,True,True,True,True,NULL
"8230045759",True,False,NULL,NULL,NULL,NULL,NULL,NULL,NULL,NULL,True,NULL,NULL,NULL,NULL,NULL,False,False,False,False,False,True,True,True,True,NULL
"5600264949",False,False,NULL,NULL,NULL,NULL,NULL,NULL,NULL,NULL,True,NULL,NULL,NULL,NULL,NULL,False,False,False,False,False,True,True,True,True,NULL
"905960167",True,False,NULL,NULL,NULL,NULL,NULL,NULL,NULL,NULL,True,NULL,NULL,NULL,NULL,NULL,False,False,False,False,False,True,True,True,True,NULL
"609613138",False,False,NULL,NULL,NULL,NULL,NULL,NULL,NULL,NULL,True,NULL,NULL,NULL,NULL,NULL,False,False,False,False,False,True,True,True,True,NULL
"8081030089",True,False,NULL,NULL,NULL,NULL,NULL,NULL,NULL,NULL,True,NULL,NULL,NULL,NULL,NULL,False,False,False,False,False,True,True,True,True,NULL
"7593845064",False,False,NULL,NULL,NULL,NULL,NULL,NULL,NULL,NULL,True,NULL,NULL,NULL,NULL,NULL,False,False,False,False,False,True,True,True,True,NULL
"1331710400",False,False,NULL,NULL,NULL,NULL,NULL,NULL,NULL,NULL,True,NULL,NULL,NULL,NULL,NULL,False,False,False,False,False,True,True,True,True,NULL
"1227005465",True,False,NULL,NULL,NULL,NULL,NULL,NULL,NULL,NULL,True,NULL,NULL,NULL,NULL,NULL,False,False,False,False,False,True,True,True,True,NULL
"1518060503",True,False,NULL,NULL,NULL,NULL,NULL,NULL,NULL,NULL,True,NULL,NULL,NULL,NULL,NULL,False,False,False,False,False,True,True,True,True,NULL
"771935365",True,False,NULL,NULL,NULL,NULL,NULL,NULL,NULL,NULL,True,NULL,NULL,NULL,NULL,NULL,False,False,False,False,False,True,True,True,True,NULL
"612205016",True,False,NULL,NULL,NULL,NULL,NULL,NULL,NULL,NULL,True,NULL,NULL,NULL,NULL,NULL,False,False,False,False,False,True,True,True,True,NULL
"6237963303",False,False,NULL,NULL,NULL,NULL,NULL,NULL,NULL,NULL,True,NULL,NULL,NULL,NULL,NULL,False,False,False,False,False,True,True,True,True,NULL
"2005834418",True,False,NULL,NULL,"Stealer",NULL,"2025-10-22 18:32:08.202562+00","🥲",NULL,NULL,True,NULL,NULL,NULL,NULL,NULL,False,False,False,False,False,True,True,True,True,NULL
"5912870996",False,False,NULL,NULL,NULL,NULL,NULL,NULL,NULL,NULL,True,NULL,NULL,NULL,NULL,NULL,False,False,False,False,False,True,True,True,True,NULL
"7390734443",True,False,NULL,NULL,"Neon",NULL,"2025-10-02 06:19:58.414385+00","🥲",NULL,NULL,True,NULL,NULL,NULL,NULL,NULL,False,False,False,False,False,True,True,True,True,NULL
"1440671301",False,False,NULL,NULL,NULL,NULL,NULL,NULL,NULL,NULL,True,NULL,NULL,NULL,NULL,NULL,False,False,False,False,False,True,True,True,True,NULL
"1027859762",True,False,NULL,NULL,NULL,NULL,NULL,NULL,NULL,NULL,True,NULL,NULL,NULL,NULL,NULL,False,False,False,False,False,True,True,True,True,NULL
"621982260",True,False,NULL,NULL,NULL,NULL,NULL,NULL,NULL,NULL,True,NULL,NULL,NULL,NULL,NULL,False,False,False,False,False,True,True,True,True,NULL
"7461434187",True,False,NULL,NULL,NULL,NULL,NULL,NULL,NULL,NULL,True,NULL,NULL,NULL,NULL,NULL,False,False,False,False,False,True,True,True,True,NULL
"5998645722",True,False,NULL,NULL,NULL,NULL,NULL,NULL,NULL,NULL,True,NULL,NULL,NULL,NULL,NULL,False,False,False,False,False,True,True,True,True,NULL
"1798836432",True,False,NULL,NULL,NULL,NULL,NULL,NULL,NULL,NULL,True,NULL,NULL,NULL,NULL,NULL,False,False,False,False,False,True,True,True,True,NULL
"1351251739",True,False,NULL,NULL,NULL,NULL,NULL,NULL,NULL,NULL,True,NULL,NULL,NULL,NULL,NULL,False,False,False,False,False,True,True,True,True,NULL
"1182623808",False,False,NULL,NULL,NULL,NULL,NULL,NULL,NULL,NULL,True,NULL,NULL,NULL,NULL,NULL,False,False,False,False,False,True,True,True,True,NULL
"7048360162",True,False,NULL,NULL,NULL,NULL,NULL,NULL,NULL,NULL,True,NULL,NULL,NULL,NULL,NULL,False,False,False,False,False,True,True,True,True,NULL
"533331988",True,False,NULL,NULL,NULL,NULL,NULL,NULL,NULL,NULL,True,NULL,NULL,NULL,NULL,NULL,False,False,False,False,False,True,True,True,True,NULL
"1350006286",True,False,NULL,NULL,NULL,NULL,NULL,NULL,NULL,NULL,True,NULL,NULL,NULL,NULL,NULL,False,False,False,False,False,True,True,True,True,NULL
"586028292",True,False,NULL,NULL,"Geo",NULL,"2025-10-08 17:48:00.283974+00","🎧",NULL,NULL,False,NULL,NULL,NULL,NULL,NULL,False,False,False,False,False,True,True,True,True,NULL
"813345099",True,False,NULL,NULL,NULL,NULL,NULL,NULL,NULL,NULL,True,NULL,NULL,NULL,NULL,NULL,False,False,False,False,False,True,True,True,True,NULL
"1011209995",False,False,NULL,NULL,NULL,NULL,NULL,NULL,NULL,NULL,True,NULL,NULL,NULL,NULL,NULL,False,False,False,False,False,True,True,True,True,NULL
"5059406994",True,False,NULL,NULL,NULL,NULL,NULL,NULL,NULL,NULL,True,NULL,NULL,NULL,NULL,NULL,False,False,False,False,False,True,True,True,True,NULL
"605635859",True,False,NULL,NULL,"Cactus",NULL,"2025-10-24 07:01:07.526267+00","👻",NULL,NULL,True,NULL,NULL,NULL,NULL,NULL,False,False,False,False,False,True,True,True,True,NULL
"6344569931",True,False,NULL,NULL,NULL,NULL,NULL,NULL,NULL,NULL,True,NULL,NULL,NULL,NULL,NULL,False,False,False,False,False,True,True,True,True,NULL
"6284277248",True,False,NULL,NULL,NULL,NULL,NULL,NULL,NULL,NULL,True,NULL,NULL,NULL,NULL,NULL,False,False,False,False,False,True,True,True,True,NULL
"1402675942",False,False,NULL,NULL,NULL,NULL,NULL,NULL,NULL,NULL,True,NULL,NULL,NULL,NULL,NULL,False,False,False,False,False,True,True,True,True,NULL
"7574362495",True,False,NULL,NULL,NULL,NULL,NULL,NULL,NULL,NULL,True,NULL,NULL,NULL,NULL,NULL,False,False,False,False,False,True,True,True,True,NULL
"5833803749",True,False,NULL,NULL,NULL,NULL,NULL,NULL,NULL,NULL,True,NULL,NULL,NULL,NULL,NULL,False,False,False,False,False,True,True,True,True,NULL
"627166214",True,False,NULL,NULL,NULL,NULL,NULL,NULL,NULL,NULL,True,NULL,NULL,NULL,NULL,NULL,False,False,False,False,False,True,True,True,True,NULL
"6830413238",True,False,NULL,NULL,NULL,NULL,NULL,NULL,NULL,NULL,True,NULL,NULL,NULL,NULL,NULL,False,False,False,False,False,True,True,True,True,NULL
"1303373187",True,False,NULL,NULL,NULL,NULL,NULL,NULL,NULL,NULL,True,NULL,NULL,NULL,NULL,NULL,False,False,False,False,False,True,True,True,True,NULL
"711410040",True,False,NULL,NULL,NULL,NULL,NULL,NULL,NULL,NULL,True,NULL,NULL,NULL,NULL,NULL,False,False,False,False,False,True,True,True,True,NULL
"5995231029",True,False,NULL,NULL,NULL,NULL,NULL,NULL,NULL,NULL,True,NULL,NULL,NULL,NULL,NULL,False,False,False,False,False,True,True,True,True,NULL
"559161317",True,False,NULL,NULL,NULL,NULL,NULL,NULL,NULL,NULL,True,NULL,NULL,NULL,NULL,NULL,False,False,False,False,False,True,True,True,True,NULL
"640494401",True,False,NULL,NULL,NULL,NULL,NULL,NULL,NULL,NULL,True,NULL,NULL,NULL,NULL,NULL,False,False,False,False,False,True,True,True,True,NULL
"822312597",True,False,NULL,NULL,NULL,NULL,NULL,NULL,NULL,NULL,True,NULL,NULL,NULL,NULL,NULL,False,False,False,False,False,True,True,True,True,NULL
"1779792667",True,False,NULL,NULL,NULL,NULL,NULL,NULL,NULL,NULL,True,NULL,NULL,NULL,NULL,NULL,False,False,False,False,False,True,True,True,True,NULL
"7638193337",False,False,NULL,NULL,NULL,NULL,NULL,NULL,NULL,NULL,True,NULL,NULL,NULL,NULL,NULL,False,False,False,False,False,True,True,True,True,NULL
"7792172477",True,False,NULL,NULL,"Shazaam",NULL,"2025-09-12 13:08:03.872833+00","🎮",NULL,"they all lie",True,NULL,NULL,NULL,NULL,NULL,False,False,False,False,False,True,True,True,True,"1PMy4YbOM3s"
"1374514441",True,False,NULL,NULL,"Mors",NULL,"2025-09-27 15:08:09.549495+00","👤",NULL,NULL,True,NULL,NULL,NULL,NULL,NULL,False,False,False,False,False,True,True,True,True,NULL
"768389642",True,False,NULL,NULL,NULL,NULL,NULL,NULL,NULL,NULL,True,NULL,NULL,NULL,NULL,NULL,False,False,False,False,False,True,True,True,True,NULL
"5885015882",True,False,NULL,NULL,NULL,NULL,NULL,NULL,NULL,NULL,True,NULL,NULL,NULL,NULL,NULL,False,False,False,False,False,True,True,True,True,NULL
"7212811129",True,False,NULL,NULL,NULL,NULL,NULL,NULL,NULL,NULL,True,NULL,NULL,NULL,NULL,NULL,False,False,False,False,False,True,True,True,True,NULL
"5103917894",True,False,NULL,NULL,NULL,NULL,NULL,NULL,NULL,NULL,True,NULL,NULL,NULL,NULL,NULL,False,False,False,False,False,True,True,True,True,NULL
"5269090357",True,False,NULL,NULL,"Catwoman",20,"2025-10-08 09:02:44.471322+00","✨",NULL,"Daydreamer",False,NULL,NULL,NULL,NULL,NULL,False,False,False,False,False,True,True,True,True,NULL
"1040702794",True,False,NULL,NULL,NULL,NULL,NULL,NULL,NULL,NULL,True,NULL,NULL,NULL,NULL,NULL,False,False,False,False,False,True,True,True,True,NULL
"7367236185",True,False,NULL,NULL,NULL,NULL,NULL,NULL,NULL,NULL,True,NULL,NULL,NULL,NULL,NULL,False,False,False,False,False,True,True,True,True,NULL
"1872248867",True,False,NULL,NULL,NULL,NULL,NULL,NULL,NULL,NULL,True,NULL,NULL,NULL,NULL,NULL,False,False,False,False,False,True,True,True,True,NULL
"647728235",True,False,NULL,NULL,NULL,NULL,NULL,NULL,NULL,NULL,True,NULL,NULL,NULL,NULL,NULL,False,False,False,False,False,True,True,True,True,NULL
"921560950",True,False,NULL,NULL,NULL,NULL,NULL,NULL,NULL,NULL,True,NULL,NULL,NULL,NULL,NULL,False,False,False,False,False,True,True,True,True,NULL
"6807375203",True,False,NULL,NULL,NULL,NULL,NULL,NULL,NULL,NULL,True,NULL,NULL,NULL,NULL,NULL,False,False,False,False,False,True,True,True,True,NULL
"1793558270",True,False,NULL,NULL,NULL,NULL,NULL,NULL,NULL,NULL,True,NULL,NULL,NULL,NULL,NULL,False,False,False,False,False,True,True,True,True,NULL
"5805081846",True,False,NULL,NULL,NULL,NULL,NULL,NULL,NULL,NULL,True,NULL,NULL,NULL,NULL,NULL,False,False,False,False,False,True,True,True,True,NULL
"1037187156",True,False,NULL,NULL,NULL,NULL,NULL,NULL,NULL,NULL,True,NULL,NULL,NULL,NULL,NULL,False,False,False,False,False,True,True,True,True,NULL
"6330733836",False,False,NULL,NULL,NULL,NULL,NULL,NULL,NULL,NULL,True,NULL,NULL,NULL,NULL,NULL,False,False,False,False,False,True,True,True,True,NULL
"857205487",True,False,NULL,NULL,NULL,NULL,NULL,NULL,NULL,NULL,True,NULL,NULL,NULL,NULL,NULL,False,False,False,False,False,True,True,True,True,NULL
"7172291701",True,False,NULL,NULL,NULL,NULL,NULL,NULL,NULL,NULL,True,NULL,NULL,NULL,NULL,NULL,False,False,False,False,False,True,True,True,True,NULL
"6693251304",True,False,NULL,NULL,NULL,NULL,NULL,NULL,NULL,NULL,True,NULL,NULL,NULL,NULL,NULL,False,False,False,False,False,True,True,True,True,NULL
"1069698109",True,False,NULL,NULL,NULL,NULL,NULL,NULL,NULL,NULL,True,NULL,NULL,NULL,NULL,NULL,False,False,False,False,False,True,True,True,True,NULL
"5686835346",True,False,NULL,NULL,NULL,NULL,NULL,NULL,NULL,NULL,True,NULL,NULL,NULL,NULL,NULL,False,False,False,False,False,True,True,True,True,NULL
"1620756546",True,False,NULL,NULL,NULL,NULL,NULL,NULL,NULL,NULL,True,NULL,NULL,NULL,NULL,NULL,False,False,False,False,False,True,True,True,True,NULL
"2015060965",True,False,NULL,NULL,NULL,NULL,NULL,NULL,NULL,NULL,True,NULL,NULL,NULL,NULL,NULL,False,False,False,False,False,True,True,True,True,NULL
"8417118194",True,False,NULL,NULL,NULL,NULL,NULL,NULL,NULL,NULL,True,NULL,NULL,NULL,NULL,NULL,False,False,False,False,False,True,True,True,True,NULL
"6526562591",True,False,NULL,NULL,NULL,NULL,NULL,NULL,NULL,NULL,True,NULL,NULL,NULL,NULL,NULL,False,False,False,False,False,True,True,True,True,NULL
"5086986974",True,False,NULL,NULL,NULL,NULL,NULL,NULL,NULL,NULL,True,NULL,NULL,NULL,NULL,NULL,False,False,False,False,False,True,True,True,True,NULL
"5323056137",True,False,NULL,NULL,NULL,NULL,NULL,NULL,NULL,NULL,True,NULL,NULL,NULL,NULL,NULL,False,False,False,False,False,True,True,True,True,NULL
"1216577068",True,False,NULL,NULL,NULL,NULL,NULL,NULL,NULL,NULL,True,NULL,NULL,NULL,NULL,NULL,False,False,False,False,False,True,True,True,True,NULL
"6785945734",True,False,NULL,NULL,NULL,NULL,NULL,NULL,NULL,NULL,True,NULL,NULL,NULL,NULL,NULL,False,False,False,False,False,True,True,True,True,NULL
"8034707561",True,False,NULL,NULL,NULL,NULL,NULL,NULL,NULL,NULL,True,NULL,NULL,NULL,NULL,NULL,False,False,False,False,False,True,True,True,True,NULL
"7670769288",True,False,NULL,NULL,NULL,NULL,NULL,NULL,NULL,NULL,True,NULL,NULL,NULL,NULL,NULL,False,False,False,False,False,True,True,True,True,NULL
"2030658738",True,False,NULL,NULL,NULL,NULL,NULL,NULL,NULL,NULL,True,NULL,NULL,NULL,NULL,NULL,False,False,False,False,False,True,True,True,True,NULL
"1192228153",True,False,NULL,NULL,NULL,NULL,NULL,NULL,NULL,NULL,True,NULL,NULL,NULL,NULL,NULL,False,False,False,False,False,True,True,True,True,NULL
"5767316664",True,False,NULL,NULL,NULL,NULL,NULL,NULL,NULL,NULL,True,NULL,NULL,NULL,NULL,NULL,False,False,False,False,False,True,True,True,True,NULL
"7273654802",True,False,NULL,NULL,NULL,NULL,NULL,NULL,NULL,NULL,True,NULL,NULL,NULL,NULL,NULL,False,False,False,False,False,True,True,True,True,NULL
"1944279581",True,False,NULL,NULL,"Based",NULL,"2025-10-21 00:46:15.558151+00",NULL,NULL,NULL,True,NULL,NULL,NULL,NULL,NULL,False,False,False,False,False,True,True,True,True,NULL
"6150566827",True,False,NULL,NULL,NULL,NULL,NULL,NULL,NULL,NULL,True,NULL,NULL,NULL,NULL,NULL,False,False,False,False,False,True,True,True,True,NULL
"679454829",True,False,NULL,NULL,NULL,NULL,NULL,NULL,NULL,NULL,True,NULL,NULL,NULL,NULL,NULL,False,False,False,False,False,True,True,True,True,NULL
"680795435",True,False,NULL,NULL,NULL,NULL,NULL,NULL,NULL,NULL,True,NULL,NULL,NULL,NULL,NULL,False,False,False,False,False,True,True,True,True,NULL
"841563311",True,False,NULL,NULL,NULL,NULL,NULL,NULL,NULL,NULL,True,NULL,NULL,NULL,NULL,NULL,False,False,False,False,False,True,True,True,True,NULL
"617247756",True,False,NULL,NULL,NULL,NULL,NULL,NULL,NULL,NULL,True,NULL,NULL,NULL,NULL,NULL,False,False,False,False,False,True,True,True,True,NULL
"1419387293",True,False,NULL,NULL,NULL,NULL,NULL,NULL,NULL,NULL,True,NULL,NULL,NULL,NULL,NULL,False,False,False,False,False,True,True,True,True,NULL
"6563008880",True,False,NULL,NULL,NULL,NULL,NULL,NULL,NULL,NULL,True,NULL,NULL,NULL,NULL,NULL,False,False,False,False,False,True,True,True,True,NULL
"7529419844",True,False,NULL,NULL,NULL,NULL,NULL,NULL,NULL,NULL,True,NULL,NULL,NULL,NULL,NULL,False,False,False,False,False,True,True,True,True,NULL
"6044240438",True,False,NULL,NULL,NULL,NULL,NULL,NULL,NULL,NULL,True,NULL,NULL,NULL,NULL,NULL,False,False,False,False,False,True,True,True,True,NULL
"7393568881",True,False,NULL,NULL,NULL,NULL,NULL,NULL,NULL,NULL,True,NULL,NULL,NULL,NULL,NULL,False,False,False,False,False,True,True,True,True,NULL
"8087264374",True,False,NULL,NULL,NULL,NULL,NULL,NULL,NULL,NULL,True,NULL,NULL,NULL,NULL,NULL,False,False,False,False,False,True,True,True,True,NULL
"6170475301",True,False,NULL,NULL,NULL,NULL,NULL,NULL,NULL,NULL,True,NULL,NULL,NULL,NULL,NULL,False,False,False,False,False,True,True,True,True,NULL
"1254577272",True,False,NULL,NULL,NULL,NULL,NULL,NULL,NULL,NULL,True,NULL,NULL,NULL,NULL,NULL,False,False,False,False,False,True,True,True,True,NULL
"5754275614",True,False,NULL,NULL,NULL,NULL,NULL,NULL,NULL,NULL,True,NULL,NULL,NULL,NULL,NULL,False,False,False,False,False,True,True,True,True,NULL
"5343833986",True,False,NULL,NULL,NULL,NULL,NULL,NULL,NULL,NULL,True,NULL,NULL,NULL,NULL,NULL,False,False,False,False,False,True,True,True,True,NULL
"5799918161",True,False,NULL,NULL,NULL,NULL,NULL,NULL,NULL,NULL,True,NULL,NULL,NULL,NULL,NULL,False,False,False,False,False,True,True,True,True,NULL
"2001920875",True,False,NULL,NULL,NULL,NULL,NULL,NULL,NULL,NULL,True,NULL,NULL,NULL,NULL,NULL,False,False,False,False,False,True,True,True,True,NULL
"1182263868",True,False,NULL,NULL,NULL,NULL,NULL,NULL,NULL,NULL,True,NULL,NULL,NULL,NULL,NULL,False,False,False,False,False,True,True,True,True,NULL
"927060357",True,False,NULL,NULL,NULL,NULL,NULL,NULL,NULL,NULL,True,NULL,NULL,NULL,NULL,NULL,False,False,False,False,False,True,True,True,True,NULL
"1308334823",True,False,NULL,NULL,NULL,NULL,NULL,NULL,NULL,NULL,True,NULL,NULL,NULL,NULL,NULL,False,False,False,False,False,True,True,True,True,NULL
"422733508",True,False,NULL,NULL,"Monogon",NULL,"2025-10-11 07:34:24.018424+00",NULL,NULL,NULL,True,"Male",NULL,NULL,NULL,NULL,True,False,False,False,False,True,True,True,True,NULL
"1289981382",True,False,NULL,NULL,NULL,NULL,NULL,NULL,NULL,NULL,True,NULL,NULL,NULL,NULL,NULL,False,False,False,False,False,True,True,True,True,NULL
"6278245988",True,False,NULL,NULL,NULL,NULL,NULL,NULL,NULL,NULL,True,NULL,NULL,NULL,NULL,NULL,False,False,False,False,False,True,True,True,True,NULL
"6268370714",True,False,NULL,NULL,NULL,NULL,NULL,NULL,NULL,NULL,True,NULL,NULL,NULL,NULL,NULL,False,False,False,False,False,True,True,True,True,NULL
"5862607797",True,False,NULL,NULL,NULL,NULL,NULL,NULL,NULL,NULL,True,NULL,NULL,NULL,NULL,NULL,False,False,False,False,False,True,True,True,True,NULL
"8051693461",True,False,NULL,NULL,NULL,NULL,NULL,NULL,NULL,NULL,True,NULL,NULL,NULL,NULL,NULL,False,False,False,False,False,True,True,True,True,NULL
"5383767114",True,False,NULL,NULL,NULL,NULL,NULL,NULL,NULL,NULL,True,NULL,NULL,NULL,NULL,NULL,False,False,False,False,False,True,True,True,True,NULL
"712810282",True,False,NULL,NULL,NULL,NULL,NULL,NULL,NULL,NULL,True,NULL,NULL,NULL,NULL,NULL,False,False,False,False,False,True,True,True,True,NULL
"5907009289",True,False,NULL,NULL,NULL,NULL,NULL,NULL,NULL,NULL,True,NULL,NULL,NULL,NULL,NULL,False,False,False,False,False,True,True,True,True,NULL
"723442037",True,False,NULL,NULL,NULL,NULL,NULL,NULL,NULL,NULL,True,NULL,NULL,NULL,NULL,NULL,False,False,False,False,False,True,True,True,True,NULL
"2086996736",True,False,NULL,NULL,NULL,NULL,NULL,NULL,NULL,NULL,True,NULL,NULL,NULL,NULL,NULL,False,False,False,False,False,True,True,True,True,NULL
"969243658",True,False,NULL,NULL,NULL,NULL,NULL,NULL,NULL,NULL,True,NULL,NULL,NULL,NULL,NULL,False,False,False,False,False,True,True,True,True,NULL
"8023279592",True,False,NULL,NULL,NULL,NULL,NULL,NULL,NULL,NULL,True,NULL,NULL,NULL,NULL,NULL,False,False,False,False,False,True,True,True,True,NULL
"5328015738",True,False,NULL,NULL,NULL,NULL,NULL,NULL,NULL,NULL,True,NULL,NULL,NULL,NULL,NULL,False,False,False,False,False,True,True,True,True,NULL
"7947698836",True,False,NULL,NULL,NULL,NULL,NULL,NULL,NULL,NULL,True,NULL,NULL,NULL,NULL,NULL,False,False,False,False,False,True,True,True,True,NULL
"6757711595",True,False,NULL,NULL,NULL,NULL,NULL,NULL,NULL,NULL,True,NULL,NULL,NULL,NULL,NULL,False,False,False,False,False,True,True,True,True,"PqHtT8mT5qo"
"1017242371",True,False,NULL,NULL,"Clutched pearls",NULL,"2025-10-12 18:42:10.571752+00",NULL,NULL,NULL,True,NULL,NULL,NULL,NULL,NULL,False,False,False,False,False,True,True,True,True,NULL
"750060988",True,False,NULL,NULL,NULL,NULL,NULL,NULL,NULL,NULL,True,NULL,NULL,NULL,NULL,NULL,False,False,False,False,False,True,True,True,True,NULL
"6389755257",True,False,NULL,NULL,NULL,NULL,NULL,NULL,NULL,NULL,True,NULL,NULL,NULL,NULL,NULL,False,False,False,False,False,True,True,True,True,NULL
"982760687",True,False,NULL,NULL,NULL,NULL,NULL,NULL,NULL,NULL,True,NULL,NULL,NULL,NULL,NULL,False,False,False,False,False,True,True,True,True,NULL
"848390958",True,False,NULL,NULL,NULL,NULL,NULL,NULL,NULL,NULL,True,NULL,NULL,NULL,NULL,NULL,False,False,False,False,False,True,True,True,True,NULL
"417007424",True,False,NULL,NULL,NULL,NULL,NULL,NULL,NULL,NULL,True,NULL,NULL,NULL,NULL,NULL,False,False,False,False,False,True,True,True,True,NULL
"6847811341",True,False,NULL,NULL,NULL,NULL,NULL,NULL,NULL,NULL,True,NULL,NULL,NULL,NULL,NULL,False,False,False,False,False,True,True,True,True,NULL
"947878478",True,False,NULL,NULL,NULL,NULL,NULL,NULL,NULL,NULL,True,NULL,NULL,NULL,NULL,NULL,False,False,False,False,False,True,True,True,True,NULL
"6552738093",True,False,NULL,NULL,NULL,NULL,NULL,NULL,NULL,NULL,True,NULL,NULL,NULL,NULL,NULL,False,False,False,False,False,True,True,True,True,NULL
"7026162251",True,False,NULL,NULL,NULL,NULL,NULL,NULL,NULL,NULL,True,NULL,NULL,NULL,NULL,NULL,False,False,False,False,False,True,True,True,True,NULL
"5735508869",True,False,NULL,NULL,NULL,NULL,NULL,NULL,NULL,NULL,True,NULL,NULL,NULL,NULL,NULL,False,False,False,False,False,True,True,True,True,NULL
"5463353584",True,False,NULL,NULL,NULL,NULL,NULL,NULL,NULL,NULL,True,NULL,NULL,NULL,NULL,NULL,False,False,False,False,False,True,True,True,True,NULL
"945605281",True,False,NULL,NULL,NULL,NULL,NULL,NULL,NULL,NULL,True,NULL,NULL,NULL,NULL,NULL,False,False,False,False,False,True,True,True,True,"qSuFP_6twQk"
"1508554396",True,False,NULL,NULL,NULL,NULL,NULL,NULL,NULL,NULL,True,NULL,NULL,NULL,NULL,NULL,False,False,False,False,False,True,True,True,True,NULL
"587119607",True,False,NULL,NULL,NULL,NULL,NULL,NULL,NULL,NULL,True,NULL,NULL,NULL,NULL,NULL,False,False,False,False,False,True,True,True,True,NULL
"6713520316",True,False,NULL,NULL,NULL,NULL,NULL,NULL,NULL,NULL,True,NULL,NULL,NULL,NULL,NULL,False,False,False,False,False,True,True,True,True,NULL
"550478198",True,False,NULL,NULL,NULL,NULL,NULL,NULL,NULL,NULL,True,NULL,NULL,NULL,NULL,NULL,False,False,False,False,False,True,True,True,True,NULL
"7952605396",True,False,NULL,NULL,NULL,NULL,NULL,NULL,NULL,NULL,True,NULL,NULL,NULL,NULL,NULL,False,False,False,False,False,True,True,True,True,NULL
"7898496998",True,False,NULL,NULL,NULL,NULL,NULL,NULL,NULL,NULL,True,NULL,NULL,NULL,NULL,NULL,False,False,False,False,False,True,True,True,True,NULL
"742591854",True,False,NULL,NULL,NULL,NULL,NULL,NULL,NULL,NULL,True,NULL,NULL,NULL,NULL,NULL,False,False,False,False,False,True,True,True,True,NULL
"2022803425",True,False,NULL,NULL,NULL,NULL,NULL,NULL,NULL,NULL,True,NULL,NULL,NULL,NULL,NULL,False,False,False,False,False,True,True,True,True,NULL
"7067508870",True,False,NULL,NULL,NULL,NULL,NULL,NULL,NULL,NULL,True,NULL,NULL,NULL,NULL,NULL,False,False,False,False,False,True,True,True,True,NULL
"7538065814",True,False,NULL,NULL,NULL,NULL,NULL,NULL,NULL,NULL,True,NULL,NULL,NULL,NULL,NULL,False,False,False,False,False,True,True,True,True,NULL
"7869619258",True,False,NULL,NULL,NULL,NULL,NULL,NULL,NULL,NULL,True,NULL,NULL,NULL,NULL,NULL,False,False,False,False,False,True,True,True,True,NULL
"5381253162",True,False,NULL,NULL,NULL,NULL,NULL,NULL,NULL,NULL,True,NULL,NULL,NULL,NULL,NULL,False,False,False,False,False,True,True,True,True,NULL
"5896875138",True,False,NULL,NULL,NULL,NULL,NULL,NULL,NULL,NULL,True,NULL,NULL,NULL,NULL,NULL,False,False,False,False,False,True,True,True,True,NULL
"7135747745",True,False,NULL,NULL,NULL,NULL,NULL,NULL,NULL,NULL,True,NULL,NULL,NULL,NULL,NULL,False,False,False,False,False,True,True,True,True,NULL
"1249819510",True,False,NULL,NULL,NULL,NULL,NULL,NULL,NULL,NULL,True,NULL,NULL,NULL,NULL,NULL,False,False,False,False,False,True,True,True,True,NULL
"1081966964",True,False,NULL,NULL,NULL,NULL,NULL,NULL,NULL,NULL,True,NULL,NULL,NULL,NULL,NULL,False,False,False,False,False,True,True,True,True,NULL
"7284658194",True,False,NULL,NULL,NULL,NULL,NULL,NULL,NULL,NULL,True,NULL,NULL,NULL,NULL,NULL,False,False,False,False,False,True,True,True,True,"UZa_JQNY1hM"
"7832652331",True,False,NULL,NULL,NULL,NULL,NULL,NULL,NULL,NULL,True,NULL,NULL,NULL,NULL,NULL,False,False,False,False,False,True,True,True,True,NULL
"720598392",True,False,NULL,NULL,NULL,NULL,NULL,NULL,NULL,NULL,True,NULL,NULL,NULL,NULL,NULL,False,False,False,False,False,True,True,True,True,NULL
"2121810327",True,False,NULL,NULL,NULL,NULL,NULL,NULL,NULL,NULL,True,NULL,NULL,NULL,NULL,NULL,False,False,False,False,False,True,True,True,True,NULL
"1715255678",True,False,NULL,NULL,NULL,NULL,NULL,NULL,NULL,NULL,True,NULL,NULL,NULL,NULL,NULL,False,False,False,False,False,True,True,True,True,NULL
"1146651318",True,False,NULL,NULL,NULL,NULL,NULL,NULL,NULL,NULL,True,NULL,NULL,NULL,NULL,NULL,False,False,False,False,False,True,True,True,True,NULL
"5830637898",True,False,NULL,NULL,NULL,NULL,NULL,NULL,NULL,NULL,True,NULL,NULL,NULL,NULL,NULL,False,False,False,False,False,True,True,True,True,NULL
"987080370",True,False,NULL,NULL,NULL,NULL,NULL,NULL,NULL,NULL,True,NULL,NULL,NULL,NULL,NULL,False,False,False,False,False,True,True,True,True,NULL
"7608920213",True,False,NULL,NULL,NULL,NULL,NULL,NULL,NULL,NULL,True,NULL,NULL,NULL,NULL,NULL,False,False,False,False,False,True,True,True,True,NULL
"2050739379",True,False,NULL,NULL,NULL,NULL,NULL,NULL,NULL,NULL,True,NULL,NULL,NULL,NULL,NULL,False,False,False,False,False,True,True,True,True,NULL
"1381109644",True,False,NULL,NULL,NULL,NULL,NULL,NULL,NULL,NULL,True,NULL,NULL,NULL,NULL,NULL,False,False,False,False,False,True,True,True,True,NULL
"6616931599",True,False,NULL,NULL,NULL,NULL,NULL,NULL,NULL,NULL,True,NULL,NULL,NULL,NULL,NULL,False,False,False,False,False,True,True,True,True,NULL
"1489729117",True,False,NULL,NULL,NULL,NULL,NULL,NULL,NULL,NULL,True,NULL,NULL,NULL,NULL,NULL,False,False,False,False,False,True,True,True,True,NULL
"2007762884",True,False,NULL,NULL,NULL,NULL,NULL,NULL,NULL,NULL,True,NULL,NULL,NULL,NULL,NULL,False,False,False,False,False,True,True,True,True,NULL
"6825123040",True,False,NULL,NULL,NULL,NULL,NULL,NULL,NULL,NULL,True,NULL,NULL,NULL,NULL,NULL,False,False,False,False,False,True,True,True,True,NULL
"5747263234",True,False,NULL,NULL,NULL,NULL,NULL,NULL,NULL,NULL,True,NULL,NULL,NULL,NULL,NULL,False,False,False,False,False,True,True,True,True,NULL
"6549641389",True,False,NULL,NULL,NULL,NULL,NULL,NULL,NULL,NULL,True,NULL,NULL,NULL,NULL,NULL,False,False,False,False,False,True,True,True,True,NULL
"650462012",True,False,NULL,NULL,NULL,NULL,NULL,NULL,NULL,NULL,True,NULL,NULL,NULL,NULL,NULL,False,False,False,False,False,True,True,True,True,NULL
"950013755",True,False,NULL,NULL,NULL,NULL,NULL,NULL,NULL,NULL,True,NULL,NULL,NULL,NULL,NULL,False,False,False,False,False,True,True,True,True,NULL
"834327805",True,False,NULL,NULL,NULL,NULL,NULL,NULL,NULL,NULL,True,NULL,NULL,NULL,NULL,NULL,False,False,False,False,False,True,True,True,True,NULL
"1062352864",True,False,NULL,NULL,NULL,NULL,NULL,NULL,NULL,NULL,True,NULL,NULL,NULL,NULL,NULL,False,False,False,False,False,True,True,True,True,NULL
"939181445",True,False,NULL,NULL,NULL,NULL,NULL,NULL,NULL,NULL,True,NULL,NULL,NULL,NULL,NULL,False,False,False,False,False,True,True,True,True,NULL
"5703155165",True,False,NULL,NULL,NULL,NULL,NULL,NULL,NULL,NULL,True,NULL,NULL,NULL,NULL,NULL,False,False,False,False,False,True,True,True,True,NULL
"7821196406",True,False,NULL,NULL,NULL,NULL,NULL,NULL,NULL,NULL,True,NULL,NULL,NULL,NULL,NULL,False,False,False,False,False,True,True,True,True,NULL
"7926937581",True,False,NULL,NULL,NULL,NULL,NULL,NULL,NULL,NULL,True,NULL,NULL,NULL,NULL,NULL,False,False,False,False,False,True,True,True,True,NULL
"1413175350",True,False,NULL,NULL,NULL,NULL,NULL,NULL,NULL,NULL,True,NULL,NULL,NULL,NULL,NULL,False,False,False,False,False,True,True,True,True,NULL
"7844708192",True,False,NULL,NULL,NULL,NULL,NULL,NULL,NULL,NULL,True,NULL,NULL,NULL,NULL,NULL,False,False,False,False,False,True,True,True,True,NULL
"8047665025",True,False,NULL,NULL,NULL,NULL,NULL,NULL,NULL,NULL,True,NULL,NULL,NULL,NULL,NULL,False,False,False,False,False,True,True,True,True,NULL
"1125723734",True,False,NULL,NULL,NULL,NULL,NULL,NULL,NULL,NULL,True,NULL,NULL,NULL,NULL,NULL,False,False,False,False,False,True,True,True,True,NULL
"8238550141",True,False,NULL,NULL,NULL,NULL,NULL,NULL,NULL,NULL,True,NULL,NULL,NULL,NULL,NULL,False,False,False,False,False,True,True,True,True,NULL
"772123971",True,False,NULL,NULL,NULL,NULL,NULL,NULL,NULL,NULL,True,NULL,NULL,NULL,NULL,NULL,False,False,False,False,False,True,True,True,True,NULL
"6923275833",True,False,NULL,NULL,NULL,NULL,NULL,NULL,NULL,NULL,True,NULL,NULL,NULL,NULL,NULL,False,False,False,False,False,True,True,True,True,NULL
"866779645",True,False,NULL,NULL,NULL,NULL,NULL,NULL,NULL,NULL,True,NULL,NULL,NULL,NULL,NULL,False,False,False,False,False,True,True,True,True,NULL
"7002119540",True,False,NULL,NULL,NULL,NULL,NULL,NULL,NULL,NULL,True,NULL,NULL,NULL,NULL,NULL,False,False,False,False,False,True,True,True,True,NULL
"5624479802",True,False,NULL,NULL,NULL,NULL,NULL,NULL,NULL,NULL,True,NULL,NULL,NULL,NULL,NULL,False,False,False,False,False,True,True,True,True,NULL
"6728464804",True,False,NULL,NULL,NULL,NULL,NULL,NULL,NULL,NULL,True,NULL,NULL,NULL,NULL,NULL,False,False,False,False,False,True,True,True,True,NULL
"1063314829",True,False,NULL,NULL,NULL,NULL,NULL,NULL,NULL,NULL,True,NULL,NULL,NULL,NULL,NULL,False,False,False,False,False,True,True,True,True,NULL
"1338573513",True,False,NULL,NULL,NULL,NULL,NULL,NULL,NULL,NULL,True,NULL,NULL,NULL,NULL,NULL,False,False,False,False,False,True,True,True,True,NULL
"1157067455",True,False,NULL,NULL,NULL,NULL,NULL,NULL,NULL,NULL,True,NULL,NULL,NULL,NULL,NULL,False,False,False,False,False,True,True,True,True,NULL
"1708945941",True,False,NULL,NULL,NULL,NULL,NULL,NULL,NULL,NULL,True,NULL,NULL,NULL,NULL,NULL,False,False,False,False,False,True,True,True,True,NULL
"5801911989",True,False,NULL,NULL,NULL,NULL,NULL,NULL,NULL,NULL,True,NULL,NULL,NULL,NULL,NULL,False,False,False,False,False,True,True,True,True,NULL
"1417529020",True,False,NULL,NULL,NULL,NULL,NULL,NULL,NULL,NULL,True,NULL,NULL,NULL,NULL,NULL,False,False,False,False,False,True,True,True,True,NULL
"7227544731",True,False,NULL,NULL,NULL,NULL,NULL,NULL,NULL,NULL,True,NULL,NULL,NULL,NULL,NULL,False,False,False,False,False,True,True,True,True,NULL
"5533890526",True,False,NULL,NULL,NULL,NULL,NULL,NULL,NULL,NULL,True,NULL,NULL,NULL,NULL,NULL,False,False,False,False,False,True,True,True,True,NULL
"1017861994",True,False,NULL,NULL,NULL,NULL,NULL,NULL,NULL,NULL,True,NULL,NULL,NULL,NULL,NULL,False,False,False,False,False,True,True,True,True,NULL
"6402675762",True,False,NULL,NULL,NULL,NULL,NULL,NULL,NULL,NULL,True,NULL,NULL,NULL,NULL,NULL,False,False,False,False,False,True,True,True,True,NULL
"5305107019",True,False,NULL,NULL,NULL,NULL,NULL,NULL,NULL,NULL,True,NULL,NULL,NULL,NULL,NULL,False,False,False,False,False,True,True,True,True,NULL
"525433519",True,False,NULL,NULL,NULL,NULL,NULL,NULL,NULL,NULL,True,NULL,NULL,NULL,NULL,NULL,False,False,False,False,False,True,True,True,True,NULL
"872388641",True,False,NULL,NULL,NULL,NULL,NULL,NULL,NULL,NULL,True,NULL,NULL,NULL,NULL,NULL,False,False,False,False,False,True,True,True,True,NULL
"6347362501",True,False,NULL,NULL,NULL,NULL,NULL,NULL,NULL,NULL,True,NULL,NULL,NULL,NULL,NULL,False,False,False,False,False,True,True,True,True,NULL
"7454748542",True,False,NULL,NULL,NULL,NULL,NULL,NULL,NULL,NULL,True,NULL,NULL,NULL,NULL,NULL,False,False,False,False,False,True,True,True,True,NULL
"7531836547",True,False,NULL,NULL,NULL,NULL,NULL,NULL,NULL,NULL,True,NULL,NULL,NULL,NULL,NULL,False,False,False,False,False,True,True,True,True,NULL
"5380489033",True,False,NULL,NULL,NULL,NULL,NULL,NULL,NULL,NULL,True,NULL,NULL,NULL,NULL,NULL,False,False,False,False,False,True,True,True,True,NULL
"7283117178",True,False,NULL,NULL,NULL,NULL,NULL,NULL,NULL,NULL,True,NULL,NULL,NULL,NULL,NULL,False,False,False,False,False,True,True,True,True,NULL
"1045723309",True,False,NULL,NULL,NULL,NULL,NULL,NULL,NULL,NULL,True,NULL,NULL,NULL,NULL,NULL,False,False,False,False,False,True,True,True,True,NULL
"378574446",True,False,NULL,NULL,NULL,NULL,NULL,NULL,NULL,NULL,True,NULL,NULL,NULL,NULL,NULL,False,False,False,False,False,True,True,True,True,NULL
"1139943548",True,False,NULL,NULL,NULL,NULL,NULL,NULL,NULL,NULL,True,NULL,NULL,NULL,NULL,NULL,False,False,False,False,False,True,True,True,True,NULL
"407923069",True,False,NULL,NULL,NULL,NULL,NULL,NULL,NULL,NULL,True,NULL,NULL,NULL,NULL,NULL,False,False,False,False,False,True,True,True,True,NULL
"5040168101",True,False,NULL,NULL,NULL,NULL,NULL,NULL,NULL,NULL,True,NULL,NULL,NULL,NULL,NULL,False,False,False,False,False,True,True,True,True,NULL
"1810336862",True,False,NULL,NULL,NULL,NULL,NULL,NULL,NULL,NULL,True,NULL,NULL,NULL,NULL,NULL,False,False,False,False,False,True,True,True,True,NULL
"383436451",True,False,NULL,NULL,NULL,NULL,NULL,NULL,NULL,NULL,True,NULL,NULL,NULL,NULL,NULL,False,False,False,False,False,True,True,True,True,NULL
"1653524112",True,False,NULL,NULL,NULL,NULL,NULL,NULL,NULL,NULL,True,NULL,NULL,NULL,NULL,NULL,False,False,False,False,False,True,True,True,True,NULL
"660909471",True,False,NULL,NULL,NULL,NULL,NULL,NULL,NULL,NULL,True,NULL,NULL,NULL,NULL,NULL,False,False,False,False,False,True,True,True,True,NULL
"7762526356",True,False,NULL,NULL,NULL,NULL,NULL,NULL,NULL,NULL,True,NULL,NULL,NULL,NULL,NULL,False,False,False,False,False,True,True,True,True,NULL
"6778125951",True,False,NULL,NULL,NULL,NULL,NULL,NULL,NULL,NULL,True,NULL,NULL,NULL,NULL,NULL,False,False,False,False,False,True,True,True,True,NULL
"887552308",True,False,NULL,NULL,NULL,NULL,NULL,NULL,NULL,NULL,True,NULL,NULL,NULL,NULL,NULL,False,False,False,False,False,True,True,True,True,NULL
"7776244989",True,False,NULL,NULL,NULL,NULL,NULL,NULL,NULL,NULL,True,NULL,NULL,NULL,NULL,NULL,False,False,False,False,False,True,True,True,True,NULL
"980442807",True,False,NULL,NULL,NULL,NULL,NULL,NULL,NULL,NULL,True,NULL,NULL,NULL,NULL,NULL,False,False,False,False,False,True,True,True,True,NULL
"1405989868",True,False,NULL,NULL,NULL,NULL,NULL,NULL,NULL,NULL,True,NULL,NULL,NULL,NULL,NULL,False,False,False,False,False,True,True,True,True,NULL
"6811773811",True,False,NULL,NULL,NULL,NULL,NULL,NULL,NULL,NULL,True,NULL,NULL,NULL,NULL,NULL,False,False,False,False,False,True,True,True,True,NULL
"5188233214",True,False,NULL,NULL,NULL,NULL,NULL,NULL,NULL,NULL,True,NULL,NULL,NULL,NULL,NULL,False,False,False,False,False,True,True,True,True,NULL
"6015752109",True,False,NULL,NULL,NULL,NULL,NULL,NULL,NULL,NULL,True,NULL,NULL,NULL,NULL,NULL,False,False,False,False,False,True,True,True,True,NULL
"7494838216",True,False,NULL,NULL,NULL,NULL,NULL,NULL,NULL,NULL,True,NULL,NULL,NULL,NULL,NULL,False,False,False,False,False,True,True,True,True,NULL
"1531090538",True,False,NULL,NULL,NULL,NULL,NULL,NULL,NULL,NULL,True,NULL,NULL,NULL,NULL,NULL,False,False,False,False,False,True,True,True,True,NULL
"1292655857",True,False,NULL,NULL,NULL,NULL,NULL,NULL,NULL,NULL,True,NULL,NULL,NULL,NULL,NULL,False,False,False,False,False,True,True,True,True,NULL
"661104908",True,False,NULL,NULL,NULL,NULL,NULL,NULL,NULL,NULL,True,NULL,NULL,NULL,NULL,NULL,False,False,False,False,False,True,True,True,True,NULL
"5487465855",True,False,NULL,NULL,"lolv",0,"2025-09-15 07:35:30.96629+00","🦊",NULL,NULL,True,NULL,NULL,NULL,NULL,NULL,False,False,False,False,False,True,True,True,True,NULL
"1184308901",True,False,NULL,NULL,"Bruhhh",NULL,"2025-10-11 10:43:44.047041+00","👩",NULL,NULL,True,NULL,NULL,NULL,NULL,NULL,False,False,False,False,False,True,True,True,True,NULL
"1205344408",True,False,NULL,NULL,"Yomama",NULL,"2025-09-12 14:43:51.431451+00","🎨",NULL,NULL,True,NULL,NULL,NULL,NULL,NULL,False,False,False,False,False,True,True,True,True,NULL
"6685694561",True,False,NULL,NULL,NULL,NULL,NULL,"👻",NULL,NULL,True,NULL,NULL,NULL,NULL,NULL,False,False,False,False,False,True,True,True,True,NULL
"5400264092",True,False,NULL,NULL,NULL,NULL,NULL,NULL,NULL,NULL,True,NULL,NULL,NULL,NULL,NULL,False,False,False,False,False,True,True,True,True,NULL
"6803553401",True,False,NULL,NULL,NULL,NULL,NULL,NULL,NULL,NULL,True,NULL,NULL,NULL,NULL,NULL,False,False,False,False,False,True,True,True,True,NULL
"706833478",True,False,NULL,NULL,NULL,NULL,NULL,NULL,NULL,NULL,True,NULL,NULL,NULL,NULL,NULL,False,False,False,False,False,True,True,True,True,NULL
"469729956",True,False,NULL,NULL,NULL,NULL,NULL,NULL,NULL,NULL,True,NULL,NULL,NULL,NULL,NULL,False,False,False,False,False,True,True,True,True,NULL
"6529683483",True,False,NULL,NULL,NULL,NULL,NULL,NULL,NULL,NULL,True,NULL,NULL,NULL,NULL,NULL,False,False,False,False,False,True,True,True,True,NULL
"633989045",True,False,NULL,NULL,NULL,NULL,NULL,NULL,NULL,NULL,True,NULL,NULL,NULL,NULL,NULL,False,False,False,False,False,True,True,True,True,NULL
"617151450",True,False,NULL,NULL,NULL,NULL,NULL,NULL,NULL,NULL,True,NULL,NULL,NULL,NULL,NULL,False,False,False,False,False,True,True,True,True,NULL
"6853051468",True,False,NULL,NULL,NULL,NULL,NULL,NULL,NULL,NULL,True,NULL,NULL,NULL,NULL,NULL,False,False,False,False,False,True,True,True,True,NULL
"1372869153",True,False,NULL,NULL,NULL,NULL,NULL,NULL,NULL,NULL,True,NULL,NULL,NULL,NULL,NULL,False,False,False,False,False,True,True,True,True,NULL
"6581060907",True,False,NULL,NULL,NULL,NULL,NULL,NULL,NULL,NULL,True,NULL,NULL,NULL,NULL,NULL,False,False,False,False,False,True,True,True,True,NULL
"1696261428",True,False,NULL,NULL,NULL,NULL,NULL,NULL,NULL,NULL,True,NULL,NULL,NULL,NULL,NULL,False,False,False,False,False,True,True,True,True,NULL
"602166260",True,False,NULL,NULL,NULL,NULL,NULL,NULL,NULL,NULL,True,NULL,NULL,NULL,NULL,NULL,False,False,False,False,False,True,True,True,True,NULL
"1166928895",True,False,NULL,NULL,NULL,NULL,NULL,NULL,NULL,NULL,True,NULL,NULL,NULL,NULL,NULL,False,False,False,False,False,True,True,True,True,NULL
"1996067089",True,False,NULL,NULL,NULL,NULL,NULL,NULL,NULL,NULL,True,NULL,NULL,NULL,NULL,NULL,False,False,False,False,False,True,True,True,True,NULL
"7308803336",True,False,NULL,NULL,NULL,NULL,NULL,NULL,NULL,NULL,True,NULL,NULL,NULL,NULL,NULL,False,False,False,False,False,True,True,True,True,NULL
"1449584738",True,False,NULL,NULL,NULL,NULL,NULL,NULL,NULL,NULL,True,NULL,NULL,NULL,NULL,NULL,False,False,False,False,False,True,True,True,True,NULL
"1004078376",True,False,NULL,NULL,NULL,NULL,NULL,NULL,NULL,NULL,True,NULL,NULL,NULL,NULL,NULL,False,False,False,False,False,True,True,True,True,NULL
"7474698923",True,False,NULL,NULL,NULL,NULL,NULL,NULL,NULL,NULL,True,NULL,NULL,NULL,NULL,NULL,False,False,False,False,False,True,True,True,True,NULL
"1037753725",True,False,NULL,NULL,NULL,NULL,NULL,NULL,NULL,NULL,True,NULL,NULL,NULL,NULL,NULL,False,False,False,False,False,True,True,True,True,NULL
"7584109173",True,False,NULL,NULL,NULL,NULL,NULL,NULL,NULL,NULL,True,NULL,NULL,NULL,NULL,NULL,False,False,False,False,False,True,True,True,True,NULL
"7629883828",True,False,NULL,NULL,NULL,NULL,NULL,NULL,NULL,NULL,True,NULL,NULL,NULL,NULL,NULL,False,False,False,False,False,True,True,True,True,NULL
"7049239627",True,False,NULL,NULL,NULL,NULL,NULL,NULL,NULL,NULL,True,NULL,NULL,NULL,NULL,NULL,False,False,False,False,False,True,True,True,True,NULL
"422958004",True,False,NULL,NULL,NULL,NULL,NULL,NULL,NULL,NULL,True,NULL,NULL,NULL,NULL,NULL,False,False,False,False,False,True,True,True,True,NULL
"7866749953",True,False,NULL,NULL,NULL,NULL,NULL,NULL,NULL,NULL,True,NULL,NULL,NULL,NULL,NULL,False,False,False,False,False,True,True,True,True,NULL
"573655755",True,False,NULL,NULL,NULL,NULL,NULL,NULL,NULL,NULL,True,NULL,NULL,NULL,NULL,NULL,False,False,False,False,False,True,True,True,True,NULL
"7816104703",True,False,NULL,NULL,NULL,NULL,NULL,NULL,NULL,NULL,True,NULL,NULL,NULL,NULL,NULL,False,False,False,False,False,True,True,True,True,NULL
"5614902066",True,False,NULL,NULL,NULL,NULL,NULL,NULL,NULL,NULL,True,NULL,NULL,NULL,NULL,NULL,False,False,False,False,False,True,True,True,True,NULL
"981325625",True,False,NULL,NULL,NULL,NULL,NULL,NULL,NULL,NULL,True,NULL,NULL,NULL,NULL,NULL,False,False,False,False,False,True,True,True,True,NULL
"1527917681",True,False,NULL,NULL,NULL,NULL,NULL,NULL,NULL,NULL,True,NULL,NULL,NULL,NULL,NULL,False,False,False,False,False,True,True,True,True,NULL
"610581620",True,False,NULL,NULL,NULL,NULL,NULL,NULL,NULL,NULL,True,NULL,NULL,NULL,NULL,NULL,False,False,False,False,False,True,True,True,True,NULL
"5728763099",True,False,NULL,NULL,NULL,NULL,NULL,NULL,NULL,NULL,True,NULL,NULL,NULL,NULL,NULL,False,False,False,False,False,True,True,True,True,NULL
"7788376828",True,False,NULL,NULL,NULL,NULL,NULL,NULL,NULL,NULL,True,NULL,NULL,NULL,NULL,NULL,False,False,False,False,False,True,True,True,True,NULL
"7248002245",True,False,NULL,NULL,NULL,NULL,NULL,NULL,NULL,NULL,True,NULL,NULL,NULL,NULL,NULL,False,False,False,False,False,True,True,True,True,NULL
"1233944320",True,False,NULL,NULL,NULL,NULL,NULL,NULL,NULL,NULL,True,NULL,NULL,NULL,NULL,NULL,False,False,False,False,False,True,True,True,True,NULL
"1482304438",True,False,NULL,NULL,NULL,NULL,NULL,NULL,NULL,NULL,True,NULL,NULL,NULL,NULL,NULL,False,False,False,False,False,True,True,True,True,NULL
"6562875598",True,False,NULL,NULL,NULL,NULL,NULL,NULL,NULL,NULL,True,NULL,NULL,NULL,NULL,NULL,False,False,False,False,False,True,True,True,True,NULL
"6310893080",True,False,NULL,NULL,NULL,NULL,NULL,NULL,NULL,NULL,True,NULL,NULL,NULL,NULL,NULL,False,False,False,False,False,True,True,True,True,NULL
"7196123263",True,False,NULL,NULL,NULL,NULL,NULL,NULL,NULL,NULL,True,NULL,NULL,NULL,NULL,NULL,False,False,False,False,False,True,True,True,True,NULL
"6638565469",True,False,NULL,NULL,NULL,NULL,NULL,NULL,NULL,NULL,True,NULL,NULL,NULL,NULL,NULL,False,False,False,False,False,True,True,True,True,NULL
"5594869976",True,False,NULL,NULL,NULL,NULL,NULL,NULL,NULL,NULL,True,NULL,NULL,NULL,NULL,NULL,False,False,False,False,False,True,True,True,True,NULL
"5718583019",True,False,NULL,NULL,NULL,NULL,NULL,NULL,NULL,NULL,True,NULL,NULL,NULL,NULL,NULL,False,False,False,False,False,True,True,True,True,NULL
"6160727207",True,False,NULL,NULL,NULL,NULL,NULL,NULL,NULL,NULL,True,NULL,NULL,NULL,NULL,NULL,False,False,False,False,False,True,True,True,True,NULL
"865881783",True,False,NULL,NULL,NULL,NULL,NULL,NULL,NULL,NULL,True,NULL,NULL,NULL,NULL,NULL,False,False,False,False,False,True,True,True,True,"3xuVWHskv7o"
"418423776",True,False,NULL,NULL,NULL,NULL,NULL,NULL,NULL,NULL,True,NULL,NULL,NULL,NULL,NULL,False,False,False,False,False,True,True,True,True,NULL
"5451393702",True,False,NULL,NULL,NULL,NULL,NULL,NULL,NULL,NULL,True,NULL,NULL,NULL,NULL,NULL,False,False,False,False,False,True,True,True,True,NULL
"6886782941",True,False,NULL,NULL,NULL,NULL,NULL,NULL,NULL,NULL,True,NULL,NULL,NULL,NULL,NULL,False,False,False,False,False,True,True,True,True,NULL
"467414995",True,False,NULL,NULL,NULL,NULL,NULL,NULL,NULL,NULL,True,NULL,NULL,NULL,NULL,NULL,False,False,False,False,False,True,True,True,True,NULL
"1507869523",True,False,NULL,NULL,NULL,NULL,NULL,NULL,NULL,NULL,True,NULL,NULL,NULL,NULL,NULL,False,False,False,False,False,True,True,True,True,NULL
"572892281",True,False,NULL,NULL,NULL,NULL,NULL,NULL,NULL,NULL,True,NULL,NULL,NULL,NULL,NULL,False,False,False,False,False,True,True,True,True,NULL
"7309918441",True,False,NULL,NULL,NULL,NULL,NULL,NULL,NULL,NULL,True,NULL,NULL,NULL,NULL,NULL,False,False,False,False,False,True,True,True,True,NULL
"7698365074",True,False,NULL,NULL,NULL,NULL,NULL,NULL,NULL,NULL,True,NULL,NULL,NULL,NULL,NULL,False,False,False,False,False,True,True,True,True,NULL
"8118378516",True,False,NULL,NULL,NULL,NULL,NULL,NULL,NULL,NULL,True,NULL,NULL,NULL,NULL,NULL,False,False,False,False,False,True,True,True,True,NULL
"5994874868",True,False,NULL,NULL,NULL,NULL,NULL,NULL,NULL,NULL,True,NULL,NULL,NULL,NULL,NULL,False,False,False,False,False,True,True,True,True,NULL
"5251581102",True,False,NULL,NULL,NULL,NULL,NULL,NULL,NULL,NULL,True,NULL,NULL,NULL,NULL,NULL,False,False,False,False,False,True,True,True,True,NULL
"1011050391",True,False,NULL,NULL,NULL,NULL,NULL,NULL,NULL,NULL,True,NULL,NULL,NULL,NULL,NULL,False,False,False,False,False,True,True,True,True,NULL
"452021239",True,False,NULL,NULL,NULL,NULL,NULL,NULL,NULL,NULL,True,NULL,NULL,NULL,NULL,NULL,False,False,False,False,False,True,True,True,True,NULL
"6112345836",True,False,NULL,NULL,NULL,NULL,NULL,NULL,NULL,NULL,True,NULL,NULL,NULL,NULL,NULL,False,False,False,False,False,True,True,True,True,NULL
"1130168089",True,False,NULL,NULL,NULL,NULL,NULL,NULL,NULL,NULL,True,NULL,NULL,NULL,NULL,NULL,False,False,False,False,False,True,True,True,True,NULL
"687652507",True,False,NULL,NULL,NULL,NULL,NULL,NULL,NULL,NULL,True,NULL,NULL,NULL,NULL,NULL,False,False,False,False,False,True,True,True,True,NULL
"6219847042",True,False,NULL,NULL,NULL,NULL,NULL,NULL,NULL,NULL,True,NULL,NULL,NULL,NULL,NULL,False,False,False,False,False,True,True,True,True,NULL
"1662970896",True,False,NULL,NULL,NULL,NULL,NULL,NULL,NULL,NULL,True,NULL,NULL,NULL,NULL,NULL,False,False,False,False,False,True,True,True,True,NULL
"876976219",True,False,NULL,NULL,NULL,NULL,NULL,NULL,NULL,NULL,True,NULL,NULL,NULL,NULL,NULL,False,False,False,False,False,True,True,True,True,NULL
"5769590007",True,False,NULL,NULL,NULL,NULL,NULL,NULL,NULL,NULL,True,NULL,NULL,NULL,NULL,NULL,False,False,False,False,False,True,True,True,True,NULL
"1090728787",True,False,NULL,NULL,NULL,NULL,NULL,NULL,NULL,NULL,True,NULL,NULL,NULL,NULL,NULL,False,False,False,False,False,True,True,True,True,NULL
"611351388",True,False,NULL,NULL,NULL,NULL,NULL,NULL,NULL,NULL,True,NULL,NULL,NULL,NULL,NULL,False,False,False,False,False,True,True,True,True,NULL
"5432965989",True,False,NULL,NULL,NULL,NULL,NULL,NULL,NULL,NULL,True,NULL,NULL,NULL,NULL,NULL,False,False,False,False,False,True,True,True,True,NULL
"7046303158",True,False,NULL,NULL,NULL,NULL,NULL,NULL,NULL,NULL,True,NULL,NULL,NULL,NULL,NULL,False,False,False,False,False,True,True,True,True,NULL
"7325946122",True,False,NULL,NULL,NULL,NULL,NULL,NULL,NULL,NULL,True,NULL,NULL,NULL,NULL,NULL,False,False,False,False,False,True,True,True,True,NULL
"1858554102",True,False,NULL,NULL,NULL,NULL,NULL,NULL,NULL,NULL,True,NULL,NULL,NULL,NULL,NULL,False,False,False,False,False,True,True,True,True,NULL
"1920073319",True,False,NULL,NULL,NULL,NULL,NULL,NULL,NULL,NULL,True,NULL,NULL,NULL,NULL,NULL,False,False,False,False,False,True,True,True,True,NULL
"1717059094",True,False,NULL,NULL,NULL,NULL,NULL,NULL,NULL,NULL,True,NULL,NULL,NULL,NULL,NULL,False,False,False,False,False,True,True,True,True,NULL
"1115146260",True,False,NULL,NULL,NULL,NULL,NULL,NULL,NULL,NULL,True,NULL,NULL,NULL,NULL,NULL,False,False,False,False,False,True,True,True,True,NULL
"5354184852",True,False,NULL,NULL,NULL,NULL,NULL,NULL,NULL,NULL,True,NULL,NULL,NULL,NULL,NULL,False,False,False,False,False,True,True,True,True,NULL
"2072555363",True,False,NULL,NULL,NULL,NULL,NULL,NULL,NULL,NULL,True,NULL,NULL,NULL,NULL,NULL,False,False,False,False,False,True,True,True,True,NULL
"1716325695",True,False,NULL,NULL,NULL,NULL,NULL,NULL,NULL,NULL,True,NULL,NULL,NULL,NULL,NULL,False,False,False,False,False,True,True,True,True,NULL
"724584489",True,False,NULL,NULL,NULL,NULL,NULL,NULL,NULL,NULL,True,NULL,NULL,NULL,NULL,NULL,False,False,False,False,False,True,True,True,True,NULL
"1728211666",True,False,NULL,NULL,NULL,NULL,NULL,NULL,NULL,NULL,True,NULL,NULL,NULL,NULL,NULL,False,False,False,False,False,True,True,True,True,NULL
"1947931783",True,False,NULL,NULL,NULL,NULL,NULL,NULL,NULL,NULL,True,NULL,NULL,NULL,NULL,NULL,False,False,False,False,False,True,True,True,True,NULL
"842424275",True,False,NULL,NULL,NULL,NULL,NULL,NULL,NULL,NULL,True,NULL,NULL,NULL,NULL,NULL,False,False,False,False,False,True,True,True,True,NULL
"2068033876",True,False,NULL,NULL,NULL,NULL,NULL,NULL,NULL,NULL,True,NULL,NULL,NULL,NULL,NULL,False,False,False,False,False,True,True,True,True,NULL
"6513995251",True,False,NULL,NULL,NULL,NULL,NULL,NULL,NULL,NULL,True,NULL,NULL,NULL,NULL,NULL,False,False,False,False,False,True,True,True,True,NULL
"7954332756",True,False,NULL,NULL,"afrodoll",NULL,"2025-10-21 08:09:47.450134+00",NULL,NULL,NULL,True,NULL,NULL,NULL,NULL,NULL,False,False,False,False,False,True,True,True,True,NULL
"5731493212",True,False,NULL,NULL,NULL,NULL,NULL,NULL,NULL,NULL,True,NULL,NULL,NULL,NULL,NULL,False,False,False,False,False,True,True,True,True,NULL
"982559801",True,False,NULL,NULL,NULL,NULL,NULL,NULL,NULL,NULL,True,NULL,NULL,NULL,NULL,NULL,False,False,False,False,False,True,True,True,True,NULL
"926577824",True,False,NULL,NULL,NULL,NULL,NULL,NULL,NULL,NULL,True,NULL,NULL,NULL,NULL,NULL,False,False,False,False,False,True,True,True,True,NULL
"7280076610",True,False,NULL,NULL,NULL,NULL,NULL,NULL,NULL,NULL,True,NULL,NULL,NULL,NULL,NULL,False,False,False,False,False,True,True,True,True,NULL
"761091295",True,False,NULL,NULL,NULL,NULL,NULL,NULL,NULL,NULL,True,NULL,NULL,NULL,NULL,NULL,False,False,False,False,False,True,True,True,True,NULL
"1136105432",True,False,NULL,NULL,NULL,NULL,NULL,NULL,NULL,NULL,True,NULL,NULL,NULL,NULL,NULL,False,False,False,False,False,True,True,True,True,NULL
"5407215531",True,False,NULL,NULL,NULL,NULL,NULL,NULL,NULL,NULL,True,NULL,NULL,NULL,NULL,NULL,False,False,False,False,False,True,True,True,True,NULL
"1608540785",True,False,NULL,NULL,NULL,NULL,NULL,NULL,NULL,NULL,True,NULL,NULL,NULL,NULL,NULL,False,False,False,False,False,True,True,True,True,NULL
"7607145603",True,False,NULL,NULL,NULL,NULL,NULL,NULL,NULL,NULL,True,NULL,NULL,NULL,NULL,NULL,False,False,False,False,False,True,True,True,True,NULL
"5405320307",True,False,NULL,NULL,NULL,NULL,NULL,NULL,NULL,NULL,True,NULL,NULL,NULL,NULL,NULL,False,False,False,False,False,True,True,True,True,NULL
"349836896",True,False,NULL,NULL,NULL,NULL,NULL,NULL,NULL,NULL,True,NULL,NULL,NULL,NULL,NULL,False,False,False,False,False,True,True,True,True,NULL
"7352212195",True,False,NULL,NULL,"Socrates",0,"2025-09-15 17:29:00.169398+00","🧐",NULL,NULL,True,NULL,NULL,NULL,NULL,NULL,False,False,False,False,False,True,True,True,True,"GZCn66E01Vw"
"7931937025",True,False,NULL,NULL,"Zewdit gudit",NULL,"2025-10-02 05:48:25.595984+00",NULL,NULL,NULL,True,NULL,NULL,NULL,NULL,NULL,False,False,False,False,False,True,True,True,True,NULL
"1058059724",True,False,NULL,NULL,NULL,NULL,NULL,NULL,NULL,NULL,True,NULL,NULL,NULL,NULL,NULL,False,False,False,False,False,True,True,True,True,NULL
"7682003131",True,False,NULL,NULL,NULL,NULL,NULL,NULL,NULL,NULL,True,NULL,NULL,NULL,NULL,NULL,False,False,False,False,False,True,True,True,True,NULL
"450635790",True,False,NULL,NULL,NULL,NULL,NULL,NULL,NULL,NULL,True,NULL,NULL,NULL,NULL,NULL,False,False,False,False,False,True,True,True,True,NULL
"8188811607",True,False,NULL,NULL,NULL,NULL,NULL,NULL,NULL,NULL,True,NULL,NULL,NULL,NULL,NULL,False,False,False,False,False,True,True,True,True,NULL
"1245318513",True,False,NULL,NULL,NULL,NULL,NULL,NULL,NULL,NULL,True,NULL,NULL,NULL,NULL,NULL,False,False,False,False,False,True,True,True,True,NULL
"556561697",True,False,NULL,NULL,NULL,NULL,NULL,NULL,NULL,NULL,True,NULL,NULL,NULL,NULL,NULL,False,False,False,False,False,True,True,True,True,NULL
"1959444513",True,False,NULL,NULL,NULL,NULL,NULL,NULL,NULL,NULL,True,NULL,NULL,NULL,NULL,NULL,False,False,False,False,False,True,True,True,True,NULL
"6402468852",True,False,NULL,NULL,NULL,NULL,NULL,NULL,NULL,NULL,True,NULL,NULL,NULL,NULL,NULL,False,False,False,False,False,True,True,True,True,NULL
"6596762187",True,False,NULL,NULL,NULL,NULL,NULL,NULL,NULL,NULL,True,NULL,NULL,NULL,NULL,NULL,False,False,False,False,False,True,True,True,True,NULL
"1124986155",True,False,NULL,NULL,NULL,NULL,NULL,NULL,NULL,NULL,True,NULL,NULL,NULL,NULL,NULL,False,False,False,False,False,True,True,True,True,NULL
"7072539760",True,False,NULL,NULL,NULL,NULL,NULL,NULL,NULL,NULL,True,NULL,NULL,NULL,NULL,NULL,False,False,False,False,False,True,True,True,True,NULL
"7736074044",True,False,NULL,NULL,NULL,NULL,NULL,NULL,NULL,NULL,True,NULL,NULL,NULL,NULL,NULL,False,False,False,False,False,True,True,True,True,NULL
"5773816231",True,False,NULL,NULL,NULL,NULL,NULL,NULL,NULL,NULL,True,NULL,NULL,NULL,NULL,NULL,False,False,False,False,False,True,True,True,True,NULL
"5336068627",True,False,NULL,NULL,NULL,NULL,NULL,NULL,NULL,NULL,True,NULL,NULL,NULL,NULL,NULL,False,False,False,False,False,True,True,True,True,NULL
"5190713695",True,False,NULL,NULL,NULL,NULL,NULL,NULL,NULL,NULL,True,NULL,NULL,NULL,NULL,NULL,False,False,False,False,False,True,True,True,True,NULL
"7600840389",True,False,NULL,NULL,NULL,NULL,NULL,NULL,NULL,NULL,True,NULL,NULL,NULL,NULL,NULL,False,False,False,False,False,True,True,True,True,NULL
"1517711994",True,False,NULL,NULL,NULL,NULL,NULL,NULL,NULL,NULL,True,NULL,NULL,NULL,NULL,NULL,False,False,False,False,False,True,True,True,True,NULL
"6229390511",True,False,NULL,NULL,NULL,NULL,NULL,NULL,NULL,NULL,True,NULL,NULL,NULL,NULL,NULL,False,False,False,False,False,True,True,True,True,NULL
"7479755466",True,False,NULL,NULL,NULL,NULL,NULL,NULL,NULL,NULL,True,NULL,NULL,NULL,NULL,NULL,False,False,False,False,False,True,True,True,True,NULL
"368995668",True,False,NULL,NULL,NULL,NULL,NULL,NULL,NULL,NULL,True,NULL,NULL,NULL,NULL,NULL,False,False,False,False,False,True,True,True,True,NULL
"335016899",True,False,NULL,NULL,NULL,NULL,NULL,NULL,NULL,NULL,True,NULL,NULL,NULL,NULL,NULL,False,False,False,False,False,True,True,True,True,NULL
"1464568507",True,False,NULL,NULL,NULL,NULL,NULL,NULL,NULL,NULL,True,NULL,NULL,NULL,NULL,NULL,False,False,False,False,False,True,True,True,True,NULL
"8031089674",True,False,NULL,NULL,NULL,NULL,NULL,NULL,NULL,NULL,True,NULL,NULL,NULL,NULL,NULL,False,False,False,False,False,True,True,True,True,NULL
"1396765114",True,False,NULL,NULL,NULL,NULL,NULL,NULL,NULL,NULL,True,NULL,NULL,NULL,NULL,NULL,False,False,False,False,False,True,True,True,True,NULL
"1417720572",True,False,NULL,NULL,NULL,NULL,NULL,NULL,NULL,NULL,True,NULL,NULL,NULL,NULL,NULL,False,False,False,False,False,True,True,True,True,NULL
"7285770884",True,False,NULL,NULL,NULL,NULL,NULL,NULL,NULL,NULL,True,NULL,NULL,NULL,NULL,NULL,False,False,False,False,False,True,True,True,True,NULL
"6332562440",True,False,NULL,NULL,NULL,NULL,NULL,NULL,NULL,NULL,True,NULL,NULL,NULL,NULL,NULL,False,False,False,False,False,True,True,True,True,NULL
"410812052",True,False,NULL,NULL,NULL,NULL,NULL,NULL,NULL,NULL,True,NULL,NULL,NULL,NULL,NULL,False,False,False,False,False,True,True,True,True,NULL
"415867583",True,False,NULL,NULL,NULL,NULL,NULL,NULL,NULL,NULL,True,NULL,NULL,NULL,NULL,NULL,False,False,False,False,False,True,True,True,True,NULL
"754688541",True,False,NULL,NULL,NULL,NULL,NULL,NULL,NULL,NULL,True,NULL,NULL,NULL,NULL,NULL,False,False,False,False,False,True,True,True,True,NULL
"6057366058",True,False,NULL,NULL,NULL,NULL,NULL,NULL,NULL,NULL,True,NULL,NULL,NULL,NULL,NULL,False,False,False,False,False,True,True,True,True,NULL
"868541752",True,False,NULL,NULL,NULL,NULL,NULL,NULL,NULL,NULL,True,NULL,NULL,NULL,NULL,NULL,False,False,False,False,False,True,True,True,True,NULL
"1820279831",True,False,NULL,NULL,NULL,NULL,NULL,NULL,NULL,NULL,True,NULL,NULL,NULL,NULL,NULL,False,False,False,False,False,True,True,True,True,NULL
"1232195394",True,False,NULL,NULL,NULL,NULL,NULL,NULL,NULL,NULL,True,NULL,NULL,NULL,NULL,NULL,False,False,False,False,False,True,True,True,True,NULL
"5683664847",True,False,NULL,NULL,NULL,NULL,NULL,NULL,NULL,NULL,True,NULL,NULL,NULL,NULL,NULL,False,False,False,False,False,True,True,True,True,NULL
"5391437260",True,False,NULL,NULL,NULL,NULL,NULL,NULL,NULL,NULL,True,NULL,NULL,NULL,NULL,NULL,False,False,False,False,False,True,True,True,True,NULL
"1047327650",True,False,NULL,NULL,NULL,NULL,NULL,NULL,NULL,NULL,True,NULL,NULL,NULL,NULL,NULL,False,False,False,False,False,True,True,True,True,NULL
"1418886574",True,False,NULL,NULL,NULL,NULL,NULL,NULL,NULL,NULL,True,NULL,NULL,NULL,NULL,NULL,False,False,False,False,False,True,True,True,True,NULL
"1532343597",True,False,NULL,NULL,NULL,NULL,NULL,NULL,NULL,NULL,True,NULL,NULL,NULL,NULL,NULL,False,False,False,False,False,True,True,True,True,NULL
"6336685135",True,False,NULL,NULL,NULL,NULL,NULL,NULL,NULL,NULL,True,NULL,NULL,NULL,NULL,NULL,False,False,False,False,False,True,True,True,True,NULL
"5318169909",True,False,NULL,NULL,NULL,NULL,NULL,NULL,NULL,NULL,True,NULL,NULL,NULL,NULL,NULL,False,False,False,False,False,True,True,True,True,NULL
"8499534879",True,False,NULL,NULL,NULL,NULL,NULL,NULL,NULL,NULL,True,NULL,NULL,NULL,NULL,NULL,False,False,False,False,False,True,True,True,True,NULL
"574218193",True,False,NULL,NULL,NULL,NULL,NULL,NULL,NULL,NULL,True,NULL,NULL,NULL,NULL,NULL,False,False,False,False,False,True,True,True,True,NULL
"506811078",True,False,NULL,NULL,NULL,NULL,NULL,NULL,NULL,NULL,True,NULL,NULL,NULL,NULL,NULL,False,False,False,False,False,True,True,True,True,NULL
"800047742",True,False,NULL,NULL,NULL,NULL,NULL,NULL,NULL,NULL,True,NULL,NULL,NULL,NULL,NULL,False,False,False,False,False,True,True,True,True,NULL
"7676754471",True,False,NULL,NULL,NULL,NULL,NULL,NULL,NULL,NULL,True,NULL,NULL,NULL,NULL,NULL,False,False,False,False,False,True,True,True,True,NULL
"1607519007",True,False,NULL,NULL,NULL,NULL,NULL,NULL,NULL,NULL,True,NULL,NULL,NULL,NULL,NULL,False,False,False,False,False,True,True,True,True,NULL
"8120746175",True,False,NULL,NULL,NULL,NULL,NULL,NULL,NULL,NULL,True,NULL,NULL,NULL,NULL,NULL,False,False,False,False,False,True,True,True,True,NULL
"8109886478",True,False,NULL,NULL,NULL,NULL,NULL,NULL,NULL,NULL,True,NULL,NULL,NULL,NULL,NULL,False,False,False,False,False,True,True,True,True,NULL
"6643512460",True,False,NULL,NULL,NULL,NULL,NULL,NULL,NULL,NULL,True,NULL,NULL,NULL,NULL,NULL,False,False,False,False,False,True,True,True,True,NULL
"830913272",True,False,NULL,NULL,NULL,NULL,NULL,NULL,NULL,NULL,True,NULL,NULL,NULL,NULL,NULL,False,False,False,False,False,True,True,True,True,NULL
"5777784450",True,False,NULL,NULL,NULL,NULL,NULL,NULL,NULL,NULL,True,NULL,NULL,NULL,NULL,NULL,False,False,False,False,False,True,True,True,True,NULL
"7644563594",True,False,NULL,NULL,NULL,NULL,NULL,NULL,NULL,NULL,True,NULL,NULL,NULL,NULL,NULL,False,False,False,False,False,True,True,True,True,NULL
"1379061522",True,False,NULL,NULL,"Mister X",NULL,"2025-10-06 11:52:54.545112+00","👤",NULL,NULL,True,NULL,NULL,NULL,NULL,NULL,False,False,False,False,False,True,True,True,True,NULL
"5590732760",True,False,NULL,NULL,NULL,NULL,NULL,"🎧",NULL,NULL,True,NULL,NULL,NULL,NULL,NULL,False,False,False,False,False,True,True,True,True,NULL
"1782047012",True,False,NULL,NULL,NULL,NULL,NULL,NULL,NULL,NULL,True,NULL,NULL,NULL,NULL,NULL,False,False,False,False,False,True,True,True,True,NULL
"6377062279",True,False,NULL,NULL,NULL,NULL,NULL,NULL,NULL,NULL,True,NULL,NULL,NULL,NULL,NULL,False,False,False,False,False,True,True,True,True,NULL
"5885931290",True,False,NULL,NULL,NULL,NULL,NULL,NULL,NULL,NULL,True,NULL,NULL,NULL,NULL,NULL,False,False,False,False,False,True,True,True,True,NULL
"5813895068",True,False,NULL,NULL,NULL,NULL,NULL,NULL,NULL,NULL,True,NULL,NULL,NULL,NULL,NULL,False,False,False,False,False,True,True,True,True,NULL
"1762956875",True,False,NULL,NULL,NULL,NULL,NULL,NULL,NULL,NULL,True,NULL,NULL,NULL,NULL,NULL,False,False,False,False,False,True,True,True,True,NULL
"6154532771",True,False,NULL,NULL,NULL,NULL,NULL,NULL,NULL,NULL,True,NULL,NULL,NULL,NULL,NULL,False,False,False,False,False,True,True,True,True,NULL
"1330683505",True,False,NULL,NULL,NULL,NULL,NULL,NULL,NULL,NULL,True,NULL,NULL,NULL,NULL,NULL,False,False,False,False,False,True,True,True,True,NULL
"6643717241",True,False,NULL,NULL,NULL,NULL,NULL,NULL,NULL,NULL,True,NULL,NULL,NULL,NULL,NULL,False,False,False,False,False,True,True,True,True,NULL
"1219654860",True,False,NULL,NULL,NULL,NULL,NULL,NULL,NULL,NULL,True,NULL,NULL,NULL,NULL,NULL,False,False,False,False,False,True,True,True,True,NULL
"1724966194",True,False,NULL,NULL,NULL,NULL,NULL,NULL,NULL,NULL,True,NULL,NULL,NULL,NULL,NULL,False,False,False,False,False,True,True,True,True,NULL
"363846404",True,False,NULL,NULL,NULL,NULL,NULL,NULL,NULL,NULL,True,NULL,NULL,NULL,NULL,NULL,False,False,False,False,False,True,True,True,True,NULL
"1186552366",True,False,NULL,NULL,NULL,NULL,NULL,NULL,NULL,NULL,True,NULL,NULL,NULL,NULL,NULL,False,False,False,False,False,True,True,True,True,NULL
"6407023085",True,False,NULL,NULL,NULL,NULL,NULL,NULL,NULL,NULL,True,NULL,NULL,NULL,NULL,NULL,False,False,False,False,False,True,True,True,True,NULL
"6568887204",True,False,NULL,NULL,NULL,NULL,NULL,NULL,NULL,NULL,True,NULL,NULL,NULL,NULL,NULL,False,False,False,False,False,True,True,True,True,NULL
"675647328",True,False,NULL,NULL,NULL,NULL,NULL,NULL,NULL,NULL,True,NULL,NULL,NULL,NULL,NULL,False,False,False,False,False,True,True,True,True,NULL
"1415112813",True,False,NULL,NULL,NULL,NULL,NULL,NULL,NULL,NULL,True,NULL,NULL,NULL,NULL,NULL,False,False,False,False,False,True,True,True,True,NULL
"6066017005",True,False,NULL,NULL,NULL,NULL,NULL,NULL,NULL,NULL,True,NULL,NULL,NULL,NULL,NULL,False,False,False,False,False,True,True,True,True,NULL
"7650702661",True,False,NULL,NULL,NULL,NULL,NULL,NULL,NULL,NULL,True,NULL,NULL,NULL,NULL,NULL,False,False,False,False,False,True,True,True,True,NULL
"6523249377",True,False,NULL,NULL,NULL,NULL,NULL,NULL,NULL,NULL,True,NULL,NULL,NULL,NULL,NULL,False,False,False,False,False,True,True,True,True,NULL
"6139350901",True,False,NULL,NULL,NULL,NULL,NULL,NULL,NULL,NULL,True,NULL,NULL,NULL,NULL,NULL,False,False,False,False,False,True,True,True,True,NULL
"699230072",True,False,NULL,NULL,NULL,NULL,NULL,NULL,NULL,NULL,True,NULL,NULL,NULL,NULL,NULL,False,False,False,False,False,True,True,True,True,NULL
"1250920363",True,False,NULL,NULL,NULL,NULL,NULL,NULL,NULL,NULL,True,NULL,NULL,NULL,NULL,NULL,False,False,False,False,False,True,True,True,True,NULL
"1189111169",True,False,NULL,NULL,NULL,NULL,NULL,NULL,NULL,NULL,True,NULL,NULL,NULL,NULL,NULL,False,False,False,False,False,True,True,True,True,NULL
"901532445",True,False,NULL,NULL,NULL,NULL,NULL,NULL,NULL,NULL,True,NULL,NULL,NULL,NULL,NULL,False,False,False,False,False,True,True,True,True,NULL
"5609772200",True,False,NULL,NULL,NULL,NULL,NULL,NULL,NULL,NULL,True,NULL,NULL,NULL,NULL,NULL,False,False,False,False,False,True,True,True,True,NULL
"770426761",True,False,NULL,NULL,NULL,NULL,NULL,NULL,NULL,NULL,True,NULL,NULL,NULL,NULL,NULL,False,False,False,False,False,True,True,True,True,NULL
"6110715479",True,False,NULL,NULL,NULL,NULL,NULL,NULL,NULL,NULL,True,NULL,NULL,NULL,NULL,NULL,False,False,False,False,False,True,True,True,True,NULL
"1173494438",True,False,NULL,NULL,NULL,NULL,NULL,NULL,NULL,NULL,True,NULL,NULL,NULL,NULL,NULL,False,False,False,False,False,True,True,True,True,NULL
"5700209240",True,False,NULL,NULL,NULL,NULL,NULL,NULL,NULL,NULL,True,NULL,NULL,NULL,NULL,NULL,False,False,False,False,False,True,True,True,True,NULL
"7712020969",True,False,NULL,NULL,NULL,NULL,NULL,NULL,NULL,NULL,True,NULL,NULL,NULL,NULL,NULL,False,False,False,False,False,True,True,True,True,NULL
"1278009699",True,False,NULL,NULL,NULL,NULL,NULL,NULL,NULL,NULL,True,NULL,NULL,NULL,NULL,NULL,False,False,False,False,False,True,True,True,True,NULL
"699317498",True,False,NULL,NULL,NULL,NULL,NULL,NULL,NULL,NULL,True,NULL,NULL,NULL,NULL,NULL,False,False,False,False,False,True,True,True,True,NULL
"1856893771",True,False,NULL,NULL,NULL,NULL,NULL,NULL,NULL,NULL,True,NULL,NULL,NULL,NULL,NULL,False,False,False,False,False,True,True,True,True,NULL
"1775600975",True,False,NULL,NULL,NULL,NULL,NULL,NULL,NULL,NULL,True,NULL,NULL,NULL,NULL,NULL,False,False,False,False,False,True,True,True,True,NULL
"1019551012",True,False,NULL,NULL,NULL,NULL,NULL,NULL,NULL,NULL,True,NULL,NULL,NULL,NULL,NULL,False,False,False,False,False,True,True,True,True,NULL
"595499970",True,False,NULL,NULL,NULL,NULL,NULL,NULL,NULL,NULL,True,NULL,NULL,NULL,NULL,NULL,False,False,False,False,False,True,True,True,True,NULL
"7469928394",True,False,NULL,NULL,NULL,NULL,NULL,NULL,NULL,NULL,True,NULL,NULL,NULL,NULL,NULL,False,False,False,False,False,True,True,True,True,NULL
"917349443",True,False,NULL,NULL,NULL,NULL,NULL,NULL,NULL,NULL,True,NULL,NULL,NULL,NULL,NULL,False,False,False,False,False,True,True,True,True,NULL
"821981563",True,False,NULL,NULL,NULL,NULL,NULL,NULL,NULL,NULL,True,NULL,NULL,NULL,NULL,NULL,False,False,False,False,False,True,True,True,True,NULL
"1272872997",True,False,NULL,NULL,"Hiccup",NULL,"2025-10-04 05:48:42.499227+00","🎧",NULL,NULL,True,NULL,NULL,NULL,NULL,NULL,False,False,False,False,False,True,True,True,True,NULL
"5457601956",True,False,NULL,NULL,NULL,NULL,NULL,NULL,NULL,NULL,True,NULL,NULL,NULL,NULL,NULL,False,False,False,False,False,True,True,True,True,NULL
"7277264090",True,False,NULL,NULL,NULL,NULL,NULL,NULL,NULL,NULL,True,NULL,NULL,NULL,NULL,NULL,False,False,False,False,False,True,True,True,True,NULL
"629045945",True,False,NULL,NULL,NULL,NULL,NULL,NULL,NULL,NULL,True,NULL,NULL,NULL,NULL,NULL,False,False,False,False,False,True,True,True,True,NULL
"8012879082",True,False,NULL,NULL,NULL,NULL,NULL,NULL,NULL,NULL,True,NULL,NULL,NULL,NULL,NULL,False,False,False,False,False,True,True,True,True,NULL
"1593304227",True,False,NULL,NULL,NULL,NULL,NULL,NULL,NULL,NULL,True,NULL,NULL,NULL,NULL,NULL,False,False,False,False,False,True,True,True,True,NULL
"6541437537",True,False,NULL,NULL,NULL,NULL,NULL,NULL,NULL,NULL,True,NULL,NULL,NULL,NULL,NULL,False,False,False,False,False,True,True,True,True,NULL
"6868499362",True,False,NULL,NULL,NULL,NULL,NULL,NULL,NULL,NULL,True,NULL,NULL,NULL,NULL,NULL,False,False,False,False,False,True,True,True,True,NULL
"7581607106",True,False,NULL,NULL,NULL,NULL,NULL,NULL,NULL,NULL,True,NULL,NULL,NULL,NULL,NULL,False,False,False,False,False,True,True,True,True,NULL
"6565941395",True,False,NULL,NULL,NULL,NULL,NULL,NULL,NULL,NULL,True,NULL,NULL,NULL,NULL,NULL,False,False,False,False,False,True,True,True,True,NULL
"1384311284",True,False,NULL,NULL,NULL,NULL,NULL,NULL,NULL,NULL,True,NULL,NULL,NULL,NULL,NULL,False,False,False,False,False,True,True,True,True,NULL
"1937994265",True,False,NULL,NULL,NULL,NULL,NULL,NULL,NULL,NULL,True,NULL,NULL,NULL,NULL,NULL,False,False,False,False,False,True,True,True,True,NULL
"5604599833",True,False,NULL,NULL,NULL,NULL,NULL,NULL,NULL,NULL,True,NULL,NULL,NULL,NULL,NULL,False,False,False,False,False,True,True,True,True,NULL
"7644737378",True,False,NULL,NULL,NULL,NULL,NULL,NULL,NULL,NULL,True,NULL,NULL,NULL,NULL,NULL,False,False,False,False,False,True,True,True,True,NULL
"899968492",True,False,NULL,NULL,NULL,NULL,NULL,NULL,NULL,NULL,True,NULL,NULL,NULL,NULL,NULL,False,False,False,False,False,True,True,True,True,NULL
"7226232217",True,False,NULL,NULL,NULL,NULL,NULL,NULL,NULL,NULL,True,NULL,NULL,NULL,NULL,NULL,False,False,False,False,False,True,True,True,True,NULL
"5906940694",True,False,NULL,NULL,NULL,NULL,NULL,NULL,NULL,NULL,True,NULL,NULL,NULL,NULL,NULL,False,False,False,False,False,True,True,True,True,NULL
"712518436",True,False,NULL,NULL,NULL,NULL,NULL,NULL,NULL,NULL,True,NULL,NULL,NULL,NULL,NULL,False,False,False,False,False,True,True,True,True,NULL
"1467983865",True,False,NULL,NULL,NULL,NULL,NULL,NULL,NULL,NULL,True,NULL,NULL,NULL,NULL,NULL,False,False,False,False,False,True,True,True,True,NULL
"6585372749",True,False,NULL,NULL,NULL,NULL,NULL,NULL,NULL,NULL,True,NULL,NULL,NULL,NULL,NULL,False,False,False,False,False,True,True,True,True,NULL
"1826826506",True,False,NULL,NULL,NULL,NULL,NULL,NULL,NULL,NULL,True,NULL,NULL,NULL,NULL,NULL,False,False,False,False,False,True,True,True,True,NULL
"781763713",True,False,NULL,NULL,NULL,NULL,NULL,NULL,NULL,NULL,True,NULL,NULL,NULL,NULL,NULL,False,False,False,False,False,True,True,True,True,NULL
"745586164",True,False,NULL,NULL,NULL,NULL,NULL,NULL,NULL,NULL,True,NULL,NULL,NULL,NULL,NULL,False,False,False,False,False,True,True,True,True,NULL
"1877676903",True,False,NULL,NULL,NULL,NULL,NULL,NULL,NULL,NULL,True,NULL,NULL,NULL,NULL,NULL,False,False,False,False,False,True,True,True,True,NULL
"553792760",True,False,NULL,NULL,NULL,NULL,NULL,NULL,NULL,NULL,True,NULL,NULL,NULL,NULL,NULL,False,False,False,False,False,True,True,True,True,NULL
"890686562",True,False,NULL,NULL,NULL,NULL,NULL,NULL,NULL,NULL,True,NULL,NULL,NULL,NULL,NULL,False,False,False,False,False,True,True,True,True,NULL
"6672432978",True,False,NULL,NULL,"Nexus",5,"2025-10-25 04:56:23.747902+00","🤠",NULL,NULL,True,NULL,NULL,NULL,NULL,NULL,False,False,False,False,False,True,True,True,True,NULL
"1479736147",True,False,NULL,NULL,"Babilan",NULL,"2025-09-12 10:08:23.458295+00","😎",NULL,NULL,True,NULL,NULL,NULL,NULL,NULL,False,False,False,False,False,True,True,True,True,NULL
"1277122274",True,False,NULL,NULL,NULL,NULL,NULL,NULL,NULL,NULL,True,NULL,NULL,NULL,NULL,NULL,False,False,False,False,False,True,True,True,True,NULL
"5833582386",True,False,NULL,NULL,NULL,NULL,NULL,NULL,NULL,NULL,True,NULL,NULL,NULL,NULL,NULL,False,False,False,False,False,True,True,True,True,NULL
"1106271255",True,False,NULL,NULL,NULL,NULL,NULL,NULL,NULL,NULL,True,NULL,NULL,NULL,NULL,NULL,False,False,False,False,False,True,True,True,True,NULL
"1110673394",True,False,NULL,NULL,NULL,NULL,NULL,NULL,NULL,NULL,True,NULL,NULL,NULL,NULL,NULL,False,False,False,False,False,True,True,True,True,NULL
"909034278",True,False,NULL,NULL,NULL,NULL,NULL,NULL,NULL,NULL,True,NULL,NULL,NULL,NULL,NULL,False,False,False,False,False,True,True,True,True,NULL
"6800000150",True,False,NULL,NULL,NULL,NULL,NULL,NULL,NULL,NULL,True,NULL,NULL,NULL,NULL,NULL,False,False,False,False,False,True,True,True,True,NULL
"1851424766",True,False,NULL,NULL,NULL,NULL,NULL,NULL,NULL,NULL,True,NULL,NULL,NULL,NULL,NULL,False,False,False,False,False,True,True,True,True,"eREw_-j0Mjs"
"795562957",True,False,NULL,NULL,NULL,NULL,NULL,NULL,NULL,NULL,True,NULL,NULL,NULL,NULL,NULL,False,False,False,False,False,True,True,True,True,NULL
"5384231139",True,False,NULL,NULL,"Happy",NULL,"2025-09-12 12:37:11.016154+00","👨",NULL,NULL,True,NULL,NULL,NULL,NULL,NULL,False,False,False,False,False,True,True,True,True,NULL
"980838324",True,False,NULL,NULL,NULL,NULL,NULL,"☀️",NULL,NULL,True,NULL,NULL,NULL,NULL,NULL,False,False,False,False,False,True,True,True,True,NULL
"7178303858",True,False,NULL,NULL,NULL,NULL,NULL,"✨",NULL,NULL,True,NULL,NULL,NULL,NULL,NULL,False,False,False,False,False,True,True,True,True,NULL
"994078692",True,False,NULL,NULL,NULL,NULL,NULL,NULL,NULL,NULL,True,NULL,NULL,NULL,NULL,NULL,False,False,False,False,False,True,True,True,True,NULL
"8198573368",True,False,NULL,NULL,NULL,NULL,NULL,NULL,NULL,NULL,True,NULL,NULL,NULL,NULL,NULL,False,False,False,False,False,True,True,True,True,NULL
"1801191508",True,False,NULL,NULL,"Abe bretu",0,"2025-09-17 16:07:43.999805+00","🎧",NULL,NULL,True,NULL,NULL,NULL,NULL,NULL,False,False,False,False,False,True,True,True,True,NULL
"7419914599",True,False,NULL,NULL,"Asheber",NULL,"2025-10-10 04:16:15.720376+00","🎮",NULL,NULL,True,"Male",NULL,NULL,NULL,NULL,False,False,False,False,False,True,True,True,True,"bta05qzwu6c"
"6977498967",True,False,NULL,NULL,NULL,NULL,NULL,NULL,NULL,NULL,True,NULL,NULL,NULL,NULL,NULL,False,False,False,False,False,True,True,True,True,NULL
"6932064506",True,False,NULL,NULL,NULL,NULL,NULL,NULL,NULL,NULL,True,NULL,NULL,NULL,NULL,NULL,False,False,False,False,False,True,True,True,True,NULL
"5288891339",True,False,NULL,NULL,"Lovie",NULL,"2025-10-03 11:13:25.265529+00",NULL,NULL,NULL,True,NULL,NULL,NULL,NULL,NULL,False,False,False,False,False,True,True,True,True,NULL
"1345263378",True,False,NULL,NULL,"The Voice",20,"2025-09-12 12:16:29.893223+00","🎧",NULL,NULL,True,NULL,NULL,NULL,NULL,NULL,False,False,False,False,False,True,True,True,True,NULL
"7000922960",True,False,NULL,NULL,NULL,NULL,NULL,NULL,NULL,NULL,True,NULL,NULL,NULL,NULL,NULL,False,False,False,False,False,True,True,True,True,NULL
"5320910224",True,False,NULL,NULL,"abrakedabra is fun and joy",NULL,"2025-09-12 14:43:39.157456+00","🎧",NULL,NULL,True,NULL,NULL,NULL,NULL,NULL,False,False,False,False,False,True,True,True,True,NULL
"934078548",True,False,NULL,NULL,NULL,NULL,NULL,NULL,NULL,NULL,True,NULL,NULL,NULL,NULL,NULL,False,False,False,False,False,True,True,True,True,NULL
"6946713163",True,False,NULL,NULL,"Nábêl",0,"2025-09-13 10:58:50.228616+00","👨",NULL,NULL,True,NULL,NULL,NULL,NULL,NULL,False,False,False,False,False,True,True,True,True,NULL
"5815853723",True,False,NULL,NULL,NULL,NULL,NULL,NULL,NULL,NULL,True,NULL,NULL,NULL,NULL,NULL,False,False,False,False,False,True,True,True,True,NULL
"1019991260",True,False,NULL,NULL,"Mr unbothered",15,"2025-09-13 07:25:53.996345+00","👤",NULL,NULL,True,NULL,NULL,NULL,NULL,NULL,False,False,False,False,False,True,True,True,True,NULL
"934149062",True,False,NULL,NULL,NULL,NULL,NULL,NULL,NULL,NULL,True,NULL,NULL,NULL,NULL,NULL,False,False,False,False,False,True,True,True,True,NULL
"5473321267",True,False,NULL,NULL,NULL,NULL,NULL,NULL,NULL,NULL,True,NULL,NULL,NULL,NULL,NULL,False,False,False,False,False,True,True,True,True,NULL
"1618336536",True,False,NULL,NULL,NULL,NULL,NULL,NULL,NULL,NULL,True,NULL,NULL,NULL,NULL,NULL,False,False,False,False,False,True,True,True,True,NULL
"919898472",True,False,NULL,NULL,NULL,NULL,NULL,NULL,NULL,NULL,True,NULL,NULL,NULL,NULL,NULL,False,False,False,False,False,True,True,True,True,NULL
"776152132",True,False,NULL,NULL,NULL,NULL,NULL,NULL,NULL,NULL,True,NULL,NULL,NULL,NULL,NULL,False,False,False,False,False,True,True,True,True,"PzniPO62FyA"
"2084326100",True,False,NULL,NULL,NULL,NULL,NULL,NULL,NULL,NULL,True,NULL,NULL,NULL,NULL,NULL,False,False,False,False,False,True,True,True,True,NULL
"6393072390",True,False,NULL,NULL,NULL,NULL,NULL,NULL,NULL,NULL,True,NULL,NULL,NULL,NULL,NULL,False,False,False,False,False,True,True,True,True,NULL
"5138628309",True,False,NULL,NULL,NULL,NULL,NULL,NULL,NULL,NULL,True,NULL,NULL,NULL,NULL,NULL,False,False,False,False,False,True,True,True,True,NULL
"7358361739",True,False,NULL,NULL,NULL,NULL,NULL,NULL,NULL,NULL,True,NULL,NULL,NULL,NULL,NULL,False,False,False,False,False,True,True,True,True,NULL
"5669037020",True,False,NULL,NULL,NULL,NULL,NULL,NULL,NULL,NULL,True,NULL,NULL,NULL,NULL,NULL,False,False,False,False,False,True,True,True,True,NULL
"7847175410",True,False,NULL,NULL,NULL,NULL,NULL,NULL,NULL,NULL,True,NULL,NULL,NULL,NULL,NULL,False,False,False,False,False,True,True,True,True,NULL
"7510379679",True,False,NULL,NULL,NULL,NULL,NULL,NULL,NULL,NULL,True,NULL,NULL,NULL,NULL,NULL,False,False,False,False,False,True,True,True,True,NULL
"6860255877",True,False,NULL,NULL,"Hunter",NULL,"2025-09-13 13:54:48.690269+00","👻",NULL,NULL,True,NULL,NULL,NULL,NULL,NULL,False,False,False,False,False,True,True,True,True,NULL
"781172310",True,False,NULL,NULL,NULL,NULL,NULL,NULL,NULL,NULL,True,NULL,NULL,NULL,NULL,NULL,False,False,False,False,False,True,True,True,True,NULL
"6482348729",True,False,NULL,NULL,"Balequlaw",0,"2025-09-12 13:24:38.584964+00","🎧",NULL,NULL,True,NULL,NULL,NULL,NULL,NULL,False,False,False,False,False,True,True,True,True,NULL
"7478654050",True,False,NULL,NULL,NULL,NULL,NULL,NULL,NULL,NULL,True,NULL,NULL,NULL,NULL,NULL,False,False,False,False,False,True,True,True,True,NULL
"7108642817",True,False,NULL,NULL,"Lazyeagle",25,"2025-09-13 11:02:20.831042+00","👤",NULL,NULL,True,NULL,NULL,NULL,NULL,NULL,False,False,False,False,False,True,True,True,True,NULL
"724612104",True,False,NULL,NULL,NULL,NULL,NULL,NULL,NULL,NULL,True,NULL,NULL,NULL,NULL,NULL,False,False,False,False,False,True,True,True,True,NULL
"5624621354",True,False,NULL,NULL,NULL,NULL,NULL,NULL,NULL,NULL,True,NULL,NULL,NULL,NULL,NULL,False,False,False,False,False,True,True,True,True,NULL
"2055018763",True,False,NULL,NULL,NULL,NULL,NULL,NULL,NULL,NULL,True,NULL,NULL,NULL,NULL,NULL,False,False,False,False,False,True,True,True,True,NULL
"5606157831",True,False,NULL,NULL,NULL,NULL,NULL,NULL,NULL,NULL,True,NULL,NULL,NULL,NULL,NULL,False,False,False,False,False,True,True,True,True,NULL
"1561756766",True,False,NULL,NULL,NULL,NULL,NULL,NULL,NULL,NULL,True,NULL,NULL,NULL,NULL,NULL,False,False,False,False,False,True,True,True,True,NULL
"1079501372",True,False,NULL,NULL,NULL,NULL,NULL,NULL,NULL,NULL,True,NULL,NULL,NULL,NULL,NULL,False,False,False,False,False,True,True,True,True,NULL
"7648229624",True,False,NULL,NULL,NULL,NULL,NULL,NULL,NULL,NULL,True,NULL,NULL,NULL,NULL,NULL,False,False,False,False,False,True,True,True,True,NULL
"6346910190",True,False,NULL,NULL,NULL,NULL,NULL,NULL,NULL,NULL,True,NULL,NULL,NULL,NULL,NULL,False,False,False,False,False,True,True,True,True,NULL
"1677783364",True,False,NULL,NULL,NULL,NULL,NULL,NULL,NULL,NULL,True,NULL,NULL,NULL,NULL,NULL,False,False,False,False,False,True,True,True,True,NULL
"1422995962",True,False,NULL,NULL,NULL,NULL,NULL,NULL,NULL,NULL,True,NULL,NULL,NULL,NULL,NULL,False,False,False,False,False,True,True,True,True,NULL
"7766409683",True,False,NULL,NULL,NULL,NULL,NULL,NULL,NULL,NULL,True,NULL,NULL,NULL,NULL,NULL,False,False,False,False,False,True,True,True,True,NULL
"6611716705",True,False,NULL,NULL,NULL,NULL,NULL,NULL,NULL,NULL,True,NULL,NULL,NULL,NULL,NULL,False,False,False,False,False,True,True,True,True,NULL
"1731963997",True,False,NULL,NULL,NULL,NULL,NULL,NULL,NULL,NULL,True,NULL,NULL,NULL,NULL,NULL,False,False,False,False,False,True,True,True,True,NULL
"1557886037",True,False,NULL,NULL,NULL,NULL,NULL,NULL,NULL,NULL,True,NULL,NULL,NULL,NULL,NULL,False,False,False,False,False,True,True,True,True,NULL
"1441918240",True,False,NULL,NULL,NULL,NULL,NULL,NULL,NULL,NULL,True,NULL,NULL,NULL,NULL,NULL,False,False,False,False,False,True,True,True,True,NULL
"518444412",True,False,NULL,NULL,NULL,NULL,NULL,NULL,NULL,NULL,True,NULL,NULL,NULL,NULL,NULL,False,False,False,False,False,True,True,True,True,NULL
"7234547951",True,False,NULL,NULL,NULL,NULL,NULL,NULL,NULL,NULL,True,NULL,NULL,NULL,NULL,NULL,False,False,False,False,False,True,True,True,True,NULL
"5988530494",True,False,NULL,NULL,NULL,NULL,NULL,NULL,NULL,NULL,True,NULL,NULL,NULL,NULL,NULL,False,False,False,False,False,True,True,True,True,NULL
"5856473220",True,False,NULL,NULL,NULL,NULL,NULL,NULL,NULL,NULL,True,NULL,NULL,NULL,NULL,NULL,False,False,False,False,False,True,True,True,True,NULL
"710914858",True,False,NULL,NULL,NULL,NULL,NULL,NULL,NULL,NULL,True,NULL,NULL,NULL,NULL,NULL,False,False,False,False,False,True,True,True,True,NULL
"1435019063",True,False,NULL,NULL,NULL,NULL,NULL,NULL,NULL,NULL,True,NULL,NULL,NULL,NULL,NULL,False,False,False,False,False,True,True,True,True,NULL
"7760381005",True,False,NULL,NULL,"nickname",25,"2025-09-23 03:12:37.476527+00","👤",NULL,"Bio",True,NULL,NULL,NULL,NULL,NULL,False,False,False,False,False,True,True,True,True,NULL
"5885228554",True,False,NULL,NULL,"The fun brother",15,"2025-09-13 08:45:43.447279+00","🧐",NULL,NULL,True,NULL,NULL,NULL,NULL,NULL,False,False,False,False,False,True,True,True,True,"f5PTwAMoDkQ"
"7191883532",True,False,NULL,NULL,"Silver",25,"2025-10-07 11:06:00.192603+00","🎧",NULL,NULL,True,NULL,NULL,NULL,NULL,NULL,False,False,False,False,False,True,True,True,True,NULL
"1256239927",True,False,NULL,NULL,NULL,NULL,NULL,NULL,NULL,NULL,True,NULL,NULL,NULL,NULL,NULL,False,False,False,False,False,True,True,True,True,NULL
"1668639286",True,False,NULL,NULL,NULL,NULL,NULL,NULL,NULL,NULL,True,NULL,NULL,NULL,NULL,NULL,False,False,False,False,False,True,True,True,True,"oJaKe60Ue78"
"5765951096",True,False,NULL,NULL,NULL,NULL,NULL,NULL,NULL,NULL,True,NULL,NULL,NULL,NULL,NULL,False,False,False,False,False,True,True,True,True,"Sitk7jLiSfU"
"1377944646",True,False,NULL,NULL,"Her",NULL,"2025-09-13 09:04:52.713541+00","👩",NULL,NULL,True,NULL,NULL,NULL,NULL,NULL,False,False,False,False,False,True,True,True,True,"4e-1zrbobBo"
"7127940415",True,False,NULL,NULL,NULL,NULL,NULL,NULL,NULL,NULL,True,NULL,NULL,NULL,NULL,NULL,False,False,False,False,False,True,True,True,True,"1nBBHCeAbAU"
"742348967",True,False,NULL,NULL,"lala",0,"2025-09-12 12:35:13.836571+00","👩",NULL,NULL,False,NULL,NULL,NULL,NULL,NULL,False,False,False,False,False,True,True,True,True,"dVhOjzqiW5U"
"689898028",True,False,NULL,NULL,NULL,NULL,NULL,NULL,NULL,NULL,True,NULL,NULL,NULL,NULL,NULL,False,False,False,False,False,True,True,True,True,NULL
"6938887303",True,False,NULL,NULL,NULL,NULL,NULL,NULL,NULL,NULL,True,NULL,NULL,NULL,NULL,NULL,False,False,False,False,False,True,True,True,True,NULL
"7595028990",True,False,NULL,NULL,NULL,NULL,NULL,NULL,NULL,NULL,True,NULL,NULL,NULL,NULL,NULL,False,False,False,False,False,True,True,True,True,NULL
"6273143363",True,False,NULL,NULL,NULL,NULL,NULL,NULL,NULL,NULL,True,NULL,NULL,NULL,NULL,NULL,False,False,False,False,False,True,True,True,True,NULL
"5070852576",True,False,NULL,NULL,NULL,NULL,NULL,NULL,NULL,NULL,True,NULL,NULL,NULL,NULL,NULL,False,False,False,False,False,True,True,True,True,NULL
"7514890782",True,False,NULL,NULL,NULL,NULL,NULL,NULL,NULL,NULL,True,NULL,NULL,NULL,NULL,NULL,False,False,False,False,False,True,True,True,True,NULL
"837132956",True,False,NULL,NULL,NULL,NULL,NULL,NULL,NULL,NULL,True,NULL,NULL,NULL,NULL,NULL,False,False,False,False,False,True,True,True,True,NULL
"6948892451",True,False,NULL,NULL,NULL,NULL,NULL,NULL,NULL,NULL,True,NULL,NULL,NULL,NULL,NULL,False,False,False,False,False,True,True,True,True,NULL
"1648604675",True,False,NULL,NULL,NULL,NULL,NULL,NULL,NULL,NULL,True,NULL,NULL,NULL,NULL,NULL,False,False,False,False,False,True,True,True,True,NULL
"659078310",True,False,NULL,NULL,NULL,NULL,NULL,NULL,NULL,NULL,True,NULL,NULL,NULL,NULL,NULL,False,False,False,False,False,True,True,True,True,NULL
"1184307303",True,False,NULL,NULL,NULL,NULL,NULL,NULL,NULL,NULL,True,NULL,NULL,NULL,NULL,NULL,False,False,False,False,False,True,True,True,True,NULL
"352377444",True,False,NULL,NULL,NULL,NULL,NULL,NULL,NULL,NULL,True,NULL,NULL,NULL,NULL,NULL,False,False,False,False,False,True,True,True,True,NULL
"5712810131",True,False,NULL,NULL,"Mitaaaa",NULL,"2025-09-14 14:34:31.1617+00","👩",NULL,NULL,True,NULL,NULL,NULL,NULL,NULL,False,False,False,False,False,True,True,True,True,NULL
"5111662909",True,False,NULL,NULL,NULL,NULL,NULL,NULL,NULL,NULL,True,NULL,NULL,NULL,NULL,NULL,False,False,False,False,False,True,True,True,True,NULL
"931288697",True,False,NULL,NULL,NULL,NULL,NULL,NULL,NULL,NULL,True,NULL,NULL,NULL,NULL,NULL,False,False,False,False,False,True,True,True,True,NULL
"1917362981",True,False,NULL,NULL,NULL,NULL,NULL,NULL,NULL,NULL,True,NULL,NULL,NULL,NULL,NULL,False,False,False,False,False,True,True,True,True,NULL
"7949458690",True,False,NULL,NULL,NULL,NULL,NULL,NULL,NULL,NULL,True,NULL,NULL,NULL,NULL,NULL,False,False,False,False,False,True,True,True,True,NULL
"1877526809",True,False,NULL,NULL,NULL,NULL,NULL,NULL,NULL,NULL,True,NULL,NULL,NULL,NULL,NULL,False,False,False,False,False,True,True,True,True,NULL
"1009640104",True,False,NULL,NULL,NULL,NULL,NULL,NULL,NULL,NULL,True,NULL,NULL,NULL,NULL,NULL,False,False,False,False,False,True,True,True,True,NULL
"1204077720",False,False,NULL,NULL,NULL,NULL,NULL,NULL,NULL,NULL,True,NULL,NULL,NULL,NULL,NULL,False,False,False,False,False,True,True,True,True,NULL
"1510400771",True,False,NULL,NULL,NULL,NULL,NULL,NULL,NULL,NULL,True,NULL,NULL,NULL,NULL,NULL,False,False,False,False,False,True,True,True,True,NULL
"5871353371",True,False,NULL,NULL,NULL,NULL,NULL,NULL,NULL,NULL,True,NULL,NULL,NULL,NULL,NULL,False,False,False,False,False,True,True,True,True,NULL
"647083782",True,False,NULL,NULL,NULL,NULL,NULL,NULL,NULL,NULL,True,NULL,NULL,NULL,NULL,NULL,False,False,False,False,False,True,True,True,True,NULL
"6166247699",True,False,NULL,NULL,NULL,NULL,NULL,NULL,NULL,NULL,True,NULL,NULL,NULL,NULL,NULL,False,False,False,False,False,True,True,True,True,NULL
"1771338945",True,False,NULL,NULL,NULL,NULL,NULL,NULL,NULL,NULL,True,NULL,NULL,NULL,NULL,NULL,False,False,False,False,False,True,True,True,True,NULL
"1038054170",True,False,NULL,NULL,NULL,NULL,NULL,NULL,NULL,NULL,True,NULL,NULL,NULL,NULL,NULL,False,False,False,False,False,True,True,True,True,NULL
"5367754787",True,False,NULL,NULL,NULL,NULL,NULL,NULL,NULL,NULL,True,NULL,NULL,NULL,NULL,NULL,False,False,False,False,False,True,True,True,True,NULL
"7114480776",True,False,NULL,NULL,NULL,NULL,NULL,NULL,NULL,NULL,True,NULL,NULL,NULL,NULL,NULL,False,False,False,False,False,True,True,True,True,NULL
"960722772",True,False,NULL,NULL,"Prince",NULL,"2025-09-15 11:01:55.903569+00","🎮",NULL,NULL,True,NULL,NULL,NULL,NULL,NULL,False,False,False,False,False,True,True,True,True,NULL
"5145667081",False,False,NULL,NULL,NULL,NULL,NULL,NULL,NULL,NULL,True,NULL,NULL,NULL,NULL,NULL,False,False,False,False,False,True,True,True,True,NULL
"7492318118",True,False,NULL,NULL,NULL,NULL,NULL,"👨",NULL,NULL,True,NULL,NULL,NULL,NULL,NULL,False,False,False,False,False,True,True,True,True,NULL
"1209614534",True,False,NULL,NULL,NULL,NULL,NULL,NULL,NULL,NULL,True,NULL,NULL,NULL,NULL,NULL,False,False,False,False,False,True,True,True,True,NULL
"1984366450",True,False,NULL,NULL,NULL,NULL,NULL,NULL,NULL,NULL,True,NULL,NULL,NULL,NULL,NULL,False,False,False,False,False,True,True,True,True,NULL
"913676321",True,False,NULL,NULL,NULL,NULL,NULL,NULL,NULL,NULL,True,NULL,NULL,NULL,NULL,NULL,False,False,False,False,False,True,True,True,True,NULL
"6252427951",True,False,NULL,NULL,NULL,NULL,NULL,NULL,NULL,NULL,True,NULL,NULL,NULL,NULL,NULL,False,False,False,False,False,True,True,True,True,NULL
"7656221831",True,False,NULL,NULL,"Meloren",0,"2025-09-15 07:42:08.830184+00","👩",NULL,NULL,False,NULL,NULL,NULL,NULL,NULL,False,False,False,False,False,True,True,True,True,NULL
"1052224961",True,False,NULL,NULL,NULL,NULL,NULL,NULL,NULL,NULL,True,NULL,NULL,NULL,NULL,NULL,False,False,False,False,False,True,True,True,True,NULL
"6194922788",True,False,NULL,NULL,"Lela",NULL,"2025-09-14 13:22:46.10271+00","🎧",NULL,NULL,True,NULL,NULL,NULL,NULL,NULL,False,False,False,False,False,True,True,True,True,"QRjz2YgYhKM"
"1686840301",True,False,NULL,NULL,NULL,NULL,NULL,NULL,NULL,NULL,True,NULL,NULL,NULL,NULL,NULL,False,False,False,False,False,True,True,True,True,NULL
"5924377326",False,False,NULL,NULL,NULL,NULL,NULL,NULL,NULL,NULL,True,NULL,NULL,NULL,NULL,NULL,False,False,False,False,False,True,True,True,True,NULL
"7628715805",True,False,NULL,NULL,NULL,NULL,NULL,NULL,NULL,NULL,True,NULL,NULL,NULL,NULL,NULL,False,False,False,False,False,True,True,True,True,NULL
"955679410",True,False,NULL,NULL,"YEA BUDDY",NULL,"2025-09-15 18:33:55.535551+00","😎",NULL,"Who said life is boring?",True,NULL,NULL,NULL,NULL,NULL,False,False,False,False,False,True,True,True,True,"p0N79R1hRoc"
"635884663",True,False,NULL,NULL,NULL,NULL,NULL,NULL,NULL,NULL,True,NULL,NULL,NULL,NULL,NULL,False,False,False,False,False,True,True,True,True,NULL
"5163477913",True,False,NULL,NULL,NULL,NULL,NULL,"🎧",NULL,NULL,False,NULL,NULL,NULL,NULL,NULL,False,False,False,False,False,True,True,True,True,NULL
"6850347964",True,False,NULL,NULL,NULL,NULL,NULL,NULL,NULL,NULL,True,NULL,NULL,NULL,NULL,NULL,False,False,False,False,False,True,True,True,True,NULL
"6145414894",True,False,NULL,NULL,NULL,NULL,NULL,NULL,NULL,NULL,True,NULL,NULL,NULL,NULL,NULL,False,False,False,False,False,True,True,True,True,NULL
"6277096433",True,False,NULL,NULL,NULL,NULL,NULL,NULL,NULL,NULL,True,NULL,NULL,NULL,NULL,NULL,False,False,False,False,False,True,True,True,True,NULL
"7073092302",True,False,NULL,NULL,NULL,NULL,NULL,NULL,NULL,NULL,True,NULL,NULL,NULL,NULL,NULL,False,False,False,False,False,True,True,True,True,NULL
"8479883161",True,False,NULL,NULL,NULL,NULL,NULL,"🎧",NULL,NULL,True,NULL,NULL,NULL,NULL,NULL,False,False,False,False,False,True,True,True,True,NULL
"5014315387",True,False,NULL,NULL,NULL,NULL,NULL,NULL,NULL,NULL,True,NULL,NULL,NULL,NULL,NULL,False,False,False,False,False,True,True,True,True,NULL
"5713614056",True,False,NULL,NULL,"Slavoj Zizek",0,"2025-10-07 18:01:13.074447+00","🧐",NULL,NULL,True,NULL,NULL,NULL,NULL,NULL,False,False,False,False,False,True,True,True,True,"FMgk-b6O-cg"
"6733952876",True,False,NULL,NULL,NULL,NULL,NULL,NULL,NULL,NULL,True,NULL,NULL,NULL,NULL,NULL,False,False,False,False,False,True,True,True,True,NULL
"2082630193",True,False,NULL,NULL,"Him",5,"2025-09-15 09:05:09.54439+00",NULL,NULL,NULL,True,NULL,NULL,NULL,NULL,NULL,False,False,False,False,False,True,True,True,True,NULL
"7293939479",True,False,NULL,NULL,NULL,NULL,NULL,NULL,NULL,NULL,True,NULL,NULL,NULL,NULL,NULL,False,False,False,False,False,True,True,True,True,NULL
"7186008609",True,False,NULL,NULL,NULL,NULL,NULL,NULL,NULL,NULL,True,NULL,NULL,NULL,NULL,NULL,False,False,False,False,False,True,True,True,True,NULL
"7835866672",True,False,NULL,NULL,NULL,NULL,NULL,NULL,NULL,NULL,True,NULL,NULL,NULL,NULL,NULL,False,False,False,False,False,True,True,True,True,NULL
"7518358424",True,False,NULL,NULL,NULL,NULL,NULL,NULL,NULL,NULL,True,NULL,NULL,NULL,NULL,NULL,False,False,False,False,False,True,True,True,True,NULL
"637020779",True,False,NULL,NULL,NULL,NULL,NULL,NULL,NULL,NULL,True,NULL,NULL,NULL,NULL,NULL,False,False,False,False,False,True,True,True,True,NULL
"6335837522",True,False,NULL,NULL,NULL,NULL,NULL,NULL,NULL,NULL,True,NULL,NULL,NULL,NULL,NULL,False,False,False,False,False,True,True,True,True,NULL
"795915089",True,False,NULL,NULL,NULL,NULL,NULL,NULL,NULL,NULL,True,NULL,NULL,NULL,NULL,NULL,False,False,False,False,False,True,True,True,True,NULL
"7167593882",True,False,NULL,NULL,NULL,NULL,NULL,NULL,NULL,NULL,True,NULL,NULL,NULL,NULL,NULL,False,False,False,False,False,True,True,True,True,NULL
"1209018267",True,False,NULL,NULL,NULL,NULL,NULL,NULL,NULL,NULL,True,NULL,NULL,NULL,NULL,NULL,False,False,False,False,False,True,True,True,True,NULL
"1929427400",True,False,NULL,NULL,NULL,NULL,NULL,NULL,NULL,NULL,True,NULL,NULL,NULL,NULL,NULL,False,False,False,False,False,True,True,True,True,NULL
"950128419",True,False,NULL,NULL,NULL,NULL,NULL,NULL,NULL,NULL,True,NULL,NULL,NULL,NULL,NULL,False,False,False,False,False,True,True,True,True,NULL
"8180454520",False,False,NULL,NULL,NULL,NULL,NULL,NULL,NULL,NULL,True,NULL,NULL,NULL,NULL,NULL,False,False,False,False,False,True,True,True,True,NULL
"6082785981",True,False,NULL,NULL,NULL,NULL,NULL,NULL,NULL,NULL,True,NULL,NULL,NULL,NULL,NULL,False,False,False,False,False,True,True,True,True,NULL
"6533785531",False,False,NULL,NULL,NULL,NULL,NULL,NULL,NULL,NULL,True,NULL,NULL,NULL,NULL,NULL,False,False,False,False,False,True,True,True,True,NULL
"1743869266",False,False,NULL,NULL,NULL,NULL,NULL,NULL,NULL,NULL,True,NULL,NULL,NULL,NULL,NULL,False,False,False,False,False,True,True,True,True,NULL
"1141848308",True,False,NULL,NULL,NULL,NULL,NULL,NULL,NULL,NULL,True,NULL,NULL,NULL,NULL,NULL,False,False,False,False,False,True,True,True,True,NULL
"5706448613",True,False,NULL,NULL,NULL,NULL,NULL,NULL,NULL,NULL,True,NULL,NULL,NULL,NULL,NULL,False,False,False,False,False,True,True,True,True,NULL
"1949078231",True,False,NULL,NULL,NULL,NULL,NULL,NULL,NULL,NULL,True,NULL,NULL,NULL,NULL,NULL,False,False,False,False,False,True,True,True,True,NULL
"811322502",True,False,NULL,NULL,NULL,NULL,NULL,NULL,NULL,NULL,True,NULL,NULL,NULL,NULL,NULL,False,False,False,False,False,True,True,True,True,NULL
"7518417247",True,False,NULL,NULL,NULL,NULL,NULL,NULL,NULL,NULL,True,NULL,NULL,NULL,NULL,NULL,False,False,False,False,False,True,True,True,True,NULL
"8182057083",True,False,NULL,NULL,NULL,NULL,NULL,NULL,NULL,NULL,True,NULL,NULL,NULL,NULL,NULL,False,False,False,False,False,True,True,True,True,NULL
"7122043758",True,False,NULL,NULL,NULL,NULL,NULL,NULL,NULL,NULL,True,NULL,NULL,NULL,NULL,NULL,False,False,False,False,False,True,True,True,True,NULL
"6814574800",True,False,NULL,NULL,NULL,NULL,NULL,NULL,NULL,NULL,True,NULL,NULL,NULL,NULL,NULL,False,False,False,False,False,True,True,True,True,NULL
"529129628",True,False,NULL,NULL,NULL,NULL,NULL,NULL,NULL,NULL,True,NULL,NULL,NULL,NULL,NULL,False,False,False,False,False,True,True,True,True,NULL
"852303033",True,False,NULL,NULL,NULL,NULL,NULL,NULL,NULL,NULL,True,NULL,NULL,NULL,NULL,NULL,False,False,False,False,False,True,True,True,True,NULL
"6653194420",True,False,NULL,NULL,NULL,NULL,NULL,NULL,NULL,NULL,True,NULL,NULL,NULL,NULL,NULL,False,False,False,False,False,True,True,True,True,NULL
"574700751",True,False,NULL,NULL,NULL,NULL,NULL,NULL,NULL,NULL,True,NULL,NULL,NULL,NULL,NULL,False,False,False,False,False,True,True,True,True,NULL
"1553510398",True,False,NULL,NULL,NULL,NULL,NULL,NULL,NULL,NULL,True,NULL,NULL,NULL,NULL,NULL,False,False,False,False,False,True,True,True,True,NULL
"1058518262",True,False,NULL,NULL,NULL,NULL,NULL,NULL,NULL,NULL,True,NULL,NULL,NULL,NULL,NULL,False,False,False,False,False,True,True,True,True,NULL
"464061290",True,False,NULL,NULL,NULL,NULL,NULL,NULL,NULL,NULL,True,NULL,NULL,NULL,NULL,NULL,False,False,False,False,False,True,True,True,True,NULL
"8302871323",True,False,NULL,NULL,NULL,NULL,NULL,NULL,NULL,NULL,True,NULL,NULL,NULL,NULL,NULL,False,False,False,False,False,True,True,True,True,NULL
"5338913420",True,False,NULL,NULL,"Greg",NULL,"2025-09-15 15:29:27.746489+00","👨",NULL,NULL,True,NULL,NULL,NULL,NULL,NULL,False,False,False,False,False,True,True,True,True,NULL
"5646444332",True,False,NULL,NULL,NULL,NULL,NULL,NULL,NULL,NULL,True,NULL,NULL,NULL,NULL,NULL,False,False,False,False,False,True,True,True,True,NULL
"5491227327",True,False,NULL,NULL,NULL,NULL,NULL,NULL,NULL,NULL,True,NULL,NULL,NULL,NULL,NULL,False,False,False,False,False,True,True,True,True,NULL
"1212119817",True,False,NULL,NULL,NULL,NULL,NULL,NULL,NULL,NULL,True,NULL,NULL,NULL,NULL,NULL,False,False,False,False,False,True,True,True,True,NULL
"5497064209",True,False,NULL,NULL,NULL,NULL,NULL,NULL,NULL,NULL,True,NULL,NULL,NULL,NULL,NULL,False,False,False,False,False,True,True,True,True,NULL
"6094202074",True,False,NULL,NULL,NULL,NULL,NULL,NULL,NULL,NULL,True,NULL,NULL,NULL,NULL,NULL,False,False,False,False,False,True,True,True,True,NULL
"7323448965",True,False,NULL,NULL,NULL,NULL,NULL,NULL,NULL,NULL,True,NULL,NULL,NULL,NULL,NULL,False,False,False,False,False,True,True,True,True,NULL
"856261598",True,False,NULL,NULL,NULL,NULL,NULL,NULL,NULL,NULL,True,NULL,NULL,NULL,NULL,NULL,False,False,False,False,False,True,True,True,True,NULL
"6565956139",True,False,NULL,NULL,NULL,NULL,NULL,NULL,NULL,NULL,True,NULL,NULL,NULL,NULL,NULL,False,False,False,False,False,True,True,True,True,NULL
"1043550019",True,False,NULL,NULL,NULL,NULL,NULL,NULL,NULL,NULL,True,NULL,NULL,NULL,NULL,NULL,False,False,False,False,False,True,True,True,True,NULL
"889764466",True,False,NULL,NULL,NULL,NULL,NULL,NULL,NULL,NULL,True,NULL,NULL,NULL,NULL,NULL,False,False,False,False,False,True,True,True,True,NULL
"5680198465",True,False,NULL,NULL,NULL,NULL,NULL,NULL,NULL,NULL,True,NULL,NULL,NULL,NULL,NULL,False,False,False,False,False,True,True,True,True,NULL
"510432289",True,False,NULL,NULL,NULL,NULL,NULL,NULL,NULL,NULL,True,NULL,NULL,NULL,NULL,NULL,False,False,False,False,False,True,True,True,True,NULL
"6529928618",True,False,NULL,NULL,"Plaint",NULL,"2025-09-16 00:20:55.633899+00","🎮",NULL,"I have a bad habit of worrying too much about other people's feelings.
I think that's eating my flesh slowly😔😔I won't be like that anymore.🦾",True,NULL,NULL,NULL,NULL,NULL,False,False,False,False,False,True,True,True,True,NULL
"7996467948",True,False,NULL,NULL,NULL,NULL,NULL,NULL,NULL,NULL,True,NULL,NULL,NULL,NULL,NULL,False,False,False,False,False,True,True,True,True,NULL
"1720717648",True,False,NULL,NULL,NULL,NULL,NULL,NULL,NULL,NULL,True,NULL,NULL,NULL,NULL,NULL,False,False,False,False,False,True,True,True,True,NULL
"5571797637",True,False,NULL,NULL,NULL,NULL,NULL,NULL,NULL,NULL,True,NULL,NULL,NULL,NULL,NULL,False,False,False,False,False,True,True,True,True,NULL
"739309167",True,False,NULL,NULL,NULL,NULL,NULL,NULL,NULL,NULL,True,NULL,NULL,NULL,NULL,NULL,False,False,False,False,False,True,True,True,True,NULL
"868486732",True,False,NULL,NULL,NULL,NULL,NULL,NULL,NULL,NULL,True,NULL,NULL,NULL,NULL,NULL,False,False,False,False,False,True,True,True,True,NULL
"6535171856",True,False,NULL,NULL,NULL,NULL,NULL,NULL,NULL,NULL,True,NULL,NULL,NULL,NULL,NULL,False,False,False,False,False,True,True,True,True,NULL
"6591279444",True,False,NULL,NULL,NULL,NULL,NULL,NULL,NULL,NULL,True,NULL,NULL,NULL,NULL,NULL,False,False,False,False,False,True,True,True,True,NULL
"7613672188",True,False,NULL,NULL,NULL,NULL,NULL,NULL,NULL,NULL,True,NULL,NULL,NULL,NULL,NULL,False,False,False,False,False,True,True,True,True,NULL
"1443753779",True,False,NULL,NULL,NULL,NULL,NULL,NULL,NULL,NULL,True,NULL,NULL,NULL,NULL,NULL,False,False,False,False,False,True,True,True,True,NULL
"6355680115",True,False,NULL,NULL,NULL,NULL,NULL,NULL,NULL,NULL,True,NULL,NULL,NULL,NULL,NULL,False,False,False,False,False,True,True,True,True,NULL
"1786368151",False,False,NULL,NULL,NULL,NULL,NULL,NULL,NULL,NULL,True,NULL,NULL,NULL,NULL,NULL,False,False,False,False,False,True,True,True,True,NULL
"5757304942",True,False,NULL,NULL,NULL,NULL,NULL,NULL,NULL,NULL,True,NULL,NULL,NULL,NULL,NULL,False,False,False,False,False,True,True,True,True,NULL
"5346420169",True,False,NULL,NULL,NULL,NULL,NULL,NULL,NULL,NULL,True,NULL,NULL,NULL,NULL,NULL,False,False,False,False,False,True,True,True,True,NULL
"6621852639",False,False,NULL,NULL,NULL,NULL,NULL,NULL,NULL,NULL,True,NULL,NULL,NULL,NULL,NULL,False,False,False,False,False,True,True,True,True,NULL
"462966491",True,False,NULL,NULL,"Fiyameta",NULL,"2025-10-10 07:07:53.203185+00","✨",NULL,NULL,True,NULL,NULL,NULL,NULL,NULL,False,False,False,False,False,True,True,True,True,NULL
"969223988",True,False,NULL,NULL,NULL,NULL,NULL,NULL,NULL,NULL,True,NULL,NULL,NULL,NULL,NULL,False,False,False,False,False,True,True,True,True,NULL
"6712556438",True,False,NULL,NULL,NULL,NULL,NULL,NULL,NULL,NULL,True,NULL,NULL,NULL,NULL,NULL,False,False,False,False,False,True,True,True,True,NULL
"361685633",False,False,NULL,NULL,NULL,NULL,NULL,NULL,NULL,NULL,True,NULL,NULL,NULL,NULL,NULL,False,False,False,False,False,True,True,True,True,NULL
"1760862707",True,False,NULL,NULL,"Ehh",0,"2025-09-14 14:27:45.168523+00","🧐",NULL,NULL,True,NULL,NULL,NULL,NULL,NULL,False,False,False,False,False,True,True,True,True,"fB6zT-natBM"
"5801367530",True,False,NULL,NULL,NULL,NULL,NULL,NULL,NULL,NULL,True,NULL,NULL,NULL,NULL,NULL,False,False,False,False,False,True,True,True,True,NULL
"5615980471",True,False,NULL,NULL,NULL,NULL,NULL,NULL,NULL,NULL,True,NULL,NULL,NULL,NULL,NULL,False,False,False,False,False,True,True,True,True,NULL
"8050951241",True,False,NULL,NULL,NULL,NULL,NULL,NULL,NULL,NULL,True,NULL,NULL,NULL,NULL,NULL,False,False,False,False,False,True,True,True,True,NULL
"746141490",True,False,NULL,NULL,NULL,NULL,NULL,NULL,NULL,NULL,True,NULL,NULL,NULL,NULL,NULL,False,False,False,False,False,True,True,True,True,NULL
"6762118666",True,False,NULL,NULL,NULL,NULL,NULL,NULL,NULL,NULL,True,NULL,NULL,NULL,NULL,NULL,False,False,False,False,False,True,True,True,True,NULL
"1685966381",True,False,NULL,NULL,NULL,NULL,NULL,NULL,NULL,NULL,True,NULL,NULL,NULL,NULL,NULL,False,False,False,False,False,True,True,True,True,NULL
"847283090",True,False,NULL,NULL,NULL,NULL,NULL,NULL,NULL,NULL,True,NULL,NULL,NULL,NULL,NULL,False,False,False,False,False,True,True,True,True,NULL
"6930788296",True,False,NULL,NULL,NULL,NULL,NULL,NULL,NULL,NULL,True,NULL,NULL,NULL,NULL,NULL,False,False,False,False,False,True,True,True,True,NULL
"6831851495",True,False,NULL,NULL,NULL,NULL,NULL,NULL,NULL,NULL,True,NULL,NULL,NULL,NULL,NULL,False,False,False,False,False,True,True,True,True,NULL
"7795615574",True,False,NULL,NULL,NULL,NULL,NULL,NULL,NULL,NULL,True,NULL,NULL,NULL,NULL,NULL,False,False,False,False,False,True,True,True,True,"fMIBKMqqvoc"
"5393052992",True,False,NULL,NULL,"Black",NULL,"2025-09-16 08:50:12.611855+00","🎧",NULL,NULL,True,NULL,NULL,NULL,NULL,NULL,False,False,False,False,False,True,True,True,True,"goZngu8WhFY"
"6132767307",True,False,NULL,NULL,NULL,NULL,NULL,NULL,NULL,NULL,True,NULL,NULL,NULL,NULL,NULL,False,False,False,False,False,True,True,True,True,NULL
"7168900029",True,False,NULL,NULL,"Ji9star",NULL,"2025-09-15 14:23:57.149795+00","🥲",NULL,"Fuck ass stupid bitches",True,NULL,NULL,NULL,NULL,NULL,False,False,False,False,False,True,True,True,True,"7YQMb8Z9AeQ"
"8487387358",True,False,NULL,NULL,NULL,NULL,NULL,NULL,NULL,NULL,True,NULL,NULL,NULL,NULL,NULL,False,False,False,False,False,True,True,True,True,"FD5E5NT4hgo"
"1830648328",True,False,NULL,NULL,NULL,NULL,NULL,NULL,NULL,NULL,True,NULL,NULL,NULL,NULL,NULL,False,False,False,False,False,True,True,True,True,"tNMXR4AweK8"
"7293631010",True,False,NULL,NULL,NULL,NULL,NULL,NULL,NULL,NULL,True,NULL,NULL,NULL,NULL,NULL,False,False,False,False,False,True,True,True,True,NULL
"707265487",True,False,NULL,NULL,NULL,NULL,NULL,NULL,NULL,NULL,True,NULL,NULL,NULL,NULL,NULL,False,False,False,False,False,True,True,True,True,NULL
"6351875722",True,False,NULL,NULL,NULL,NULL,NULL,NULL,NULL,NULL,True,NULL,NULL,NULL,NULL,NULL,False,False,False,False,False,True,True,True,True,NULL
"1597201898",True,False,NULL,NULL,NULL,NULL,NULL,NULL,NULL,NULL,True,NULL,NULL,NULL,NULL,NULL,False,False,False,False,False,True,True,True,True,NULL
"7612540718",True,False,NULL,NULL,NULL,NULL,NULL,NULL,NULL,NULL,True,NULL,NULL,NULL,NULL,NULL,False,False,False,False,False,True,True,True,True,NULL
"8402574359",True,False,NULL,NULL,NULL,NULL,NULL,NULL,NULL,NULL,True,NULL,NULL,NULL,NULL,NULL,False,False,False,False,False,True,True,True,True,NULL
"1142803217",True,False,NULL,NULL,NULL,NULL,NULL,NULL,NULL,NULL,True,NULL,NULL,NULL,NULL,NULL,False,False,False,False,False,True,True,True,True,NULL
"861263587",True,False,NULL,NULL,NULL,NULL,NULL,NULL,NULL,NULL,True,NULL,NULL,NULL,NULL,NULL,False,False,False,False,False,True,True,True,True,NULL
"7481749250",True,False,NULL,NULL,NULL,NULL,NULL,NULL,NULL,NULL,True,NULL,NULL,NULL,NULL,NULL,False,False,False,False,False,True,True,True,True,NULL
"6869022883",True,False,NULL,NULL,NULL,NULL,NULL,NULL,NULL,NULL,True,NULL,NULL,NULL,NULL,NULL,False,False,False,False,False,True,True,True,True,NULL
"6006942960",True,False,NULL,NULL,NULL,NULL,NULL,NULL,NULL,NULL,True,NULL,NULL,NULL,NULL,NULL,False,False,False,False,False,True,True,True,True,NULL
"6471040278",True,False,NULL,NULL,NULL,NULL,NULL,NULL,NULL,NULL,True,NULL,NULL,NULL,NULL,NULL,False,False,False,False,False,True,True,True,True,NULL
"1606816319",True,False,NULL,NULL,NULL,NULL,NULL,NULL,NULL,NULL,True,NULL,NULL,NULL,NULL,NULL,False,False,False,False,False,True,True,True,True,NULL
"5935228012",True,False,NULL,NULL,NULL,NULL,NULL,NULL,NULL,NULL,True,NULL,NULL,NULL,NULL,NULL,False,False,False,False,False,True,True,True,True,NULL
"8223933924",True,False,NULL,NULL,NULL,NULL,NULL,NULL,NULL,NULL,True,NULL,NULL,NULL,NULL,NULL,False,False,False,False,False,True,True,True,True,NULL
"1367257390",True,False,NULL,NULL,NULL,NULL,NULL,NULL,NULL,NULL,True,NULL,NULL,NULL,NULL,NULL,False,False,False,False,False,True,True,True,True,NULL
"8306986355",True,False,NULL,NULL,NULL,NULL,NULL,NULL,NULL,NULL,True,NULL,NULL,NULL,NULL,NULL,False,False,False,False,False,True,True,True,True,NULL
"5563435173",True,False,NULL,NULL,NULL,NULL,NULL,NULL,NULL,NULL,True,NULL,NULL,NULL,NULL,NULL,False,False,False,False,False,True,True,True,True,NULL
"1985729843",True,False,NULL,NULL,NULL,NULL,NULL,NULL,NULL,NULL,True,NULL,NULL,NULL,NULL,NULL,False,False,False,False,False,True,True,True,True,NULL
"1998051932",True,False,NULL,NULL,NULL,NULL,NULL,NULL,NULL,NULL,True,NULL,NULL,NULL,NULL,NULL,False,False,False,False,False,True,True,True,True,NULL
"1772356873",True,False,NULL,NULL,NULL,NULL,NULL,NULL,NULL,NULL,True,NULL,NULL,NULL,NULL,NULL,False,False,False,False,False,True,True,True,True,NULL
"1235837120",True,False,NULL,NULL,NULL,NULL,NULL,NULL,NULL,NULL,True,NULL,NULL,NULL,NULL,NULL,False,False,False,False,False,True,True,True,True,NULL
"1687885318",True,False,NULL,NULL,NULL,NULL,NULL,NULL,NULL,NULL,True,NULL,NULL,NULL,NULL,NULL,False,False,False,False,False,True,True,True,True,NULL
"1587652998",True,False,NULL,NULL,NULL,NULL,NULL,NULL,NULL,NULL,True,NULL,NULL,NULL,NULL,NULL,False,False,False,False,False,True,True,True,True,NULL
"7338885261",True,False,NULL,NULL,NULL,NULL,NULL,NULL,NULL,NULL,True,NULL,NULL,NULL,NULL,NULL,False,False,False,False,False,True,True,True,True,NULL
"907686030",True,False,NULL,NULL,NULL,NULL,NULL,NULL,NULL,NULL,True,NULL,NULL,NULL,NULL,NULL,False,False,False,False,False,True,True,True,True,NULL
"7464915334",True,False,NULL,NULL,NULL,NULL,NULL,NULL,NULL,NULL,True,NULL,NULL,NULL,NULL,NULL,False,False,False,False,False,True,True,True,True,NULL
"5416031956",True,False,NULL,NULL,NULL,NULL,NULL,NULL,NULL,NULL,True,NULL,NULL,NULL,NULL,NULL,False,False,False,False,False,True,True,True,True,"884hKOBwE9w"
"5344544294",True,False,NULL,NULL,"Yours",25,"2025-09-14 18:53:17.367689+00","✨",NULL,NULL,True,NULL,NULL,NULL,NULL,NULL,False,False,False,False,False,True,True,True,True,"cOzbG5c8VIY"
"2134497067",True,False,NULL,NULL,NULL,NULL,NULL,NULL,NULL,NULL,True,NULL,NULL,NULL,NULL,NULL,False,False,False,False,False,True,True,True,True,NULL
"1795235813",True,False,NULL,NULL,NULL,NULL,NULL,NULL,NULL,NULL,True,NULL,NULL,NULL,NULL,NULL,False,False,False,False,False,True,True,True,True,NULL
"443168847",True,False,NULL,NULL,NULL,NULL,NULL,NULL,NULL,NULL,True,NULL,NULL,NULL,NULL,NULL,False,False,False,False,False,True,True,True,True,NULL
"7896106062",True,False,NULL,NULL,NULL,NULL,NULL,NULL,NULL,NULL,True,NULL,NULL,NULL,NULL,NULL,False,False,False,False,False,True,True,True,True,NULL
"1047269078",True,False,NULL,NULL,NULL,NULL,NULL,NULL,NULL,NULL,True,NULL,NULL,NULL,NULL,NULL,False,False,False,False,False,True,True,True,True,NULL
"1481363992",True,False,NULL,NULL,NULL,NULL,NULL,NULL,NULL,NULL,True,NULL,NULL,NULL,NULL,NULL,False,False,False,False,False,True,True,True,True,NULL
"7048906109",True,False,NULL,NULL,NULL,NULL,NULL,NULL,NULL,NULL,True,NULL,NULL,NULL,NULL,NULL,False,False,False,False,False,True,True,True,True,NULL
"6630605049",False,False,NULL,NULL,NULL,NULL,NULL,NULL,NULL,NULL,True,NULL,NULL,NULL,NULL,NULL,False,False,False,False,False,True,True,True,True,NULL
"1099457062",True,False,NULL,NULL,NULL,NULL,NULL,NULL,NULL,NULL,True,NULL,NULL,NULL,NULL,NULL,False,False,False,False,False,True,True,True,True,NULL
"1483143322",True,False,NULL,NULL,NULL,NULL,NULL,NULL,NULL,NULL,True,NULL,NULL,NULL,NULL,NULL,False,False,False,False,False,True,True,True,True,NULL
"423908813",True,False,NULL,NULL,NULL,NULL,NULL,NULL,NULL,NULL,True,NULL,NULL,NULL,NULL,NULL,False,False,False,False,False,True,True,True,True,NULL
"1415726047",True,False,NULL,NULL,NULL,NULL,NULL,NULL,NULL,NULL,True,NULL,NULL,NULL,NULL,NULL,False,False,False,False,False,True,True,True,True,NULL
"5818351835",True,False,NULL,NULL,NULL,NULL,NULL,NULL,NULL,NULL,True,NULL,NULL,NULL,NULL,NULL,False,False,False,False,False,True,True,True,True,NULL
"7006842035",True,False,NULL,NULL,NULL,NULL,NULL,NULL,NULL,NULL,True,NULL,NULL,NULL,NULL,NULL,False,False,False,False,False,True,True,True,True,NULL
"1202252657",True,False,NULL,NULL,NULL,NULL,NULL,NULL,NULL,NULL,True,NULL,NULL,NULL,NULL,NULL,False,False,False,False,False,True,True,True,True,NULL
"574697972",True,False,NULL,NULL,NULL,NULL,NULL,NULL,NULL,NULL,True,NULL,NULL,NULL,NULL,NULL,False,False,False,False,False,True,True,True,True,NULL
"951190797",True,False,NULL,NULL,NULL,NULL,NULL,NULL,NULL,NULL,True,NULL,NULL,NULL,NULL,NULL,False,False,False,False,False,True,True,True,True,NULL
"1767224714",True,False,NULL,NULL,NULL,NULL,NULL,NULL,NULL,NULL,True,NULL,NULL,NULL,NULL,NULL,False,False,False,False,False,True,True,True,True,NULL
"6527165036",True,False,NULL,NULL,NULL,NULL,NULL,NULL,NULL,NULL,True,NULL,NULL,NULL,NULL,NULL,False,False,False,False,False,True,True,True,True,NULL
"6261688120",False,False,NULL,NULL,NULL,NULL,NULL,NULL,NULL,NULL,True,NULL,NULL,NULL,NULL,NULL,False,False,False,False,False,True,True,True,True,NULL
"1173499972",True,False,NULL,NULL,NULL,NULL,NULL,NULL,NULL,NULL,True,NULL,NULL,NULL,NULL,NULL,False,False,False,False,False,True,True,True,True,NULL
"7659646934",True,False,NULL,NULL,NULL,NULL,NULL,NULL,NULL,NULL,True,NULL,NULL,NULL,NULL,NULL,False,False,False,False,False,True,True,True,True,NULL
"5785896687",True,False,NULL,NULL,"Deepthoughts",0,"2025-09-27 04:46:28.756783+00","😎",NULL,NULL,True,NULL,NULL,NULL,NULL,NULL,False,False,False,False,False,True,True,True,True,NULL
"6754440995",True,False,NULL,NULL,NULL,NULL,NULL,NULL,NULL,NULL,True,NULL,NULL,NULL,NULL,NULL,False,False,False,False,False,True,True,True,True,NULL
"520361707",True,False,NULL,NULL,"BIRQE",NULL,"2025-10-21 15:08:33.896244+00",NULL,NULL,NULL,True,NULL,NULL,NULL,NULL,NULL,False,False,False,False,False,True,True,True,True,NULL
"5578681628",True,False,NULL,NULL,NULL,NULL,NULL,NULL,NULL,NULL,True,NULL,NULL,NULL,NULL,NULL,False,False,False,False,False,True,True,True,True,NULL
"584140170",True,False,NULL,NULL,NULL,NULL,NULL,NULL,NULL,NULL,True,NULL,NULL,NULL,NULL,NULL,False,False,False,False,False,True,True,True,True,NULL
"2087851509",True,False,NULL,NULL,NULL,NULL,NULL,NULL,NULL,NULL,True,NULL,NULL,NULL,NULL,NULL,False,False,False,False,False,True,True,True,True,NULL
"8445494927",True,False,NULL,NULL,NULL,NULL,NULL,NULL,NULL,NULL,True,NULL,NULL,NULL,NULL,NULL,False,False,False,False,False,True,True,True,True,NULL
"1732129930",False,False,NULL,NULL,NULL,NULL,NULL,NULL,NULL,NULL,True,NULL,NULL,NULL,NULL,NULL,False,False,False,False,False,True,True,True,True,NULL
"5559106463",False,False,NULL,NULL,NULL,NULL,NULL,NULL,NULL,NULL,True,NULL,NULL,NULL,NULL,NULL,False,False,False,False,False,True,True,True,True,NULL
"1341050135",True,False,NULL,NULL,NULL,NULL,NULL,NULL,NULL,NULL,True,NULL,NULL,NULL,NULL,NULL,False,False,False,False,False,True,True,True,True,NULL
"1711166533",True,False,NULL,NULL,NULL,NULL,NULL,NULL,NULL,NULL,True,NULL,NULL,NULL,NULL,NULL,False,False,False,False,False,True,True,True,True,NULL
"905422311",True,False,NULL,NULL,NULL,NULL,NULL,NULL,NULL,NULL,True,NULL,NULL,NULL,NULL,NULL,False,False,False,False,False,True,True,True,True,NULL
"6920032708",True,False,NULL,NULL,NULL,NULL,NULL,NULL,NULL,NULL,True,NULL,NULL,NULL,NULL,NULL,False,False,False,False,False,True,True,True,True,NULL
"476606479",True,False,NULL,NULL,NULL,NULL,NULL,NULL,NULL,NULL,True,NULL,NULL,NULL,NULL,NULL,False,False,False,False,False,True,True,True,True,NULL
"5646231764",True,False,NULL,NULL,NULL,NULL,NULL,NULL,NULL,NULL,True,NULL,NULL,NULL,NULL,NULL,False,False,False,False,False,True,True,True,True,NULL
"1865409483",False,False,NULL,NULL,NULL,NULL,NULL,NULL,NULL,NULL,True,NULL,NULL,NULL,NULL,NULL,False,False,False,False,False,True,True,True,True,NULL
"749956503",True,False,NULL,NULL,NULL,NULL,NULL,NULL,NULL,NULL,True,NULL,NULL,NULL,NULL,NULL,False,False,False,False,False,True,True,True,True,NULL
"1215909279",True,False,NULL,NULL,NULL,NULL,NULL,NULL,NULL,NULL,True,NULL,NULL,NULL,NULL,NULL,False,False,False,False,False,True,True,True,True,NULL
"6590385921",True,False,NULL,NULL,NULL,NULL,NULL,NULL,NULL,NULL,True,NULL,NULL,NULL,NULL,NULL,False,False,False,False,False,True,True,True,True,NULL
"592657505",True,False,NULL,NULL,NULL,NULL,NULL,NULL,NULL,NULL,True,NULL,NULL,NULL,NULL,NULL,False,False,False,False,False,True,True,True,True,NULL
"1404362979",True,False,NULL,NULL,NULL,NULL,NULL,NULL,NULL,NULL,True,NULL,NULL,NULL,NULL,NULL,False,False,False,False,False,True,True,True,True,NULL
"1217275939",True,False,NULL,NULL,NULL,NULL,NULL,NULL,NULL,NULL,True,NULL,NULL,NULL,NULL,NULL,False,False,False,False,False,True,True,True,True,NULL
"1491281579",True,False,NULL,NULL,NULL,NULL,NULL,NULL,NULL,NULL,True,NULL,NULL,NULL,NULL,NULL,False,False,False,False,False,True,True,True,True,NULL
"7167427714",True,False,NULL,NULL,NULL,NULL,NULL,NULL,NULL,NULL,True,NULL,NULL,NULL,NULL,NULL,False,False,False,False,False,True,True,True,True,NULL
"6863646348",True,False,NULL,NULL,NULL,NULL,NULL,NULL,NULL,NULL,True,NULL,NULL,NULL,NULL,NULL,False,False,False,False,False,True,True,True,True,NULL
"2091148670",True,False,NULL,NULL,NULL,NULL,NULL,NULL,NULL,NULL,True,NULL,NULL,NULL,NULL,NULL,False,False,False,False,False,True,True,True,True,NULL
"8001992308",True,False,NULL,NULL,NULL,NULL,NULL,NULL,NULL,NULL,True,NULL,NULL,NULL,NULL,NULL,False,False,False,False,False,True,True,True,True,NULL
"431338075",True,False,NULL,NULL,NULL,NULL,NULL,NULL,NULL,NULL,True,NULL,NULL,NULL,NULL,NULL,False,False,False,False,False,True,True,True,True,NULL
"5368214082",True,False,NULL,NULL,NULL,NULL,NULL,NULL,NULL,NULL,True,NULL,NULL,NULL,NULL,NULL,False,False,False,False,False,True,True,True,True,NULL
"8250363830",True,False,NULL,NULL,NULL,NULL,NULL,NULL,NULL,NULL,True,NULL,NULL,NULL,NULL,NULL,False,False,False,False,False,True,True,True,True,NULL
"7978588918",True,False,NULL,NULL,NULL,NULL,NULL,NULL,NULL,NULL,True,NULL,NULL,NULL,NULL,NULL,False,False,False,False,False,True,True,True,True,NULL
"951773351",True,False,NULL,NULL,NULL,NULL,NULL,NULL,NULL,NULL,True,NULL,NULL,NULL,NULL,NULL,False,False,False,False,False,True,True,True,True,NULL
"5374962373",True,False,NULL,NULL,NULL,NULL,NULL,NULL,NULL,NULL,True,NULL,NULL,NULL,NULL,NULL,False,False,False,False,False,True,True,True,True,NULL
"5462733079",True,False,NULL,NULL,NULL,NULL,NULL,NULL,NULL,NULL,True,NULL,NULL,NULL,NULL,NULL,False,False,False,False,False,True,True,True,True,NULL
"7313878967",True,False,NULL,NULL,NULL,NULL,NULL,NULL,NULL,NULL,True,NULL,NULL,NULL,NULL,NULL,False,False,False,False,False,True,True,True,True,NULL
"6165242808",True,False,NULL,NULL,NULL,NULL,NULL,NULL,NULL,NULL,True,NULL,NULL,NULL,NULL,NULL,False,False,False,False,False,True,True,True,True,NULL
"456090369",True,False,NULL,NULL,NULL,NULL,NULL,NULL,NULL,NULL,True,NULL,NULL,NULL,NULL,NULL,False,False,False,False,False,True,True,True,True,NULL
"7266066800",True,False,NULL,NULL,NULL,NULL,NULL,NULL,NULL,NULL,True,NULL,NULL,NULL,NULL,NULL,False,False,False,False,False,True,True,True,True,NULL
"864721607",True,False,NULL,NULL,NULL,NULL,NULL,NULL,NULL,NULL,True,NULL,NULL,NULL,NULL,NULL,False,False,False,False,False,True,True,True,True,NULL
"833171640",True,False,NULL,NULL,NULL,NULL,NULL,NULL,NULL,NULL,True,NULL,NULL,NULL,NULL,NULL,False,False,False,False,False,True,True,True,True,NULL
"7198449192",True,False,NULL,NULL,NULL,NULL,NULL,NULL,NULL,NULL,True,NULL,NULL,NULL,NULL,NULL,False,False,False,False,False,True,True,True,True,NULL
"5606391816",True,False,NULL,NULL,NULL,NULL,NULL,NULL,NULL,NULL,True,NULL,NULL,NULL,NULL,NULL,False,False,False,False,False,True,True,True,True,NULL
"1016788400",True,False,NULL,NULL,NULL,0,NULL,"👤",NULL,NULL,True,NULL,NULL,NULL,NULL,NULL,False,False,False,False,False,True,True,True,True,NULL
"7421470163",True,False,NULL,NULL,NULL,NULL,NULL,NULL,NULL,NULL,True,NULL,NULL,NULL,NULL,NULL,False,False,False,False,False,True,True,True,True,NULL
"7494365031",True,False,NULL,NULL,NULL,NULL,NULL,NULL,NULL,NULL,True,NULL,NULL,NULL,NULL,NULL,False,False,False,False,False,True,True,True,True,NULL
"6156088558",True,False,NULL,NULL,NULL,NULL,NULL,NULL,NULL,NULL,True,NULL,NULL,NULL,NULL,NULL,False,False,False,False,False,True,True,True,True,NULL
"414760980",True,False,NULL,NULL,NULL,NULL,NULL,NULL,NULL,NULL,True,NULL,NULL,NULL,NULL,NULL,False,False,False,False,False,True,True,True,True,NULL
"1607487143",True,False,NULL,NULL,NULL,NULL,NULL,NULL,NULL,NULL,True,NULL,NULL,NULL,NULL,NULL,False,False,False,False,False,True,True,True,True,NULL
"1885281478",True,False,NULL,NULL,NULL,NULL,NULL,NULL,NULL,NULL,True,NULL,NULL,NULL,NULL,NULL,False,False,False,False,False,True,True,True,True,NULL
"8066865996",True,False,NULL,NULL,NULL,NULL,NULL,NULL,NULL,NULL,True,NULL,NULL,NULL,NULL,NULL,False,False,False,False,False,True,True,True,True,NULL
"7856354270",True,False,NULL,NULL,NULL,NULL,NULL,NULL,NULL,NULL,True,NULL,NULL,NULL,NULL,NULL,False,False,False,False,False,True,True,True,True,NULL
"5974808193",True,False,NULL,NULL,NULL,NULL,NULL,NULL,NULL,NULL,True,NULL,NULL,NULL,NULL,NULL,False,False,False,False,False,True,True,True,True,NULL
"669938689",True,False,NULL,NULL,NULL,NULL,NULL,NULL,NULL,NULL,True,NULL,NULL,NULL,NULL,NULL,False,False,False,False,False,True,True,True,True,NULL
"5237102694",True,False,NULL,NULL,NULL,NULL,NULL,NULL,NULL,NULL,True,NULL,NULL,NULL,NULL,NULL,False,False,False,False,False,True,True,True,True,NULL
"5548647949",True,False,NULL,NULL,NULL,NULL,NULL,NULL,NULL,NULL,True,NULL,NULL,NULL,NULL,NULL,False,False,False,False,False,True,True,True,True,NULL
"5324818143",True,False,NULL,NULL,NULL,NULL,NULL,NULL,NULL,NULL,True,NULL,NULL,NULL,NULL,NULL,False,False,False,False,False,True,True,True,True,NULL
"6378730581",True,False,NULL,NULL,NULL,NULL,NULL,NULL,NULL,NULL,True,NULL,NULL,NULL,NULL,NULL,False,False,False,False,False,True,True,True,True,NULL
"2072904954",True,False,NULL,NULL,NULL,NULL,NULL,NULL,NULL,NULL,True,NULL,NULL,NULL,NULL,NULL,False,False,False,False,False,True,True,True,True,NULL
"1316406752",True,False,NULL,NULL,NULL,NULL,NULL,NULL,NULL,NULL,True,NULL,NULL,NULL,NULL,NULL,False,False,False,False,False,True,True,True,True,NULL
"7076601865",True,False,NULL,NULL,NULL,NULL,NULL,NULL,NULL,NULL,True,NULL,NULL,NULL,NULL,NULL,False,False,False,False,False,True,True,True,True,NULL
"1839488040",True,False,NULL,NULL,NULL,NULL,NULL,NULL,NULL,NULL,True,NULL,NULL,NULL,NULL,NULL,False,False,False,False,False,True,True,True,True,NULL
"1222763961",True,False,NULL,NULL,NULL,NULL,NULL,NULL,NULL,NULL,True,NULL,NULL,NULL,NULL,NULL,False,False,False,False,False,True,True,True,True,NULL
"1217682168",True,False,NULL,NULL,NULL,NULL,NULL,NULL,NULL,NULL,True,NULL,NULL,NULL,NULL,NULL,False,False,False,False,False,True,True,True,True,NULL
"2004944079",True,False,NULL,NULL,NULL,NULL,NULL,NULL,NULL,NULL,True,NULL,NULL,NULL,NULL,NULL,False,False,False,False,False,True,True,True,True,NULL
"7464499117",True,False,NULL,NULL,NULL,NULL,NULL,NULL,NULL,NULL,True,NULL,NULL,NULL,NULL,NULL,False,False,False,False,False,True,True,True,True,NULL
"6704002948",True,False,NULL,NULL,"Nova",NULL,"2025-10-06 16:32:04.764548+00","👩",NULL,NULL,True,NULL,NULL,NULL,NULL,NULL,False,False,False,False,False,True,True,True,True,NULL
"1213108716",False,False,NULL,NULL,NULL,NULL,NULL,NULL,NULL,NULL,True,NULL,NULL,NULL,NULL,NULL,False,False,False,False,False,True,True,True,True,NULL
"6184960170",True,False,NULL,NULL,NULL,NULL,NULL,NULL,NULL,NULL,True,NULL,NULL,NULL,NULL,NULL,False,False,False,False,False,True,True,True,True,NULL
"701937575",True,False,NULL,NULL,NULL,NULL,NULL,NULL,NULL,NULL,True,NULL,NULL,NULL,NULL,NULL,False,False,False,False,False,True,True,True,True,NULL
"6320852104",True,False,NULL,NULL,NULL,NULL,NULL,NULL,NULL,NULL,True,NULL,NULL,NULL,NULL,NULL,False,False,False,False,False,True,True,True,True,NULL
"915461064",True,False,NULL,NULL,NULL,NULL,NULL,NULL,NULL,NULL,True,NULL,NULL,NULL,NULL,NULL,False,False,False,False,False,True,True,True,True,NULL
"576512135",True,False,NULL,NULL,NULL,NULL,NULL,NULL,NULL,NULL,True,NULL,NULL,NULL,NULL,NULL,False,False,False,False,False,True,True,True,True,NULL
"319396856",True,False,NULL,NULL,NULL,NULL,NULL,NULL,NULL,NULL,True,NULL,NULL,NULL,NULL,NULL,False,False,False,False,False,True,True,True,True,NULL
"7375338514",True,False,NULL,NULL,NULL,NULL,NULL,NULL,NULL,NULL,True,NULL,NULL,NULL,NULL,NULL,False,False,False,False,False,True,True,True,True,NULL
"6648393140",False,False,NULL,NULL,NULL,NULL,NULL,NULL,NULL,NULL,True,NULL,NULL,NULL,NULL,NULL,False,False,False,False,False,True,True,True,True,NULL
"1539222852",True,False,NULL,NULL,NULL,NULL,NULL,NULL,NULL,NULL,True,NULL,NULL,NULL,NULL,NULL,False,False,False,False,False,True,True,True,True,NULL
"5692458029",True,False,NULL,NULL,NULL,NULL,NULL,NULL,NULL,NULL,True,NULL,NULL,NULL,NULL,NULL,False,False,False,False,False,True,True,True,True,NULL
"5699940566",True,False,NULL,NULL,NULL,NULL,NULL,NULL,NULL,NULL,True,NULL,NULL,NULL,NULL,NULL,False,False,False,False,False,True,True,True,True,NULL
"5579240771",True,False,NULL,NULL,NULL,NULL,NULL,NULL,NULL,NULL,True,NULL,NULL,NULL,NULL,NULL,False,False,False,False,False,True,True,True,True,NULL
"1173634911",True,False,NULL,NULL,NULL,NULL,NULL,NULL,NULL,NULL,True,NULL,NULL,NULL,NULL,NULL,False,False,False,False,False,True,True,True,True,NULL
"7778229468",True,False,NULL,NULL,NULL,NULL,NULL,NULL,NULL,NULL,True,NULL,NULL,NULL,NULL,NULL,False,False,False,False,False,True,True,True,True,NULL
"7264318157",True,False,NULL,NULL,"Ruin d wrld",NULL,"2025-10-02 13:38:15.831433+00","👻",NULL,NULL,False,NULL,NULL,NULL,NULL,NULL,False,False,False,False,False,True,True,True,True,NULL
"5354870010",True,False,NULL,NULL,NULL,NULL,NULL,NULL,NULL,NULL,True,NULL,NULL,NULL,NULL,NULL,False,False,False,False,False,True,True,True,True,NULL
"5255821879",True,False,NULL,NULL,NULL,NULL,NULL,"☀️",NULL,NULL,True,NULL,NULL,NULL,NULL,NULL,False,False,False,False,False,True,True,True,True,NULL
"1120563400",True,False,NULL,NULL,NULL,NULL,NULL,NULL,NULL,NULL,True,NULL,NULL,NULL,NULL,NULL,False,False,False,False,False,True,True,True,True,NULL
"1324672464",True,False,NULL,NULL,NULL,NULL,NULL,NULL,NULL,NULL,True,NULL,NULL,NULL,NULL,NULL,False,False,False,False,False,True,True,True,True,NULL
"5806657768",True,False,NULL,NULL,NULL,NULL,NULL,NULL,NULL,NULL,True,NULL,NULL,NULL,NULL,NULL,False,False,False,False,False,True,True,True,True,NULL
"1446432638",True,False,NULL,NULL,NULL,NULL,NULL,NULL,NULL,NULL,True,NULL,NULL,NULL,NULL,NULL,False,False,False,False,False,True,True,True,True,NULL
"658328737",True,False,NULL,NULL,NULL,NULL,NULL,NULL,NULL,NULL,True,NULL,NULL,NULL,NULL,NULL,False,False,False,False,False,True,True,True,True,NULL
"1786535972",True,False,NULL,NULL,NULL,NULL,NULL,NULL,NULL,NULL,True,NULL,NULL,NULL,NULL,NULL,False,False,False,False,False,True,True,True,True,NULL
"6497722549",True,False,NULL,NULL,NULL,NULL,NULL,NULL,NULL,NULL,True,NULL,NULL,NULL,NULL,NULL,False,False,False,False,False,True,True,True,True,NULL
"967498987",True,False,NULL,NULL,NULL,NULL,NULL,NULL,NULL,NULL,True,NULL,NULL,NULL,NULL,NULL,False,False,False,False,False,True,True,True,True,NULL
"7208061231",True,False,NULL,NULL,NULL,NULL,NULL,NULL,NULL,NULL,True,NULL,NULL,NULL,NULL,NULL,False,False,False,False,False,True,True,True,True,NULL
"5786460596",True,False,NULL,NULL,NULL,NULL,NULL,NULL,NULL,NULL,True,NULL,NULL,NULL,NULL,NULL,False,False,False,False,False,True,True,True,True,"XUY5wMtma9I"
"1858088107",True,False,NULL,NULL,NULL,NULL,NULL,NULL,NULL,NULL,True,NULL,NULL,NULL,NULL,NULL,False,False,False,False,False,True,True,True,True,NULL
"1476170136",True,False,NULL,NULL,NULL,NULL,NULL,NULL,NULL,NULL,True,NULL,NULL,NULL,NULL,NULL,False,False,False,False,False,True,True,True,True,NULL
"6654624706",True,False,NULL,NULL,"Potato",NULL,"2025-09-19 14:24:47.584699+00","🎧",NULL,NULL,False,NULL,NULL,NULL,NULL,NULL,False,False,False,False,False,True,True,True,True,NULL
"5985883759",True,False,NULL,NULL,NULL,NULL,NULL,NULL,NULL,NULL,True,NULL,NULL,NULL,NULL,NULL,False,False,False,False,False,True,True,True,True,NULL
"7694779674",True,False,NULL,NULL,NULL,NULL,NULL,NULL,NULL,NULL,True,NULL,NULL,NULL,NULL,NULL,False,False,False,False,False,True,True,True,True,NULL
"824461226",True,False,NULL,NULL,NULL,NULL,NULL,NULL,NULL,NULL,True,NULL,NULL,NULL,NULL,NULL,False,False,False,False,False,True,True,True,True,NULL
"1528152413",True,False,NULL,NULL,NULL,NULL,NULL,NULL,NULL,NULL,True,NULL,NULL,NULL,NULL,NULL,False,False,False,False,False,True,True,True,True,NULL
"1964783430",True,False,NULL,NULL,NULL,NULL,NULL,NULL,NULL,NULL,True,NULL,NULL,NULL,NULL,NULL,False,False,False,False,False,True,True,True,True,NULL
"7937160963",True,False,NULL,NULL,NULL,NULL,NULL,NULL,NULL,NULL,True,NULL,NULL,NULL,NULL,NULL,False,False,False,False,False,True,True,True,True,NULL
"1787548595",True,False,NULL,NULL,NULL,NULL,NULL,NULL,NULL,NULL,True,NULL,NULL,NULL,NULL,NULL,False,False,False,False,False,True,True,True,True,"PRVVvnP0mxw"
"1742285684",False,False,NULL,NULL,NULL,NULL,NULL,NULL,NULL,NULL,True,NULL,NULL,NULL,NULL,NULL,False,False,False,False,False,True,True,True,True,NULL
"6000189961",True,False,NULL,NULL,NULL,0,NULL,NULL,NULL,NULL,True,NULL,NULL,NULL,NULL,NULL,False,False,False,False,False,True,True,True,True,"ThaNhS_wC-4"
"7264966208",True,False,NULL,NULL,"Raskolnikov Romanovich",NULL,"2025-10-05 09:45:03.291494+00",NULL,NULL,NULL,False,NULL,NULL,NULL,NULL,NULL,False,False,False,False,False,True,True,True,True,"9PoJs470kCo"
"1750133221",True,False,NULL,NULL,NULL,NULL,NULL,NULL,NULL,NULL,True,NULL,NULL,NULL,NULL,NULL,False,False,False,False,False,True,True,True,True,NULL
"1663910124",True,False,NULL,NULL,NULL,NULL,NULL,NULL,NULL,NULL,True,NULL,NULL,NULL,NULL,NULL,False,False,False,False,False,True,True,True,True,NULL
"7794423025",True,False,NULL,NULL,NULL,NULL,NULL,NULL,NULL,NULL,True,NULL,NULL,NULL,NULL,NULL,False,False,False,False,False,True,True,True,True,NULL
"5898059916",False,False,NULL,NULL,NULL,NULL,NULL,NULL,NULL,NULL,True,NULL,NULL,NULL,NULL,NULL,False,False,False,False,False,True,True,True,True,NULL
"6489077978",True,False,NULL,NULL,NULL,NULL,NULL,NULL,NULL,NULL,True,NULL,NULL,NULL,NULL,NULL,False,False,False,False,False,True,True,True,True,NULL
"8104545950",True,False,NULL,NULL,NULL,NULL,NULL,NULL,NULL,NULL,True,NULL,NULL,NULL,NULL,NULL,False,False,False,False,False,True,True,True,True,NULL
"1425131798",True,False,NULL,NULL,NULL,NULL,NULL,NULL,NULL,NULL,True,NULL,NULL,NULL,NULL,NULL,False,False,False,False,False,True,True,True,True,NULL
"6727506898",True,False,NULL,NULL,NULL,NULL,NULL,NULL,NULL,NULL,True,NULL,NULL,NULL,NULL,NULL,False,False,False,False,False,True,True,True,True,NULL
"7204059348",True,False,NULL,NULL,NULL,NULL,NULL,NULL,NULL,NULL,True,NULL,NULL,NULL,NULL,NULL,False,False,False,False,False,True,True,True,True,NULL
"1536959383",True,False,NULL,NULL,NULL,NULL,NULL,NULL,NULL,NULL,True,NULL,NULL,NULL,NULL,NULL,False,False,False,False,False,True,True,True,True,NULL
"1335638619",True,False,NULL,NULL,NULL,NULL,NULL,NULL,NULL,NULL,True,NULL,NULL,NULL,NULL,NULL,False,False,False,False,False,True,True,True,True,NULL
"1302278530",True,False,NULL,NULL,NULL,NULL,NULL,NULL,NULL,NULL,True,NULL,NULL,NULL,NULL,NULL,False,False,False,False,False,True,True,True,True,NULL
"1008851524",False,False,NULL,NULL,NULL,NULL,NULL,NULL,NULL,NULL,True,NULL,NULL,NULL,NULL,NULL,False,False,False,False,False,True,True,True,True,NULL
"7183512371",True,False,NULL,NULL,NULL,NULL,NULL,NULL,NULL,NULL,True,NULL,NULL,NULL,NULL,NULL,False,False,False,False,False,True,True,True,True,NULL
"6680899726",True,False,NULL,NULL,NULL,NULL,NULL,NULL,NULL,NULL,True,NULL,NULL,NULL,NULL,NULL,False,False,False,False,False,True,True,True,True,NULL
"935621719",False,False,NULL,NULL,NULL,NULL,NULL,NULL,NULL,NULL,True,NULL,NULL,NULL,NULL,NULL,False,False,False,False,False,True,True,True,True,NULL
"994336002",True,False,NULL,NULL,NULL,NULL,NULL,NULL,NULL,NULL,True,NULL,NULL,NULL,NULL,NULL,False,False,False,False,False,True,True,True,True,NULL
"564768312",True,False,NULL,NULL,NULL,NULL,NULL,NULL,NULL,NULL,True,NULL,NULL,NULL,NULL,NULL,False,False,False,False,False,True,True,True,True,NULL
"1373246653",True,False,NULL,NULL,NULL,NULL,NULL,NULL,NULL,NULL,True,NULL,NULL,NULL,NULL,NULL,False,False,False,False,False,True,True,True,True,NULL
"6594857423",True,False,NULL,NULL,NULL,NULL,NULL,NULL,NULL,NULL,True,NULL,NULL,NULL,NULL,NULL,False,False,False,False,False,True,True,True,True,NULL
"5960652326",True,False,NULL,NULL,NULL,NULL,NULL,NULL,NULL,NULL,True,NULL,NULL,NULL,NULL,NULL,False,False,False,False,False,True,True,True,True,NULL
"1139141796",True,False,NULL,NULL,NULL,NULL,NULL,NULL,NULL,NULL,True,NULL,NULL,NULL,NULL,NULL,False,False,False,False,False,True,True,True,True,NULL
"683843073",True,False,NULL,NULL,NULL,NULL,NULL,NULL,NULL,NULL,True,NULL,NULL,NULL,NULL,NULL,False,False,False,False,False,True,True,True,True,NULL
"1844145577",True,False,NULL,NULL,NULL,NULL,NULL,NULL,NULL,NULL,True,NULL,NULL,NULL,NULL,NULL,False,False,False,False,False,True,True,True,True,NULL
"6133823837",True,False,NULL,NULL,NULL,NULL,NULL,NULL,NULL,NULL,True,NULL,NULL,NULL,NULL,NULL,False,False,False,False,False,True,True,True,True,NULL
"5470409737",True,False,NULL,NULL,NULL,NULL,NULL,NULL,NULL,NULL,True,NULL,NULL,NULL,NULL,NULL,False,False,False,False,False,True,True,True,True,NULL
"6593682675",True,False,NULL,NULL,NULL,NULL,NULL,NULL,NULL,NULL,True,NULL,NULL,NULL,NULL,NULL,False,False,False,False,False,True,True,True,True,NULL
"523797098",True,False,NULL,NULL,NULL,NULL,NULL,NULL,NULL,NULL,True,NULL,NULL,NULL,NULL,NULL,False,False,False,False,False,True,True,True,True,NULL
"8078465529",True,False,NULL,NULL,NULL,NULL,NULL,NULL,NULL,NULL,True,NULL,NULL,NULL,NULL,NULL,False,False,False,False,False,True,True,True,True,NULL
"877202172",True,False,NULL,NULL,NULL,NULL,NULL,NULL,NULL,NULL,True,NULL,NULL,NULL,NULL,NULL,False,False,False,False,False,True,True,True,True,NULL
"514888304",False,False,NULL,NULL,NULL,NULL,NULL,NULL,NULL,NULL,True,NULL,NULL,NULL,NULL,NULL,False,False,False,False,False,True,True,True,True,NULL
"7700752443",False,False,NULL,NULL,NULL,NULL,NULL,NULL,NULL,NULL,True,NULL,NULL,NULL,NULL,NULL,False,False,False,False,False,True,True,True,True,NULL
"975678630",True,False,NULL,NULL,NULL,NULL,NULL,NULL,NULL,NULL,True,NULL,NULL,NULL,NULL,NULL,False,False,False,False,False,True,True,True,True,NULL
"6185636970",True,False,NULL,NULL,NULL,NULL,NULL,NULL,NULL,NULL,True,NULL,NULL,NULL,NULL,NULL,False,False,False,False,False,True,True,True,True,NULL
"5609888359",True,False,NULL,NULL,NULL,NULL,NULL,NULL,NULL,NULL,True,NULL,NULL,NULL,NULL,NULL,False,False,False,False,False,True,True,True,True,NULL
"5210247792",True,False,NULL,NULL,NULL,NULL,NULL,NULL,NULL,NULL,True,NULL,NULL,NULL,NULL,NULL,False,False,False,False,False,True,True,True,True,NULL
"5589535854",True,False,NULL,NULL,NULL,NULL,NULL,NULL,NULL,NULL,True,NULL,NULL,NULL,NULL,NULL,False,False,False,False,False,True,True,True,True,NULL
"7361741592",True,False,NULL,NULL,NULL,NULL,NULL,NULL,NULL,NULL,True,NULL,NULL,NULL,NULL,NULL,False,False,False,False,False,True,True,True,True,NULL
"653991863",True,False,NULL,NULL,NULL,NULL,NULL,NULL,NULL,NULL,True,NULL,NULL,NULL,NULL,NULL,False,False,False,False,False,True,True,True,True,NULL
"5689307233",True,False,NULL,NULL,NULL,NULL,NULL,NULL,NULL,NULL,True,NULL,NULL,NULL,NULL,NULL,False,False,False,False,False,True,True,True,True,NULL
"677487402",True,False,NULL,NULL,"Lelouch",0,"2025-09-23 09:04:23.601834+00","✨",NULL,"VI Britainia",True,NULL,NULL,NULL,NULL,NULL,False,False,False,False,False,True,True,True,True,NULL
"6594293064",True,False,NULL,NULL,NULL,NULL,NULL,NULL,NULL,NULL,True,NULL,NULL,NULL,NULL,NULL,False,False,False,False,False,True,True,True,True,NULL
"1167810513",False,False,NULL,NULL,NULL,NULL,NULL,NULL,NULL,NULL,True,NULL,NULL,NULL,NULL,NULL,False,False,False,False,False,True,True,True,True,NULL
"1382581845",True,False,NULL,NULL,NULL,NULL,NULL,NULL,NULL,NULL,True,NULL,NULL,NULL,NULL,NULL,False,False,False,False,False,True,True,True,True,NULL
"1914873436",True,False,NULL,NULL,NULL,NULL,NULL,NULL,NULL,NULL,True,NULL,NULL,NULL,NULL,NULL,False,False,False,False,False,True,True,True,True,NULL
"5763984527",True,False,NULL,NULL,NULL,NULL,NULL,NULL,NULL,NULL,True,NULL,NULL,NULL,NULL,NULL,False,False,False,False,False,True,True,True,True,"fb8hCbDJsZY"
"8109112246",True,False,NULL,NULL,NULL,NULL,NULL,NULL,NULL,NULL,True,NULL,NULL,NULL,NULL,NULL,False,False,False,False,False,True,True,True,True,NULL
"5621572339",True,False,NULL,NULL,NULL,NULL,NULL,NULL,NULL,NULL,True,NULL,NULL,NULL,NULL,NULL,False,False,False,False,False,True,True,True,True,NULL
"1115778544",True,False,NULL,NULL,NULL,NULL,NULL,NULL,NULL,NULL,True,NULL,NULL,NULL,NULL,NULL,False,False,False,False,False,True,True,True,True,NULL
"1329030253",True,False,NULL,NULL,NULL,NULL,NULL,NULL,NULL,NULL,True,NULL,NULL,NULL,NULL,NULL,False,False,False,False,False,True,True,True,True,NULL
"1911948899",True,False,NULL,NULL,NULL,NULL,NULL,NULL,NULL,NULL,True,NULL,NULL,NULL,NULL,NULL,False,False,False,False,False,True,True,True,True,NULL
"1885147369",True,False,NULL,NULL,NULL,NULL,NULL,NULL,NULL,NULL,True,NULL,NULL,NULL,NULL,NULL,False,False,False,False,False,True,True,True,True,NULL
"5849187171",True,False,NULL,NULL,NULL,NULL,NULL,NULL,NULL,NULL,True,NULL,NULL,NULL,NULL,NULL,False,False,False,False,False,True,True,True,True,NULL
"1276903415",True,False,NULL,NULL,NULL,NULL,NULL,NULL,NULL,NULL,True,NULL,NULL,NULL,NULL,NULL,False,False,False,False,False,True,True,True,True,NULL
"6738487826",True,False,NULL,NULL,NULL,NULL,NULL,NULL,NULL,NULL,True,NULL,NULL,NULL,NULL,NULL,False,False,False,False,False,True,True,True,True,NULL
"5482622067",True,False,NULL,NULL,NULL,NULL,NULL,NULL,NULL,NULL,True,NULL,NULL,NULL,NULL,NULL,False,False,False,False,False,True,True,True,True,NULL
"7107666490",True,False,NULL,NULL,NULL,NULL,NULL,NULL,NULL,NULL,True,NULL,NULL,NULL,NULL,NULL,False,False,False,False,False,True,True,True,True,NULL
"7847553388",True,False,NULL,NULL,NULL,NULL,NULL,NULL,NULL,NULL,True,NULL,NULL,NULL,NULL,NULL,False,False,False,False,False,True,True,True,True,NULL
"5958039592",True,False,NULL,NULL,"Ghost",0,"2025-09-26 19:43:16.06919+00","👻",NULL,"MEMENTO MORI🫡☦️✝️☦️✊️",True,NULL,NULL,NULL,NULL,NULL,False,False,False,False,False,True,True,True,True,NULL
"927283246",True,False,NULL,NULL,NULL,NULL,NULL,NULL,NULL,NULL,True,NULL,NULL,NULL,NULL,NULL,False,False,False,False,False,True,True,True,True,NULL
"733009013",False,False,NULL,NULL,NULL,NULL,NULL,NULL,NULL,NULL,True,NULL,NULL,NULL,NULL,NULL,False,False,False,False,False,True,True,True,True,NULL
"1544101442",True,False,NULL,NULL,NULL,NULL,NULL,NULL,NULL,NULL,True,NULL,NULL,NULL,NULL,NULL,False,False,False,False,False,True,True,True,True,NULL
"5151428795",True,False,NULL,NULL,NULL,NULL,NULL,NULL,NULL,NULL,True,NULL,NULL,NULL,NULL,NULL,False,False,False,False,False,True,True,True,True,NULL
"7067770679",False,False,NULL,NULL,NULL,NULL,NULL,NULL,NULL,NULL,True,NULL,NULL,NULL,NULL,NULL,False,False,False,False,False,True,True,True,True,NULL
"7497766052",True,False,NULL,NULL,NULL,NULL,NULL,NULL,NULL,NULL,True,NULL,NULL,NULL,NULL,NULL,False,False,False,False,False,True,True,True,True,NULL
"6995618210",True,False,NULL,NULL,NULL,NULL,NULL,NULL,NULL,NULL,True,NULL,NULL,NULL,NULL,NULL,False,False,False,False,False,True,True,True,True,NULL
"1861716805",True,False,NULL,NULL,NULL,NULL,NULL,NULL,NULL,NULL,True,NULL,NULL,NULL,NULL,NULL,False,False,False,False,False,True,True,True,True,NULL
"5079599953",True,False,NULL,NULL,"JEKYLL",NULL,"2025-10-10 08:14:22.008964+00","👤",NULL,NULL,True,NULL,NULL,NULL,NULL,NULL,False,False,False,False,False,True,True,True,True,NULL
"403071131",True,False,NULL,NULL,NULL,NULL,NULL,NULL,NULL,NULL,True,NULL,NULL,NULL,NULL,NULL,False,False,False,False,False,True,True,True,True,NULL
"1146028762",True,False,NULL,NULL,NULL,NULL,NULL,NULL,NULL,NULL,True,NULL,NULL,NULL,NULL,NULL,False,False,False,False,False,True,True,True,True,NULL
"703728612",False,False,NULL,NULL,NULL,NULL,NULL,NULL,NULL,NULL,True,NULL,NULL,NULL,NULL,NULL,False,False,False,False,False,True,True,True,True,NULL
"6731593169",True,False,NULL,NULL,NULL,NULL,NULL,NULL,NULL,NULL,True,NULL,NULL,NULL,NULL,NULL,False,False,False,False,False,True,True,True,True,NULL
"854500322",True,False,NULL,NULL,NULL,NULL,NULL,NULL,NULL,NULL,True,NULL,NULL,NULL,NULL,NULL,False,False,False,False,False,True,True,True,True,NULL
"6883061434",True,False,NULL,NULL,NULL,NULL,NULL,NULL,NULL,NULL,True,NULL,NULL,NULL,NULL,NULL,False,False,False,False,False,True,True,True,True,NULL
"2034528258",True,False,NULL,NULL,NULL,NULL,NULL,NULL,NULL,NULL,True,NULL,NULL,NULL,NULL,NULL,False,False,False,False,False,True,True,True,True,NULL
"6300649824",True,False,NULL,NULL,NULL,NULL,NULL,NULL,NULL,NULL,True,NULL,NULL,NULL,NULL,NULL,False,False,False,False,False,True,True,True,True,NULL
"1272389728",True,False,NULL,NULL,NULL,NULL,NULL,NULL,NULL,NULL,True,NULL,NULL,NULL,NULL,NULL,False,False,False,False,False,True,True,True,True,NULL
"5730715129",True,False,NULL,NULL,NULL,NULL,NULL,NULL,NULL,NULL,True,NULL,NULL,NULL,NULL,NULL,False,False,False,False,False,True,True,True,True,NULL
"1781367090",True,False,NULL,NULL,NULL,NULL,NULL,NULL,NULL,NULL,True,NULL,NULL,NULL,NULL,NULL,False,False,False,False,False,True,True,True,True,"XjKdYdmjOCo"
"771638760",True,False,NULL,NULL,NULL,NULL,NULL,NULL,NULL,NULL,True,NULL,NULL,NULL,NULL,NULL,False,False,False,False,False,True,True,True,True,NULL
"5369712522",True,False,NULL,NULL,NULL,NULL,NULL,NULL,NULL,NULL,True,NULL,NULL,NULL,NULL,NULL,False,False,False,False,False,True,True,True,True,NULL
"6378224007",True,False,NULL,NULL,"Melanin",0,"2025-10-01 02:57:36.881446+00","🧐",NULL,NULL,True,NULL,NULL,NULL,NULL,NULL,False,False,False,False,False,True,True,True,True,NULL
"1956722396",True,False,NULL,NULL,NULL,NULL,NULL,NULL,NULL,NULL,True,NULL,NULL,NULL,NULL,NULL,False,False,False,False,False,True,True,True,True,NULL
"2080766033",True,False,NULL,NULL,NULL,NULL,NULL,NULL,NULL,NULL,True,NULL,NULL,NULL,NULL,NULL,False,False,False,False,False,True,True,True,True,NULL
"1994741267",True,False,NULL,NULL,NULL,NULL,NULL,NULL,NULL,NULL,True,NULL,NULL,NULL,NULL,NULL,False,False,False,False,False,True,True,True,True,NULL
"1213131341",True,False,NULL,NULL,NULL,NULL,NULL,NULL,NULL,NULL,True,NULL,NULL,NULL,NULL,NULL,False,False,False,False,False,True,True,True,True,NULL
"1311053403",False,False,NULL,NULL,NULL,NULL,NULL,NULL,NULL,NULL,True,NULL,NULL,NULL,NULL,NULL,False,False,False,False,False,True,True,True,True,NULL
"6611841575",True,False,NULL,NULL,NULL,NULL,NULL,NULL,NULL,NULL,True,NULL,NULL,NULL,NULL,NULL,False,False,False,False,False,True,True,True,True,NULL
"434123519",True,False,NULL,NULL,NULL,NULL,NULL,NULL,NULL,NULL,True,NULL,NULL,NULL,NULL,NULL,False,False,False,False,False,True,True,True,True,NULL
"1449093110",True,False,NULL,NULL,NULL,NULL,NULL,NULL,NULL,NULL,True,NULL,NULL,NULL,NULL,NULL,False,False,False,False,False,True,True,True,True,NULL
"817449802",True,False,NULL,NULL,NULL,NULL,NULL,NULL,NULL,NULL,True,NULL,NULL,NULL,NULL,NULL,False,False,False,False,False,True,True,True,True,NULL
"5786328315",True,False,NULL,NULL,NULL,NULL,NULL,NULL,NULL,NULL,True,NULL,NULL,NULL,NULL,NULL,False,False,False,False,False,True,True,True,True,NULL
"5475331941",True,False,NULL,NULL,NULL,NULL,NULL,NULL,NULL,NULL,True,NULL,NULL,NULL,NULL,NULL,False,False,False,False,False,True,True,True,True,NULL
"1567196451",True,False,NULL,NULL,NULL,NULL,NULL,NULL,NULL,NULL,True,NULL,NULL,NULL,NULL,NULL,False,False,False,False,False,True,True,True,True,NULL
"7830132012",True,False,NULL,NULL,NULL,NULL,NULL,NULL,NULL,NULL,True,NULL,NULL,NULL,NULL,NULL,False,False,False,False,False,True,True,True,True,NULL
"6838565294",True,False,NULL,NULL,NULL,NULL,NULL,NULL,NULL,NULL,True,NULL,NULL,NULL,NULL,NULL,False,False,False,False,False,True,True,True,True,NULL
"603903650",True,False,NULL,NULL,NULL,NULL,NULL,NULL,NULL,NULL,True,NULL,NULL,NULL,NULL,NULL,False,False,False,False,False,True,True,True,True,NULL
"527981509",True,False,NULL,NULL,NULL,NULL,NULL,NULL,NULL,NULL,True,NULL,NULL,NULL,NULL,NULL,False,False,False,False,False,True,True,True,True,NULL
"6481964356",True,False,NULL,NULL,NULL,NULL,NULL,NULL,NULL,NULL,True,NULL,NULL,NULL,NULL,NULL,False,False,False,False,False,True,True,True,True,NULL
"1201804003",True,False,NULL,NULL,NULL,NULL,NULL,NULL,NULL,NULL,True,NULL,NULL,NULL,NULL,NULL,False,False,False,False,False,True,True,True,True,NULL
"1389579171",True,False,NULL,NULL,NULL,NULL,NULL,NULL,NULL,NULL,True,NULL,NULL,NULL,NULL,NULL,False,False,False,False,False,True,True,True,True,NULL
"533688837",True,False,NULL,NULL,NULL,NULL,NULL,NULL,NULL,NULL,True,NULL,NULL,NULL,NULL,NULL,False,False,False,False,False,True,True,True,True,NULL
"8035422901",True,False,NULL,NULL,NULL,NULL,NULL,NULL,NULL,NULL,True,NULL,NULL,NULL,NULL,NULL,False,False,False,False,False,True,True,True,True,NULL
"7821692021",True,False,NULL,NULL,NULL,NULL,NULL,NULL,NULL,NULL,True,NULL,NULL,NULL,NULL,NULL,False,False,False,False,False,True,True,True,True,NULL
"8050312963",True,False,NULL,NULL,NULL,NULL,NULL,NULL,NULL,NULL,True,NULL,NULL,NULL,NULL,NULL,False,False,False,False,False,True,True,True,True,NULL
"5584101482",True,False,NULL,NULL,NULL,NULL,NULL,NULL,NULL,NULL,True,NULL,NULL,NULL,NULL,NULL,False,False,False,False,False,True,True,True,True,NULL
"6481411729",True,False,NULL,NULL,NULL,NULL,NULL,NULL,NULL,NULL,True,NULL,NULL,NULL,NULL,NULL,False,False,False,False,False,True,True,True,True,NULL
"6610978797",True,False,NULL,NULL,NULL,NULL,NULL,NULL,NULL,NULL,True,NULL,NULL,NULL,NULL,NULL,False,False,False,False,False,True,True,True,True,NULL
"6688136349",True,False,NULL,NULL,NULL,NULL,NULL,NULL,NULL,NULL,True,NULL,NULL,NULL,NULL,NULL,False,False,False,False,False,True,True,True,True,NULL
"7987632322",True,False,NULL,NULL,NULL,NULL,NULL,NULL,NULL,NULL,True,NULL,NULL,NULL,NULL,NULL,False,False,False,False,False,True,True,True,True,NULL
"516950330",True,False,NULL,NULL,NULL,NULL,NULL,NULL,NULL,NULL,True,NULL,NULL,NULL,NULL,NULL,False,False,False,False,False,True,True,True,True,NULL
"5845631220",True,False,NULL,NULL,NULL,NULL,NULL,NULL,NULL,NULL,True,NULL,NULL,NULL,NULL,NULL,False,False,False,False,False,True,True,True,True,NULL
"1364086086",True,False,NULL,NULL,NULL,NULL,NULL,NULL,NULL,NULL,False,NULL,NULL,NULL,NULL,NULL,False,False,False,False,False,True,True,True,True,NULL
"6893829475",True,False,NULL,NULL,NULL,NULL,NULL,NULL,NULL,NULL,True,NULL,NULL,NULL,NULL,NULL,False,False,False,False,False,True,True,True,True,"ntqPbJqYVHg"
"1701259143",True,False,NULL,NULL,NULL,NULL,NULL,NULL,NULL,NULL,True,NULL,NULL,NULL,NULL,NULL,False,False,False,False,False,True,True,True,True,NULL
"637954414",True,False,NULL,NULL,NULL,NULL,NULL,NULL,NULL,NULL,True,NULL,NULL,NULL,NULL,NULL,False,False,False,False,False,True,True,True,True,NULL
"6631631388",True,False,NULL,NULL,"Goodboy",NULL,"2025-10-16 17:42:21.28374+00",NULL,NULL,NULL,True,NULL,NULL,NULL,NULL,NULL,False,False,False,False,False,True,True,True,True,NULL
"7191029735",True,False,NULL,NULL,NULL,NULL,NULL,NULL,NULL,NULL,True,NULL,NULL,NULL,NULL,NULL,False,False,False,False,False,True,True,True,True,"Jcdol9PjHcw"
"5508061924",True,False,NULL,NULL,NULL,NULL,NULL,NULL,NULL,NULL,True,NULL,NULL,NULL,NULL,NULL,False,False,False,False,False,True,True,True,True,NULL
"1120727958",True,False,NULL,NULL,NULL,NULL,NULL,NULL,NULL,NULL,True,NULL,NULL,NULL,NULL,NULL,False,False,False,False,False,True,True,True,True,NULL
"453322324",True,False,NULL,NULL,NULL,NULL,NULL,NULL,NULL,NULL,True,NULL,NULL,NULL,NULL,NULL,False,False,False,False,False,True,True,True,True,NULL
"1918791586",True,False,NULL,NULL,NULL,NULL,NULL,NULL,NULL,NULL,True,NULL,NULL,NULL,NULL,NULL,False,False,False,False,False,True,True,True,True,NULL
"974118880",True,False,NULL,NULL,NULL,NULL,NULL,NULL,NULL,NULL,True,NULL,NULL,NULL,NULL,NULL,False,False,False,False,False,True,True,True,True,NULL
"1489886306",True,False,NULL,NULL,NULL,NULL,NULL,NULL,NULL,NULL,True,NULL,NULL,NULL,NULL,NULL,False,False,False,False,False,True,True,True,True,NULL
"7829391646",True,False,NULL,NULL,NULL,NULL,NULL,NULL,NULL,NULL,True,NULL,NULL,NULL,NULL,NULL,False,False,False,False,False,True,True,True,True,NULL
"1276758979",True,False,NULL,NULL,NULL,NULL,NULL,NULL,NULL,NULL,True,NULL,NULL,NULL,NULL,NULL,False,False,False,False,False,True,True,True,True,NULL
"1412778322",True,False,NULL,NULL,NULL,NULL,NULL,NULL,NULL,NULL,True,NULL,NULL,NULL,NULL,NULL,False,False,False,False,False,True,True,True,True,NULL
"6392224263",True,False,NULL,NULL,NULL,NULL,NULL,NULL,NULL,NULL,True,NULL,NULL,NULL,NULL,NULL,False,False,False,False,False,True,True,True,True,NULL
"7910977098",True,False,NULL,NULL,NULL,NULL,NULL,NULL,NULL,NULL,True,NULL,NULL,NULL,NULL,NULL,False,False,False,False,False,True,True,True,True,NULL
"6615847088",True,False,NULL,NULL,NULL,NULL,NULL,NULL,NULL,NULL,True,NULL,NULL,NULL,NULL,NULL,False,False,False,False,False,True,True,True,True,NULL
"1063568395",True,False,NULL,NULL,NULL,NULL,NULL,NULL,NULL,NULL,True,NULL,NULL,NULL,NULL,NULL,False,False,False,False,False,True,True,True,True,NULL
"1747700665",True,False,NULL,NULL,NULL,NULL,NULL,NULL,NULL,NULL,True,NULL,NULL,NULL,NULL,NULL,False,False,False,False,False,True,True,True,True,NULL
"1446648210",True,False,NULL,NULL,NULL,NULL,NULL,NULL,NULL,NULL,True,NULL,NULL,NULL,NULL,NULL,False,False,False,False,False,True,True,True,True,NULL
"1127029564",True,False,NULL,NULL,NULL,NULL,NULL,NULL,NULL,NULL,True,NULL,NULL,NULL,NULL,NULL,False,False,False,False,False,True,True,True,True,NULL
"538053563",True,False,NULL,NULL,NULL,NULL,NULL,NULL,NULL,NULL,True,NULL,NULL,NULL,NULL,NULL,False,False,False,False,False,True,True,True,True,NULL
"7045167355",True,False,NULL,NULL,NULL,NULL,NULL,NULL,NULL,NULL,True,NULL,NULL,NULL,NULL,NULL,False,False,False,False,False,True,True,True,True,NULL
"6749950647",True,False,NULL,NULL,NULL,NULL,NULL,NULL,NULL,NULL,True,NULL,NULL,NULL,NULL,NULL,False,False,False,False,False,True,True,True,True,NULL
"5314958275",True,False,NULL,NULL,NULL,NULL,NULL,NULL,NULL,NULL,True,NULL,NULL,NULL,NULL,NULL,False,False,False,False,False,True,True,True,True,NULL
"7604860717",True,False,NULL,NULL,NULL,NULL,NULL,NULL,NULL,NULL,True,NULL,NULL,NULL,NULL,NULL,False,False,False,False,False,True,True,True,True,NULL
"1676525486",True,False,NULL,NULL,NULL,NULL,NULL,NULL,NULL,NULL,True,NULL,NULL,NULL,NULL,NULL,False,False,False,False,False,True,True,True,True,NULL
"5785279411",True,False,NULL,NULL,NULL,NULL,NULL,NULL,NULL,NULL,True,NULL,NULL,NULL,NULL,NULL,False,False,False,False,False,True,True,True,True,NULL
"2086188222",True,False,NULL,NULL,NULL,NULL,NULL,NULL,NULL,NULL,True,NULL,NULL,NULL,NULL,NULL,False,False,False,False,False,True,True,True,True,"q6oNpNdEA5M"
"618234716",True,False,NULL,NULL,NULL,NULL,NULL,NULL,NULL,NULL,True,NULL,NULL,NULL,NULL,NULL,False,False,False,False,False,True,True,True,True,NULL
"504548461",True,False,NULL,NULL,NULL,NULL,NULL,NULL,NULL,NULL,True,NULL,NULL,NULL,NULL,NULL,False,False,False,False,False,True,True,True,True,NULL
"1142057963",True,False,NULL,NULL,NULL,NULL,NULL,NULL,NULL,NULL,True,NULL,NULL,NULL,NULL,NULL,False,False,False,False,False,True,True,True,True,NULL
"6385858259",True,False,NULL,NULL,NULL,NULL,NULL,NULL,NULL,NULL,True,NULL,NULL,NULL,NULL,NULL,False,False,False,False,False,True,True,True,True,NULL
"1139154778",True,False,NULL,NULL,NULL,NULL,NULL,NULL,NULL,NULL,True,NULL,NULL,NULL,NULL,NULL,False,False,False,False,False,True,True,True,True,NULL
"600016682",False,False,NULL,NULL,NULL,NULL,NULL,NULL,NULL,NULL,True,NULL,NULL,NULL,NULL,NULL,False,False,False,False,False,True,True,True,True,NULL
"1957828087",False,False,NULL,NULL,NULL,NULL,NULL,NULL,NULL,NULL,True,NULL,NULL,NULL,NULL,NULL,False,False,False,False,False,True,True,True,True,NULL
"8288253399",True,False,NULL,NULL,NULL,NULL,NULL,NULL,NULL,NULL,True,NULL,NULL,NULL,NULL,NULL,False,False,False,False,False,True,True,True,True,NULL
"1300114629",True,False,NULL,NULL,NULL,NULL,NULL,NULL,NULL,NULL,True,NULL,NULL,NULL,NULL,NULL,False,False,False,False,False,True,True,True,True,NULL
"522203221",False,False,NULL,NULL,NULL,NULL,NULL,NULL,NULL,NULL,True,NULL,NULL,NULL,NULL,NULL,False,False,False,False,False,True,True,True,True,NULL
"452200694",True,False,NULL,NULL,NULL,NULL,NULL,NULL,NULL,NULL,True,NULL,NULL,NULL,NULL,NULL,False,False,False,False,False,True,True,True,True,NULL
"7411535351",True,False,NULL,NULL,NULL,NULL,NULL,NULL,NULL,NULL,True,NULL,NULL,NULL,NULL,NULL,False,False,False,False,False,True,True,True,True,NULL
"1183454506",True,False,NULL,NULL,NULL,NULL,NULL,NULL,NULL,NULL,True,NULL,NULL,NULL,NULL,NULL,False,False,False,False,False,True,True,True,True,"UVuQm0KT1Y8"
"1989201449",True,False,NULL,NULL,NULL,NULL,NULL,NULL,NULL,NULL,True,NULL,NULL,NULL,NULL,NULL,False,False,False,False,False,True,True,True,True,NULL
"867316703",False,False,NULL,NULL,NULL,NULL,NULL,NULL,NULL,NULL,True,NULL,NULL,NULL,NULL,NULL,False,False,False,False,False,True,True,True,True,NULL
"536224508",True,False,NULL,NULL,NULL,NULL,NULL,NULL,NULL,NULL,True,NULL,NULL,NULL,NULL,NULL,False,False,False,False,False,True,True,True,True,NULL
"1841722067",False,False,NULL,NULL,NULL,NULL,NULL,NULL,NULL,NULL,True,NULL,NULL,NULL,NULL,NULL,False,False,False,False,False,True,True,True,True,NULL
"1260688949",False,False,NULL,NULL,NULL,NULL,NULL,NULL,NULL,NULL,True,NULL,NULL,NULL,NULL,NULL,False,False,False,False,False,True,True,True,True,NULL
"913396415",True,False,NULL,NULL,NULL,NULL,NULL,NULL,NULL,NULL,True,NULL,NULL,NULL,NULL,NULL,False,False,False,False,False,True,True,True,True,NULL
"1204180597",True,False,NULL,NULL,NULL,NULL,NULL,NULL,NULL,NULL,True,NULL,NULL,NULL,NULL,NULL,False,False,False,False,False,True,True,True,True,NULL
"5104390046",True,False,NULL,NULL,NULL,NULL,NULL,NULL,NULL,NULL,True,NULL,NULL,NULL,NULL,NULL,False,False,False,False,False,True,True,True,True,NULL
"5442364049",True,False,NULL,NULL,NULL,NULL,NULL,NULL,NULL,NULL,True,NULL,NULL,NULL,NULL,NULL,False,False,False,False,False,True,True,True,True,NULL
"6993854937",True,False,NULL,NULL,NULL,NULL,NULL,NULL,NULL,NULL,True,NULL,NULL,NULL,NULL,NULL,False,False,False,False,False,True,True,True,True,NULL
"6726695463",True,False,NULL,NULL,NULL,NULL,NULL,NULL,NULL,NULL,True,NULL,NULL,NULL,NULL,NULL,False,False,False,False,False,True,True,True,True,NULL
"1174170007",False,False,NULL,NULL,NULL,NULL,NULL,NULL,NULL,NULL,True,NULL,NULL,NULL,NULL,NULL,False,False,False,False,False,True,True,True,True,NULL
"6691274967",True,False,NULL,NULL,NULL,NULL,NULL,NULL,NULL,NULL,True,NULL,NULL,NULL,NULL,NULL,False,False,False,False,False,True,True,True,True,NULL
"5222446209",True,False,NULL,NULL,NULL,NULL,NULL,NULL,NULL,NULL,True,NULL,NULL,NULL,NULL,NULL,False,False,False,False,False,True,True,True,True,NULL
"7396894357",True,False,NULL,NULL,NULL,NULL,NULL,NULL,NULL,NULL,True,NULL,NULL,NULL,NULL,NULL,False,False,False,False,False,True,True,True,True,NULL
"1144407205",True,False,NULL,NULL,NULL,NULL,NULL,NULL,NULL,NULL,True,NULL,NULL,NULL,NULL,NULL,False,False,False,False,False,True,True,True,True,NULL
"1053673692",True,False,NULL,NULL,NULL,NULL,NULL,NULL,NULL,NULL,True,NULL,NULL,NULL,NULL,NULL,False,False,False,False,False,True,True,True,True,NULL
"1087968824",False,False,NULL,NULL,NULL,NULL,NULL,NULL,NULL,NULL,True,NULL,NULL,NULL,NULL,NULL,False,False,False,False,False,True,True,True,True,NULL
"833112985",True,False,NULL,NULL,NULL,NULL,NULL,NULL,NULL,NULL,True,NULL,NULL,NULL,NULL,NULL,False,False,False,False,False,True,True,True,True,NULL
"5718892744",True,False,NULL,NULL,NULL,NULL,NULL,NULL,NULL,NULL,True,NULL,NULL,NULL,NULL,NULL,False,False,False,False,False,True,True,True,True,NULL
"916590657",True,False,NULL,NULL,NULL,NULL,NULL,NULL,NULL,NULL,True,NULL,NULL,NULL,NULL,NULL,False,False,False,False,False,True,True,True,True,NULL
"1233769415",True,False,NULL,NULL,NULL,NULL,NULL,NULL,NULL,NULL,True,NULL,NULL,NULL,NULL,NULL,False,False,False,False,False,True,True,True,True,NULL
"5352706545",True,False,NULL,NULL,NULL,NULL,NULL,NULL,NULL,NULL,True,NULL,NULL,NULL,NULL,NULL,False,False,False,False,False,True,True,True,True,NULL
"907560070",True,False,NULL,NULL,NULL,NULL,NULL,NULL,NULL,NULL,True,NULL,NULL,NULL,NULL,NULL,False,False,False,False,False,True,True,True,True,NULL
"2092810658",True,False,NULL,NULL,NULL,NULL,NULL,NULL,NULL,NULL,True,NULL,NULL,NULL,NULL,NULL,False,False,False,False,False,True,True,True,True,NULL
"7737922436",True,False,NULL,NULL,NULL,NULL,NULL,NULL,NULL,NULL,True,NULL,NULL,NULL,NULL,NULL,False,False,False,False,False,True,True,True,True,NULL
"8079423661",True,False,NULL,NULL,NULL,NULL,NULL,NULL,NULL,NULL,True,NULL,NULL,NULL,NULL,NULL,False,False,False,False,False,True,True,True,True,NULL
"6393975954",True,False,NULL,NULL,NULL,NULL,NULL,NULL,NULL,NULL,True,NULL,NULL,NULL,NULL,NULL,False,False,False,False,False,True,True,True,True,NULL
"8191641097",True,False,NULL,NULL,NULL,NULL,NULL,NULL,NULL,NULL,True,NULL,NULL,NULL,NULL,NULL,False,False,False,False,False,True,True,True,True,NULL
"1390254613",True,False,NULL,NULL,NULL,NULL,NULL,NULL,NULL,NULL,True,NULL,NULL,NULL,NULL,NULL,False,False,False,False,False,True,True,True,True,NULL
"6071314230",True,False,NULL,NULL,NULL,NULL,NULL,NULL,NULL,NULL,True,NULL,NULL,NULL,NULL,NULL,False,False,False,False,False,True,True,True,True,NULL
"1940613654",True,False,NULL,NULL,"Lynxx",NULL,"2025-10-17 06:43:57.397629+00","🎧",NULL,"Ecstasy and euphoria are my favorite words. 🙂",True,"Helicopter",NULL,NULL,NULL,NULL,True,False,False,False,True,True,True,True,True,"rklddGEzyTo"
"7104095953",True,False,NULL,NULL,NULL,NULL,NULL,NULL,NULL,NULL,True,NULL,NULL,NULL,NULL,NULL,False,False,False,False,False,True,True,True,True,NULL
"6984758643",True,False,NULL,NULL,NULL,NULL,NULL,NULL,NULL,NULL,True,NULL,NULL,NULL,NULL,NULL,False,False,False,False,False,True,True,True,True,NULL
"420142158",True,False,NULL,NULL,NULL,NULL,NULL,NULL,NULL,NULL,True,NULL,NULL,NULL,NULL,NULL,False,False,False,False,False,True,True,True,True,NULL
"852800325",True,False,NULL,NULL,NULL,NULL,NULL,NULL,NULL,NULL,True,NULL,NULL,NULL,NULL,NULL,False,False,False,False,False,True,True,True,True,NULL
"5409714342",True,False,NULL,NULL,NULL,NULL,NULL,NULL,NULL,NULL,True,NULL,NULL,NULL,NULL,NULL,False,False,False,False,False,True,True,True,True,NULL
"5217880016",True,False,NULL,NULL,NULL,NULL,NULL,NULL,NULL,NULL,True,NULL,NULL,NULL,NULL,NULL,False,False,False,False,False,True,True,True,True,NULL
"6014690324",True,False,NULL,NULL,NULL,NULL,NULL,NULL,NULL,NULL,True,NULL,NULL,NULL,NULL,NULL,False,False,False,False,False,True,True,True,True,NULL
"6529542701",True,False,NULL,NULL,NULL,NULL,NULL,NULL,NULL,NULL,True,NULL,NULL,NULL,NULL,NULL,False,False,False,False,False,True,True,True,True,NULL
"7592272359",True,False,NULL,NULL,NULL,NULL,NULL,NULL,NULL,NULL,True,NULL,NULL,NULL,NULL,NULL,False,False,False,False,False,True,True,True,True,NULL
"6535950108",True,False,NULL,NULL,NULL,NULL,NULL,NULL,NULL,NULL,True,NULL,NULL,NULL,NULL,NULL,False,False,False,False,False,True,True,True,True,NULL
"1113215286",True,False,NULL,NULL,NULL,NULL,NULL,NULL,NULL,NULL,True,NULL,NULL,NULL,NULL,NULL,False,False,False,False,False,True,True,True,True,NULL
"7189597761",True,False,NULL,NULL,NULL,NULL,NULL,NULL,NULL,NULL,True,NULL,NULL,NULL,NULL,NULL,False,False,False,False,False,True,True,True,True,NULL
"1775599127",True,False,NULL,NULL,NULL,NULL,NULL,NULL,NULL,NULL,True,NULL,NULL,NULL,NULL,NULL,False,False,False,False,False,True,True,True,True,NULL
"8019975669",True,False,NULL,NULL,NULL,NULL,NULL,NULL,NULL,NULL,True,NULL,NULL,NULL,NULL,NULL,False,False,False,False,False,True,True,True,True,NULL
"5392428907",True,False,NULL,NULL,NULL,NULL,NULL,NULL,NULL,NULL,True,NULL,NULL,NULL,NULL,NULL,False,False,False,False,False,True,True,True,True,NULL
"5577730167",True,False,NULL,NULL,NULL,NULL,NULL,NULL,NULL,NULL,True,NULL,NULL,NULL,NULL,NULL,False,False,False,False,False,True,True,True,True,NULL
"1594695945",True,False,NULL,NULL,NULL,NULL,NULL,NULL,NULL,NULL,True,NULL,NULL,NULL,NULL,NULL,False,False,False,False,False,True,True,True,True,NULL
"6366914790",True,False,NULL,NULL,NULL,NULL,NULL,NULL,NULL,NULL,True,NULL,NULL,NULL,NULL,NULL,False,False,False,False,False,True,True,True,True,NULL
"982720131",True,False,NULL,NULL,NULL,NULL,NULL,NULL,NULL,NULL,True,NULL,NULL,NULL,NULL,NULL,False,False,False,False,False,True,True,True,True,NULL
"941545534",True,False,NULL,NULL,NULL,NULL,NULL,NULL,NULL,NULL,True,NULL,NULL,NULL,NULL,NULL,False,False,False,False,False,True,True,True,True,NULL
"474693098",True,False,NULL,NULL,NULL,NULL,NULL,NULL,NULL,NULL,True,NULL,NULL,NULL,NULL,NULL,False,False,False,False,False,True,True,True,True,NULL
"2126837014",True,False,NULL,NULL,NULL,NULL,NULL,NULL,NULL,NULL,True,NULL,NULL,NULL,NULL,NULL,False,False,False,False,False,True,True,True,True,NULL
"1082397427",True,False,NULL,NULL,NULL,NULL,NULL,NULL,NULL,NULL,True,NULL,NULL,NULL,NULL,NULL,False,False,False,False,False,True,True,True,True,NULL
"7163761135",True,False,NULL,NULL,NULL,NULL,NULL,NULL,NULL,NULL,True,NULL,NULL,NULL,NULL,NULL,False,False,False,False,False,True,True,True,True,NULL
"6041393860",True,False,NULL,NULL,NULL,NULL,NULL,NULL,NULL,NULL,True,NULL,NULL,NULL,NULL,NULL,False,False,False,False,False,True,True,True,True,NULL
"6085899324",True,False,NULL,NULL,NULL,NULL,NULL,NULL,NULL,NULL,True,NULL,NULL,NULL,NULL,NULL,False,False,False,False,False,True,True,True,True,NULL
"1304266599",True,False,NULL,NULL,NULL,NULL,NULL,NULL,NULL,NULL,True,NULL,NULL,NULL,NULL,NULL,False,False,False,False,False,True,True,True,True,NULL
"5218775030",True,False,NULL,NULL,NULL,NULL,NULL,NULL,NULL,NULL,True,NULL,NULL,NULL,NULL,NULL,False,False,False,False,False,True,True,True,True,NULL
"6294814541",True,False,NULL,NULL,NULL,NULL,NULL,NULL,NULL,NULL,True,NULL,NULL,NULL,NULL,NULL,False,False,False,False,False,True,True,True,True,NULL
"1616079221",True,False,NULL,NULL,NULL,NULL,NULL,NULL,NULL,NULL,True,NULL,NULL,NULL,NULL,NULL,False,False,False,False,False,True,True,True,True,NULL
"6185799261",True,False,NULL,NULL,NULL,NULL,NULL,NULL,NULL,NULL,True,NULL,NULL,NULL,NULL,NULL,False,False,False,False,False,True,True,True,True,NULL
"1635041033",True,False,NULL,NULL,NULL,NULL,NULL,NULL,NULL,NULL,True,NULL,NULL,NULL,NULL,NULL,False,False,False,False,False,True,True,True,True,NULL
"1660054734",True,False,NULL,NULL,NULL,NULL,NULL,NULL,NULL,NULL,True,NULL,NULL,NULL,NULL,NULL,False,False,False,False,False,True,True,True,True,NULL
"7531439674",True,False,NULL,NULL,NULL,NULL,NULL,NULL,NULL,NULL,True,NULL,NULL,NULL,NULL,NULL,False,False,False,False,False,True,True,True,True,NULL
"5248053993",True,False,NULL,NULL,NULL,NULL,NULL,NULL,NULL,NULL,True,NULL,NULL,NULL,NULL,NULL,False,False,False,False,False,True,True,True,True,NULL
"5486474448",True,False,NULL,NULL,NULL,NULL,NULL,NULL,NULL,NULL,True,NULL,NULL,NULL,NULL,NULL,False,False,False,False,False,True,True,True,True,NULL
"6643088906",True,False,NULL,NULL,NULL,NULL,NULL,NULL,NULL,NULL,True,NULL,NULL,NULL,NULL,NULL,False,False,False,False,False,True,True,True,True,NULL
"1977670895",True,False,NULL,NULL,NULL,NULL,NULL,NULL,NULL,NULL,True,NULL,NULL,NULL,NULL,NULL,False,False,False,False,False,True,True,True,True,NULL
"5811017653",True,False,NULL,NULL,NULL,NULL,NULL,NULL,NULL,NULL,True,NULL,NULL,NULL,NULL,NULL,False,False,False,False,False,True,True,True,True,NULL
"2111084785",True,False,NULL,NULL,NULL,NULL,NULL,NULL,NULL,NULL,True,NULL,NULL,NULL,NULL,NULL,False,False,False,False,False,True,True,True,True,NULL
"6556473067",True,False,NULL,NULL,NULL,NULL,NULL,NULL,NULL,NULL,True,NULL,NULL,NULL,NULL,NULL,False,False,False,False,False,True,True,True,True,NULL
"7652594856",True,False,NULL,NULL,NULL,NULL,NULL,NULL,NULL,NULL,True,NULL,NULL,NULL,NULL,NULL,False,False,False,False,False,True,True,True,True,NULL
"435947198",True,False,NULL,NULL,NULL,NULL,NULL,NULL,NULL,NULL,True,NULL,NULL,NULL,NULL,NULL,False,False,False,False,False,True,True,True,True,NULL
"8406025993",True,False,NULL,NULL,NULL,NULL,NULL,NULL,NULL,NULL,True,NULL,NULL,NULL,NULL,NULL,False,False,False,False,False,True,True,True,True,NULL
"5735512912",True,False,NULL,NULL,NULL,NULL,NULL,NULL,NULL,NULL,True,NULL,NULL,NULL,NULL,NULL,False,False,False,False,False,True,True,True,True,NULL
"5321770835",True,False,NULL,NULL,NULL,NULL,NULL,NULL,NULL,NULL,True,NULL,NULL,NULL,NULL,NULL,False,False,False,False,False,True,True,True,True,NULL
"1756208017",False,False,NULL,NULL,NULL,NULL,NULL,NULL,NULL,NULL,True,NULL,NULL,NULL,NULL,NULL,False,False,False,False,False,True,True,True,True,NULL
"1753975400",True,False,NULL,NULL,NULL,NULL,NULL,NULL,NULL,NULL,True,NULL,NULL,NULL,NULL,NULL,False,False,False,False,False,True,True,True,True,NULL
"624912657",True,False,NULL,NULL,NULL,NULL,NULL,NULL,NULL,NULL,True,NULL,NULL,NULL,NULL,NULL,False,False,False,False,False,True,True,True,True,NULL
"6147148196",True,False,NULL,NULL,NULL,NULL,NULL,NULL,NULL,NULL,True,NULL,NULL,NULL,NULL,NULL,False,False,False,False,False,True,True,True,True,NULL
"2022309339",True,False,NULL,NULL,NULL,NULL,NULL,NULL,NULL,NULL,True,NULL,NULL,NULL,NULL,NULL,False,False,False,False,False,True,True,True,True,NULL
"7013708229",True,False,NULL,NULL,NULL,0,NULL,"🎮",NULL,NULL,False,NULL,NULL,NULL,NULL,"{""Card Games""}",False,False,False,False,False,True,True,True,True,NULL
"8022132548",True,False,NULL,NULL,NULL,NULL,NULL,NULL,NULL,NULL,True,NULL,NULL,NULL,NULL,NULL,False,False,False,False,False,True,True,True,True,NULL
"5223601264",True,False,NULL,NULL,NULL,NULL,NULL,NULL,NULL,NULL,True,NULL,NULL,NULL,NULL,NULL,False,False,False,False,False,True,True,True,True,NULL
"429125898",True,False,NULL,NULL,NULL,NULL,NULL,NULL,NULL,NULL,True,NULL,NULL,NULL,NULL,NULL,False,False,False,False,False,True,True,True,True,NULL
"5108131388",True,False,NULL,NULL,NULL,NULL,NULL,NULL,NULL,NULL,True,NULL,NULL,NULL,NULL,NULL,False,False,False,False,False,True,True,True,True,NULL
"1794620830",True,False,NULL,NULL,NULL,NULL,NULL,NULL,NULL,NULL,True,NULL,NULL,NULL,NULL,NULL,False,False,False,False,False,True,True,True,True,NULL
"470353747",True,False,NULL,NULL,NULL,NULL,NULL,NULL,NULL,NULL,True,NULL,NULL,NULL,NULL,NULL,False,False,False,False,False,True,True,True,True,NULL
"557012848",True,False,NULL,NULL,NULL,NULL,NULL,NULL,NULL,NULL,True,NULL,NULL,NULL,NULL,NULL,False,False,False,False,False,True,True,True,True,NULL
"5208541973",True,False,NULL,NULL,NULL,NULL,NULL,NULL,NULL,NULL,True,NULL,NULL,NULL,NULL,NULL,False,False,False,False,False,True,True,True,True,NULL
"719233299",True,False,NULL,NULL,NULL,NULL,NULL,"👾",NULL,NULL,True,NULL,NULL,NULL,NULL,NULL,False,False,False,False,False,True,True,True,True,NULL
"442993299",True,False,NULL,NULL,"Professinal Rawdogger",0,"2025-10-10 06:49:36.965832+00","👻",NULL,NULL,True,NULL,NULL,NULL,NULL,NULL,False,False,False,False,False,True,True,False,True,"RGFzw99Ax8s"
"8033265334",True,False,NULL,NULL,"Rohi",NULL,"2025-10-17 05:20:33.471879+00",NULL,NULL,NULL,True,NULL,NULL,NULL,NULL,NULL,False,False,False,False,False,True,True,True,True,"dc5DSbT_eO0"
"632974566",True,False,NULL,NULL,NULL,NULL,NULL,NULL,NULL,NULL,True,NULL,NULL,NULL,NULL,NULL,False,False,False,False,False,True,True,True,True,NULL
"1028783008",True,False,NULL,NULL,NULL,NULL,NULL,NULL,NULL,NULL,True,NULL,NULL,NULL,NULL,NULL,False,False,False,False,False,True,True,True,True,NULL
"1569932018",True,False,NULL,NULL,NULL,NULL,NULL,NULL,NULL,NULL,True,NULL,NULL,NULL,NULL,NULL,False,False,False,False,False,True,True,True,True,NULL
"6470268958",True,False,NULL,NULL,NULL,NULL,NULL,NULL,NULL,NULL,True,NULL,NULL,NULL,NULL,NULL,False,False,False,False,False,True,True,True,True,NULL
"7481152641",True,False,NULL,NULL,NULL,NULL,NULL,NULL,NULL,NULL,True,NULL,NULL,NULL,NULL,NULL,False,False,False,False,False,True,True,True,True,NULL
"1851219100",True,False,NULL,NULL,NULL,NULL,NULL,NULL,NULL,NULL,True,NULL,NULL,NULL,NULL,NULL,False,False,False,False,False,True,True,True,True,NULL
"1170089548",True,False,NULL,NULL,NULL,NULL,NULL,NULL,NULL,NULL,True,NULL,NULL,NULL,NULL,NULL,False,False,False,False,False,True,True,True,True,NULL
"7030584150",True,False,NULL,NULL,NULL,NULL,NULL,NULL,NULL,NULL,True,NULL,NULL,NULL,NULL,NULL,False,False,False,False,False,True,True,True,True,NULL
"5928294764",True,False,NULL,NULL,NULL,NULL,NULL,NULL,NULL,NULL,True,NULL,NULL,NULL,NULL,NULL,False,False,False,False,False,True,True,True,True,NULL
"1301599293",True,False,NULL,NULL,NULL,NULL,NULL,NULL,NULL,NULL,True,NULL,NULL,NULL,NULL,NULL,False,False,False,False,False,True,True,True,True,NULL
"728022325",True,False,NULL,NULL,NULL,NULL,NULL,NULL,NULL,NULL,True,NULL,NULL,NULL,NULL,NULL,False,False,False,False,False,True,True,True,True,NULL
"692283218",True,False,NULL,NULL,NULL,NULL,NULL,NULL,NULL,NULL,True,NULL,NULL,NULL,NULL,NULL,False,False,False,False,False,True,True,True,True,NULL
"650499952",True,False,NULL,NULL,NULL,NULL,NULL,NULL,NULL,NULL,True,NULL,NULL,NULL,NULL,NULL,False,False,False,False,False,True,True,True,True,NULL
"639557224",True,False,NULL,NULL,NULL,NULL,NULL,NULL,NULL,NULL,True,NULL,NULL,NULL,NULL,NULL,False,False,False,False,False,True,True,True,True,NULL
"7578356794",True,False,NULL,NULL,"Markan",NULL,"2025-09-27 18:51:14.787546+00","✨",NULL,"wanna understand shits",True,NULL,NULL,NULL,NULL,NULL,False,False,False,False,False,True,True,True,True,NULL
"5458597685",True,False,NULL,NULL,NULL,NULL,NULL,NULL,NULL,NULL,True,NULL,NULL,NULL,NULL,NULL,False,False,False,False,False,True,True,True,True,NULL
"6232531095",True,False,NULL,NULL,NULL,NULL,NULL,NULL,NULL,NULL,True,NULL,NULL,NULL,NULL,NULL,False,False,False,False,False,True,True,True,True,NULL
"1196210859",True,False,NULL,NULL,NULL,NULL,NULL,NULL,NULL,NULL,True,NULL,NULL,NULL,NULL,NULL,False,False,False,False,False,True,True,True,True,NULL
"509483726",True,False,NULL,NULL,NULL,NULL,NULL,NULL,NULL,NULL,True,NULL,NULL,NULL,NULL,NULL,False,False,False,False,False,True,True,True,True,NULL
"1703072331",True,False,NULL,NULL,NULL,NULL,NULL,NULL,NULL,NULL,True,NULL,NULL,NULL,NULL,NULL,False,False,False,False,False,True,True,True,True,NULL
"1084502388",True,False,NULL,NULL,NULL,NULL,NULL,NULL,NULL,NULL,True,NULL,NULL,NULL,NULL,NULL,False,False,False,False,False,True,True,True,True,NULL
"6122974209",False,False,NULL,NULL,NULL,NULL,NULL,NULL,NULL,NULL,True,NULL,NULL,NULL,NULL,NULL,False,False,False,False,False,True,True,True,True,NULL
"6429285865",True,False,NULL,NULL,NULL,NULL,NULL,NULL,NULL,NULL,True,NULL,NULL,NULL,NULL,NULL,False,False,False,False,False,True,True,True,True,NULL
"8187064348",True,False,NULL,NULL,NULL,NULL,NULL,NULL,NULL,NULL,True,NULL,NULL,NULL,NULL,NULL,False,False,False,False,False,True,True,True,True,NULL
"5786894585",False,False,NULL,NULL,NULL,NULL,NULL,NULL,NULL,NULL,True,NULL,NULL,NULL,NULL,NULL,False,False,False,False,False,True,True,True,True,NULL
"1918177448",True,False,NULL,NULL,NULL,NULL,NULL,NULL,NULL,NULL,True,NULL,NULL,NULL,NULL,NULL,False,False,False,False,False,True,True,True,True,NULL
"1575320543",True,False,NULL,NULL,NULL,NULL,NULL,NULL,NULL,NULL,True,NULL,NULL,NULL,NULL,NULL,False,False,False,False,False,True,True,True,True,NULL
"5288413833",False,False,NULL,NULL,NULL,NULL,NULL,NULL,NULL,NULL,True,NULL,NULL,NULL,NULL,NULL,False,False,False,False,False,True,True,True,True,NULL
"629782812",True,False,NULL,NULL,NULL,NULL,NULL,NULL,NULL,NULL,True,NULL,NULL,NULL,NULL,NULL,False,False,False,False,False,True,True,True,True,NULL
"1799276914",False,False,NULL,NULL,NULL,NULL,NULL,NULL,NULL,NULL,True,NULL,NULL,NULL,NULL,NULL,False,False,False,False,False,True,True,True,True,NULL
"7400472321",True,False,NULL,NULL,NULL,NULL,NULL,NULL,NULL,NULL,True,NULL,NULL,NULL,NULL,NULL,False,False,False,False,False,True,True,True,True,NULL
"5341544554",True,False,NULL,NULL,NULL,NULL,NULL,NULL,NULL,NULL,True,NULL,NULL,NULL,NULL,NULL,False,False,False,False,False,True,True,True,True,NULL
"6253456588",True,False,NULL,NULL,NULL,NULL,NULL,NULL,NULL,NULL,True,NULL,NULL,NULL,NULL,NULL,False,False,False,False,False,True,True,True,True,NULL
"1179681615",True,False,NULL,NULL,NULL,NULL,NULL,NULL,NULL,NULL,True,NULL,NULL,NULL,NULL,NULL,False,False,False,False,False,True,True,True,True,NULL
"7009956407",True,False,NULL,NULL,NULL,NULL,NULL,NULL,NULL,NULL,True,NULL,NULL,NULL,NULL,NULL,False,False,False,False,False,True,True,True,True,NULL
"5377571890",True,False,NULL,NULL,NULL,NULL,NULL,NULL,NULL,NULL,True,NULL,NULL,NULL,NULL,NULL,False,False,False,False,False,True,True,True,True,NULL
"6177070763",True,False,NULL,NULL,NULL,NULL,NULL,NULL,NULL,NULL,True,NULL,NULL,NULL,NULL,NULL,False,False,False,False,False,True,True,True,True,NULL
"1389867882",True,False,NULL,NULL,NULL,NULL,NULL,NULL,NULL,NULL,True,NULL,NULL,NULL,NULL,NULL,False,False,False,False,False,True,True,True,True,NULL
"1326931075",True,False,NULL,NULL,NULL,NULL,NULL,NULL,NULL,NULL,True,NULL,NULL,NULL,NULL,NULL,False,False,False,False,False,True,True,True,True,NULL
"7969337406",True,False,NULL,NULL,NULL,NULL,NULL,NULL,NULL,NULL,True,NULL,NULL,NULL,NULL,NULL,False,False,False,False,False,True,True,True,True,NULL
"1127909402",True,False,NULL,NULL,NULL,NULL,NULL,NULL,NULL,NULL,True,NULL,NULL,NULL,NULL,NULL,False,False,False,False,False,True,True,True,True,NULL
"5240782120",True,False,NULL,NULL,NULL,NULL,NULL,NULL,NULL,NULL,True,NULL,NULL,NULL,NULL,NULL,False,False,False,False,False,True,True,True,True,NULL
"7147202890",True,False,NULL,NULL,NULL,NULL,NULL,NULL,NULL,NULL,True,NULL,NULL,NULL,NULL,NULL,False,False,False,False,False,True,True,True,True,NULL
"5022080850",True,False,NULL,NULL,NULL,NULL,NULL,NULL,NULL,NULL,True,NULL,NULL,NULL,NULL,NULL,False,False,False,False,False,True,True,True,True,NULL
"786538395",True,False,NULL,NULL,NULL,NULL,NULL,NULL,NULL,NULL,True,NULL,NULL,NULL,NULL,NULL,False,False,False,False,False,True,True,True,True,NULL
"1956479371",True,False,NULL,NULL,NULL,NULL,NULL,NULL,NULL,NULL,True,NULL,NULL,NULL,NULL,NULL,False,False,False,False,False,True,True,True,True,NULL
"5407200922",True,False,NULL,NULL,NULL,NULL,NULL,NULL,NULL,NULL,True,NULL,NULL,NULL,NULL,NULL,False,False,False,False,False,True,True,True,True,NULL
"1897988812",True,False,NULL,NULL,NULL,NULL,NULL,NULL,NULL,NULL,True,NULL,NULL,NULL,NULL,NULL,False,False,False,False,False,True,True,True,True,NULL
"7794029341",True,False,NULL,NULL,NULL,NULL,NULL,NULL,NULL,NULL,True,NULL,NULL,NULL,NULL,NULL,False,False,False,False,False,True,True,True,True,"CxyGzr4DbgA"
"716851625",True,False,NULL,NULL,NULL,NULL,NULL,NULL,NULL,NULL,True,NULL,NULL,NULL,NULL,NULL,False,False,False,False,False,True,True,True,True,NULL
"8116882377",True,False,NULL,NULL,NULL,NULL,NULL,NULL,NULL,NULL,True,NULL,NULL,NULL,NULL,NULL,False,False,False,False,False,True,True,True,True,NULL
"1908217159",True,False,NULL,NULL,NULL,NULL,NULL,NULL,NULL,NULL,True,NULL,NULL,NULL,NULL,NULL,False,False,False,False,False,True,True,True,True,NULL
"6365394768",True,False,NULL,NULL,NULL,NULL,NULL,NULL,NULL,NULL,True,NULL,NULL,NULL,NULL,NULL,False,False,False,False,False,True,True,True,True,NULL
"5618805791",True,False,NULL,NULL,NULL,NULL,NULL,NULL,NULL,NULL,True,NULL,NULL,NULL,NULL,NULL,False,False,False,False,False,True,True,True,True,NULL
"7410435443",True,False,NULL,NULL,NULL,NULL,NULL,NULL,NULL,NULL,True,NULL,NULL,NULL,NULL,NULL,False,False,False,False,False,True,True,True,True,NULL
"1634785976",True,False,NULL,NULL,NULL,NULL,NULL,NULL,NULL,NULL,True,NULL,NULL,NULL,NULL,NULL,False,False,False,False,False,True,True,True,True,NULL
"5124980336",True,False,NULL,NULL,"your uncle",NULL,"2025-10-08 19:51:43.269545+00","🎮",NULL,NULL,True,NULL,NULL,NULL,NULL,NULL,False,False,False,False,False,True,True,True,True,NULL
"7408757726",True,False,NULL,NULL,NULL,NULL,NULL,NULL,NULL,NULL,True,NULL,NULL,NULL,NULL,NULL,False,False,False,False,False,True,True,True,True,NULL
"666775052",True,False,NULL,NULL,NULL,NULL,NULL,NULL,NULL,NULL,True,NULL,NULL,NULL,NULL,NULL,False,False,False,False,False,True,True,True,True,NULL
"944753982",True,False,NULL,NULL,NULL,NULL,NULL,NULL,NULL,NULL,True,NULL,NULL,NULL,NULL,NULL,False,False,False,False,False,True,True,True,True,NULL
"7413384637",True,False,NULL,NULL,"Bombastic",NULL,"2025-09-28 12:47:20.166506+00","🥲",NULL,NULL,True,NULL,NULL,NULL,NULL,NULL,False,False,False,False,False,True,True,True,True,NULL
"5087852548",True,False,NULL,NULL,NULL,NULL,NULL,NULL,NULL,NULL,True,NULL,NULL,NULL,NULL,NULL,False,False,False,False,False,True,True,True,True,NULL
"1164335213",True,False,NULL,NULL,NULL,NULL,NULL,NULL,NULL,NULL,True,NULL,NULL,NULL,NULL,NULL,False,False,False,False,False,True,True,True,True,"CmLQFylNuMw"
"7029576484",True,False,NULL,NULL,NULL,NULL,NULL,NULL,NULL,NULL,True,NULL,NULL,NULL,NULL,NULL,False,False,False,False,False,True,True,True,True,NULL
"5344949466",True,False,NULL,NULL,"Illiy",NULL,"2025-09-28 14:41:37.209661+00",NULL,NULL,NULL,True,NULL,NULL,NULL,NULL,NULL,False,False,False,False,False,True,True,True,True,NULL
"6030287156",True,False,NULL,NULL,NULL,NULL,NULL,NULL,NULL,NULL,True,NULL,NULL,NULL,NULL,NULL,False,False,False,False,False,True,True,True,True,NULL
"953632898",True,False,NULL,NULL,NULL,NULL,NULL,NULL,NULL,NULL,True,NULL,NULL,NULL,NULL,NULL,False,False,False,False,False,True,True,True,True,NULL
"2004909397",True,False,NULL,NULL,NULL,NULL,NULL,NULL,NULL,NULL,True,NULL,NULL,NULL,NULL,NULL,False,False,False,False,False,True,True,True,True,NULL
"1105840177",True,False,NULL,NULL,NULL,NULL,NULL,NULL,NULL,NULL,True,NULL,NULL,NULL,NULL,NULL,False,False,False,False,False,True,True,True,True,NULL
"1189176997",False,False,NULL,NULL,NULL,NULL,NULL,NULL,NULL,NULL,True,NULL,NULL,NULL,NULL,NULL,False,False,False,False,False,True,True,True,True,NULL
"7987378805",True,False,NULL,NULL,NULL,NULL,NULL,NULL,NULL,NULL,True,NULL,NULL,NULL,NULL,NULL,False,False,False,False,False,True,True,True,True,NULL
"935656642",True,False,NULL,NULL,NULL,NULL,NULL,NULL,NULL,NULL,True,NULL,NULL,NULL,NULL,NULL,False,False,False,False,False,True,True,True,True,NULL
"1707172748",True,False,NULL,NULL,"La pasión",0,"2025-09-28 15:34:16.750779+00","🎧",NULL,NULL,True,NULL,NULL,NULL,NULL,NULL,False,False,False,False,False,True,True,True,True,NULL
"6454226694",True,False,NULL,NULL,NULL,NULL,NULL,NULL,NULL,NULL,True,NULL,NULL,NULL,NULL,NULL,False,False,False,False,False,True,True,True,True,NULL
"5952454472",True,False,NULL,NULL,NULL,NULL,NULL,NULL,NULL,NULL,True,NULL,NULL,NULL,NULL,NULL,False,False,False,False,False,True,True,True,True,NULL
"1053241387",True,False,NULL,NULL,"Senorita",0,"2025-10-04 07:56:02.840901+00","✨",NULL,NULL,False,NULL,NULL,NULL,NULL,NULL,False,False,False,False,False,True,True,True,True,"2Eufu4yEzSY"
"6875916407",True,False,NULL,NULL,NULL,NULL,NULL,NULL,NULL,NULL,True,NULL,NULL,NULL,NULL,NULL,False,False,False,False,False,True,True,True,True,NULL
"8012240209",True,False,NULL,NULL,NULL,NULL,NULL,NULL,NULL,NULL,True,NULL,NULL,NULL,NULL,NULL,False,False,False,False,False,True,True,True,True,NULL
"5327328808",True,False,NULL,NULL,NULL,NULL,NULL,NULL,NULL,NULL,True,NULL,NULL,NULL,NULL,NULL,False,False,False,False,False,True,True,True,True,NULL
"717205055",True,False,NULL,NULL,NULL,NULL,NULL,NULL,NULL,NULL,True,NULL,NULL,NULL,NULL,NULL,False,False,False,False,False,True,True,True,True,NULL
"841156077",True,False,NULL,NULL,NULL,NULL,NULL,NULL,NULL,NULL,True,NULL,NULL,NULL,NULL,NULL,False,False,False,False,False,True,True,True,True,NULL
"1015682647",True,False,NULL,NULL,NULL,NULL,NULL,NULL,NULL,NULL,True,NULL,NULL,NULL,NULL,NULL,False,False,False,False,False,True,True,True,True,NULL
"5080699740",True,False,NULL,NULL,"rapunzel",NULL,"2025-09-28 14:08:36.309272+00","✨",NULL,"Willem Dafoe can come get it",True,NULL,NULL,NULL,NULL,NULL,False,False,False,False,False,True,True,True,True,"msO5MD8CmmI"
"7039823803",True,False,NULL,NULL,NULL,NULL,NULL,NULL,NULL,NULL,True,NULL,NULL,NULL,NULL,NULL,False,False,False,False,False,True,True,True,True,NULL
"1734504074",True,False,NULL,NULL,NULL,NULL,NULL,NULL,NULL,NULL,True,NULL,NULL,NULL,NULL,NULL,False,False,False,False,False,True,True,True,True,NULL
"1324824714",True,False,NULL,NULL,NULL,NULL,NULL,NULL,NULL,NULL,True,NULL,NULL,NULL,NULL,NULL,False,False,False,False,False,True,True,True,True,NULL
"333110377",True,False,NULL,NULL,NULL,NULL,NULL,NULL,NULL,NULL,True,NULL,NULL,NULL,NULL,NULL,False,False,False,False,False,True,True,True,True,NULL
"5652349988",True,False,NULL,NULL,NULL,NULL,NULL,NULL,NULL,NULL,True,NULL,NULL,NULL,NULL,NULL,False,False,False,False,False,True,True,True,True,NULL
"5753143467",True,False,NULL,NULL,NULL,NULL,NULL,NULL,NULL,NULL,True,NULL,NULL,NULL,NULL,NULL,False,False,False,False,False,True,True,True,True,NULL
"1036122318",True,False,NULL,NULL,NULL,NULL,NULL,NULL,NULL,NULL,True,NULL,NULL,NULL,NULL,NULL,False,False,False,False,False,True,True,True,True,NULL
"1587660459",False,False,NULL,NULL,NULL,NULL,NULL,NULL,NULL,NULL,True,NULL,NULL,NULL,NULL,NULL,False,False,False,False,False,True,True,True,True,NULL
"5216685824",True,False,NULL,NULL,NULL,NULL,NULL,NULL,NULL,NULL,True,NULL,NULL,NULL,NULL,NULL,False,False,False,False,False,True,True,True,True,NULL
"1518824836",True,False,NULL,NULL,NULL,NULL,NULL,NULL,NULL,NULL,True,NULL,NULL,NULL,NULL,NULL,False,False,False,False,False,True,True,True,True,NULL
"7200989713",True,False,NULL,NULL,NULL,NULL,NULL,NULL,NULL,NULL,True,NULL,NULL,NULL,NULL,NULL,False,False,False,False,False,True,True,True,True,NULL
"6685543389",True,False,NULL,NULL,"nonchalant",NULL,"2025-09-28 09:31:35.733638+00","🎧",NULL,NULL,True,NULL,NULL,NULL,NULL,NULL,False,False,False,False,False,True,True,True,True,"4QyvRf7Isys"
"1008711377",False,False,NULL,NULL,NULL,NULL,NULL,NULL,NULL,NULL,True,NULL,NULL,NULL,NULL,NULL,False,False,False,False,False,True,True,True,True,NULL
"7398966049",True,False,NULL,NULL,NULL,NULL,NULL,NULL,NULL,NULL,True,NULL,NULL,NULL,NULL,NULL,False,False,False,False,False,True,True,True,True,NULL
"1350736249",True,False,NULL,NULL,NULL,NULL,NULL,NULL,NULL,NULL,True,NULL,NULL,NULL,NULL,NULL,False,False,False,False,False,True,True,True,True,NULL
"1602186441",True,False,NULL,NULL,NULL,NULL,NULL,NULL,NULL,NULL,True,NULL,NULL,NULL,NULL,NULL,False,False,False,False,False,True,True,True,True,NULL
"1847957853",True,False,NULL,NULL,NULL,NULL,NULL,NULL,NULL,NULL,True,NULL,NULL,NULL,NULL,NULL,False,False,False,False,False,True,True,True,True,NULL
"475984994",True,False,NULL,NULL,NULL,NULL,NULL,NULL,NULL,NULL,True,NULL,NULL,NULL,NULL,NULL,False,False,False,False,False,True,True,True,True,NULL
"1982730730",True,False,NULL,NULL,NULL,NULL,NULL,NULL,NULL,NULL,True,NULL,NULL,NULL,NULL,NULL,False,False,False,False,False,True,True,True,True,NULL
"984533336",True,False,NULL,NULL,NULL,NULL,NULL,NULL,NULL,NULL,True,NULL,NULL,NULL,NULL,NULL,False,False,False,False,False,True,True,True,True,NULL
"6666555613",True,False,NULL,NULL,"Thanos",NULL,"2025-09-29 08:20:59.35626+00","👤",NULL,NULL,True,NULL,NULL,NULL,NULL,NULL,False,False,False,False,False,True,True,True,True,NULL
"905793132",True,False,NULL,NULL,NULL,NULL,NULL,NULL,NULL,NULL,True,NULL,NULL,NULL,NULL,NULL,False,False,False,False,False,True,True,True,True,NULL
"641094476",True,False,NULL,NULL,NULL,NULL,NULL,NULL,NULL,NULL,True,NULL,NULL,NULL,NULL,NULL,False,False,False,False,False,True,True,True,True,NULL
"5546734859",True,False,NULL,NULL,NULL,NULL,NULL,NULL,NULL,NULL,True,NULL,NULL,NULL,NULL,NULL,False,False,False,False,False,True,True,True,True,NULL
"8015840371",False,False,NULL,NULL,NULL,NULL,NULL,NULL,NULL,NULL,True,NULL,NULL,NULL,NULL,NULL,False,False,False,False,False,True,True,True,True,NULL
"7820605924",False,False,NULL,NULL,NULL,NULL,NULL,NULL,NULL,NULL,True,NULL,NULL,NULL,NULL,NULL,False,False,False,False,False,True,True,True,True,NULL
"6838583770",True,False,NULL,NULL,NULL,NULL,NULL,NULL,NULL,NULL,True,NULL,NULL,NULL,NULL,NULL,False,False,False,False,False,True,True,True,True,NULL
"6556260504",True,False,NULL,NULL,NULL,NULL,NULL,NULL,NULL,NULL,True,NULL,NULL,NULL,NULL,NULL,False,False,False,False,False,True,True,True,True,NULL
"1301735210",True,False,NULL,NULL,NULL,NULL,NULL,NULL,NULL,NULL,True,NULL,NULL,NULL,NULL,NULL,False,False,False,False,False,True,True,True,True,NULL
"1708948136",True,False,NULL,NULL,NULL,NULL,NULL,NULL,NULL,NULL,True,NULL,NULL,NULL,NULL,NULL,False,False,False,False,False,True,True,True,True,NULL
"7694460089",True,False,NULL,NULL,"f u",NULL,"2025-09-29 10:39:44.700008+00","👤",NULL,"f u",False,NULL,NULL,NULL,NULL,NULL,False,False,False,False,False,True,True,True,True,NULL
"726311256",True,False,NULL,NULL,NULL,NULL,NULL,NULL,NULL,NULL,True,NULL,NULL,NULL,NULL,NULL,False,False,False,False,False,True,True,True,True,NULL
"1683190977",True,False,NULL,NULL,NULL,NULL,NULL,NULL,NULL,NULL,True,NULL,NULL,NULL,NULL,NULL,False,False,False,False,False,True,True,True,True,NULL
"6704433376",True,False,NULL,NULL,NULL,NULL,NULL,NULL,NULL,NULL,True,NULL,NULL,NULL,NULL,NULL,False,False,False,False,False,True,True,True,True,NULL
"790144734",True,False,NULL,NULL,NULL,NULL,NULL,NULL,NULL,NULL,True,NULL,NULL,NULL,NULL,NULL,False,False,False,False,False,True,True,True,True,NULL
"1529048191",True,False,NULL,NULL,NULL,NULL,NULL,NULL,NULL,NULL,True,NULL,NULL,NULL,NULL,NULL,False,False,False,False,False,True,True,True,True,NULL
"1976956759",True,False,NULL,NULL,NULL,NULL,NULL,NULL,NULL,NULL,True,NULL,NULL,NULL,NULL,NULL,False,False,False,False,False,True,True,True,True,NULL
"799719383",True,False,NULL,NULL,"Floccinaucinihilipilification",0,"2025-09-28 10:33:08.601952+00","👤",NULL,NULL,True,NULL,NULL,NULL,NULL,NULL,False,False,False,False,False,True,True,True,True,"dXbsfYWKdn0"
"1641048680",True,False,NULL,NULL,NULL,NULL,NULL,NULL,NULL,NULL,True,NULL,NULL,NULL,NULL,NULL,False,False,False,False,False,True,True,True,True,NULL
"968017615",True,False,NULL,NULL,NULL,NULL,NULL,NULL,NULL,NULL,True,NULL,NULL,NULL,NULL,NULL,False,False,False,False,False,True,True,True,True,NULL
"5842138677",True,False,NULL,NULL,NULL,NULL,NULL,NULL,NULL,NULL,True,NULL,NULL,NULL,NULL,NULL,False,False,False,False,False,True,True,True,True,NULL
"1902565907",True,False,NULL,NULL,NULL,NULL,NULL,NULL,NULL,NULL,True,NULL,NULL,NULL,NULL,NULL,False,False,False,False,False,True,True,True,True,NULL
"6698836551",True,False,NULL,NULL,NULL,NULL,NULL,NULL,NULL,NULL,True,NULL,NULL,NULL,NULL,NULL,False,False,False,False,False,True,True,True,True,NULL
"1164761863",False,False,NULL,NULL,NULL,NULL,NULL,NULL,NULL,NULL,True,NULL,NULL,NULL,NULL,NULL,False,False,False,False,False,True,True,True,True,NULL
"554195529",True,False,NULL,NULL,"Bekelech",NULL,"2025-10-09 10:39:31.564706+00",NULL,NULL,NULL,True,NULL,NULL,NULL,NULL,NULL,False,False,False,False,False,True,True,True,True,"BgEFwt5r2qA"
"5484165658",True,False,NULL,NULL,"Mini mini minimo",NULL,"2025-10-06 07:29:27.646387+00","👤",NULL,NULL,True,NULL,NULL,NULL,NULL,NULL,False,False,False,False,False,True,True,True,True,NULL
"1471473919",True,False,NULL,NULL,NULL,0,NULL,NULL,NULL,NULL,True,NULL,NULL,NULL,NULL,NULL,False,False,False,False,False,True,True,True,True,NULL
"448463776",True,False,NULL,NULL,NULL,NULL,NULL,NULL,NULL,NULL,True,NULL,NULL,NULL,NULL,NULL,False,False,False,False,False,True,True,True,True,NULL
"919040509",True,False,NULL,NULL,"Z K",0,"2025-09-27 18:23:38.799565+00","😎",NULL,NULL,True,NULL,NULL,NULL,NULL,NULL,False,False,False,False,False,True,True,True,True,"0XH6UuvMSvI"
"6195204629",False,False,NULL,NULL,NULL,NULL,NULL,NULL,NULL,NULL,True,NULL,NULL,NULL,NULL,NULL,False,False,False,False,False,True,True,True,True,NULL
"5161453856",True,False,NULL,NULL,NULL,NULL,NULL,NULL,NULL,NULL,True,NULL,NULL,NULL,NULL,NULL,False,False,False,False,False,True,True,True,True,NULL
"7227165178",True,False,NULL,NULL,NULL,NULL,NULL,NULL,NULL,NULL,True,NULL,NULL,NULL,NULL,NULL,False,False,False,False,False,True,True,True,True,NULL
"6677763597",True,False,NULL,NULL,NULL,NULL,NULL,NULL,NULL,NULL,True,NULL,NULL,NULL,NULL,NULL,False,False,False,False,False,True,True,True,True,NULL
"5849424949",False,False,NULL,NULL,NULL,NULL,NULL,NULL,NULL,NULL,True,NULL,NULL,NULL,NULL,NULL,False,False,False,False,False,True,True,True,True,NULL
"1376099457",True,False,NULL,NULL,"Pussy",NULL,"2025-09-29 15:01:25.362031+00",NULL,NULL,NULL,True,NULL,NULL,NULL,NULL,NULL,False,False,False,False,False,True,True,True,True,NULL
"1103601637",True,False,NULL,NULL,NULL,NULL,NULL,NULL,NULL,NULL,True,NULL,NULL,NULL,NULL,NULL,False,False,False,False,False,True,True,True,True,NULL
"6651273237",True,False,NULL,NULL,NULL,NULL,NULL,NULL,NULL,NULL,True,NULL,NULL,NULL,NULL,NULL,False,False,False,False,False,True,True,True,True,NULL
"486227459",True,False,NULL,NULL,NULL,NULL,NULL,NULL,NULL,NULL,True,NULL,NULL,NULL,NULL,NULL,False,False,False,False,False,True,True,True,True,NULL
"5498575518",True,False,NULL,NULL,"Yehem ale",NULL,"2025-09-29 15:31:18.363129+00",NULL,NULL,NULL,True,NULL,NULL,NULL,NULL,NULL,False,False,False,False,False,True,True,True,True,NULL
"582187581",True,False,NULL,NULL,NULL,NULL,NULL,NULL,NULL,NULL,True,NULL,NULL,NULL,NULL,NULL,False,False,False,False,False,True,True,True,True,NULL
"7989148946",True,False,NULL,NULL,NULL,NULL,NULL,NULL,NULL,NULL,True,NULL,NULL,NULL,NULL,NULL,False,False,False,False,False,True,True,True,True,NULL
"5961323538",True,False,NULL,NULL,NULL,NULL,NULL,NULL,NULL,NULL,True,NULL,NULL,NULL,NULL,NULL,False,False,False,False,False,True,True,True,True,NULL
"1353639089",True,False,NULL,NULL,NULL,NULL,NULL,NULL,NULL,NULL,True,NULL,NULL,NULL,NULL,NULL,False,False,False,False,False,True,True,True,True,NULL
"1265257297",True,False,NULL,NULL,NULL,NULL,NULL,NULL,NULL,NULL,True,NULL,NULL,NULL,NULL,NULL,False,False,False,False,False,True,True,True,True,NULL
"1244809934",True,False,NULL,NULL,NULL,NULL,NULL,NULL,NULL,NULL,True,NULL,NULL,NULL,NULL,NULL,False,False,False,False,False,True,True,True,True,NULL
"1949774959",True,False,NULL,NULL,NULL,NULL,NULL,NULL,NULL,NULL,True,NULL,NULL,NULL,NULL,NULL,False,False,False,False,False,True,True,True,True,NULL
"1847533415",True,False,NULL,NULL,"L3yka",NULL,"2025-09-14 14:40:13.274021+00","😴",NULL,"Who told me to join AAU 🤦‍♀️",True,NULL,NULL,NULL,NULL,NULL,False,False,False,False,False,True,True,True,True,NULL
"6940664943",True,False,NULL,NULL,NULL,NULL,NULL,NULL,NULL,NULL,True,NULL,NULL,NULL,NULL,NULL,False,False,False,False,False,True,True,True,True,NULL
"5608273890",True,False,NULL,NULL,NULL,NULL,NULL,NULL,NULL,NULL,True,NULL,NULL,NULL,NULL,NULL,False,False,False,False,False,True,True,True,True,NULL
"5515371562",True,False,NULL,NULL,NULL,NULL,NULL,NULL,NULL,NULL,True,NULL,NULL,NULL,NULL,NULL,False,False,False,False,False,True,True,True,True,NULL
"6931193885",True,False,NULL,NULL,NULL,NULL,NULL,NULL,NULL,NULL,True,NULL,NULL,NULL,NULL,NULL,False,False,False,False,False,True,True,True,True,NULL
"5705728200",False,False,NULL,NULL,NULL,NULL,NULL,NULL,NULL,NULL,True,NULL,NULL,NULL,NULL,NULL,False,False,False,False,False,True,True,True,True,NULL
"468963151",False,False,NULL,NULL,NULL,NULL,NULL,NULL,NULL,NULL,True,NULL,NULL,NULL,NULL,NULL,False,False,False,False,False,True,True,True,True,NULL
"6684366028",True,False,NULL,NULL,NULL,NULL,NULL,NULL,NULL,NULL,True,NULL,NULL,NULL,NULL,NULL,False,False,False,False,False,True,True,True,True,NULL
"1978240812",True,False,NULL,NULL,NULL,NULL,NULL,NULL,NULL,NULL,True,NULL,NULL,NULL,NULL,NULL,False,False,False,False,False,True,True,True,True,NULL
"1181927317",True,False,NULL,NULL,NULL,NULL,NULL,NULL,NULL,NULL,True,NULL,NULL,NULL,NULL,NULL,False,False,False,False,False,True,True,True,True,NULL
"7606047615",True,False,NULL,NULL,NULL,NULL,NULL,NULL,NULL,NULL,True,NULL,NULL,NULL,NULL,NULL,False,False,False,False,False,True,True,True,True,NULL
"641739565",True,False,NULL,NULL,"Butpr",NULL,"2025-10-02 05:46:58.430612+00","☀️",NULL,"THE ONE PIECEEE...THE ONE PIECE IS REALLLL!",True,NULL,NULL,NULL,NULL,NULL,False,False,False,False,False,True,True,True,True,NULL
"8115373343",True,False,NULL,NULL,"Alluzrit",NULL,"2025-09-30 06:45:15.436167+00","👩",NULL,NULL,True,NULL,NULL,NULL,NULL,NULL,False,False,False,False,False,True,True,True,True,"aBMlaswDMx4"
"703122517",True,False,NULL,NULL,NULL,NULL,NULL,NULL,NULL,NULL,True,NULL,NULL,NULL,NULL,NULL,False,False,False,False,False,True,True,True,True,NULL
"1405354072",True,False,NULL,NULL,NULL,NULL,NULL,NULL,NULL,NULL,True,NULL,NULL,NULL,NULL,NULL,False,False,False,False,False,True,True,True,True,NULL
"6231345390",True,False,NULL,NULL,NULL,NULL,NULL,NULL,NULL,NULL,True,NULL,NULL,NULL,NULL,NULL,False,False,False,False,False,True,True,True,True,NULL
"5500186198",False,False,NULL,NULL,NULL,NULL,NULL,NULL,NULL,NULL,True,NULL,NULL,NULL,NULL,NULL,False,False,False,False,False,True,True,True,True,NULL
"922042518",True,False,NULL,NULL,NULL,NULL,NULL,NULL,NULL,NULL,True,NULL,NULL,NULL,NULL,NULL,False,False,False,False,False,True,True,True,True,NULL
"7125230389",True,False,NULL,NULL,"Bruhh",NULL,"2025-09-29 17:43:52.88184+00","☀️",NULL,NULL,True,NULL,NULL,NULL,NULL,NULL,False,False,False,False,False,True,True,True,True,NULL
"1375163220",True,False,NULL,NULL,NULL,NULL,NULL,NULL,NULL,NULL,True,NULL,NULL,NULL,NULL,NULL,False,False,False,False,False,True,True,True,True,NULL
"5919901493",True,False,NULL,NULL,NULL,NULL,NULL,NULL,NULL,NULL,True,NULL,NULL,NULL,NULL,NULL,False,False,False,False,False,True,True,True,True,NULL
"6772626550",True,False,NULL,NULL,"Henew",NULL,"2025-09-29 17:48:47.730454+00","✨",NULL,NULL,True,NULL,NULL,NULL,NULL,NULL,False,False,False,False,False,True,True,True,True,NULL
"5571375803",True,False,NULL,NULL,"Ada",0,"2025-09-21 10:05:59.532807+00","👨",NULL,"I know the admin",False,NULL,NULL,NULL,NULL,NULL,False,False,False,False,False,True,True,True,True,NULL
"641759512",True,False,NULL,NULL,NULL,NULL,NULL,NULL,NULL,NULL,True,NULL,NULL,NULL,NULL,NULL,False,False,False,False,False,True,True,True,True,NULL
"1929878074",True,False,NULL,NULL,NULL,NULL,NULL,NULL,NULL,NULL,True,NULL,NULL,NULL,NULL,NULL,False,False,False,False,False,True,True,True,True,NULL
"800189405",True,False,NULL,NULL,NULL,NULL,NULL,NULL,NULL,NULL,True,NULL,NULL,NULL,NULL,NULL,False,False,False,False,False,True,True,True,True,NULL
"1094133703",True,False,NULL,NULL,NULL,NULL,NULL,NULL,NULL,NULL,True,NULL,NULL,NULL,NULL,NULL,False,False,False,False,False,True,True,True,True,NULL
"1903360667",False,False,NULL,NULL,NULL,NULL,NULL,NULL,NULL,NULL,True,NULL,NULL,NULL,NULL,NULL,False,False,False,False,False,True,True,True,True,NULL
"5584261496",True,False,NULL,NULL,NULL,NULL,NULL,NULL,NULL,NULL,True,NULL,NULL,NULL,NULL,NULL,False,False,False,False,False,True,True,True,True,NULL
"1149382788",True,False,NULL,NULL,NULL,NULL,NULL,NULL,NULL,NULL,True,NULL,NULL,NULL,NULL,NULL,False,False,False,False,False,True,True,True,True,NULL
"2109434551",True,False,NULL,NULL,NULL,NULL,NULL,NULL,NULL,NULL,True,NULL,NULL,NULL,NULL,NULL,False,False,False,False,False,True,True,True,True,NULL
"1325616724",True,False,NULL,NULL,"Waddy",NULL,"2025-09-29 19:17:41.135593+00",NULL,NULL,NULL,True,NULL,NULL,NULL,NULL,NULL,False,False,False,False,False,True,True,True,True,NULL
"6041442017",True,False,NULL,NULL,NULL,NULL,NULL,NULL,NULL,NULL,True,NULL,NULL,NULL,NULL,NULL,False,False,False,False,False,True,True,True,True,NULL
"5822264563",True,False,NULL,NULL,NULL,NULL,NULL,NULL,NULL,NULL,True,NULL,NULL,NULL,NULL,NULL,False,False,False,False,False,True,True,True,True,NULL
"5169177561",True,False,NULL,NULL,NULL,NULL,NULL,NULL,NULL,NULL,True,NULL,NULL,NULL,NULL,NULL,False,False,False,False,False,True,True,True,True,NULL
"395632642",True,False,NULL,NULL,NULL,NULL,NULL,NULL,NULL,NULL,True,NULL,NULL,NULL,NULL,NULL,False,False,False,False,False,True,True,True,True,NULL
"580429942",True,False,NULL,NULL,NULL,NULL,NULL,NULL,NULL,NULL,True,NULL,NULL,NULL,NULL,NULL,False,False,False,False,False,True,True,True,True,NULL
"7432093647",True,False,NULL,NULL,NULL,NULL,NULL,NULL,NULL,NULL,True,NULL,NULL,NULL,NULL,NULL,False,False,False,False,False,True,True,True,True,NULL
"2021436071",True,False,NULL,NULL,NULL,NULL,NULL,NULL,NULL,NULL,True,NULL,NULL,NULL,NULL,NULL,False,False,False,False,False,True,True,True,True,NULL
"6189779589",True,False,NULL,NULL,"Cyber monk",NULL,"2025-09-27 05:19:21.156789+00","🎧",NULL,"Fuck morality I do anything what I believe",False,NULL,NULL,NULL,NULL,NULL,False,False,False,False,False,True,True,True,True,NULL
"7609018040",True,False,NULL,NULL,NULL,NULL,NULL,NULL,NULL,NULL,True,NULL,NULL,NULL,NULL,NULL,False,False,False,False,False,True,True,True,True,NULL
"5683605451",True,False,NULL,NULL,NULL,NULL,NULL,NULL,NULL,NULL,True,NULL,NULL,NULL,NULL,NULL,False,False,False,False,False,True,True,True,True,NULL
"5601023685",True,False,NULL,NULL,NULL,NULL,NULL,NULL,NULL,NULL,True,NULL,NULL,NULL,NULL,NULL,False,False,False,False,False,True,True,True,True,NULL
"951374371",True,False,NULL,NULL,NULL,NULL,NULL,NULL,NULL,NULL,True,NULL,NULL,NULL,NULL,NULL,False,False,False,False,False,True,True,True,True,NULL
"1931403523",True,False,NULL,NULL,NULL,NULL,NULL,NULL,NULL,NULL,True,NULL,NULL,NULL,NULL,NULL,False,False,False,False,False,True,True,True,True,NULL
"5735920010",True,False,NULL,NULL,NULL,NULL,NULL,NULL,NULL,NULL,True,NULL,NULL,NULL,NULL,NULL,False,False,False,False,False,True,True,True,True,NULL
"8494923335",True,False,NULL,NULL,"The professor",NULL,"2025-09-30 05:39:41.607542+00",NULL,NULL,NULL,True,NULL,NULL,NULL,NULL,NULL,False,False,False,False,False,True,True,True,True,NULL
"572139967",True,False,NULL,NULL,NULL,NULL,NULL,NULL,NULL,NULL,True,NULL,NULL,NULL,NULL,NULL,False,False,False,False,False,True,True,True,True,NULL
"1184311283",True,False,NULL,NULL,NULL,NULL,NULL,NULL,NULL,NULL,True,NULL,NULL,NULL,NULL,NULL,False,False,False,False,False,True,True,True,True,NULL
"1006830780",True,False,NULL,NULL,NULL,NULL,NULL,NULL,NULL,NULL,True,NULL,NULL,NULL,NULL,NULL,False,False,False,False,False,True,True,True,True,NULL
"1662943422",True,False,NULL,NULL,NULL,NULL,NULL,NULL,NULL,NULL,True,NULL,NULL,NULL,NULL,NULL,False,False,False,False,False,True,True,True,True,NULL
"7195183977",True,False,NULL,NULL,"Tonybiz",NULL,"2025-09-30 06:37:22.387341+00","👤",NULL,"Waste Management♻️",True,NULL,NULL,NULL,NULL,NULL,False,False,False,False,False,True,True,True,True,NULL
"1103065697",True,False,NULL,NULL,"Karl Marxs left nut",NULL,"2025-09-30 09:49:07.323931+00","🎨",NULL,"Just lurking and judging all of yalls asses👩🏽‍💻",True,NULL,NULL,NULL,NULL,NULL,False,False,False,False,False,True,True,True,True,"FC3sAewQqvQ"
"1064311134",False,False,NULL,NULL,NULL,NULL,NULL,NULL,NULL,NULL,True,NULL,NULL,NULL,NULL,NULL,False,False,False,False,False,True,True,True,True,NULL
"7521007531",True,False,NULL,NULL,NULL,NULL,NULL,NULL,NULL,NULL,True,NULL,NULL,NULL,NULL,NULL,False,False,False,False,False,True,True,True,True,NULL
"1345975462",True,False,NULL,NULL,NULL,NULL,NULL,NULL,NULL,NULL,True,NULL,NULL,NULL,NULL,NULL,False,False,False,False,False,True,True,True,True,NULL
"7831681666",True,False,NULL,NULL,NULL,NULL,NULL,NULL,NULL,NULL,True,NULL,NULL,NULL,NULL,NULL,False,False,False,False,False,True,True,True,True,NULL
"6677448256",True,False,NULL,NULL,NULL,NULL,NULL,NULL,NULL,NULL,True,NULL,NULL,NULL,NULL,NULL,False,False,False,False,False,True,True,True,True,"KCfST8tXJZk"
"515530600",True,False,NULL,NULL,NULL,NULL,NULL,NULL,NULL,NULL,True,NULL,NULL,NULL,NULL,NULL,False,False,False,False,False,True,True,True,True,NULL
"950872489",True,False,NULL,NULL,NULL,NULL,NULL,NULL,NULL,NULL,True,NULL,NULL,NULL,NULL,NULL,False,False,False,False,False,True,True,True,True,NULL
"715312861",True,False,NULL,NULL,"ÑīGGÊR",NULL,"2025-09-30 09:00:27.521285+00","🎮",NULL,"👁️👄👁️",True,NULL,NULL,NULL,NULL,NULL,False,False,False,False,False,True,True,True,True,NULL
"6771479660",True,False,NULL,NULL,NULL,NULL,NULL,NULL,NULL,NULL,True,NULL,NULL,NULL,NULL,NULL,False,False,False,False,False,True,True,True,True,NULL
"746567575",True,False,NULL,NULL,NULL,NULL,NULL,NULL,NULL,NULL,True,NULL,NULL,NULL,NULL,NULL,False,False,False,False,False,True,True,True,True,NULL
"5796402423",True,False,NULL,NULL,NULL,NULL,NULL,NULL,NULL,NULL,True,NULL,NULL,NULL,NULL,NULL,False,False,False,False,False,True,True,True,True,"DLAHYLKJ3s8"
"7086949952",True,False,NULL,NULL,NULL,NULL,NULL,NULL,NULL,NULL,True,NULL,NULL,NULL,NULL,NULL,False,False,False,False,False,True,True,True,True,NULL
"6955193450",True,False,NULL,NULL,NULL,NULL,NULL,NULL,NULL,NULL,True,NULL,NULL,NULL,NULL,NULL,False,False,False,False,False,True,True,True,True,NULL
"1843188571",True,False,NULL,NULL,NULL,NULL,NULL,NULL,NULL,NULL,True,NULL,NULL,NULL,NULL,NULL,False,False,False,False,False,True,True,True,True,NULL
"5670029978",True,False,NULL,NULL,NULL,NULL,NULL,NULL,NULL,NULL,True,NULL,NULL,NULL,NULL,NULL,False,False,False,False,False,True,True,True,True,NULL
"1820224150",True,False,NULL,NULL,NULL,NULL,NULL,NULL,NULL,NULL,True,NULL,NULL,NULL,NULL,NULL,False,False,False,False,False,True,True,True,True,NULL
"6753930340",True,False,NULL,NULL,NULL,NULL,NULL,NULL,NULL,NULL,True,NULL,NULL,NULL,NULL,NULL,False,False,False,False,False,True,True,True,True,NULL
"5576610863",False,False,NULL,NULL,NULL,NULL,NULL,NULL,NULL,NULL,True,NULL,NULL,NULL,NULL,NULL,False,False,False,False,False,True,True,True,True,NULL
"1445187346",True,False,NULL,NULL,NULL,NULL,NULL,NULL,NULL,NULL,True,NULL,NULL,NULL,NULL,NULL,False,False,False,False,False,True,True,True,True,NULL
"1955107045",True,False,NULL,NULL,NULL,NULL,NULL,NULL,NULL,NULL,True,NULL,NULL,NULL,NULL,NULL,False,False,False,False,False,True,True,True,True,NULL
"7260661379",True,False,NULL,NULL,NULL,NULL,NULL,NULL,NULL,NULL,True,NULL,NULL,NULL,NULL,NULL,False,False,False,False,False,True,True,True,True,NULL
"6969482938",True,False,NULL,NULL,NULL,NULL,NULL,NULL,NULL,NULL,True,NULL,NULL,NULL,NULL,NULL,False,False,False,False,False,True,True,True,True,NULL
"555630197",True,False,NULL,NULL,NULL,NULL,NULL,NULL,NULL,NULL,True,NULL,NULL,NULL,NULL,NULL,False,False,False,False,False,True,True,True,True,NULL
"7473988316",True,False,NULL,NULL,NULL,NULL,NULL,NULL,NULL,NULL,True,NULL,NULL,NULL,NULL,NULL,False,False,False,False,False,True,True,True,True,NULL
"7441787503",True,False,NULL,NULL,NULL,NULL,NULL,NULL,NULL,NULL,True,NULL,NULL,NULL,NULL,NULL,False,False,False,False,False,True,True,True,True,NULL
"5874398300",True,False,NULL,NULL,NULL,NULL,NULL,NULL,NULL,NULL,True,NULL,NULL,NULL,NULL,NULL,False,False,False,False,False,True,True,True,True,NULL
"1692792469",True,False,NULL,NULL,NULL,NULL,NULL,NULL,NULL,NULL,True,NULL,NULL,NULL,NULL,NULL,False,False,False,False,False,True,True,True,True,NULL
"896444417",True,False,NULL,NULL,NULL,NULL,NULL,NULL,NULL,NULL,True,NULL,NULL,NULL,NULL,NULL,False,False,False,False,False,True,True,True,True,NULL
"5820676652",True,False,NULL,NULL,NULL,NULL,NULL,NULL,NULL,NULL,True,NULL,NULL,NULL,NULL,NULL,False,False,False,False,False,True,True,True,True,NULL
"1106670160",True,False,NULL,NULL,NULL,NULL,NULL,NULL,NULL,NULL,True,NULL,NULL,NULL,NULL,NULL,False,False,False,False,False,True,True,True,True,NULL
"928396818",True,False,NULL,NULL,NULL,NULL,NULL,NULL,NULL,NULL,True,NULL,NULL,NULL,NULL,NULL,False,False,False,False,False,True,True,True,True,NULL
"1873378180",True,False,NULL,NULL,NULL,NULL,NULL,NULL,NULL,NULL,True,NULL,NULL,NULL,NULL,NULL,False,False,False,False,False,True,True,True,True,NULL
"1226422764",True,False,NULL,NULL,NULL,NULL,NULL,NULL,NULL,NULL,True,NULL,NULL,NULL,NULL,NULL,False,False,False,False,False,True,True,True,True,NULL
"1468811933",True,False,NULL,NULL,NULL,NULL,NULL,NULL,NULL,NULL,True,NULL,NULL,NULL,NULL,NULL,False,False,False,False,False,True,True,True,True,NULL
"1188882013",True,False,NULL,NULL,NULL,NULL,NULL,NULL,NULL,NULL,True,NULL,NULL,NULL,NULL,NULL,False,False,False,False,False,True,True,True,True,NULL
"1418455195",True,False,NULL,NULL,NULL,NULL,NULL,NULL,NULL,NULL,True,NULL,NULL,NULL,NULL,NULL,False,False,False,False,False,True,True,True,True,NULL
"7890111834",True,False,NULL,NULL,NULL,NULL,NULL,NULL,NULL,NULL,True,NULL,NULL,NULL,NULL,NULL,False,False,False,False,False,True,True,True,True,NULL
"1463126293",True,False,NULL,NULL,NULL,NULL,NULL,NULL,NULL,NULL,True,NULL,NULL,NULL,NULL,NULL,False,False,False,False,False,True,True,True,True,NULL
"756007203",True,False,NULL,NULL,NULL,NULL,NULL,NULL,NULL,NULL,True,NULL,NULL,NULL,NULL,NULL,False,False,False,False,False,True,True,True,True,NULL
"1456325722",False,False,NULL,NULL,NULL,NULL,NULL,NULL,NULL,NULL,True,NULL,NULL,NULL,NULL,NULL,False,False,False,False,False,True,True,True,True,NULL
"642376868",False,False,NULL,NULL,NULL,NULL,NULL,NULL,NULL,NULL,True,NULL,NULL,NULL,NULL,NULL,False,False,False,False,False,True,True,True,True,NULL
"5644385498",False,False,NULL,NULL,NULL,NULL,NULL,NULL,NULL,NULL,True,NULL,NULL,NULL,NULL,NULL,False,False,False,False,False,True,True,True,True,NULL
"5556550945",False,False,NULL,NULL,NULL,NULL,NULL,NULL,NULL,NULL,True,NULL,NULL,NULL,NULL,NULL,False,False,False,False,False,True,True,True,True,NULL
"408581716",True,False,NULL,NULL,NULL,NULL,NULL,NULL,NULL,NULL,True,NULL,NULL,NULL,NULL,NULL,False,False,False,False,False,True,True,True,True,NULL
"7911631857",True,False,NULL,NULL,NULL,NULL,NULL,NULL,NULL,NULL,True,NULL,NULL,NULL,NULL,NULL,False,False,False,False,False,True,True,True,True,"LiDJHDoO8ns"
"7122032231",True,False,NULL,NULL,NULL,NULL,NULL,NULL,NULL,NULL,True,NULL,NULL,NULL,NULL,NULL,False,False,False,False,False,True,True,True,True,NULL
"1812309823",True,False,NULL,NULL,NULL,NULL,NULL,NULL,NULL,NULL,True,NULL,NULL,NULL,NULL,NULL,False,False,False,False,False,True,True,True,True,NULL
"1568214244",True,False,NULL,NULL,NULL,NULL,NULL,NULL,NULL,NULL,True,NULL,NULL,NULL,NULL,NULL,False,False,False,False,False,True,True,True,True,NULL
"5623289480",True,False,NULL,NULL,NULL,NULL,NULL,NULL,NULL,NULL,True,NULL,NULL,NULL,NULL,NULL,False,False,False,False,False,True,True,True,True,NULL
"1224095580",True,False,NULL,NULL,NULL,NULL,NULL,NULL,NULL,NULL,True,NULL,NULL,NULL,NULL,NULL,False,False,False,False,False,True,True,True,True,NULL
"5766457497",True,False,NULL,NULL,NULL,NULL,NULL,NULL,NULL,NULL,True,NULL,NULL,NULL,NULL,NULL,False,False,False,False,False,True,True,True,True,NULL
"7885710518",True,False,NULL,NULL,NULL,NULL,NULL,NULL,NULL,NULL,True,NULL,NULL,NULL,NULL,NULL,False,False,False,False,False,True,True,True,True,NULL
"1402463199",True,False,NULL,NULL,NULL,NULL,NULL,NULL,NULL,NULL,True,NULL,NULL,NULL,NULL,NULL,False,False,False,False,False,True,True,True,True,NULL
"941882909",True,False,NULL,NULL,NULL,NULL,NULL,NULL,NULL,NULL,True,NULL,NULL,NULL,NULL,NULL,False,False,False,False,False,True,True,True,True,NULL
"653824041",True,False,NULL,NULL,NULL,NULL,NULL,NULL,NULL,NULL,True,NULL,NULL,NULL,NULL,NULL,False,False,False,False,False,True,True,True,True,NULL
"6585623660",True,False,NULL,NULL,"Turtle",NULL,"2025-10-10 16:00:20.308174+00","🎧",NULL,"Certified hood nigga(not).",False,NULL,NULL,NULL,NULL,NULL,False,False,False,False,False,True,True,True,True,NULL
"468381792",True,False,NULL,NULL,"Yakob",25,"2025-10-05 13:42:49.213397+00","🎮",NULL,NULL,True,NULL,NULL,NULL,NULL,NULL,False,False,False,False,False,True,True,True,True,"XwcfNr9Q6S0"
"5082067284",True,False,NULL,NULL,NULL,NULL,NULL,NULL,NULL,NULL,True,NULL,NULL,NULL,NULL,NULL,False,False,False,False,False,True,True,True,True,NULL
"1005425307",True,False,NULL,NULL,NULL,NULL,NULL,NULL,NULL,NULL,True,NULL,NULL,NULL,NULL,NULL,False,False,False,False,False,True,True,True,True,NULL
"503693405",True,False,NULL,NULL,NULL,NULL,NULL,NULL,NULL,NULL,True,NULL,NULL,NULL,NULL,NULL,False,False,False,False,False,True,True,True,True,NULL
"2038698790",True,False,NULL,NULL,NULL,NULL,NULL,NULL,NULL,NULL,True,NULL,NULL,NULL,NULL,NULL,False,False,False,False,False,True,True,True,True,NULL
"7064627775",True,False,NULL,NULL,NULL,NULL,NULL,NULL,NULL,NULL,True,NULL,NULL,NULL,NULL,NULL,False,False,False,False,False,True,True,True,True,NULL
"655484188",True,False,NULL,NULL,NULL,NULL,NULL,NULL,NULL,NULL,True,NULL,NULL,NULL,NULL,NULL,False,False,False,False,False,True,True,True,True,NULL
"6400890143",True,False,NULL,NULL,NULL,NULL,NULL,NULL,NULL,NULL,True,NULL,NULL,NULL,NULL,NULL,False,False,False,False,False,True,True,True,True,NULL
"1898635102",True,False,NULL,NULL,NULL,NULL,NULL,NULL,NULL,NULL,True,NULL,NULL,NULL,NULL,NULL,False,False,False,False,False,True,True,True,True,NULL
"999212136",True,False,NULL,NULL,"MaleMan",NULL,"2025-10-20 04:41:50.344627+00","👨",NULL,NULL,True,"Male","College of Technology and Built Environment (CTBE)",NULL,NULL,NULL,True,True,False,False,False,True,True,True,True,NULL
"968602969",True,False,NULL,NULL,NULL,NULL,NULL,NULL,NULL,NULL,True,NULL,NULL,NULL,NULL,NULL,False,False,False,False,False,True,True,True,True,NULL
"5732476730",True,False,NULL,NULL,NULL,NULL,NULL,NULL,NULL,NULL,True,NULL,NULL,NULL,NULL,NULL,False,False,False,False,False,True,True,True,True,NULL
"686560045",True,False,NULL,NULL,NULL,NULL,NULL,NULL,NULL,NULL,True,NULL,NULL,NULL,NULL,NULL,False,False,False,False,False,True,True,True,True,NULL
"1180637167",True,False,NULL,NULL,NULL,NULL,NULL,NULL,NULL,NULL,True,NULL,NULL,NULL,NULL,NULL,False,False,False,False,False,True,True,True,True,NULL
"6509653652",True,False,NULL,NULL,NULL,NULL,NULL,NULL,NULL,NULL,True,NULL,NULL,NULL,NULL,NULL,False,False,False,False,False,True,True,True,True,NULL
"7386356713",True,False,NULL,NULL,NULL,NULL,NULL,NULL,NULL,NULL,True,NULL,NULL,NULL,NULL,NULL,False,False,False,False,False,True,True,True,True,NULL
"6238605815",True,False,NULL,NULL,NULL,NULL,NULL,NULL,NULL,NULL,True,NULL,NULL,NULL,NULL,NULL,False,False,False,False,False,True,True,True,True,NULL
"907841485",True,False,NULL,NULL,NULL,NULL,NULL,NULL,NULL,NULL,True,NULL,NULL,NULL,NULL,NULL,False,False,False,False,False,True,True,True,True,NULL
"5544038216",True,False,NULL,NULL,NULL,NULL,NULL,NULL,NULL,NULL,True,NULL,NULL,NULL,NULL,NULL,False,False,False,False,False,True,True,True,True,NULL
"8233043880",False,False,NULL,NULL,NULL,NULL,NULL,NULL,NULL,NULL,True,NULL,NULL,NULL,NULL,NULL,False,False,False,False,False,True,True,True,True,NULL
"1847313015",True,False,NULL,NULL,NULL,NULL,NULL,NULL,NULL,NULL,True,NULL,NULL,NULL,NULL,NULL,False,False,False,False,False,True,True,True,True,NULL
"385116493",True,False,NULL,NULL,NULL,NULL,NULL,NULL,NULL,NULL,True,NULL,NULL,NULL,NULL,NULL,False,False,False,False,False,True,True,True,True,NULL
"5705813425",True,False,NULL,NULL,NULL,NULL,NULL,NULL,NULL,NULL,True,NULL,NULL,NULL,NULL,NULL,False,False,False,False,False,True,True,True,True,NULL
"7914677562",True,False,NULL,NULL,NULL,NULL,NULL,NULL,NULL,NULL,True,NULL,NULL,NULL,NULL,NULL,False,False,False,False,False,True,True,True,True,NULL
"1231791604",True,False,NULL,NULL,NULL,NULL,NULL,NULL,NULL,NULL,True,NULL,NULL,NULL,NULL,NULL,False,False,False,False,False,True,True,True,True,NULL
"880825174",True,False,NULL,NULL,NULL,NULL,NULL,NULL,NULL,NULL,True,NULL,NULL,NULL,NULL,NULL,False,False,False,False,False,True,True,True,True,NULL
"998659429",True,False,NULL,NULL,NULL,NULL,NULL,NULL,NULL,NULL,True,NULL,NULL,NULL,NULL,NULL,False,False,False,False,False,True,True,True,True,NULL
"5872839731",True,False,NULL,NULL,NULL,NULL,NULL,NULL,NULL,NULL,True,NULL,NULL,NULL,NULL,NULL,False,False,False,False,False,True,True,True,True,NULL
"5488401357",True,False,NULL,NULL,NULL,NULL,NULL,NULL,NULL,NULL,True,NULL,NULL,NULL,NULL,NULL,False,False,False,False,False,True,True,True,True,NULL
"7225517972",True,False,NULL,NULL,NULL,NULL,NULL,NULL,NULL,NULL,True,NULL,NULL,NULL,NULL,NULL,False,False,False,False,False,True,True,True,True,NULL
"560075214",True,False,NULL,NULL,NULL,NULL,NULL,NULL,NULL,NULL,True,NULL,NULL,NULL,NULL,NULL,False,False,False,False,False,True,True,True,True,NULL
"6028961760",True,False,NULL,NULL,NULL,NULL,NULL,NULL,NULL,NULL,True,NULL,NULL,NULL,NULL,NULL,False,False,False,False,False,True,True,True,True,NULL
"1202896740",False,False,NULL,NULL,NULL,NULL,NULL,NULL,NULL,NULL,True,NULL,NULL,NULL,NULL,NULL,False,False,False,False,False,True,True,True,True,NULL
"1872348941",True,False,NULL,NULL,NULL,NULL,NULL,NULL,NULL,NULL,True,NULL,NULL,NULL,NULL,NULL,False,False,False,False,False,True,True,True,True,NULL
"5806201795",True,False,NULL,NULL,NULL,NULL,NULL,NULL,NULL,NULL,True,NULL,NULL,NULL,NULL,NULL,False,False,False,False,False,True,True,True,True,NULL
"6695015713",False,False,NULL,NULL,NULL,NULL,NULL,NULL,NULL,NULL,True,NULL,NULL,NULL,NULL,NULL,False,False,False,False,False,True,True,True,True,NULL
"1645830688",True,False,NULL,NULL,NULL,NULL,NULL,NULL,NULL,NULL,True,NULL,NULL,NULL,NULL,NULL,False,False,False,False,False,True,True,True,True,NULL
"657445526",True,False,NULL,NULL,NULL,NULL,NULL,NULL,NULL,NULL,True,NULL,NULL,NULL,NULL,NULL,False,False,False,False,False,True,True,True,True,NULL
"1974865824",True,False,NULL,NULL,NULL,NULL,NULL,NULL,NULL,NULL,True,NULL,NULL,NULL,NULL,NULL,False,False,False,False,False,True,True,True,True,NULL
"1380226140",True,False,NULL,NULL,NULL,NULL,NULL,NULL,NULL,NULL,True,NULL,NULL,NULL,NULL,NULL,False,False,False,False,False,True,True,True,True,NULL
"5146545035",True,False,NULL,NULL,NULL,NULL,NULL,NULL,NULL,NULL,True,NULL,NULL,NULL,NULL,NULL,False,False,False,False,False,True,True,True,True,NULL
"5089746030",True,False,NULL,NULL,NULL,NULL,NULL,NULL,NULL,NULL,True,NULL,NULL,NULL,NULL,NULL,False,False,False,False,False,True,True,True,True,NULL
"7631644041",True,False,NULL,NULL,NULL,NULL,NULL,NULL,NULL,NULL,True,NULL,NULL,NULL,NULL,NULL,False,False,False,False,False,True,True,True,True,NULL
"8338511718",True,False,NULL,NULL,NULL,NULL,NULL,NULL,NULL,NULL,True,NULL,NULL,NULL,NULL,NULL,False,False,False,False,False,True,True,True,True,NULL
"5853669785",True,False,NULL,NULL,NULL,NULL,NULL,NULL,NULL,NULL,True,NULL,NULL,NULL,NULL,NULL,False,False,False,False,False,True,True,True,True,NULL
"1474128858",True,False,NULL,NULL,NULL,NULL,NULL,NULL,NULL,NULL,True,NULL,NULL,NULL,NULL,NULL,False,False,False,False,False,True,True,True,True,NULL
"1139688036",True,False,NULL,NULL,NULL,NULL,NULL,NULL,NULL,NULL,True,NULL,NULL,NULL,NULL,NULL,False,False,False,False,False,True,True,True,True,NULL
"7531094318",True,False,NULL,NULL,NULL,NULL,NULL,NULL,NULL,NULL,True,NULL,NULL,NULL,NULL,NULL,False,False,False,False,False,True,True,True,True,NULL
"6481433876",True,False,NULL,NULL,NULL,NULL,NULL,NULL,NULL,NULL,True,NULL,NULL,NULL,NULL,NULL,False,False,False,False,False,True,True,True,True,NULL
"490646796",True,False,NULL,NULL,NULL,NULL,NULL,NULL,NULL,NULL,True,NULL,NULL,NULL,NULL,NULL,False,False,False,False,False,True,True,True,True,NULL
"1021679902",True,False,NULL,NULL,NULL,NULL,NULL,NULL,NULL,NULL,True,NULL,NULL,NULL,NULL,NULL,False,False,False,False,False,True,True,True,True,NULL
"7407858484",True,False,NULL,NULL,NULL,NULL,NULL,NULL,NULL,NULL,True,NULL,NULL,NULL,NULL,NULL,False,False,False,False,False,True,True,True,True,NULL
"1367060387",True,False,NULL,NULL,NULL,NULL,NULL,NULL,NULL,NULL,True,NULL,NULL,NULL,NULL,NULL,False,False,False,False,False,True,True,True,True,NULL
"5361549587",True,False,NULL,NULL,NULL,NULL,NULL,NULL,NULL,NULL,True,NULL,NULL,NULL,NULL,NULL,False,False,False,False,False,True,True,True,True,NULL
"1079351994",False,False,NULL,NULL,NULL,NULL,NULL,NULL,NULL,NULL,True,NULL,NULL,NULL,NULL,NULL,False,False,False,False,False,True,True,True,True,NULL
"1912891324",True,False,NULL,NULL,NULL,NULL,NULL,NULL,NULL,NULL,True,NULL,NULL,NULL,NULL,NULL,False,False,False,False,False,True,True,True,True,NULL
"6624095249",True,False,NULL,NULL,NULL,NULL,NULL,NULL,NULL,NULL,True,NULL,NULL,NULL,NULL,NULL,False,False,False,False,False,True,True,True,True,NULL
"1082667382",True,False,NULL,NULL,NULL,NULL,NULL,NULL,NULL,NULL,True,NULL,NULL,NULL,NULL,NULL,False,False,False,False,False,True,True,True,True,NULL
"6310279968",True,False,NULL,NULL,NULL,NULL,NULL,NULL,NULL,NULL,True,NULL,NULL,NULL,NULL,NULL,False,False,False,False,False,True,True,True,True,NULL
"630287052",True,False,NULL,NULL,NULL,NULL,NULL,NULL,NULL,NULL,True,NULL,NULL,NULL,NULL,NULL,False,False,False,False,False,True,True,True,True,NULL
"861353834",True,False,NULL,NULL,NULL,NULL,NULL,NULL,NULL,NULL,True,NULL,NULL,NULL,NULL,NULL,False,False,False,False,False,True,True,True,True,NULL
"891229241",True,False,NULL,NULL,NULL,NULL,NULL,NULL,NULL,NULL,True,NULL,NULL,NULL,NULL,NULL,False,False,False,False,False,True,True,True,True,NULL
"1461498492",True,False,NULL,NULL,NULL,NULL,NULL,NULL,NULL,NULL,True,NULL,NULL,NULL,NULL,NULL,False,False,False,False,False,True,True,True,True,NULL
"7393600453",True,False,NULL,NULL,NULL,NULL,NULL,NULL,NULL,NULL,True,NULL,NULL,NULL,NULL,NULL,False,False,False,False,False,True,True,True,True,NULL
"475598893",False,False,NULL,NULL,NULL,NULL,NULL,NULL,NULL,NULL,True,NULL,NULL,NULL,NULL,NULL,False,False,False,False,False,True,True,True,True,NULL
"1860324946",True,False,NULL,NULL,NULL,NULL,NULL,NULL,NULL,NULL,True,NULL,NULL,NULL,NULL,NULL,False,False,False,False,False,True,True,True,True,NULL
"5920287478",True,False,NULL,NULL,NULL,NULL,NULL,NULL,NULL,NULL,True,NULL,NULL,NULL,NULL,NULL,False,False,False,False,False,True,True,True,True,NULL
"6213093277",True,False,NULL,NULL,NULL,NULL,NULL,NULL,NULL,NULL,True,NULL,NULL,NULL,NULL,NULL,False,False,False,False,False,True,True,True,True,"SFRTwS-x6PY"
"654051154",True,False,NULL,NULL,NULL,NULL,NULL,NULL,NULL,NULL,True,NULL,NULL,NULL,NULL,NULL,False,False,False,False,False,True,True,True,True,NULL
"1953986977",True,False,NULL,NULL,NULL,NULL,NULL,NULL,NULL,NULL,True,NULL,NULL,NULL,NULL,NULL,False,False,False,False,False,True,True,True,True,NULL
"1329200044",True,False,NULL,NULL,NULL,NULL,NULL,NULL,NULL,NULL,True,NULL,NULL,NULL,NULL,NULL,False,False,False,False,False,True,True,True,True,NULL
"7666507067",True,False,NULL,NULL,NULL,NULL,NULL,NULL,NULL,NULL,True,NULL,NULL,NULL,NULL,NULL,False,False,False,False,False,True,True,True,True,NULL
"1019090672",True,False,NULL,NULL,NULL,NULL,NULL,NULL,NULL,NULL,True,NULL,NULL,NULL,NULL,NULL,False,False,False,False,False,True,True,True,True,NULL
"8113471882",True,False,NULL,NULL,NULL,NULL,NULL,NULL,NULL,NULL,True,NULL,NULL,NULL,NULL,NULL,False,False,False,False,False,True,True,True,True,NULL
"703313394",False,False,NULL,NULL,NULL,NULL,NULL,NULL,NULL,NULL,True,NULL,NULL,NULL,NULL,NULL,False,False,False,False,False,True,True,True,True,NULL
"7505563178",True,False,NULL,NULL,NULL,NULL,NULL,NULL,NULL,NULL,True,NULL,NULL,NULL,NULL,NULL,False,False,False,False,False,True,True,True,True,NULL
"2043173511",True,False,NULL,NULL,NULL,NULL,NULL,NULL,NULL,NULL,True,NULL,NULL,NULL,NULL,NULL,False,False,False,False,False,True,True,True,True,NULL
"668230276",True,False,NULL,NULL,NULL,NULL,NULL,NULL,NULL,NULL,True,NULL,NULL,NULL,NULL,NULL,False,False,False,False,False,True,True,True,True,NULL
"1684586949",True,False,NULL,NULL,NULL,NULL,NULL,NULL,NULL,NULL,True,NULL,NULL,NULL,NULL,NULL,False,False,False,False,False,True,True,True,True,NULL
"7462633772",True,False,NULL,NULL,NULL,NULL,NULL,NULL,NULL,NULL,True,NULL,NULL,NULL,NULL,NULL,False,False,False,False,False,True,True,True,True,NULL
"2087462725",True,False,NULL,NULL,NULL,NULL,NULL,NULL,NULL,NULL,True,NULL,NULL,NULL,NULL,NULL,False,False,False,False,False,True,True,True,True,NULL
"6318163357",True,False,NULL,NULL,NULL,NULL,NULL,NULL,NULL,NULL,True,NULL,NULL,NULL,NULL,NULL,False,False,False,False,False,True,True,True,True,NULL
"5128746658",True,False,NULL,NULL,NULL,NULL,NULL,NULL,NULL,NULL,True,NULL,NULL,NULL,NULL,NULL,False,False,False,False,False,True,True,True,True,NULL
"7991022223",True,False,NULL,NULL,"Green goblin",NULL,"2025-10-21 01:50:24.042128+00",NULL,NULL,NULL,True,NULL,NULL,NULL,NULL,NULL,False,False,False,False,False,True,True,True,True,NULL
"1274266452",True,False,NULL,NULL,NULL,NULL,NULL,NULL,NULL,NULL,True,NULL,NULL,NULL,NULL,NULL,False,False,False,False,False,True,True,True,True,NULL
"789141462",True,False,NULL,NULL,NULL,NULL,NULL,NULL,NULL,NULL,True,NULL,NULL,NULL,NULL,NULL,False,False,False,False,False,True,True,True,True,NULL
"1397608643",True,False,NULL,NULL,NULL,NULL,NULL,NULL,NULL,NULL,True,NULL,NULL,NULL,NULL,NULL,False,False,False,False,False,True,True,True,True,NULL
"8303643487",True,False,NULL,NULL,NULL,NULL,NULL,NULL,NULL,NULL,True,NULL,NULL,NULL,NULL,NULL,False,False,False,False,False,True,True,True,True,NULL
"1171395321",True,False,NULL,NULL,NULL,NULL,NULL,NULL,NULL,NULL,True,NULL,NULL,NULL,NULL,NULL,False,False,False,False,False,True,True,True,True,NULL
"6992249956",True,False,NULL,NULL,NULL,NULL,NULL,NULL,NULL,NULL,True,NULL,NULL,NULL,NULL,NULL,False,False,False,False,False,True,True,True,True,NULL
"5466754039",True,False,NULL,NULL,NULL,NULL,NULL,NULL,NULL,NULL,True,NULL,NULL,NULL,NULL,NULL,False,False,False,False,False,True,True,True,True,NULL
"5694231198",True,False,NULL,NULL,NULL,NULL,NULL,NULL,NULL,NULL,True,NULL,NULL,NULL,NULL,NULL,False,False,False,False,False,True,True,True,True,NULL
"7404933406",True,False,NULL,NULL,NULL,NULL,NULL,NULL,NULL,NULL,True,NULL,NULL,NULL,NULL,NULL,False,False,False,False,False,True,True,True,True,NULL
"5634320413",False,False,NULL,NULL,NULL,NULL,NULL,NULL,NULL,NULL,True,NULL,NULL,NULL,NULL,NULL,False,False,False,False,False,True,True,True,True,NULL
"1016190743",True,False,NULL,NULL,NULL,NULL,NULL,NULL,NULL,NULL,True,NULL,NULL,NULL,NULL,NULL,False,False,False,False,False,True,True,True,True,NULL
"481769840",True,False,NULL,NULL,NULL,NULL,NULL,NULL,NULL,NULL,True,NULL,NULL,NULL,NULL,NULL,False,False,False,False,False,True,True,True,True,NULL
"5819479631",True,False,NULL,NULL,NULL,NULL,NULL,NULL,NULL,NULL,True,NULL,NULL,NULL,NULL,NULL,False,False,False,False,False,True,True,True,True,NULL
"6266224860",False,False,NULL,NULL,NULL,NULL,NULL,NULL,NULL,NULL,True,NULL,NULL,NULL,NULL,NULL,False,False,False,False,False,True,True,True,True,NULL
"562964182",True,False,NULL,NULL,NULL,NULL,NULL,NULL,NULL,NULL,True,NULL,NULL,NULL,NULL,NULL,False,False,False,False,False,True,True,True,True,NULL
"775607288",True,False,NULL,NULL,NULL,NULL,NULL,NULL,NULL,NULL,True,NULL,NULL,NULL,NULL,NULL,False,False,False,False,False,True,True,True,True,NULL
"6564917790",True,False,NULL,NULL,NULL,NULL,NULL,NULL,NULL,NULL,True,NULL,NULL,NULL,NULL,NULL,False,False,False,False,False,True,True,True,True,NULL
"302395069",True,False,NULL,NULL,NULL,NULL,NULL,NULL,NULL,NULL,True,NULL,NULL,NULL,NULL,NULL,False,False,False,False,False,True,True,True,True,NULL
"1862337540",True,False,NULL,NULL,NULL,NULL,NULL,NULL,NULL,NULL,True,NULL,NULL,NULL,NULL,NULL,False,False,False,False,False,True,True,True,True,NULL
"1298940855",True,False,NULL,NULL,NULL,NULL,NULL,NULL,NULL,NULL,True,NULL,NULL,NULL,NULL,NULL,False,False,False,False,False,True,True,True,True,NULL
"6355667317",True,False,NULL,NULL,NULL,NULL,NULL,NULL,NULL,NULL,True,NULL,NULL,NULL,NULL,NULL,False,False,False,False,False,True,True,True,True,NULL
"703078664",True,False,NULL,NULL,NULL,NULL,NULL,NULL,NULL,NULL,True,NULL,NULL,NULL,NULL,NULL,False,False,False,False,False,True,True,True,True,NULL
"1682920108",True,False,NULL,NULL,NULL,NULL,NULL,NULL,NULL,NULL,True,NULL,NULL,NULL,NULL,NULL,False,False,False,False,False,True,True,True,True,NULL
"7294921167",True,False,NULL,NULL,NULL,NULL,NULL,NULL,NULL,NULL,True,NULL,NULL,NULL,NULL,NULL,False,False,False,False,False,True,True,True,True,NULL
"1021095764",True,False,NULL,NULL,NULL,NULL,NULL,NULL,NULL,NULL,True,NULL,NULL,NULL,NULL,NULL,False,False,False,False,False,True,True,True,True,NULL
"1150181293",True,False,NULL,NULL,NULL,NULL,NULL,NULL,NULL,NULL,True,NULL,NULL,NULL,NULL,NULL,False,False,False,False,False,True,True,True,True,NULL
"6823311422",True,False,NULL,NULL,NULL,NULL,NULL,NULL,NULL,NULL,True,NULL,NULL,NULL,NULL,NULL,False,False,False,False,False,True,True,True,True,NULL
"910703393",True,False,NULL,NULL,NULL,NULL,NULL,NULL,NULL,NULL,True,NULL,NULL,NULL,NULL,NULL,False,False,False,False,False,True,True,True,True,NULL
"1435690116",False,False,NULL,NULL,NULL,NULL,NULL,NULL,NULL,NULL,True,NULL,NULL,NULL,NULL,NULL,False,False,False,False,False,True,True,True,True,NULL
"1693663815",True,False,NULL,NULL,NULL,NULL,NULL,NULL,NULL,NULL,True,NULL,NULL,NULL,NULL,NULL,False,False,False,False,False,True,True,True,True,NULL
"6826091662",True,False,NULL,NULL,NULL,NULL,NULL,NULL,NULL,NULL,True,NULL,NULL,NULL,NULL,NULL,False,False,False,False,False,True,True,True,True,NULL
"1099281055",True,False,NULL,NULL,NULL,NULL,NULL,NULL,NULL,NULL,True,NULL,NULL,NULL,NULL,NULL,False,False,False,False,False,True,True,True,True,NULL
"6177798963",True,False,NULL,NULL,NULL,NULL,NULL,NULL,NULL,NULL,True,NULL,NULL,NULL,NULL,NULL,False,False,False,False,False,True,True,True,True,NULL
"721339143",True,False,NULL,NULL,NULL,NULL,NULL,NULL,NULL,NULL,True,NULL,NULL,NULL,NULL,NULL,False,False,False,False,False,True,True,True,True,NULL
"5960510307",True,False,NULL,NULL,NULL,NULL,NULL,NULL,NULL,NULL,True,NULL,NULL,NULL,NULL,NULL,False,False,False,False,False,True,True,True,True,NULL
"6555506145",True,False,NULL,NULL,NULL,NULL,NULL,NULL,NULL,NULL,True,NULL,NULL,NULL,NULL,NULL,False,False,False,False,False,True,True,True,True,NULL
"5224123640",True,False,NULL,NULL,NULL,NULL,NULL,NULL,NULL,NULL,True,NULL,NULL,NULL,NULL,NULL,False,False,False,False,False,True,True,True,True,NULL
"1738918180",True,False,NULL,NULL,NULL,NULL,NULL,NULL,NULL,NULL,True,NULL,NULL,NULL,NULL,NULL,False,False,False,False,False,True,True,True,True,NULL
"1164469702",True,False,NULL,NULL,NULL,NULL,NULL,NULL,NULL,NULL,True,NULL,NULL,NULL,NULL,NULL,False,False,False,False,False,True,True,True,True,"0tM4R9CTCvg"
"7304031606",True,False,NULL,NULL,NULL,NULL,NULL,NULL,NULL,NULL,True,NULL,NULL,NULL,NULL,NULL,False,False,False,False,False,True,True,True,True,NULL
"587005264",False,False,NULL,NULL,NULL,NULL,NULL,NULL,NULL,NULL,True,NULL,NULL,NULL,NULL,NULL,False,False,False,False,False,True,True,True,True,NULL
"6656937238",True,False,NULL,NULL,NULL,NULL,NULL,NULL,NULL,NULL,True,NULL,NULL,NULL,NULL,NULL,False,False,False,False,False,True,True,True,True,NULL
"1266064308",True,False,NULL,NULL,NULL,NULL,NULL,NULL,NULL,NULL,True,NULL,NULL,NULL,NULL,NULL,False,False,False,False,False,True,True,True,True,NULL
"2018053597",True,False,NULL,NULL,NULL,NULL,NULL,NULL,NULL,NULL,True,NULL,NULL,NULL,NULL,NULL,False,False,False,False,False,True,True,True,True,NULL
"1877162639",True,False,NULL,NULL,NULL,NULL,NULL,NULL,NULL,NULL,True,NULL,NULL,NULL,NULL,NULL,False,False,False,False,False,True,True,True,True,NULL
"7049798795",True,False,NULL,NULL,"Stardust",NULL,"2025-10-23 04:37:38.533396+00","✨",NULL,NULL,True,NULL,NULL,NULL,NULL,NULL,False,False,False,False,False,True,True,True,True,"KNI3gJDPvOw"
"5701841491",True,False,NULL,NULL,NULL,NULL,NULL,NULL,NULL,NULL,True,NULL,NULL,NULL,NULL,NULL,False,False,False,False,False,True,True,True,True,NULL
"5277034515",True,False,NULL,NULL,NULL,NULL,NULL,NULL,NULL,NULL,True,NULL,NULL,NULL,NULL,NULL,False,False,False,False,False,True,True,True,True,NULL
"495783861",True,False,NULL,NULL,NULL,NULL,NULL,NULL,NULL,NULL,True,NULL,NULL,NULL,NULL,NULL,False,False,False,False,False,True,True,True,True,NULL
"371143329",True,False,NULL,NULL,NULL,NULL,NULL,NULL,NULL,NULL,True,NULL,NULL,NULL,NULL,NULL,False,False,False,False,False,True,True,True,True,NULL
"1247007202",True,False,NULL,NULL,NULL,NULL,NULL,NULL,NULL,NULL,True,NULL,NULL,NULL,NULL,NULL,False,False,False,False,False,True,True,True,True,NULL
"1328332974",True,False,NULL,NULL,NULL,NULL,NULL,"🦊",NULL,NULL,True,NULL,NULL,NULL,NULL,NULL,False,False,False,False,False,True,True,True,True,NULL
"8366637045",True,False,NULL,NULL,NULL,NULL,NULL,NULL,NULL,NULL,True,NULL,NULL,NULL,NULL,NULL,False,False,False,False,False,True,True,True,True,NULL
"6090846084",False,False,NULL,NULL,NULL,NULL,NULL,NULL,NULL,NULL,True,NULL,NULL,NULL,NULL,NULL,False,False,False,False,False,True,True,True,True,NULL
"8067935319",True,False,NULL,NULL,NULL,NULL,NULL,NULL,NULL,NULL,True,NULL,NULL,NULL,NULL,NULL,False,False,False,False,False,True,True,True,True,NULL
"852445260",True,False,NULL,NULL,NULL,NULL,NULL,NULL,NULL,NULL,True,NULL,NULL,NULL,NULL,NULL,False,False,False,False,False,True,True,True,True,NULL
"5383023308",True,False,NULL,NULL,NULL,NULL,NULL,NULL,NULL,NULL,True,NULL,NULL,NULL,NULL,NULL,False,False,False,False,False,True,True,True,True,NULL
"7380257592",True,False,NULL,NULL,NULL,NULL,NULL,NULL,NULL,NULL,True,NULL,NULL,NULL,NULL,NULL,False,False,False,False,False,True,True,True,True,NULL
"764236893",True,False,NULL,NULL,NULL,NULL,NULL,NULL,NULL,NULL,True,NULL,NULL,NULL,NULL,NULL,False,False,False,False,False,True,True,True,True,NULL
"7352497559",True,False,NULL,NULL,"Nobady",NULL,"2025-10-15 07:41:04.379748+00","✨",NULL,NULL,False,NULL,NULL,NULL,NULL,NULL,False,False,False,False,True,True,True,True,True,NULL
"442567468",True,False,NULL,NULL,"Plato",NULL,"2025-10-15 13:03:18.168583+00",NULL,NULL,NULL,True,NULL,NULL,NULL,NULL,NULL,False,False,False,False,False,True,True,True,True,NULL
"6011632727",True,False,NULL,NULL,NULL,NULL,NULL,NULL,NULL,NULL,True,NULL,NULL,NULL,NULL,NULL,False,False,False,False,False,True,True,True,True,NULL
"619337522",True,False,NULL,NULL,NULL,NULL,NULL,NULL,NULL,NULL,True,NULL,NULL,NULL,NULL,NULL,False,False,False,False,False,True,True,True,True,NULL
"411282228",False,False,NULL,NULL,NULL,NULL,NULL,NULL,NULL,NULL,True,NULL,NULL,NULL,NULL,NULL,False,False,False,False,False,True,True,True,True,NULL
"375921696",False,False,NULL,NULL,NULL,NULL,NULL,NULL,NULL,NULL,True,NULL,NULL,NULL,NULL,NULL,False,False,False,False,False,True,True,True,True,NULL
"8327870332",True,False,NULL,NULL,NULL,NULL,NULL,NULL,NULL,NULL,True,NULL,NULL,NULL,NULL,NULL,False,False,False,False,False,True,True,True,True,NULL
"5013587103",True,False,NULL,NULL,NULL,NULL,NULL,NULL,NULL,NULL,True,NULL,NULL,NULL,NULL,NULL,False,False,False,False,False,True,True,True,True,NULL
"1890680749",True,False,NULL,NULL,NULL,NULL,NULL,NULL,NULL,NULL,True,NULL,NULL,NULL,NULL,NULL,False,False,False,False,False,True,True,True,True,"LNSINipLzA8"
"623580602",False,False,NULL,NULL,NULL,NULL,NULL,NULL,NULL,NULL,True,NULL,NULL,NULL,NULL,NULL,False,False,False,False,False,True,True,True,True,NULL
"1240851825",True,False,NULL,NULL,NULL,NULL,NULL,NULL,NULL,NULL,True,NULL,NULL,NULL,NULL,NULL,False,False,False,False,False,True,True,True,True,NULL
"7223067925",True,False,NULL,NULL,"Conservative Alpha",0,"2025-10-16 09:52:11.437551+00","👨",NULL,NULL,True,NULL,NULL,NULL,NULL,NULL,False,False,False,False,False,True,True,True,True,NULL
"6879470699",True,False,NULL,NULL,NULL,NULL,NULL,NULL,NULL,NULL,True,NULL,NULL,NULL,NULL,NULL,False,False,False,False,False,True,True,True,True,NULL
"5703576013",True,False,NULL,NULL,NULL,NULL,NULL,NULL,NULL,NULL,True,NULL,NULL,NULL,NULL,NULL,False,False,False,False,False,True,True,True,True,NULL
"7420054490",True,False,NULL,NULL,NULL,NULL,NULL,NULL,NULL,NULL,True,NULL,NULL,NULL,NULL,NULL,False,False,False,False,False,True,True,True,True,NULL
"5836968156",True,False,NULL,NULL,NULL,NULL,NULL,NULL,NULL,NULL,True,NULL,NULL,NULL,NULL,NULL,False,False,False,False,False,True,True,True,True,NULL
"5260266739",True,False,NULL,NULL,NULL,NULL,NULL,NULL,NULL,NULL,True,NULL,NULL,NULL,NULL,NULL,False,False,False,False,False,True,True,True,True,NULL
"6736784002",True,False,NULL,NULL,NULL,NULL,NULL,NULL,NULL,NULL,True,NULL,NULL,NULL,NULL,NULL,False,False,False,False,False,True,True,True,True,NULL
"1764007220",True,False,NULL,NULL,NULL,NULL,NULL,NULL,NULL,NULL,True,NULL,NULL,NULL,NULL,NULL,False,False,False,False,False,True,True,True,True,"VBkEl70TtXQ"
"1838428068",True,False,NULL,NULL,NULL,NULL,NULL,NULL,NULL,NULL,True,NULL,NULL,NULL,NULL,NULL,False,False,False,False,False,True,True,True,True,NULL
"1763663388",True,False,NULL,NULL,NULL,NULL,NULL,NULL,NULL,NULL,True,NULL,NULL,NULL,NULL,NULL,False,False,False,False,False,True,True,True,True,NULL
"6763901440",True,False,NULL,NULL,NULL,NULL,NULL,NULL,NULL,NULL,True,NULL,NULL,NULL,NULL,NULL,False,False,False,False,False,True,True,True,True,NULL
"754986118",True,False,NULL,NULL,NULL,NULL,NULL,NULL,NULL,NULL,True,NULL,NULL,NULL,NULL,NULL,False,False,False,False,False,True,True,True,True,NULL
"6367678578",True,False,NULL,NULL,NULL,NULL,NULL,NULL,NULL,NULL,True,NULL,NULL,NULL,NULL,NULL,False,False,False,False,False,True,True,True,True,NULL
"5899253030",True,False,NULL,NULL,NULL,NULL,NULL,NULL,NULL,NULL,True,NULL,NULL,NULL,NULL,NULL,False,False,False,False,False,True,True,True,True,NULL
"8079315565",True,False,NULL,NULL,NULL,NULL,NULL,NULL,NULL,NULL,True,NULL,NULL,NULL,NULL,NULL,False,False,False,False,False,True,True,True,True,NULL
"6067001616",True,False,NULL,NULL,NULL,NULL,NULL,NULL,NULL,NULL,True,NULL,NULL,NULL,NULL,NULL,False,False,False,False,False,True,True,True,True,NULL
"7248942376",True,False,NULL,NULL,NULL,NULL,NULL,NULL,NULL,NULL,True,NULL,NULL,NULL,NULL,NULL,False,False,False,False,False,True,True,True,True,NULL
"5194677184",True,False,NULL,NULL,"Thatgirl",NULL,"2025-10-17 09:32:33.341813+00",NULL,NULL,NULL,True,NULL,NULL,NULL,NULL,NULL,False,False,False,False,False,True,True,True,True,NULL
"1445007771",True,False,NULL,NULL,NULL,NULL,NULL,NULL,NULL,NULL,True,NULL,NULL,NULL,NULL,NULL,False,False,False,False,False,True,True,True,True,NULL
"7919972001",True,False,NULL,NULL,"Nostalgia",NULL,"2025-10-26 14:56:39.328862+00","🥷",NULL,NULL,True,NULL,NULL,NULL,NULL,NULL,False,False,False,False,False,True,True,True,True,NULL
"5345330331",True,False,NULL,NULL,NULL,NULL,NULL,NULL,NULL,NULL,True,NULL,NULL,NULL,NULL,NULL,False,False,False,False,False,True,True,True,True,NULL
"8163962279",True,False,NULL,NULL,NULL,NULL,NULL,NULL,NULL,NULL,True,NULL,NULL,NULL,NULL,NULL,False,False,False,False,False,True,True,True,True,NULL
"1335289748",True,False,NULL,NULL,NULL,NULL,NULL,NULL,NULL,NULL,True,NULL,NULL,NULL,NULL,NULL,False,False,False,False,False,True,True,True,True,NULL
"8323485423",True,False,NULL,NULL,NULL,NULL,NULL,NULL,NULL,NULL,True,NULL,NULL,NULL,NULL,NULL,False,False,False,False,False,True,True,True,True,NULL
"7827193931",True,False,NULL,NULL,NULL,NULL,NULL,NULL,NULL,NULL,True,NULL,NULL,NULL,NULL,NULL,False,False,False,False,False,True,True,True,True,NULL
"1884902403",True,False,NULL,NULL,NULL,NULL,NULL,NULL,NULL,NULL,True,NULL,NULL,NULL,NULL,NULL,False,False,False,False,False,True,True,True,True,NULL
"5580328197",True,False,NULL,NULL,NULL,NULL,NULL,NULL,NULL,NULL,True,NULL,NULL,NULL,NULL,NULL,False,False,False,False,False,True,True,True,True,NULL
"6122903828",True,False,NULL,NULL,NULL,NULL,NULL,NULL,NULL,NULL,True,NULL,NULL,NULL,NULL,NULL,False,False,False,False,False,True,True,True,True,NULL
"1442478226",False,False,NULL,NULL,NULL,NULL,NULL,NULL,NULL,NULL,True,NULL,NULL,NULL,NULL,NULL,False,False,False,False,False,True,True,True,True,"gCgvnWJ66Ig"
"760691888",True,False,NULL,NULL,NULL,NULL,NULL,NULL,NULL,NULL,True,NULL,NULL,NULL,NULL,NULL,False,False,False,False,False,True,True,True,True,NULL
"5826141801",True,False,NULL,NULL,NULL,NULL,NULL,NULL,NULL,NULL,True,NULL,NULL,NULL,NULL,NULL,False,False,False,False,False,True,True,True,True,NULL
"678435281",True,False,NULL,NULL,NULL,NULL,NULL,NULL,NULL,NULL,True,NULL,NULL,NULL,NULL,NULL,False,False,False,False,False,True,True,True,True,NULL
"5595532768",True,False,NULL,NULL,NULL,NULL,NULL,NULL,NULL,NULL,True,NULL,NULL,NULL,NULL,NULL,False,False,False,False,False,True,True,True,True,NULL
"928647139",True,False,NULL,NULL,NULL,NULL,NULL,NULL,NULL,NULL,True,NULL,NULL,NULL,NULL,NULL,False,False,False,False,False,True,True,True,True,NULL
"867177655",True,False,NULL,NULL,NULL,NULL,NULL,NULL,NULL,NULL,True,NULL,NULL,NULL,NULL,NULL,False,False,False,False,False,True,True,True,True,NULL
"6354213602",True,False,NULL,NULL,NULL,NULL,NULL,NULL,NULL,NULL,True,NULL,NULL,NULL,NULL,NULL,False,False,False,False,False,True,True,True,True,NULL
"967871406",True,False,NULL,NULL,NULL,NULL,NULL,NULL,NULL,NULL,True,NULL,NULL,NULL,NULL,NULL,False,False,False,False,False,True,True,True,True,NULL
"1000741548",True,False,NULL,NULL,NULL,NULL,NULL,NULL,NULL,NULL,True,NULL,NULL,NULL,NULL,NULL,False,False,False,False,False,True,True,True,True,NULL
"8034640159",True,False,NULL,NULL,NULL,NULL,NULL,NULL,NULL,NULL,True,NULL,NULL,NULL,NULL,NULL,False,False,False,False,False,True,True,True,True,NULL
"1974997486",True,False,NULL,NULL,NULL,NULL,NULL,NULL,NULL,NULL,True,NULL,NULL,NULL,NULL,NULL,False,False,False,False,False,True,True,True,True,NULL
"1901293984",True,False,NULL,NULL,NULL,NULL,NULL,NULL,NULL,NULL,True,NULL,NULL,NULL,NULL,NULL,False,False,False,False,False,True,True,True,True,NULL
"743229721",False,False,NULL,NULL,NULL,NULL,NULL,NULL,NULL,NULL,True,NULL,NULL,NULL,NULL,NULL,False,False,False,False,False,True,True,True,True,NULL
"1553062586",True,False,NULL,NULL,NULL,NULL,NULL,NULL,NULL,NULL,True,NULL,NULL,NULL,NULL,NULL,False,False,False,False,False,True,True,True,True,NULL
"809681880",True,False,NULL,NULL,NULL,NULL,NULL,NULL,NULL,NULL,True,NULL,NULL,NULL,NULL,NULL,False,False,False,False,False,True,True,True,True,NULL
"6329187686",True,False,NULL,NULL,NULL,NULL,NULL,NULL,NULL,NULL,True,NULL,NULL,NULL,NULL,NULL,False,False,False,False,False,True,True,True,True,NULL
"863020922",True,False,NULL,NULL,NULL,NULL,NULL,NULL,NULL,NULL,True,NULL,NULL,NULL,NULL,NULL,False,False,False,False,False,True,True,True,True,NULL
"8439156383",True,False,NULL,NULL,NULL,NULL,NULL,NULL,NULL,NULL,True,NULL,NULL,NULL,NULL,NULL,False,False,False,False,False,True,True,True,True,NULL
"6347357116",True,False,NULL,NULL,"Spongie babe",NULL,"2025-10-21 08:07:33.735808+00","✨",NULL,NULL,True,NULL,NULL,NULL,NULL,NULL,False,False,False,False,False,True,True,True,True,NULL
"5618113245",True,False,NULL,NULL,NULL,NULL,NULL,NULL,NULL,NULL,True,NULL,NULL,NULL,NULL,NULL,False,False,False,False,False,True,True,True,True,NULL
"317869606",True,False,NULL,NULL,NULL,NULL,NULL,NULL,NULL,NULL,True,NULL,NULL,NULL,NULL,NULL,False,False,False,False,False,True,True,True,True,NULL
"6531338062",True,False,NULL,NULL,NULL,NULL,NULL,NULL,NULL,NULL,True,NULL,NULL,NULL,NULL,NULL,False,False,False,False,False,True,True,True,True,NULL
"1898657518",True,False,NULL,NULL,NULL,NULL,NULL,NULL,NULL,NULL,True,NULL,NULL,NULL,NULL,NULL,False,False,False,False,False,True,True,True,True,NULL
"7033309427",True,False,NULL,NULL,NULL,NULL,NULL,NULL,NULL,NULL,True,NULL,NULL,NULL,NULL,NULL,False,False,False,False,False,True,True,True,True,NULL
"6406496461",True,False,NULL,NULL,NULL,NULL,NULL,NULL,NULL,NULL,True,NULL,NULL,NULL,NULL,NULL,False,False,False,False,False,True,True,True,True,NULL
"682971862",False,False,NULL,NULL,NULL,NULL,NULL,NULL,NULL,NULL,True,NULL,NULL,NULL,NULL,NULL,False,False,False,False,False,True,True,True,True,NULL
"7611004087",True,False,NULL,NULL,"Ben Shapiro",NULL,"2025-10-19 19:10:00.341276+00","🎧",NULL,NULL,True,"Male",NULL,NULL,NULL,NULL,False,False,False,False,False,True,True,True,True,NULL
"1168273172",True,False,NULL,NULL,NULL,NULL,NULL,NULL,NULL,NULL,True,NULL,NULL,NULL,NULL,NULL,False,False,False,False,False,True,True,True,True,NULL
"8364335411",True,False,NULL,NULL,NULL,NULL,NULL,NULL,NULL,NULL,True,NULL,NULL,NULL,NULL,NULL,False,False,False,False,False,True,True,True,True,NULL
"8325814386",True,False,NULL,NULL,NULL,NULL,NULL,NULL,NULL,NULL,True,NULL,NULL,NULL,NULL,NULL,False,False,False,False,False,True,True,True,True,NULL
"593487126",True,False,NULL,NULL,NULL,NULL,NULL,NULL,NULL,NULL,True,NULL,NULL,NULL,NULL,NULL,False,False,False,False,False,True,True,True,True,NULL
"643266287",True,False,NULL,NULL,NULL,NULL,NULL,NULL,NULL,NULL,True,NULL,NULL,NULL,NULL,NULL,False,False,False,False,False,True,True,True,True,NULL
"6953908944",True,False,NULL,NULL,NULL,NULL,NULL,NULL,NULL,NULL,True,NULL,NULL,NULL,NULL,NULL,False,False,False,False,False,True,True,True,True,NULL
"1712957443",True,False,NULL,NULL,NULL,NULL,NULL,NULL,NULL,NULL,True,NULL,NULL,NULL,NULL,NULL,False,False,False,False,False,True,True,True,True,NULL
"7251865003",True,False,NULL,NULL,NULL,NULL,NULL,NULL,NULL,NULL,True,NULL,NULL,NULL,NULL,NULL,False,False,False,False,False,True,True,True,True,NULL
"2018467193",False,False,NULL,NULL,NULL,NULL,NULL,NULL,NULL,NULL,True,NULL,NULL,NULL,NULL,NULL,False,False,False,False,False,True,True,True,True,NULL
"812854040",True,False,NULL,NULL,NULL,NULL,NULL,NULL,NULL,NULL,True,NULL,NULL,NULL,NULL,NULL,False,False,False,False,False,True,True,True,True,NULL
"5606001711",True,False,NULL,NULL,NULL,NULL,NULL,NULL,NULL,NULL,True,NULL,NULL,NULL,NULL,NULL,False,False,False,False,False,True,True,True,True,NULL
"8263753022",True,False,NULL,NULL,NULL,NULL,NULL,NULL,NULL,NULL,True,NULL,NULL,NULL,NULL,NULL,False,False,False,False,False,True,True,True,True,NULL
"6332613822",True,False,NULL,NULL,"Zzzz",NULL,"2025-10-02 17:57:38.171635+00","😴",NULL,"It's what it's",True,NULL,NULL,NULL,NULL,NULL,False,False,False,False,False,True,True,True,True,"vgQBg8lIwK0"
"5272321269",True,False,NULL,NULL,NULL,NULL,NULL,NULL,NULL,NULL,True,NULL,NULL,NULL,NULL,NULL,False,False,False,False,False,True,True,True,True,NULL
"7738041512",True,False,NULL,NULL,NULL,NULL,NULL,NULL,NULL,NULL,True,NULL,NULL,NULL,NULL,NULL,False,False,False,False,False,True,True,True,True,NULL
"5280617271",True,False,NULL,NULL,NULL,NULL,NULL,NULL,NULL,NULL,True,NULL,NULL,NULL,NULL,NULL,False,False,False,False,False,True,True,True,True,NULL
"1967483701",True,False,NULL,NULL,NULL,NULL,NULL,NULL,NULL,NULL,True,NULL,NULL,NULL,NULL,NULL,False,False,False,False,False,True,True,True,True,NULL
"1045218100",True,False,NULL,NULL,NULL,NULL,NULL,NULL,NULL,NULL,True,NULL,NULL,NULL,NULL,NULL,False,False,False,False,False,True,True,True,True,NULL
"5959457060",True,False,NULL,NULL,NULL,NULL,NULL,NULL,NULL,NULL,True,NULL,NULL,NULL,NULL,NULL,False,False,False,False,False,True,True,True,True,NULL
"6119897505",True,False,NULL,NULL,NULL,NULL,NULL,NULL,NULL,NULL,True,NULL,NULL,NULL,NULL,NULL,False,False,False,False,False,True,True,True,True,NULL
"8219959152",True,False,NULL,NULL,NULL,NULL,NULL,NULL,NULL,NULL,True,NULL,NULL,NULL,NULL,NULL,False,False,False,False,False,True,True,True,True,NULL
"564904197",True,False,NULL,NULL,NULL,NULL,NULL,NULL,NULL,NULL,True,NULL,NULL,NULL,NULL,NULL,False,False,False,False,False,True,True,True,True,NULL
"6815529351",True,False,NULL,NULL,NULL,NULL,NULL,NULL,NULL,NULL,True,NULL,NULL,NULL,NULL,NULL,False,False,False,False,False,True,True,True,True,NULL
"1701785670",True,False,NULL,NULL,NULL,NULL,NULL,NULL,NULL,NULL,True,NULL,NULL,NULL,NULL,NULL,False,False,False,False,False,True,True,True,True,NULL
"5102650803",True,False,NULL,NULL,NULL,NULL,NULL,NULL,NULL,NULL,True,NULL,NULL,NULL,NULL,NULL,False,False,False,False,False,True,True,True,True,NULL
"8241647853",False,False,NULL,NULL,NULL,NULL,NULL,NULL,NULL,NULL,True,NULL,NULL,NULL,NULL,NULL,False,False,False,False,False,True,True,True,True,NULL
"5560366293",True,False,NULL,NULL,NULL,NULL,NULL,NULL,NULL,NULL,True,NULL,NULL,NULL,NULL,NULL,False,False,False,False,False,True,True,True,True,NULL
"1819122882",True,False,NULL,NULL,NULL,NULL,NULL,NULL,NULL,NULL,True,NULL,NULL,NULL,NULL,NULL,False,False,False,False,False,True,True,True,True,NULL
"2107806831",True,False,NULL,NULL,NULL,NULL,NULL,NULL,NULL,NULL,True,NULL,NULL,NULL,NULL,NULL,False,False,False,False,False,True,True,True,True,NULL
"5873910627",True,False,NULL,NULL,"dragon fairy",NULL,"2025-10-21 19:03:24.80823+00","👻",NULL,NULL,True,NULL,NULL,NULL,NULL,NULL,False,False,False,False,False,True,True,True,True,NULL
"1448171325",True,False,NULL,NULL,NULL,NULL,NULL,NULL,NULL,NULL,True,NULL,NULL,NULL,NULL,NULL,False,False,False,False,False,True,True,True,True,NULL
"5808021524",True,False,NULL,NULL,NULL,NULL,NULL,NULL,NULL,NULL,True,NULL,NULL,NULL,NULL,NULL,False,False,False,False,False,True,True,True,True,NULL
"623554565",False,False,NULL,NULL,NULL,NULL,NULL,NULL,NULL,NULL,True,NULL,NULL,NULL,NULL,NULL,False,False,False,False,False,True,True,True,True,NULL
"2139411309",True,False,NULL,NULL,NULL,NULL,NULL,NULL,NULL,NULL,True,NULL,NULL,NULL,NULL,NULL,False,False,False,False,False,True,True,True,True,NULL
"8363019181",True,False,NULL,NULL,NULL,NULL,NULL,NULL,NULL,NULL,True,NULL,NULL,NULL,NULL,NULL,False,False,False,False,False,True,True,True,True,NULL
"6230503180",True,False,NULL,NULL,NULL,NULL,NULL,NULL,NULL,NULL,True,NULL,NULL,NULL,NULL,NULL,False,False,False,False,False,True,True,True,True,NULL
"1311366108",True,False,NULL,NULL,NULL,NULL,NULL,NULL,NULL,NULL,True,NULL,NULL,NULL,NULL,NULL,False,False,False,False,False,True,True,True,True,NULL
"7732498367",True,False,NULL,NULL,NULL,NULL,NULL,NULL,NULL,NULL,True,NULL,NULL,NULL,NULL,NULL,False,False,False,False,False,True,True,True,True,"qBLxVR8wys8"
"1125023430",True,False,NULL,NULL,NULL,NULL,NULL,NULL,NULL,NULL,True,NULL,NULL,NULL,NULL,NULL,False,False,False,False,False,True,True,True,True,NULL
"1384620436",True,False,NULL,NULL,NULL,NULL,NULL,NULL,NULL,NULL,True,NULL,NULL,NULL,NULL,NULL,False,False,False,False,False,True,True,True,True,NULL
"1240936637",True,False,NULL,NULL,NULL,NULL,NULL,NULL,NULL,NULL,True,NULL,NULL,NULL,NULL,NULL,False,False,False,False,False,True,True,True,True,NULL
"8407359796",True,False,NULL,NULL,NULL,NULL,NULL,NULL,NULL,NULL,True,NULL,NULL,NULL,NULL,NULL,False,False,False,False,False,True,True,True,True,NULL
"1756271914",True,False,NULL,NULL,NULL,NULL,NULL,NULL,NULL,NULL,True,NULL,NULL,NULL,NULL,NULL,False,False,False,False,False,True,True,True,True,NULL
"5584767192",True,False,NULL,NULL,NULL,NULL,NULL,NULL,NULL,NULL,True,NULL,NULL,NULL,NULL,NULL,False,False,False,False,False,True,True,True,True,NULL
"7495659645",True,False,NULL,NULL,NULL,NULL,NULL,NULL,NULL,NULL,True,NULL,NULL,NULL,NULL,NULL,False,False,False,False,False,True,True,True,True,NULL
"1774213118",True,False,NULL,NULL,NULL,NULL,NULL,NULL,NULL,NULL,True,NULL,NULL,NULL,NULL,NULL,False,False,False,False,False,True,True,True,True,NULL
"7157983950",True,False,NULL,NULL,NULL,NULL,NULL,NULL,NULL,NULL,True,NULL,NULL,NULL,NULL,NULL,False,False,False,False,False,True,True,True,True,NULL
"6523920567",True,False,NULL,NULL,NULL,NULL,NULL,NULL,NULL,NULL,True,NULL,NULL,NULL,NULL,NULL,False,False,False,False,False,True,True,True,True,NULL
"639797466",True,False,NULL,NULL,NULL,NULL,NULL,NULL,NULL,NULL,True,NULL,NULL,NULL,NULL,NULL,False,False,False,False,False,True,True,True,True,NULL
"1468663800",True,False,NULL,NULL,"Malyshka",NULL,"2025-10-22 19:26:46.817094+00","✨",NULL,NULL,True,"Female",NULL,NULL,NULL,NULL,True,False,False,False,False,True,True,True,True,NULL
"5989057878",True,False,NULL,NULL,"Less zn zero",10,"2025-10-22 08:02:45.273904+00","🎧",NULL,"Love never fails",True,NULL,NULL,NULL,NULL,NULL,False,False,False,False,False,True,True,True,True,"YABJIHI1qnk"
"7085285341",True,False,NULL,NULL,NULL,NULL,NULL,NULL,NULL,NULL,True,NULL,NULL,NULL,NULL,NULL,False,False,False,False,False,True,True,True,True,NULL
"6106646426",True,False,NULL,NULL,NULL,NULL,NULL,NULL,NULL,NULL,True,NULL,NULL,NULL,NULL,NULL,False,False,False,False,False,True,True,True,True,NULL
"6580840976",True,False,NULL,NULL,NULL,NULL,NULL,NULL,NULL,NULL,True,NULL,NULL,NULL,NULL,NULL,False,False,False,False,False,True,True,True,True,NULL
"5925322608",True,False,NULL,NULL,NULL,NULL,NULL,NULL,NULL,NULL,True,NULL,NULL,NULL,NULL,NULL,False,False,False,False,False,True,True,True,True,"6i6w0pnBPf4"
"5678353953",True,False,NULL,NULL,"Meowzie",NULL,"2025-10-22 21:22:25.661736+00",NULL,NULL,NULL,True,NULL,NULL,NULL,NULL,NULL,False,False,False,False,False,True,True,True,True,"6EAf-3ZZ2Go"
"5822173002",True,False,NULL,NULL,NULL,NULL,NULL,NULL,NULL,NULL,True,NULL,NULL,NULL,NULL,NULL,False,False,False,False,False,True,True,True,True,"JSC2s4n83gw"
"787790540",True,False,NULL,NULL,NULL,NULL,NULL,NULL,NULL,NULL,True,NULL,NULL,NULL,NULL,NULL,False,False,False,False,False,True,True,True,True,NULL
"8314392260",True,False,NULL,NULL,NULL,NULL,NULL,NULL,NULL,NULL,True,NULL,NULL,NULL,NULL,NULL,False,False,False,False,False,True,True,True,True,NULL
"855345238",True,False,NULL,NULL,NULL,NULL,NULL,NULL,NULL,NULL,True,NULL,NULL,NULL,NULL,NULL,False,False,False,False,False,True,True,True,True,NULL
"1685874277",True,False,NULL,NULL,NULL,NULL,NULL,NULL,NULL,NULL,True,NULL,NULL,NULL,NULL,NULL,False,False,False,False,False,True,True,True,True,NULL
"1121019958",True,False,NULL,NULL,NULL,NULL,NULL,NULL,NULL,NULL,True,NULL,NULL,NULL,NULL,NULL,False,False,False,False,False,True,True,True,True,NULL
"674839679",True,False,NULL,NULL,NULL,NULL,NULL,NULL,NULL,NULL,True,NULL,NULL,NULL,NULL,NULL,False,False,False,False,False,True,True,True,True,NULL
"8048114744",True,False,NULL,NULL,NULL,NULL,NULL,NULL,NULL,NULL,True,NULL,NULL,NULL,NULL,NULL,False,False,False,False,False,True,True,True,True,NULL
"7148184820",True,False,NULL,NULL,NULL,NULL,NULL,NULL,NULL,NULL,True,NULL,NULL,NULL,NULL,NULL,False,False,False,False,False,True,True,True,True,NULL
"5494483067",True,False,NULL,NULL,NULL,NULL,NULL,NULL,NULL,NULL,True,NULL,NULL,NULL,NULL,NULL,False,False,False,False,False,True,True,True,True,NULL
"7767130779",True,False,NULL,NULL,NULL,NULL,NULL,NULL,NULL,NULL,True,NULL,NULL,NULL,NULL,NULL,False,False,False,False,False,True,True,True,True,NULL
"7278479078",False,False,NULL,NULL,NULL,NULL,NULL,NULL,NULL,NULL,True,NULL,NULL,NULL,NULL,NULL,False,False,False,False,False,True,True,True,True,NULL
"6560641585",True,False,NULL,NULL,NULL,NULL,NULL,NULL,NULL,NULL,True,NULL,NULL,NULL,NULL,NULL,False,False,False,False,False,True,True,True,True,NULL
"5355213175",False,False,NULL,NULL,NULL,NULL,NULL,NULL,NULL,NULL,True,NULL,NULL,NULL,NULL,NULL,False,False,False,False,False,True,True,True,True,NULL
"6530543442",True,False,NULL,NULL,NULL,NULL,NULL,NULL,NULL,NULL,True,NULL,NULL,NULL,NULL,NULL,False,False,False,False,False,True,True,True,True,NULL
"5399316336",True,False,NULL,NULL,NULL,NULL,NULL,NULL,NULL,NULL,True,NULL,NULL,NULL,NULL,NULL,False,False,False,False,False,True,True,True,True,NULL
"399292354",True,False,NULL,NULL,NULL,NULL,NULL,NULL,NULL,NULL,True,NULL,NULL,NULL,NULL,NULL,False,False,False,False,False,True,True,True,True,NULL
"6634362515",True,False,NULL,NULL,"Slavoj Zizek2",NULL,"2025-10-08 19:11:35.716366+00","🧐",NULL,NULL,True,NULL,NULL,NULL,NULL,NULL,False,False,False,False,False,True,True,True,True,"gv34IwGMKLc"
"8036962329",True,False,NULL,NULL,NULL,NULL,NULL,NULL,NULL,NULL,True,NULL,NULL,NULL,NULL,NULL,False,False,False,False,False,True,True,True,True,NULL
"5189409023",True,False,NULL,NULL,NULL,NULL,NULL,NULL,NULL,NULL,True,NULL,NULL,NULL,NULL,NULL,False,False,False,False,False,True,True,True,True,NULL
"548086579",True,False,NULL,NULL,NULL,NULL,NULL,NULL,NULL,NULL,True,NULL,NULL,NULL,NULL,NULL,False,False,False,False,False,True,True,True,True,NULL
"1058789087",True,False,NULL,NULL,NULL,NULL,NULL,NULL,NULL,NULL,True,NULL,NULL,NULL,NULL,NULL,False,False,False,False,False,True,True,True,True,NULL
"6495776799",True,False,NULL,NULL,NULL,NULL,NULL,NULL,NULL,NULL,True,NULL,NULL,NULL,NULL,NULL,False,False,False,False,False,True,True,True,True,NULL
"1200763248",True,False,NULL,NULL,NULL,NULL,NULL,NULL,NULL,NULL,True,NULL,NULL,NULL,NULL,NULL,False,False,False,False,False,True,True,True,True,NULL
"7305217743",True,False,NULL,NULL,NULL,NULL,NULL,NULL,NULL,NULL,True,NULL,NULL,NULL,NULL,NULL,False,False,False,False,False,True,True,True,True,NULL
"7127827879",True,False,NULL,NULL,NULL,NULL,NULL,NULL,NULL,NULL,True,NULL,NULL,NULL,NULL,NULL,False,False,False,False,False,True,True,True,True,NULL
"1481308402",False,False,NULL,NULL,NULL,NULL,NULL,NULL,NULL,NULL,True,NULL,NULL,NULL,NULL,NULL,False,False,False,False,False,True,True,True,True,NULL
"1100440197",True,False,NULL,NULL,NULL,NULL,NULL,NULL,NULL,NULL,True,NULL,NULL,NULL,NULL,NULL,False,False,False,False,False,True,True,True,True,NULL
"1464437046",True,False,NULL,NULL,NULL,NULL,NULL,NULL,NULL,NULL,True,NULL,NULL,NULL,NULL,NULL,False,False,False,False,False,True,True,True,True,NULL
"817290767",True,False,NULL,NULL,NULL,NULL,NULL,NULL,NULL,NULL,True,NULL,NULL,NULL,NULL,NULL,False,False,False,False,False,True,True,True,True,NULL
"8413393408",True,False,NULL,NULL,NULL,NULL,NULL,NULL,NULL,NULL,True,NULL,NULL,NULL,NULL,NULL,False,False,False,False,False,True,True,True,True,NULL
"966779530",True,False,NULL,NULL,NULL,NULL,NULL,NULL,NULL,NULL,True,NULL,NULL,NULL,NULL,NULL,False,False,False,False,False,True,True,True,True,NULL
"5839370960",True,False,NULL,NULL,NULL,NULL,NULL,NULL,NULL,NULL,True,NULL,NULL,NULL,NULL,NULL,False,False,False,False,False,True,True,True,True,NULL
"1270914858",True,False,NULL,NULL,NULL,NULL,NULL,NULL,NULL,NULL,True,NULL,NULL,NULL,NULL,NULL,False,False,False,False,False,True,True,True,True,NULL
"7747221633",True,False,NULL,NULL,NULL,NULL,NULL,NULL,NULL,NULL,True,NULL,NULL,NULL,NULL,NULL,False,False,False,False,False,True,True,True,True,NULL
"543435634",True,False,NULL,NULL,NULL,NULL,NULL,NULL,NULL,NULL,True,NULL,NULL,NULL,NULL,NULL,False,False,False,False,False,True,True,True,True,NULL
"854044985",True,False,NULL,NULL,NULL,NULL,NULL,NULL,NULL,NULL,True,NULL,NULL,NULL,NULL,NULL,False,False,False,False,False,True,True,True,True,NULL
"1145441632",True,False,NULL,NULL,NULL,NULL,NULL,NULL,NULL,NULL,True,NULL,NULL,NULL,NULL,NULL,False,False,False,False,False,True,True,True,True,NULL
"1206269805",True,False,NULL,NULL,NULL,NULL,NULL,NULL,NULL,NULL,True,NULL,NULL,NULL,NULL,NULL,False,False,False,False,False,True,True,True,True,NULL
"6849172710",True,False,NULL,NULL,NULL,NULL,NULL,NULL,NULL,NULL,True,NULL,NULL,NULL,NULL,NULL,False,False,False,False,False,True,True,True,True,NULL
"388318526",True,False,NULL,NULL,NULL,NULL,NULL,NULL,NULL,NULL,True,NULL,NULL,NULL,NULL,NULL,False,False,False,False,False,True,True,True,True,NULL
"409248171",True,False,NULL,NULL,NULL,NULL,NULL,NULL,NULL,NULL,True,NULL,NULL,NULL,NULL,NULL,False,False,False,False,False,True,True,True,True,NULL
"6371200207",True,False,NULL,NULL,NULL,NULL,NULL,NULL,NULL,NULL,True,NULL,NULL,NULL,NULL,NULL,False,False,False,False,False,True,True,True,True,NULL
"7576397154",True,False,NULL,NULL,NULL,NULL,NULL,NULL,NULL,NULL,True,NULL,NULL,NULL,NULL,NULL,False,False,False,False,False,True,True,True,True,NULL
"5918213267",True,False,NULL,NULL,"Hatejuice",NULL,"2025-10-01 05:20:05.739389+00","👤",NULL,NULL,True,NULL,NULL,NULL,NULL,NULL,False,False,False,False,False,True,True,True,True,NULL
"1682258259",True,False,NULL,NULL,NULL,NULL,NULL,NULL,NULL,NULL,True,NULL,NULL,NULL,NULL,NULL,False,False,False,False,False,True,True,True,True,NULL
"6427549296",True,False,NULL,NULL,"Wallstreet Wizard",0,"2025-09-30 20:12:04.125841+00","👤",NULL,"ICT CHANGED MY LIFE",True,NULL,NULL,NULL,NULL,NULL,False,False,False,False,False,True,True,True,True,NULL
"1309276007",True,False,NULL,NULL,"Damn",NULL,"2025-10-01 05:26:37.533794+00","✨",NULL,"Damn...",True,NULL,NULL,NULL,NULL,NULL,False,False,False,False,False,True,True,True,True,NULL
"1575247979",True,False,NULL,NULL,NULL,NULL,NULL,NULL,NULL,NULL,True,NULL,NULL,NULL,NULL,NULL,False,False,False,False,False,True,True,True,True,NULL
"683065584",True,False,NULL,NULL,"burnjuices",NULL,"2025-10-01 05:34:05.195335+00","🎨",NULL,"(• ◡•)▄︻デ══━一💥      🧃🧃🧃",True,NULL,NULL,NULL,NULL,NULL,False,False,False,False,False,True,True,True,True,NULL
"417918919",True,False,NULL,NULL,NULL,NULL,NULL,NULL,NULL,NULL,True,NULL,NULL,NULL,NULL,NULL,False,False,False,False,False,True,True,True,True,NULL
"6849026230",True,False,NULL,NULL,NULL,NULL,NULL,NULL,NULL,NULL,True,NULL,NULL,NULL,NULL,NULL,False,False,False,False,False,True,True,True,True,NULL
"6424448474",True,False,NULL,NULL,"barock",NULL,"2025-10-01 07:06:27.902932+00",NULL,NULL,NULL,True,NULL,NULL,NULL,NULL,NULL,False,False,False,False,False,True,True,True,True,NULL
"5886772925",True,False,NULL,NULL,NULL,NULL,NULL,NULL,NULL,NULL,True,NULL,NULL,NULL,NULL,NULL,False,False,False,False,False,True,True,True,True,NULL
"7378731307",True,False,NULL,NULL,NULL,NULL,NULL,NULL,NULL,NULL,True,NULL,NULL,NULL,NULL,NULL,False,False,False,False,False,True,True,True,True,NULL
"5651449413",True,False,NULL,NULL,NULL,NULL,NULL,NULL,NULL,NULL,True,NULL,NULL,NULL,NULL,NULL,False,False,False,False,False,True,True,True,True,NULL
"1888811380",False,False,NULL,NULL,NULL,NULL,NULL,NULL,NULL,NULL,True,NULL,NULL,NULL,NULL,NULL,False,False,False,False,False,True,True,True,True,NULL
"564057812",True,False,NULL,NULL,NULL,NULL,NULL,NULL,NULL,NULL,True,NULL,NULL,NULL,NULL,NULL,False,False,False,False,False,True,True,True,True,NULL
"1147224077",True,False,NULL,NULL,NULL,NULL,NULL,NULL,NULL,NULL,True,NULL,NULL,NULL,NULL,NULL,False,False,False,False,False,True,True,True,True,NULL
"1067988490",True,False,NULL,NULL,NULL,NULL,NULL,NULL,NULL,NULL,True,NULL,NULL,NULL,NULL,NULL,False,False,False,False,False,True,True,True,True,NULL
"1499615041",False,False,NULL,NULL,NULL,NULL,NULL,NULL,NULL,NULL,True,NULL,NULL,NULL,NULL,NULL,False,False,False,False,False,True,True,True,True,NULL
"5655881173",True,False,NULL,NULL,NULL,NULL,NULL,NULL,NULL,NULL,True,NULL,NULL,NULL,NULL,NULL,False,False,False,False,False,True,True,True,True,NULL
"1051864908",True,False,NULL,NULL,NULL,NULL,NULL,NULL,NULL,NULL,True,NULL,NULL,NULL,NULL,NULL,False,False,False,False,False,True,True,True,True,NULL
"8110187125",True,False,NULL,NULL,NULL,NULL,NULL,NULL,NULL,NULL,True,NULL,NULL,NULL,NULL,NULL,False,False,False,False,False,True,True,True,True,NULL
"978583279",True,False,NULL,NULL,NULL,NULL,NULL,NULL,NULL,NULL,True,NULL,NULL,NULL,NULL,NULL,False,False,False,False,False,True,True,True,True,NULL
"1962731306",True,False,NULL,NULL,NULL,NULL,NULL,NULL,NULL,NULL,True,NULL,NULL,NULL,NULL,NULL,False,False,False,False,False,True,True,True,True,NULL
"5930517867",False,False,NULL,NULL,NULL,NULL,NULL,NULL,NULL,NULL,True,NULL,NULL,NULL,NULL,NULL,False,False,False,False,False,True,True,True,True,NULL
"6161159023",True,False,NULL,NULL,NULL,NULL,NULL,NULL,NULL,NULL,True,NULL,NULL,NULL,NULL,NULL,False,False,False,False,False,True,True,True,True,NULL
"1852356713",True,False,NULL,NULL,NULL,NULL,NULL,NULL,NULL,NULL,True,NULL,NULL,NULL,NULL,NULL,False,False,False,False,False,True,True,True,True,NULL
"7403045513",True,False,NULL,NULL,NULL,NULL,NULL,NULL,NULL,NULL,True,NULL,NULL,NULL,NULL,NULL,False,False,False,False,False,True,True,True,True,NULL
"1973611595",True,False,NULL,NULL,NULL,NULL,NULL,NULL,NULL,NULL,True,NULL,NULL,NULL,NULL,NULL,False,False,False,False,False,True,True,True,True,NULL
"1650631717",True,False,NULL,NULL,NULL,NULL,NULL,NULL,NULL,NULL,True,NULL,NULL,NULL,NULL,NULL,False,False,False,False,False,True,True,True,True,NULL
"8239400459",True,False,NULL,NULL,NULL,NULL,NULL,NULL,NULL,NULL,True,NULL,NULL,NULL,NULL,NULL,False,False,False,False,False,True,True,True,True,NULL
"8391205095",True,False,NULL,NULL,NULL,NULL,NULL,NULL,NULL,NULL,True,NULL,NULL,NULL,NULL,NULL,False,False,False,False,False,True,True,True,True,NULL
"7392286168",True,False,NULL,NULL,NULL,NULL,NULL,NULL,NULL,NULL,True,NULL,NULL,NULL,NULL,NULL,False,False,False,False,False,True,True,True,True,"u864PogGkZ4"
"6044095332",True,False,NULL,NULL,"Ano",0,"2025-10-03 07:36:36.161713+00","👤",NULL,NULL,False,NULL,NULL,NULL,NULL,NULL,False,False,False,False,False,True,True,True,True,"vcbhjS7VLgQ"
"1133538088",True,False,NULL,NULL,NULL,NULL,NULL,NULL,NULL,NULL,True,NULL,NULL,NULL,NULL,NULL,False,False,False,False,False,True,True,True,True,NULL
"588472235",True,False,NULL,NULL,NULL,NULL,NULL,NULL,NULL,NULL,True,NULL,NULL,NULL,NULL,NULL,False,False,False,False,False,True,True,True,True,NULL
"5845512398",True,False,NULL,NULL,NULL,NULL,NULL,NULL,NULL,NULL,True,NULL,NULL,NULL,NULL,NULL,False,False,False,False,False,True,True,True,True,NULL
"924578513",True,False,NULL,NULL,NULL,NULL,NULL,NULL,NULL,NULL,True,NULL,NULL,NULL,NULL,NULL,False,False,False,False,False,True,True,True,True,NULL
"1327995377",True,False,NULL,NULL,NULL,NULL,NULL,NULL,NULL,NULL,True,NULL,NULL,NULL,NULL,NULL,False,False,False,False,False,True,True,True,True,NULL
"1601236731",True,False,NULL,NULL,NULL,NULL,NULL,NULL,NULL,NULL,True,NULL,NULL,NULL,NULL,NULL,False,False,False,False,False,True,True,True,True,NULL
"599508274",True,False,NULL,NULL,NULL,NULL,NULL,NULL,NULL,NULL,True,NULL,NULL,NULL,NULL,NULL,False,False,False,False,False,True,True,True,True,NULL
"5351361771",True,False,NULL,NULL,NULL,NULL,NULL,NULL,NULL,NULL,True,NULL,NULL,NULL,NULL,NULL,False,False,False,False,False,True,True,True,True,NULL
"1028387535",True,False,NULL,NULL,NULL,NULL,NULL,NULL,NULL,NULL,True,NULL,NULL,NULL,NULL,NULL,False,False,False,False,False,True,True,True,True,NULL
"6732525211",True,False,NULL,NULL,NULL,NULL,NULL,NULL,NULL,NULL,True,NULL,NULL,NULL,NULL,NULL,False,False,False,False,False,True,True,True,True,NULL
"8096218109",True,False,NULL,NULL,"Mamacita",NULL,"2025-10-01 15:07:54.964596+00","🎧",NULL,NULL,True,NULL,NULL,NULL,NULL,NULL,False,False,False,False,False,True,True,True,True,NULL
"641212437",True,False,NULL,NULL,NULL,NULL,NULL,NULL,NULL,NULL,True,NULL,NULL,NULL,NULL,NULL,False,False,False,False,False,True,True,True,True,NULL
"1450355979",True,False,NULL,NULL,NULL,NULL,NULL,NULL,NULL,NULL,True,NULL,NULL,NULL,NULL,NULL,False,False,False,False,False,True,True,True,True,NULL
"2003840911",True,False,NULL,NULL,NULL,NULL,NULL,NULL,NULL,NULL,True,NULL,NULL,NULL,NULL,NULL,False,False,False,False,False,True,True,True,True,NULL
"6736300129",True,False,NULL,NULL,NULL,NULL,NULL,NULL,NULL,NULL,True,NULL,NULL,NULL,NULL,NULL,False,False,False,False,False,True,True,True,True,NULL
"5927469899",True,False,NULL,NULL,NULL,NULL,NULL,NULL,NULL,NULL,True,NULL,NULL,NULL,NULL,NULL,False,False,False,False,False,True,True,True,True,NULL
"1175564754",False,False,NULL,NULL,NULL,NULL,NULL,NULL,NULL,NULL,True,NULL,NULL,NULL,NULL,NULL,False,False,False,False,False,True,True,True,True,NULL
"6258543488",True,False,NULL,NULL,NULL,NULL,NULL,NULL,NULL,NULL,True,NULL,NULL,NULL,NULL,NULL,False,False,False,False,False,True,True,True,True,NULL
"5543549133",True,False,NULL,NULL,NULL,NULL,NULL,NULL,NULL,NULL,True,NULL,NULL,NULL,NULL,NULL,False,False,False,False,False,True,True,True,True,NULL
"482373165",True,False,NULL,NULL,NULL,NULL,NULL,NULL,NULL,NULL,True,NULL,NULL,NULL,NULL,NULL,False,False,False,False,False,True,True,True,True,NULL
"1173536203",True,False,NULL,NULL,NULL,NULL,NULL,NULL,NULL,NULL,True,NULL,NULL,NULL,NULL,NULL,False,False,False,False,False,True,True,True,True,NULL
"7572120358",True,False,NULL,NULL,NULL,NULL,NULL,NULL,NULL,NULL,True,NULL,NULL,NULL,NULL,NULL,False,False,False,False,False,True,True,True,True,NULL
"6772309756",True,False,NULL,NULL,NULL,NULL,NULL,NULL,NULL,NULL,True,NULL,NULL,NULL,NULL,NULL,False,False,False,False,False,True,True,True,True,NULL
"1085730494",True,False,NULL,NULL,NULL,NULL,NULL,NULL,NULL,NULL,True,NULL,NULL,NULL,NULL,NULL,False,False,False,False,False,True,True,True,True,NULL
"1030581578",True,False,NULL,NULL,NULL,NULL,NULL,NULL,NULL,NULL,True,NULL,NULL,NULL,NULL,NULL,False,False,False,False,False,True,True,True,True,NULL
"6993562534",True,False,NULL,NULL,"Eima",NULL,"2025-10-01 12:40:32.387043+00","🧐",NULL,NULL,False,NULL,NULL,NULL,NULL,NULL,False,False,False,False,False,True,True,True,True,"VM7zj0eJNuE"
"5842763976",True,False,NULL,NULL,NULL,NULL,NULL,NULL,NULL,NULL,True,NULL,NULL,NULL,NULL,NULL,False,False,False,False,False,True,True,True,True,NULL
"5703235367",True,False,NULL,NULL,NULL,NULL,NULL,NULL,NULL,NULL,True,NULL,NULL,NULL,NULL,NULL,False,False,False,False,False,True,True,True,True,NULL
"5559593858",True,False,NULL,NULL,"Cloud",25,"2025-10-01 19:29:12.101939+00","😎",NULL,"Clouds come floating into my life, no longer to carry rain or usher storm, but to add color to my sunset sky.",True,NULL,NULL,NULL,NULL,NULL,False,False,False,False,False,True,True,True,True,NULL
"1234906877",True,False,NULL,NULL,NULL,NULL,NULL,NULL,NULL,NULL,True,NULL,NULL,NULL,NULL,NULL,False,False,False,False,False,True,True,True,True,NULL
"5728140874",True,False,NULL,NULL,NULL,NULL,NULL,NULL,NULL,NULL,True,NULL,NULL,NULL,NULL,NULL,False,False,False,False,False,True,True,True,True,NULL
"1233811688",True,False,NULL,NULL,NULL,NULL,NULL,NULL,NULL,NULL,True,NULL,NULL,NULL,NULL,NULL,False,False,False,False,False,True,True,True,True,NULL
"625417299",True,False,NULL,NULL,NULL,NULL,NULL,NULL,NULL,NULL,True,NULL,NULL,NULL,NULL,NULL,False,False,False,False,False,True,True,True,True,NULL
"1540047700",True,False,NULL,NULL,NULL,NULL,NULL,NULL,NULL,NULL,True,NULL,NULL,NULL,NULL,NULL,False,False,False,False,False,True,True,True,True,NULL
"6927606791",True,False,NULL,NULL,NULL,NULL,NULL,NULL,NULL,NULL,True,NULL,NULL,NULL,NULL,NULL,False,False,False,False,False,True,True,True,True,NULL
"6572466672",True,False,NULL,NULL,NULL,NULL,NULL,NULL,NULL,NULL,True,NULL,NULL,NULL,NULL,NULL,False,False,False,False,False,True,True,True,True,NULL
"930557265",True,False,NULL,NULL,NULL,NULL,NULL,NULL,NULL,NULL,True,NULL,NULL,NULL,NULL,NULL,False,False,False,False,False,True,True,True,True,NULL
"6363139531",True,False,NULL,NULL,NULL,NULL,NULL,NULL,NULL,NULL,True,NULL,NULL,NULL,NULL,NULL,False,False,False,False,False,True,True,True,True,NULL
"345053113",True,False,NULL,NULL,NULL,NULL,NULL,NULL,NULL,NULL,True,NULL,NULL,NULL,NULL,NULL,False,False,False,False,False,True,True,True,True,NULL
"1708687317",True,False,NULL,NULL,NULL,NULL,NULL,NULL,NULL,NULL,True,NULL,NULL,NULL,NULL,NULL,False,False,False,False,False,True,True,True,True,NULL
"1560048373",False,False,NULL,NULL,NULL,NULL,NULL,NULL,NULL,NULL,True,NULL,NULL,NULL,NULL,NULL,False,False,False,False,False,True,True,True,True,NULL
"548732603",True,False,NULL,NULL,NULL,NULL,NULL,NULL,NULL,NULL,True,NULL,NULL,NULL,NULL,NULL,False,False,False,False,False,True,True,True,True,NULL
"6072143511",True,False,NULL,NULL,NULL,NULL,NULL,NULL,NULL,NULL,True,NULL,NULL,NULL,NULL,NULL,False,False,False,False,False,True,True,True,True,NULL
"6831414453",True,False,NULL,NULL,"Hannibal",10,"2025-09-30 19:28:20.088989+00","🧑",NULL,"ፎንቃ ያዘኝ",True,NULL,NULL,NULL,NULL,NULL,False,False,False,False,False,True,True,True,True,NULL
"7052473526",True,False,NULL,NULL,NULL,NULL,NULL,NULL,NULL,NULL,True,NULL,NULL,NULL,NULL,NULL,False,False,False,False,False,True,True,True,True,NULL
"900188307",True,False,NULL,NULL,NULL,NULL,NULL,NULL,NULL,NULL,True,NULL,NULL,NULL,NULL,NULL,False,False,False,False,False,True,True,True,True,NULL
"1337869023",True,False,NULL,NULL,NULL,NULL,NULL,NULL,NULL,NULL,True,NULL,NULL,NULL,NULL,NULL,False,False,False,False,False,True,True,True,True,NULL
"1017392398",True,False,NULL,NULL,NULL,NULL,NULL,NULL,NULL,NULL,True,NULL,NULL,NULL,NULL,NULL,False,False,False,False,False,True,True,True,True,NULL
"7019156229",True,False,NULL,NULL,NULL,NULL,NULL,NULL,NULL,NULL,True,NULL,NULL,NULL,NULL,NULL,False,False,False,False,False,True,True,True,True,NULL
"1454396899",True,False,NULL,NULL,NULL,NULL,NULL,NULL,NULL,NULL,True,NULL,NULL,NULL,NULL,NULL,False,False,False,False,False,True,True,True,True,NULL
"2049450319",True,False,NULL,NULL,NULL,NULL,NULL,NULL,NULL,NULL,True,NULL,NULL,NULL,NULL,NULL,False,False,False,False,False,True,True,True,True,NULL
"1121338590",True,False,NULL,NULL,"Sumeya",NULL,"2025-10-06 08:30:49.060577+00",NULL,NULL,NULL,True,NULL,NULL,NULL,NULL,NULL,False,False,False,False,False,True,True,True,True,NULL
"6392565522",True,False,NULL,NULL,NULL,NULL,NULL,NULL,NULL,NULL,True,NULL,NULL,NULL,NULL,NULL,False,False,False,False,False,True,True,True,True,"ttZU8tkZf_k"
"7725456067",True,False,NULL,NULL,NULL,NULL,NULL,NULL,NULL,NULL,True,NULL,NULL,NULL,NULL,NULL,False,False,False,False,False,True,True,True,True,NULL
"1057748295",True,False,NULL,NULL,NULL,NULL,NULL,NULL,NULL,NULL,True,NULL,NULL,NULL,NULL,NULL,False,False,False,False,False,True,True,True,True,NULL
"5235881105",True,False,NULL,NULL,NULL,NULL,NULL,NULL,NULL,NULL,True,NULL,NULL,NULL,NULL,NULL,False,False,False,False,False,True,True,True,True,NULL
"5220371517",True,False,NULL,NULL,"Honeybeeeeee",NULL,"2025-09-29 18:38:55.817998+00","👤",NULL,NULL,True,NULL,NULL,NULL,NULL,NULL,False,False,False,False,False,True,True,True,True,NULL
"7389334450",True,False,NULL,NULL,NULL,NULL,NULL,NULL,NULL,NULL,True,NULL,NULL,NULL,NULL,NULL,False,False,False,False,False,True,True,True,True,NULL
"6560500320",True,False,NULL,NULL,NULL,NULL,NULL,NULL,NULL,NULL,True,NULL,NULL,NULL,NULL,NULL,False,False,False,False,False,True,True,True,True,NULL
"7247559367",True,False,NULL,NULL,NULL,NULL,NULL,NULL,NULL,NULL,True,NULL,NULL,NULL,NULL,NULL,False,False,False,False,False,True,True,True,True,NULL
"819515699",True,False,NULL,NULL,NULL,NULL,NULL,NULL,NULL,NULL,True,NULL,NULL,NULL,NULL,NULL,False,False,False,False,False,True,True,True,True,NULL
"6555910701",True,False,NULL,NULL,NULL,NULL,NULL,NULL,NULL,NULL,True,NULL,NULL,NULL,NULL,NULL,False,False,False,False,False,True,True,True,True,NULL
"1059696594",True,False,NULL,NULL,NULL,NULL,NULL,NULL,NULL,NULL,True,NULL,NULL,NULL,NULL,NULL,False,False,False,False,False,True,True,True,True,NULL
"587285062",True,False,NULL,NULL,NULL,NULL,NULL,NULL,NULL,NULL,True,NULL,NULL,NULL,NULL,NULL,False,False,False,False,False,True,True,True,True,NULL
"5901452204",True,False,NULL,NULL,NULL,NULL,NULL,NULL,NULL,NULL,True,NULL,NULL,NULL,NULL,NULL,False,False,False,False,False,True,True,True,True,NULL
"2038269676",False,False,NULL,NULL,NULL,NULL,NULL,NULL,NULL,NULL,True,NULL,NULL,NULL,NULL,NULL,False,False,False,False,False,True,True,True,True,NULL
"1365977017",True,False,NULL,NULL,NULL,NULL,NULL,NULL,NULL,NULL,True,NULL,NULL,NULL,NULL,NULL,False,False,False,False,False,True,True,True,True,NULL
"797460120",True,False,NULL,NULL,NULL,NULL,NULL,NULL,NULL,NULL,True,NULL,NULL,NULL,NULL,NULL,False,False,False,False,False,True,True,True,True,NULL
"6118686665",True,False,NULL,NULL,NULL,NULL,NULL,NULL,NULL,NULL,True,NULL,NULL,NULL,NULL,NULL,False,False,False,False,False,True,True,True,True,NULL
"5507142744",False,False,NULL,NULL,NULL,NULL,NULL,NULL,NULL,NULL,True,NULL,NULL,NULL,NULL,NULL,False,False,False,False,False,True,True,True,True,NULL
"1120884013",True,False,NULL,NULL,NULL,NULL,NULL,NULL,NULL,NULL,True,NULL,NULL,NULL,NULL,NULL,False,False,False,False,False,True,True,True,True,NULL
"8135068083",True,False,NULL,NULL,NULL,NULL,NULL,NULL,NULL,NULL,True,NULL,NULL,NULL,NULL,NULL,False,False,False,False,False,True,True,True,True,NULL
"310184416",True,False,NULL,NULL,NULL,NULL,NULL,NULL,NULL,NULL,True,NULL,NULL,NULL,NULL,NULL,False,False,False,False,False,True,True,True,True,NULL
"8133207412",True,False,NULL,NULL,NULL,NULL,NULL,NULL,NULL,NULL,True,NULL,NULL,NULL,NULL,NULL,False,False,False,False,False,True,True,True,True,NULL
"1841213088",True,False,NULL,NULL,NULL,NULL,NULL,NULL,NULL,NULL,True,NULL,NULL,NULL,NULL,NULL,False,False,False,False,False,True,True,True,True,NULL
"5668641830",True,False,NULL,NULL,NULL,NULL,NULL,NULL,NULL,NULL,True,NULL,NULL,NULL,NULL,NULL,False,False,False,False,False,True,True,True,True,NULL
"599681924",True,False,NULL,NULL,NULL,NULL,NULL,NULL,NULL,NULL,True,NULL,NULL,NULL,NULL,NULL,False,False,False,False,False,True,True,True,True,NULL
"1690924323",True,False,NULL,NULL,NULL,NULL,NULL,NULL,NULL,NULL,True,NULL,NULL,NULL,NULL,NULL,False,False,False,False,False,True,True,True,True,NULL
"6168147505",True,False,NULL,NULL,NULL,NULL,NULL,NULL,NULL,NULL,True,NULL,NULL,NULL,NULL,NULL,False,False,False,False,False,True,True,True,True,NULL
"5489505685",True,False,NULL,NULL,NULL,NULL,NULL,NULL,NULL,NULL,True,NULL,NULL,NULL,NULL,NULL,False,False,False,False,False,True,True,True,True,NULL
"1349390207",False,False,NULL,NULL,NULL,NULL,NULL,NULL,NULL,NULL,True,NULL,NULL,NULL,NULL,NULL,False,False,False,False,False,True,True,True,True,NULL
"6217745002",False,False,NULL,NULL,NULL,NULL,NULL,NULL,NULL,NULL,True,NULL,NULL,NULL,NULL,NULL,False,False,False,False,False,True,True,True,True,NULL
"1254011772",True,False,NULL,NULL,NULL,NULL,NULL,NULL,NULL,NULL,True,NULL,NULL,NULL,NULL,NULL,False,False,False,False,False,True,True,True,True,NULL
"7872722963",True,False,NULL,NULL,NULL,NULL,NULL,NULL,NULL,NULL,True,NULL,NULL,NULL,NULL,NULL,False,False,False,False,False,True,True,True,True,NULL
"898098297",True,False,NULL,NULL,NULL,NULL,NULL,NULL,NULL,NULL,True,NULL,NULL,NULL,NULL,NULL,False,False,False,False,False,True,True,True,True,NULL
"1769823286",True,False,NULL,NULL,NULL,NULL,NULL,NULL,NULL,NULL,True,NULL,NULL,NULL,NULL,NULL,False,False,False,False,False,True,True,True,True,NULL
"1210611270",True,False,NULL,NULL,"The alchemy",NULL,"2025-10-02 09:25:52.363417+00","😎",NULL,NULL,True,NULL,NULL,NULL,NULL,NULL,False,False,False,False,False,True,True,True,True,NULL
"6405080061",True,False,NULL,NULL,NULL,NULL,NULL,NULL,NULL,NULL,True,NULL,NULL,NULL,NULL,NULL,False,False,False,False,False,True,True,True,True,NULL
"1568742526",True,False,NULL,NULL,NULL,NULL,NULL,NULL,NULL,NULL,True,NULL,NULL,NULL,NULL,NULL,False,False,False,False,False,True,True,True,True,NULL
"5072024630",True,False,NULL,NULL,NULL,NULL,NULL,NULL,NULL,NULL,True,NULL,NULL,NULL,NULL,NULL,False,False,False,False,False,True,True,True,True,NULL
"5101901033",True,False,NULL,NULL,NULL,NULL,NULL,NULL,NULL,NULL,True,NULL,NULL,NULL,NULL,NULL,False,False,False,False,False,True,True,True,True,NULL
"5471068760",True,False,NULL,NULL,NULL,NULL,NULL,NULL,NULL,NULL,True,NULL,NULL,NULL,NULL,NULL,False,False,False,False,False,True,True,True,True,NULL
"316638964",True,False,NULL,NULL,"E D I T H",NULL,"2025-10-07 17:23:21.267185+00","👻",NULL,"Even Dumb I am The Heyday",True,NULL,NULL,NULL,NULL,NULL,False,False,False,False,False,True,True,True,True,"xLYD3UA_ax0"
"5883716385",True,False,NULL,NULL,NULL,NULL,NULL,NULL,NULL,NULL,True,NULL,NULL,NULL,NULL,NULL,False,False,False,False,False,True,True,True,True,NULL
"5624371708",True,False,NULL,NULL,NULL,NULL,NULL,NULL,NULL,NULL,True,NULL,NULL,NULL,NULL,NULL,False,False,False,False,False,True,True,True,True,NULL
"5909685584",True,False,NULL,NULL,NULL,NULL,NULL,NULL,NULL,NULL,True,NULL,NULL,NULL,NULL,NULL,False,False,False,False,False,True,True,True,True,NULL
"6683859840",False,False,NULL,NULL,NULL,NULL,NULL,NULL,NULL,NULL,True,NULL,NULL,NULL,NULL,NULL,False,False,False,False,False,True,True,True,True,NULL
"1880763171",True,False,NULL,NULL,NULL,NULL,NULL,NULL,NULL,NULL,True,NULL,NULL,NULL,NULL,NULL,False,False,False,False,False,True,True,True,True,NULL
"1565924830",True,False,NULL,NULL,NULL,NULL,NULL,NULL,NULL,NULL,True,NULL,NULL,NULL,NULL,NULL,False,False,False,False,False,True,True,True,True,NULL
"2099454675",True,False,NULL,NULL,"Seeker",NULL,"2025-10-05 18:37:22.424946+00","🧐",NULL,NULL,True,NULL,NULL,NULL,NULL,NULL,False,False,False,False,False,True,True,True,True,"dm5FYMCekZ8"
"1579216859",True,False,NULL,NULL,NULL,NULL,NULL,NULL,NULL,NULL,True,NULL,NULL,NULL,NULL,NULL,False,False,False,False,False,True,True,True,True,NULL
"6425370599",True,False,NULL,NULL,NULL,NULL,NULL,NULL,NULL,NULL,True,NULL,NULL,NULL,NULL,NULL,False,False,False,False,False,True,True,True,True,NULL
"790951539",True,False,NULL,NULL,NULL,NULL,NULL,NULL,NULL,NULL,True,NULL,NULL,NULL,NULL,NULL,False,False,False,False,False,True,True,True,True,NULL
"1810028141",True,False,NULL,NULL,NULL,NULL,NULL,NULL,NULL,NULL,True,NULL,NULL,NULL,NULL,NULL,False,False,False,False,False,True,True,True,True,NULL
"903963080",True,False,NULL,NULL,NULL,NULL,NULL,NULL,NULL,NULL,True,NULL,NULL,NULL,NULL,NULL,False,False,False,False,False,True,True,True,True,NULL
"1311777562",True,False,NULL,NULL,NULL,NULL,NULL,NULL,NULL,NULL,True,NULL,NULL,NULL,NULL,NULL,False,False,False,False,False,True,True,True,True,NULL
"7236985456",True,False,NULL,NULL,NULL,NULL,NULL,NULL,NULL,NULL,True,NULL,NULL,NULL,NULL,NULL,False,False,False,False,False,True,True,True,True,NULL
"6032962596",True,False,NULL,NULL,NULL,NULL,NULL,NULL,NULL,NULL,True,NULL,NULL,NULL,NULL,NULL,False,False,False,False,False,True,True,True,True,NULL
"1406075721",True,False,NULL,NULL,NULL,NULL,NULL,NULL,NULL,NULL,True,NULL,NULL,NULL,NULL,NULL,False,False,False,False,False,True,True,True,True,NULL
"5957203901",True,False,NULL,NULL,NULL,NULL,NULL,NULL,NULL,NULL,True,NULL,NULL,NULL,NULL,NULL,False,False,False,False,False,True,True,True,True,NULL
"1800083461",True,False,NULL,NULL,NULL,NULL,NULL,NULL,NULL,NULL,True,NULL,NULL,NULL,NULL,NULL,False,False,False,False,False,True,True,True,True,NULL
"449201737",True,False,NULL,NULL,NULL,NULL,NULL,NULL,NULL,NULL,True,NULL,NULL,NULL,NULL,NULL,False,False,False,False,False,True,True,True,True,NULL
"8052731904",True,False,NULL,NULL,"natasha",NULL,"2025-10-02 18:56:54.9972+00","😎",NULL,NULL,True,NULL,NULL,NULL,NULL,NULL,False,False,False,False,False,True,True,True,True,NULL
"810069407",True,False,NULL,NULL,NULL,NULL,NULL,NULL,NULL,NULL,True,NULL,NULL,NULL,NULL,NULL,False,False,False,False,False,True,True,True,True,NULL
"5042567212",True,False,NULL,NULL,NULL,NULL,NULL,NULL,NULL,NULL,True,NULL,NULL,NULL,NULL,NULL,False,False,False,False,False,True,True,True,True,NULL
"660035734",True,False,NULL,NULL,NULL,NULL,NULL,NULL,NULL,NULL,True,NULL,NULL,NULL,NULL,NULL,False,False,False,False,False,True,True,True,True,NULL
"582550439",True,False,NULL,NULL,NULL,NULL,NULL,NULL,NULL,NULL,True,NULL,NULL,NULL,NULL,NULL,False,False,False,False,False,True,True,True,True,NULL
"826573048",True,False,NULL,NULL,NULL,NULL,NULL,NULL,NULL,NULL,True,NULL,NULL,NULL,NULL,NULL,False,False,False,False,False,True,True,True,True,NULL
"1415467159",True,False,NULL,NULL,NULL,NULL,NULL,NULL,NULL,NULL,True,NULL,NULL,NULL,NULL,NULL,False,False,False,False,False,True,True,True,True,NULL
"5651883179",True,False,NULL,NULL,NULL,NULL,NULL,NULL,NULL,NULL,True,NULL,NULL,NULL,NULL,NULL,False,False,False,False,False,True,True,True,True,NULL
"8466218311",True,False,NULL,NULL,NULL,NULL,NULL,NULL,NULL,NULL,True,NULL,NULL,NULL,NULL,NULL,False,False,False,False,False,True,True,True,True,NULL
"7419444292",True,False,NULL,NULL,NULL,NULL,NULL,NULL,NULL,NULL,True,NULL,NULL,NULL,NULL,NULL,False,False,False,False,False,True,True,True,True,NULL
"1819553366",True,False,NULL,NULL,NULL,NULL,NULL,NULL,NULL,NULL,True,NULL,NULL,NULL,NULL,NULL,False,False,False,False,False,True,True,True,True,NULL
"2008901592",False,False,NULL,NULL,NULL,NULL,NULL,NULL,NULL,NULL,True,NULL,NULL,NULL,NULL,NULL,False,False,False,False,False,True,True,True,True,NULL
"775682969",True,False,NULL,NULL,NULL,NULL,NULL,NULL,NULL,NULL,True,NULL,NULL,NULL,NULL,NULL,False,False,False,False,False,True,True,True,True,NULL
"1164080149",True,False,NULL,NULL,NULL,NULL,NULL,NULL,NULL,NULL,True,NULL,NULL,NULL,NULL,NULL,False,False,False,False,False,True,True,True,True,NULL
"1239133489",True,False,NULL,NULL,NULL,NULL,NULL,NULL,NULL,NULL,True,NULL,NULL,NULL,NULL,NULL,False,False,False,False,False,True,True,True,True,NULL
"1368004538",True,False,NULL,NULL,NULL,NULL,NULL,NULL,NULL,NULL,True,NULL,NULL,NULL,NULL,NULL,False,False,False,False,False,True,True,True,True,NULL
"5478249859",True,False,NULL,NULL,NULL,NULL,NULL,NULL,NULL,NULL,True,NULL,NULL,NULL,NULL,NULL,False,False,False,False,False,True,True,True,True,NULL
"7396956260",True,False,NULL,NULL,NULL,NULL,NULL,NULL,NULL,NULL,True,NULL,NULL,NULL,NULL,NULL,False,False,False,False,False,True,True,True,True,NULL
"6637278528",True,False,NULL,NULL,NULL,NULL,NULL,NULL,NULL,NULL,True,NULL,NULL,NULL,NULL,NULL,False,False,False,False,False,True,True,True,True,NULL
"6916959795",True,False,NULL,NULL,NULL,NULL,NULL,NULL,NULL,NULL,True,NULL,NULL,NULL,NULL,NULL,False,False,False,False,False,True,True,True,True,NULL
"1626133672",False,False,NULL,NULL,NULL,NULL,NULL,NULL,NULL,NULL,True,NULL,NULL,NULL,NULL,NULL,False,False,False,False,False,True,True,True,True,NULL
"6808362524",True,False,NULL,NULL,NULL,NULL,NULL,NULL,NULL,NULL,True,NULL,NULL,NULL,NULL,NULL,False,False,False,False,False,True,True,True,True,NULL
"779691666",True,False,NULL,NULL,NULL,NULL,NULL,NULL,NULL,NULL,True,NULL,NULL,NULL,NULL,NULL,False,False,False,False,False,True,True,True,True,NULL
"7951602954",True,False,NULL,NULL,NULL,NULL,NULL,NULL,NULL,NULL,True,NULL,NULL,NULL,NULL,NULL,False,False,False,False,False,True,True,True,True,NULL
"5834686530",True,False,NULL,NULL,NULL,NULL,NULL,NULL,NULL,NULL,True,NULL,NULL,NULL,NULL,NULL,False,False,False,False,False,True,True,True,True,NULL
"574790938",True,False,NULL,NULL,NULL,NULL,NULL,NULL,NULL,NULL,True,NULL,NULL,NULL,NULL,NULL,False,False,False,False,False,True,True,True,True,NULL
"7034947520",True,False,NULL,NULL,NULL,NULL,NULL,NULL,NULL,NULL,True,NULL,NULL,NULL,NULL,NULL,False,False,False,False,False,True,True,True,True,NULL
"703920246",True,False,NULL,NULL,NULL,NULL,NULL,NULL,NULL,NULL,True,NULL,NULL,NULL,NULL,NULL,False,False,False,False,False,True,True,True,True,NULL
"845538899",True,False,NULL,NULL,NULL,NULL,NULL,NULL,NULL,NULL,True,NULL,NULL,NULL,NULL,NULL,False,False,False,False,False,True,True,True,True,NULL
"7924664913",True,False,NULL,NULL,NULL,NULL,NULL,NULL,NULL,NULL,True,NULL,NULL,NULL,NULL,NULL,False,False,False,False,False,True,True,True,True,NULL
"6593144333",True,False,NULL,NULL,NULL,NULL,NULL,NULL,NULL,NULL,True,NULL,NULL,NULL,NULL,NULL,False,False,False,False,False,True,True,True,True,NULL
"6692034060",True,False,NULL,NULL,NULL,NULL,NULL,NULL,NULL,NULL,True,NULL,NULL,NULL,NULL,NULL,False,False,False,False,False,True,True,True,True,NULL
"595717228",False,False,NULL,NULL,NULL,NULL,NULL,NULL,NULL,NULL,True,NULL,NULL,NULL,NULL,NULL,False,False,False,False,False,True,True,True,True,NULL
"7723505768",True,False,NULL,NULL,NULL,NULL,NULL,NULL,NULL,NULL,True,NULL,NULL,NULL,NULL,NULL,False,False,False,False,False,True,True,True,True,NULL
"718914528",True,False,NULL,NULL,NULL,NULL,NULL,NULL,NULL,NULL,True,NULL,NULL,NULL,NULL,NULL,False,False,False,False,False,True,True,True,True,NULL
"5864238273",False,False,NULL,NULL,NULL,NULL,NULL,NULL,NULL,NULL,True,NULL,NULL,NULL,NULL,NULL,False,False,False,False,False,True,True,True,True,NULL
"8178316350",True,False,NULL,NULL,NULL,NULL,NULL,NULL,NULL,NULL,True,NULL,NULL,NULL,NULL,NULL,False,False,False,False,False,True,True,True,True,NULL
"1188281427",True,False,NULL,NULL,NULL,NULL,NULL,NULL,NULL,NULL,True,NULL,NULL,NULL,NULL,NULL,False,False,False,False,False,True,True,True,True,NULL
"6434627058",True,False,NULL,NULL,NULL,NULL,NULL,NULL,NULL,NULL,True,NULL,NULL,NULL,NULL,NULL,False,False,False,False,False,True,True,True,True,NULL
"5054944186",True,False,NULL,NULL,NULL,NULL,NULL,NULL,NULL,NULL,True,NULL,NULL,NULL,NULL,NULL,False,False,False,False,False,True,True,True,True,NULL
"7125458940",True,False,NULL,NULL,NULL,NULL,NULL,NULL,NULL,NULL,True,NULL,NULL,NULL,NULL,NULL,False,False,False,False,False,True,True,True,True,NULL
"1415776921",True,False,NULL,NULL,NULL,NULL,NULL,NULL,NULL,NULL,True,NULL,NULL,NULL,NULL,NULL,False,False,False,False,False,True,True,True,True,NULL
"5606489397",True,False,NULL,NULL,NULL,NULL,NULL,NULL,NULL,NULL,True,NULL,NULL,NULL,NULL,NULL,False,False,False,False,False,True,True,True,True,NULL
"1637545363",False,False,NULL,NULL,NULL,NULL,NULL,NULL,NULL,NULL,True,NULL,NULL,NULL,NULL,NULL,False,False,False,False,False,True,True,True,True,NULL
"5776291252",True,False,NULL,NULL,NULL,NULL,NULL,NULL,NULL,NULL,True,NULL,NULL,NULL,NULL,NULL,False,False,False,False,False,True,True,True,True,NULL
"1783384636",True,False,NULL,NULL,NULL,NULL,NULL,NULL,NULL,NULL,True,NULL,NULL,NULL,NULL,NULL,False,False,False,False,False,True,True,True,True,NULL
"399247321",True,False,NULL,NULL,NULL,NULL,NULL,NULL,NULL,NULL,True,NULL,NULL,NULL,NULL,NULL,False,False,False,False,False,True,True,True,True,NULL
"6795461714",True,False,NULL,NULL,NULL,NULL,NULL,NULL,NULL,NULL,True,NULL,NULL,NULL,NULL,NULL,False,False,False,False,False,True,True,True,True,NULL
"5810456094",True,False,NULL,NULL,NULL,NULL,NULL,NULL,NULL,NULL,True,NULL,NULL,NULL,NULL,NULL,False,False,False,False,False,True,True,True,True,NULL
"1894243635",True,False,NULL,NULL,NULL,NULL,NULL,NULL,NULL,NULL,True,NULL,NULL,NULL,NULL,NULL,False,False,False,False,False,True,True,True,True,NULL
"1082405865",True,False,NULL,NULL,NULL,NULL,NULL,NULL,NULL,NULL,True,NULL,NULL,NULL,NULL,NULL,False,False,False,False,False,True,True,True,True,NULL
"646729559",False,False,NULL,NULL,NULL,NULL,NULL,NULL,NULL,NULL,True,NULL,NULL,NULL,NULL,NULL,False,False,False,False,False,True,True,True,True,NULL
"1078191888",True,False,NULL,NULL,NULL,NULL,NULL,NULL,NULL,NULL,True,NULL,NULL,NULL,NULL,NULL,False,False,False,False,False,True,True,True,True,NULL
"504459737",True,False,NULL,NULL,NULL,NULL,NULL,NULL,NULL,NULL,True,NULL,NULL,NULL,NULL,NULL,False,False,False,False,False,True,True,True,True,NULL
"6915742767",True,False,NULL,NULL,NULL,NULL,NULL,NULL,NULL,NULL,True,NULL,NULL,NULL,NULL,NULL,False,False,False,False,False,True,True,True,True,NULL
"1520524184",False,False,NULL,NULL,NULL,NULL,NULL,NULL,NULL,NULL,True,NULL,NULL,NULL,NULL,NULL,False,False,False,False,False,True,True,True,True,NULL
"775390025",True,False,NULL,NULL,NULL,NULL,NULL,NULL,NULL,NULL,True,NULL,NULL,NULL,NULL,NULL,False,False,False,False,False,True,True,True,True,NULL
"7978208909",True,False,NULL,NULL,NULL,NULL,NULL,NULL,NULL,NULL,True,NULL,NULL,NULL,NULL,NULL,False,False,False,False,False,True,True,True,True,NULL
"6712805210",True,False,NULL,NULL,NULL,NULL,NULL,NULL,NULL,NULL,True,NULL,NULL,NULL,NULL,NULL,False,False,False,False,False,True,True,True,True,NULL
"6134100531",True,False,NULL,NULL,NULL,NULL,NULL,NULL,NULL,NULL,True,NULL,NULL,NULL,NULL,NULL,False,False,False,False,False,True,True,True,True,NULL
"7715482142",True,False,NULL,NULL,NULL,NULL,NULL,NULL,NULL,NULL,True,NULL,NULL,NULL,NULL,NULL,False,False,False,False,False,True,True,True,True,NULL
"861431347",True,False,NULL,NULL,NULL,NULL,NULL,NULL,NULL,NULL,True,NULL,NULL,NULL,NULL,NULL,False,False,False,False,False,True,True,True,True,NULL
"8178767814",True,False,NULL,NULL,NULL,NULL,NULL,NULL,NULL,NULL,True,NULL,NULL,NULL,NULL,NULL,False,False,False,False,False,True,True,True,True,NULL
"889336855",True,False,NULL,NULL,NULL,NULL,NULL,NULL,NULL,NULL,True,NULL,NULL,NULL,NULL,NULL,False,False,False,False,False,True,True,True,True,NULL
"6542815375",True,False,NULL,NULL,NULL,NULL,NULL,NULL,NULL,NULL,True,NULL,NULL,NULL,NULL,NULL,False,False,False,False,False,True,True,True,True,NULL
"827509005",False,False,NULL,NULL,NULL,NULL,NULL,NULL,NULL,NULL,True,NULL,NULL,NULL,NULL,NULL,False,False,False,False,False,True,True,True,True,NULL
"1428162389",True,False,NULL,NULL,NULL,NULL,NULL,NULL,NULL,NULL,True,NULL,NULL,NULL,NULL,NULL,False,False,False,False,False,True,True,True,True,NULL
"1882877969",True,False,NULL,NULL,NULL,NULL,NULL,NULL,NULL,NULL,True,NULL,NULL,NULL,NULL,NULL,False,False,False,False,False,True,True,True,True,NULL
"5971240286",True,False,NULL,NULL,NULL,NULL,NULL,NULL,NULL,NULL,True,NULL,NULL,NULL,NULL,NULL,False,False,False,False,False,True,True,True,True,NULL
"6922947198",True,False,NULL,NULL,NULL,NULL,NULL,NULL,NULL,NULL,True,NULL,NULL,NULL,NULL,NULL,False,False,False,False,False,True,True,True,True,NULL
"5465482664",True,False,NULL,NULL,NULL,NULL,NULL,NULL,NULL,NULL,True,NULL,NULL,NULL,NULL,NULL,False,False,False,False,False,True,True,True,True,NULL
"6333691485",True,False,NULL,NULL,"Xox",NULL,"2025-10-02 17:52:39.984002+00","☀️",NULL,NULL,False,NULL,NULL,NULL,NULL,NULL,False,False,False,False,False,True,True,True,True,"J2i0RbMtNtg"
"1063870124",True,False,NULL,NULL,NULL,NULL,NULL,NULL,NULL,NULL,True,NULL,NULL,NULL,NULL,NULL,False,False,False,False,False,True,True,True,True,NULL
"563349953",True,False,NULL,NULL,NULL,NULL,NULL,NULL,NULL,NULL,True,NULL,NULL,NULL,NULL,NULL,False,False,False,False,False,True,True,True,True,NULL
"433753640",True,False,NULL,NULL,NULL,NULL,NULL,NULL,NULL,NULL,True,NULL,NULL,NULL,NULL,NULL,False,False,False,False,False,True,True,True,True,NULL
"1035918139",False,False,NULL,NULL,NULL,NULL,NULL,NULL,NULL,NULL,True,NULL,NULL,NULL,NULL,NULL,False,False,False,False,False,True,True,True,True,NULL
"2013349146",True,False,NULL,NULL,NULL,NULL,NULL,NULL,NULL,NULL,True,NULL,NULL,NULL,NULL,NULL,False,False,False,False,False,True,True,True,True,NULL
"823966562",True,False,NULL,NULL,"downdownaau",NULL,"2025-10-14 15:41:32.271524+00",NULL,NULL,NULL,True,NULL,NULL,NULL,NULL,NULL,False,False,False,False,False,True,True,True,True,NULL
"6269106903",True,False,NULL,NULL,NULL,NULL,NULL,NULL,NULL,NULL,True,NULL,NULL,NULL,NULL,NULL,False,False,False,False,False,True,True,True,True,NULL
"7567533334",True,False,NULL,NULL,NULL,NULL,NULL,NULL,NULL,NULL,True,NULL,NULL,NULL,NULL,NULL,False,False,False,False,False,True,True,True,True,NULL
"5689897436",True,False,NULL,NULL,NULL,NULL,NULL,NULL,NULL,NULL,True,NULL,NULL,NULL,NULL,NULL,False,False,False,False,False,True,True,True,True,NULL
"7458526199",True,False,NULL,NULL,NULL,NULL,NULL,NULL,NULL,NULL,True,NULL,NULL,NULL,NULL,NULL,False,False,False,False,False,True,True,True,True,NULL
"1973712204",True,False,NULL,NULL,NULL,NULL,NULL,NULL,NULL,NULL,True,NULL,NULL,NULL,NULL,NULL,False,False,False,False,False,True,True,True,True,"B0To1I7rZLo"
"7879872686",True,False,NULL,NULL,NULL,NULL,NULL,NULL,NULL,NULL,True,NULL,NULL,NULL,NULL,NULL,False,False,False,False,False,True,True,True,True,NULL
"1302345642",True,False,NULL,NULL,NULL,NULL,NULL,NULL,NULL,NULL,True,NULL,NULL,NULL,NULL,NULL,False,False,False,False,False,True,True,True,True,NULL
"741079876",False,False,NULL,NULL,NULL,NULL,NULL,NULL,NULL,NULL,True,NULL,NULL,NULL,NULL,NULL,False,False,False,False,False,True,True,True,True,NULL
"721563062",True,False,NULL,NULL,NULL,NULL,NULL,NULL,NULL,NULL,True,NULL,NULL,NULL,NULL,NULL,False,False,False,False,False,True,True,True,True,NULL
"6087840324",True,False,NULL,NULL,NULL,NULL,NULL,NULL,NULL,NULL,True,NULL,NULL,NULL,NULL,NULL,False,False,False,False,False,True,True,True,True,NULL
"1211800964",True,False,NULL,NULL,NULL,NULL,NULL,NULL,NULL,NULL,True,NULL,NULL,NULL,NULL,NULL,False,False,False,False,False,True,True,True,True,NULL
"1106846923",True,False,NULL,NULL,NULL,NULL,NULL,NULL,NULL,NULL,True,NULL,NULL,NULL,NULL,NULL,False,False,False,False,False,True,True,True,True,NULL
"866263532",True,False,NULL,NULL,NULL,NULL,NULL,NULL,NULL,NULL,True,NULL,NULL,NULL,NULL,NULL,False,False,False,False,False,True,True,True,True,NULL
"1157029195",True,False,NULL,NULL,NULL,NULL,NULL,NULL,NULL,NULL,True,NULL,NULL,NULL,NULL,NULL,False,False,False,False,False,True,True,True,True,NULL
"703138365",True,False,NULL,NULL,"Stoic Ballz",25,"2025-10-15 15:31:52.06101+00","🧐",NULL,"you cant say አሳብዳቸው without saying ብዳቸው",True,NULL,NULL,NULL,NULL,"{Startups,Design,Comics,Politics,Economics}",False,False,False,False,True,True,True,True,True,NULL
"7674137632",True,False,NULL,NULL,NULL,NULL,NULL,NULL,NULL,NULL,True,NULL,NULL,NULL,NULL,NULL,False,False,False,False,False,True,True,True,True,NULL
"6773211194",True,False,NULL,NULL,NULL,NULL,NULL,NULL,NULL,NULL,True,NULL,NULL,NULL,NULL,NULL,False,False,False,False,False,True,True,True,True,NULL
"1415901140",True,False,NULL,NULL,NULL,NULL,NULL,NULL,NULL,NULL,True,NULL,NULL,NULL,NULL,NULL,False,False,False,False,False,True,True,True,True,NULL
"8458798992",True,False,NULL,NULL,NULL,NULL,NULL,NULL,NULL,NULL,True,NULL,NULL,NULL,NULL,NULL,False,False,False,False,False,True,True,True,True,NULL
"699440074",True,False,NULL,NULL,NULL,NULL,NULL,NULL,NULL,NULL,True,NULL,NULL,NULL,NULL,NULL,False,False,False,False,False,True,True,True,True,NULL
"661528292",True,False,NULL,NULL,NULL,NULL,NULL,NULL,NULL,NULL,True,NULL,NULL,NULL,NULL,NULL,False,False,False,False,False,True,True,True,True,NULL
"642294504",True,False,NULL,NULL,NULL,NULL,NULL,NULL,NULL,NULL,True,NULL,NULL,NULL,NULL,NULL,False,False,False,False,False,True,True,True,True,NULL
"7211867070",True,False,NULL,NULL,NULL,NULL,NULL,NULL,NULL,NULL,True,NULL,NULL,NULL,NULL,NULL,False,False,False,False,False,True,True,True,True,NULL
"429081222",True,False,NULL,NULL,NULL,NULL,NULL,NULL,NULL,NULL,True,NULL,NULL,NULL,NULL,NULL,False,False,False,False,False,True,True,True,True,NULL
"5748885009",True,False,NULL,NULL,NULL,NULL,NULL,NULL,NULL,NULL,True,NULL,NULL,NULL,NULL,NULL,False,False,False,False,False,True,True,True,True,NULL
"2105941433",False,False,NULL,NULL,NULL,NULL,NULL,NULL,NULL,NULL,True,NULL,NULL,NULL,NULL,NULL,False,False,False,False,False,True,True,True,True,NULL
"1613850160",True,False,NULL,NULL,NULL,NULL,NULL,NULL,NULL,NULL,True,NULL,NULL,NULL,NULL,NULL,False,False,False,False,False,True,True,True,True,NULL
"659418721",True,False,NULL,NULL,"Dada",NULL,"2025-10-16 16:47:39.841796+00","👨",NULL,NULL,True,NULL,NULL,NULL,NULL,NULL,False,False,False,False,False,True,True,True,True,NULL
"5608853193",True,False,NULL,NULL,NULL,NULL,NULL,NULL,NULL,NULL,True,NULL,NULL,NULL,NULL,NULL,False,False,False,False,False,True,True,True,True,NULL
"7910554292",True,False,NULL,NULL,NULL,NULL,NULL,NULL,NULL,NULL,True,NULL,NULL,NULL,NULL,NULL,False,False,False,False,False,True,True,True,True,NULL
"8029449037",True,False,NULL,NULL,NULL,NULL,NULL,NULL,NULL,NULL,True,NULL,NULL,NULL,NULL,NULL,False,False,False,False,False,True,True,True,True,NULL
"620915275",True,False,NULL,NULL,NULL,NULL,NULL,NULL,NULL,NULL,True,NULL,NULL,NULL,NULL,NULL,False,False,False,False,False,True,True,True,True,NULL
"1645345398",True,False,NULL,NULL,NULL,NULL,NULL,NULL,NULL,NULL,True,NULL,NULL,NULL,NULL,NULL,False,False,False,False,False,True,True,True,True,NULL
"7721965551",True,False,NULL,NULL,NULL,NULL,NULL,NULL,NULL,NULL,True,NULL,NULL,NULL,NULL,NULL,False,False,False,False,False,True,True,True,True,NULL
"1083747965",True,False,NULL,NULL,NULL,NULL,NULL,NULL,NULL,NULL,True,NULL,NULL,NULL,NULL,NULL,False,False,False,False,False,True,True,True,True,NULL
"1705986229",False,False,NULL,NULL,NULL,NULL,NULL,NULL,NULL,NULL,True,NULL,NULL,NULL,NULL,NULL,False,False,False,False,False,True,True,True,True,NULL
"1553358753",True,False,NULL,NULL,NULL,NULL,NULL,NULL,NULL,NULL,True,NULL,NULL,NULL,NULL,NULL,False,False,False,False,False,True,True,True,True,NULL
"5359690831",True,False,NULL,NULL,"TayTay",NULL,"2025-10-07 17:30:23.226906+00",NULL,NULL,"Just delulu girl🤞",True,"Female","College of Natural and Computational Sciences","3rd Year",NULL,NULL,True,True,True,False,False,True,True,True,True,NULL
"7405466474",True,False,NULL,NULL,NULL,NULL,NULL,NULL,NULL,NULL,True,NULL,NULL,NULL,NULL,NULL,False,False,False,False,False,True,True,True,True,NULL
"6736394836",True,False,NULL,NULL,NULL,NULL,NULL,NULL,NULL,NULL,True,NULL,NULL,NULL,NULL,NULL,False,False,False,False,False,True,True,True,True,NULL
"1128049593",False,False,NULL,NULL,NULL,NULL,NULL,NULL,NULL,NULL,True,NULL,NULL,NULL,NULL,NULL,False,False,False,False,False,True,True,True,True,NULL
"1757189234",True,False,NULL,NULL,NULL,NULL,NULL,NULL,NULL,NULL,True,NULL,NULL,NULL,NULL,NULL,False,False,False,False,False,True,True,True,True,NULL
"971890049",True,False,NULL,NULL,NULL,NULL,NULL,NULL,NULL,NULL,True,NULL,NULL,NULL,NULL,NULL,False,False,False,False,False,True,True,True,True,NULL
"5571677921",True,False,NULL,NULL,NULL,NULL,NULL,NULL,NULL,NULL,True,NULL,NULL,NULL,NULL,NULL,False,False,False,False,False,True,True,True,True,NULL
"7913243093",True,False,NULL,NULL,NULL,NULL,NULL,NULL,NULL,NULL,True,NULL,NULL,NULL,NULL,NULL,False,False,False,False,False,True,True,True,True,NULL
"7390292773",True,False,NULL,NULL,NULL,NULL,NULL,NULL,NULL,NULL,True,NULL,NULL,NULL,NULL,NULL,False,False,False,False,False,True,True,True,True,NULL
"1334980880",True,False,NULL,NULL,NULL,NULL,NULL,NULL,NULL,NULL,True,NULL,NULL,NULL,NULL,NULL,False,False,False,False,False,True,True,True,True,NULL
"1326967527",True,False,NULL,NULL,NULL,NULL,NULL,NULL,NULL,NULL,True,NULL,NULL,NULL,NULL,NULL,False,False,False,False,False,True,True,True,True,NULL
"8350809467",True,False,NULL,NULL,NULL,NULL,NULL,NULL,NULL,NULL,True,NULL,NULL,NULL,NULL,NULL,False,False,False,False,False,True,True,True,True,NULL
"8142429973",True,False,NULL,NULL,NULL,NULL,NULL,NULL,NULL,NULL,True,NULL,NULL,NULL,NULL,NULL,False,False,False,False,False,True,True,True,True,NULL
"7529372918",True,False,NULL,NULL,NULL,NULL,NULL,NULL,NULL,NULL,True,NULL,NULL,NULL,NULL,NULL,False,False,False,False,False,True,True,True,True,NULL
"685927537",False,False,NULL,NULL,NULL,NULL,NULL,NULL,NULL,NULL,True,NULL,NULL,NULL,NULL,NULL,False,False,False,False,False,True,True,True,True,NULL
"1206954094",True,False,NULL,NULL,NULL,NULL,NULL,NULL,NULL,NULL,True,NULL,NULL,NULL,NULL,NULL,False,False,False,False,False,True,True,True,True,NULL
"762026139",True,False,NULL,NULL,NULL,NULL,NULL,NULL,NULL,NULL,True,NULL,NULL,NULL,NULL,NULL,False,False,False,False,False,True,True,True,True,NULL
"8230691888",True,False,NULL,NULL,NULL,NULL,NULL,NULL,NULL,NULL,True,NULL,NULL,NULL,NULL,NULL,False,False,False,False,False,True,True,True,True,NULL
"8369628467",True,False,NULL,NULL,NULL,NULL,NULL,NULL,NULL,NULL,True,NULL,NULL,NULL,NULL,NULL,False,False,False,False,False,True,True,True,True,NULL
"6627275497",True,False,NULL,NULL,NULL,NULL,NULL,NULL,NULL,NULL,True,NULL,NULL,NULL,NULL,NULL,False,False,False,False,False,True,True,True,True,NULL
"1791732575",True,False,NULL,NULL,NULL,NULL,NULL,NULL,NULL,NULL,True,NULL,NULL,NULL,NULL,NULL,False,False,False,False,False,True,True,True,True,NULL
"6578305706",True,False,NULL,NULL,NULL,NULL,NULL,NULL,NULL,NULL,True,NULL,NULL,NULL,NULL,NULL,False,False,False,False,False,True,True,True,True,NULL
"7190166734",True,False,NULL,NULL,NULL,NULL,NULL,NULL,NULL,NULL,True,NULL,NULL,NULL,NULL,NULL,False,False,False,False,False,True,True,True,True,NULL
"6228254665",True,False,NULL,NULL,NULL,NULL,NULL,NULL,NULL,NULL,True,NULL,NULL,NULL,NULL,NULL,False,False,False,False,False,True,True,True,True,NULL
"7213549021",True,False,NULL,NULL,NULL,NULL,NULL,NULL,NULL,NULL,True,NULL,NULL,NULL,NULL,NULL,False,False,False,False,False,True,True,True,True,NULL
"7647068691",True,False,NULL,NULL,NULL,NULL,NULL,NULL,NULL,NULL,True,NULL,NULL,NULL,NULL,NULL,False,False,False,False,False,True,True,True,True,NULL
"6559665132",True,False,NULL,NULL,NULL,NULL,NULL,NULL,NULL,NULL,True,NULL,NULL,NULL,NULL,NULL,False,False,False,False,False,True,True,True,True,NULL
"1913605721",True,False,NULL,NULL,NULL,NULL,NULL,NULL,NULL,NULL,True,NULL,NULL,NULL,NULL,NULL,False,False,False,False,False,True,True,True,True,NULL
"6109454014",True,False,NULL,NULL,NULL,NULL,NULL,NULL,NULL,NULL,True,NULL,NULL,NULL,NULL,NULL,False,False,False,False,False,True,True,True,True,NULL
"1778641967",True,False,NULL,NULL,NULL,NULL,NULL,NULL,NULL,NULL,True,NULL,NULL,NULL,NULL,NULL,False,False,False,False,False,True,True,True,True,NULL
"5967763401",False,False,NULL,NULL,NULL,NULL,NULL,NULL,NULL,NULL,True,NULL,NULL,NULL,NULL,NULL,False,False,False,False,False,True,True,True,True,NULL
"5113446898",True,False,NULL,NULL,NULL,NULL,NULL,NULL,NULL,NULL,True,NULL,NULL,NULL,NULL,NULL,False,False,False,False,False,True,True,True,True,NULL
"5272972475",True,False,NULL,NULL,NULL,NULL,NULL,NULL,NULL,NULL,True,NULL,NULL,NULL,NULL,NULL,False,False,False,False,False,True,True,True,True,NULL
"1379591157",False,False,NULL,NULL,NULL,NULL,NULL,NULL,NULL,NULL,True,NULL,NULL,NULL,NULL,NULL,False,False,False,False,False,True,True,True,True,NULL
"5068906241",True,False,NULL,NULL,NULL,NULL,NULL,NULL,NULL,NULL,True,NULL,NULL,NULL,NULL,NULL,False,False,False,False,False,True,True,True,True,NULL
"7862773644",True,False,NULL,NULL,"Neooo",NULL,"2025-10-20 06:37:46.184226+00","😎",NULL,"Me and U",True,NULL,NULL,NULL,NULL,NULL,False,False,False,False,False,True,True,True,True,NULL
"5495228588",False,False,NULL,NULL,NULL,NULL,NULL,NULL,NULL,NULL,True,NULL,NULL,NULL,NULL,NULL,False,False,False,False,False,True,True,True,True,NULL
"456010071",True,False,NULL,NULL,NULL,NULL,NULL,NULL,NULL,NULL,True,NULL,NULL,NULL,NULL,NULL,False,False,False,False,False,True,True,True,True,NULL
"5208343118",True,False,NULL,NULL,NULL,NULL,NULL,NULL,NULL,NULL,True,NULL,NULL,NULL,NULL,NULL,False,False,False,False,False,True,True,True,True,NULL
"394844860",True,False,NULL,NULL,"Zii",NULL,"2025-10-21 17:00:05.976858+00",NULL,NULL,NULL,True,"Male",NULL,"Other",NULL,NULL,False,False,False,False,False,True,True,True,True,"hdTxwf4tMrA"
"1332887363",True,False,NULL,NULL,NULL,NULL,NULL,NULL,NULL,NULL,True,NULL,NULL,NULL,NULL,NULL,False,False,False,False,False,True,True,True,True,NULL
"1323838885",True,False,NULL,NULL,NULL,NULL,NULL,NULL,NULL,NULL,True,NULL,NULL,NULL,NULL,NULL,False,False,False,False,False,True,True,True,True,NULL
"1101540333",True,False,NULL,NULL,NULL,NULL,NULL,NULL,NULL,NULL,True,NULL,NULL,NULL,NULL,NULL,False,False,False,False,False,True,True,True,True,NULL
"5945935803",True,False,NULL,NULL,NULL,NULL,NULL,NULL,NULL,NULL,True,NULL,NULL,NULL,NULL,NULL,False,False,False,False,False,True,True,True,True,NULL
"2049793353",True,False,NULL,NULL,NULL,NULL,NULL,NULL,NULL,NULL,True,NULL,NULL,NULL,NULL,NULL,False,False,False,False,False,True,True,True,True,NULL
"5638769745",True,False,NULL,NULL,NULL,NULL,NULL,NULL,NULL,NULL,True,NULL,NULL,NULL,NULL,NULL,False,False,False,False,False,True,True,True,True,NULL
"6461457542",True,False,NULL,NULL,NULL,NULL,NULL,NULL,NULL,NULL,True,NULL,NULL,NULL,NULL,NULL,False,False,False,False,False,True,True,True,True,NULL
"5298057898",True,False,NULL,NULL,"POD",NULL,"2025-10-21 06:03:25.415581+00","🎧",NULL,NULL,True,"Male",NULL,NULL,NULL,NULL,False,False,False,False,False,True,True,True,True,NULL
"482755496",True,False,NULL,NULL,NULL,NULL,NULL,NULL,NULL,NULL,True,NULL,NULL,NULL,NULL,NULL,False,False,False,False,False,True,True,True,True,NULL
"6429299728",True,False,NULL,NULL,NULL,NULL,NULL,NULL,NULL,NULL,True,NULL,NULL,NULL,NULL,NULL,False,False,False,False,False,True,True,True,True,NULL
"1157551509",True,False,NULL,NULL,NULL,NULL,NULL,NULL,NULL,NULL,True,NULL,NULL,NULL,NULL,NULL,False,False,False,False,False,True,True,True,True,NULL
"5649328327",True,False,NULL,NULL,NULL,NULL,NULL,NULL,NULL,NULL,True,NULL,NULL,NULL,NULL,NULL,False,False,False,False,False,True,True,True,True,NULL
"581350261",True,False,NULL,NULL,NULL,NULL,NULL,NULL,NULL,NULL,True,NULL,NULL,NULL,NULL,NULL,False,False,False,False,False,True,True,True,True,NULL
"714166524",False,False,NULL,NULL,NULL,NULL,NULL,NULL,NULL,NULL,True,NULL,NULL,NULL,NULL,NULL,False,False,False,False,False,True,True,True,True,NULL
"1224808972",True,False,NULL,NULL,NULL,NULL,NULL,NULL,NULL,NULL,True,NULL,NULL,NULL,NULL,NULL,False,False,False,False,False,True,True,True,True,NULL
"1310586280",False,False,NULL,NULL,NULL,NULL,NULL,NULL,NULL,NULL,True,NULL,NULL,NULL,NULL,NULL,False,False,False,False,False,True,True,True,True,NULL
"940131376",True,False,NULL,NULL,NULL,NULL,NULL,NULL,NULL,NULL,True,NULL,NULL,NULL,NULL,NULL,False,False,False,False,False,True,True,True,True,NULL
"629271032",True,False,NULL,NULL,NULL,NULL,NULL,NULL,NULL,NULL,True,NULL,NULL,NULL,NULL,NULL,False,False,False,False,False,True,True,True,True,NULL
"718272592",False,False,NULL,NULL,NULL,NULL,NULL,NULL,NULL,NULL,True,NULL,NULL,NULL,NULL,NULL,False,False,False,False,False,True,True,True,True,NULL
"1488327515",True,False,NULL,NULL,NULL,NULL,NULL,NULL,NULL,NULL,True,NULL,NULL,NULL,NULL,NULL,False,False,False,False,False,True,True,True,True,NULL
"7486975652",True,False,NULL,NULL,NULL,NULL,NULL,NULL,NULL,NULL,True,NULL,NULL,NULL,NULL,NULL,False,False,False,False,False,True,True,True,True,NULL
"7897051624",True,False,NULL,NULL,NULL,NULL,NULL,NULL,NULL,NULL,True,NULL,NULL,NULL,NULL,NULL,False,False,False,False,False,True,True,True,True,NULL
"5660502621",True,False,NULL,NULL,NULL,NULL,NULL,NULL,NULL,NULL,True,NULL,NULL,NULL,NULL,NULL,False,False,False,False,False,True,True,True,True,NULL
"5632419504",True,False,NULL,NULL,NULL,NULL,NULL,NULL,NULL,NULL,True,NULL,NULL,NULL,NULL,NULL,False,False,False,False,False,True,True,True,True,NULL
"8327513172",False,False,NULL,NULL,NULL,NULL,NULL,NULL,NULL,NULL,True,NULL,NULL,NULL,NULL,NULL,False,False,False,False,False,True,True,True,True,NULL
"7828641486",True,False,NULL,NULL,NULL,NULL,NULL,NULL,NULL,NULL,True,NULL,NULL,NULL,NULL,NULL,False,False,False,False,False,True,True,True,True,NULL
"774147657",True,False,NULL,NULL,NULL,NULL,NULL,"🦊",NULL,"Idk",True,NULL,NULL,NULL,NULL,NULL,False,False,False,False,False,True,True,True,True,"HEukp5DO9_U"
"763440072",True,False,NULL,NULL,"W2E",0,"2025-10-20 11:40:55.071926+00",NULL,NULL,NULL,True,NULL,NULL,NULL,NULL,NULL,False,False,False,False,False,True,True,True,True,"Ajq_lCgWtrQ"
"1283147454",False,False,NULL,NULL,NULL,NULL,NULL,NULL,NULL,NULL,True,NULL,NULL,NULL,NULL,NULL,False,False,False,False,False,True,True,True,True,NULL
"673359261",True,False,NULL,NULL,NULL,NULL,NULL,NULL,NULL,NULL,True,NULL,NULL,NULL,NULL,NULL,False,False,False,False,False,True,True,True,True,NULL
"5860084904",True,False,NULL,NULL,NULL,NULL,NULL,NULL,NULL,NULL,True,NULL,NULL,NULL,NULL,NULL,False,False,False,False,False,True,True,True,True,NULL
"8048841180",True,False,NULL,NULL,NULL,NULL,NULL,NULL,NULL,NULL,True,NULL,NULL,NULL,NULL,NULL,False,False,False,False,False,True,True,True,True,NULL
"6787538972",True,False,NULL,NULL,NULL,NULL,NULL,NULL,NULL,NULL,True,NULL,NULL,NULL,NULL,NULL,False,False,False,False,False,True,True,True,True,NULL
"7914581161",True,True,NULL,NULL,NULL,NULL,NULL,NULL,NULL,NULL,True,NULL,NULL,NULL,NULL,NULL,False,False,False,False,False,True,True,True,True,"ySVO3DHhGHk"
"5027739457",True,False,NULL,NULL,NULL,NULL,NULL,NULL,NULL,NULL,True,NULL,NULL,NULL,NULL,NULL,False,False,False,False,False,True,True,True,True,NULL
"7470654223",True,False,NULL,NULL,NULL,NULL,NULL,NULL,NULL,NULL,True,NULL,NULL,NULL,NULL,NULL,False,False,False,False,False,True,True,True,True,NULL
"6834314255",True,False,NULL,NULL,NULL,0,NULL,NULL,NULL,NULL,True,NULL,NULL,NULL,NULL,NULL,False,False,False,False,False,True,True,True,True,"UJN1VXM8y-I"
"1079579099",True,False,NULL,NULL,NULL,NULL,NULL,NULL,NULL,NULL,True,NULL,NULL,NULL,NULL,NULL,False,False,False,False,False,True,True,True,True,NULL
"6390470653",True,False,NULL,NULL,NULL,NULL,NULL,NULL,NULL,NULL,True,NULL,NULL,NULL,NULL,NULL,False,False,False,False,False,True,True,True,True,NULL
"873300758",True,False,NULL,NULL,NULL,NULL,NULL,NULL,NULL,NULL,True,NULL,NULL,NULL,NULL,NULL,False,False,False,False,False,True,True,True,True,NULL
"7108111406",True,False,NULL,NULL,NULL,NULL,NULL,NULL,NULL,NULL,True,NULL,NULL,NULL,NULL,NULL,False,False,False,False,False,True,True,True,True,NULL
"6149918888",True,False,NULL,NULL,NULL,NULL,NULL,NULL,NULL,NULL,True,NULL,NULL,NULL,NULL,NULL,False,False,False,False,False,True,True,True,True,NULL
"5728928266",True,False,NULL,NULL,"Won",25,"2025-10-21 18:11:43.83385+00",NULL,NULL,NULL,True,NULL,NULL,NULL,NULL,NULL,False,False,False,False,False,True,True,True,True,NULL
"1967335933",True,False,NULL,NULL,NULL,NULL,NULL,NULL,NULL,NULL,True,NULL,NULL,NULL,NULL,NULL,False,False,False,False,False,True,True,True,True,NULL
"587577801",True,False,NULL,NULL,NULL,NULL,NULL,NULL,NULL,NULL,True,NULL,NULL,NULL,NULL,NULL,False,False,False,False,False,True,True,True,True,NULL
"7533369476",True,False,NULL,NULL,NULL,NULL,NULL,NULL,NULL,NULL,True,NULL,NULL,NULL,NULL,NULL,False,False,False,False,False,True,True,True,True,NULL
"6083434673",True,False,NULL,NULL,NULL,NULL,NULL,NULL,NULL,NULL,True,NULL,NULL,NULL,NULL,NULL,False,False,False,False,False,True,True,True,True,NULL
"1663761787",True,False,NULL,NULL,NULL,NULL,NULL,NULL,NULL,NULL,True,NULL,NULL,NULL,NULL,NULL,False,False,False,False,False,True,True,True,True,NULL
"7436326828",True,False,NULL,NULL,"Mr Mask",NULL,"2025-10-22 08:08:15.286621+00","😎",NULL,NULL,True,NULL,NULL,NULL,NULL,NULL,False,False,False,False,False,True,True,True,True,NULL
"2131257249",True,False,NULL,NULL,NULL,NULL,NULL,NULL,NULL,NULL,True,NULL,NULL,NULL,NULL,NULL,False,False,False,False,False,True,True,True,True,NULL
"1273244338",True,False,NULL,NULL,NULL,NULL,NULL,NULL,NULL,NULL,True,NULL,NULL,NULL,NULL,NULL,False,False,False,False,False,True,True,True,True,NULL
"5924560478",True,False,NULL,NULL,"Homelander",NULL,"2025-10-22 12:10:51.691308+00","🎧",NULL,"Educated fool",True,NULL,NULL,NULL,NULL,NULL,False,False,False,False,False,True,True,True,True,NULL
"1128102146",True,False,NULL,NULL,NULL,NULL,NULL,NULL,NULL,NULL,True,NULL,NULL,NULL,NULL,NULL,False,False,False,False,False,True,True,True,True,NULL
"7463408448",True,False,NULL,NULL,NULL,NULL,NULL,NULL,NULL,NULL,True,NULL,NULL,NULL,NULL,NULL,False,False,False,False,False,True,True,True,True,NULL
"659920923",True,False,NULL,NULL,NULL,NULL,NULL,NULL,NULL,NULL,True,NULL,NULL,NULL,NULL,NULL,False,False,False,False,False,True,True,True,True,NULL
"1150265228",True,False,NULL,NULL,NULL,NULL,NULL,NULL,NULL,NULL,True,NULL,NULL,NULL,NULL,NULL,False,False,False,False,False,True,True,True,True,NULL
"782470643",True,False,NULL,NULL,NULL,NULL,NULL,NULL,NULL,NULL,True,NULL,NULL,NULL,NULL,NULL,False,False,False,False,False,True,True,True,True,NULL
"6926382366",True,False,NULL,NULL,NULL,NULL,NULL,NULL,NULL,NULL,True,NULL,NULL,NULL,NULL,NULL,False,False,False,False,False,True,True,True,True,NULL
"1270580031",True,False,NULL,NULL,NULL,NULL,NULL,NULL,NULL,NULL,True,NULL,NULL,NULL,NULL,NULL,False,False,False,False,False,True,True,True,True,"nC2qRizkw7k"
"388196245",True,False,NULL,NULL,NULL,NULL,NULL,NULL,NULL,NULL,True,NULL,NULL,NULL,NULL,NULL,False,False,False,False,False,True,True,True,True,NULL
"7062384766",True,False,NULL,NULL,NULL,NULL,NULL,NULL,NULL,NULL,True,NULL,NULL,NULL,NULL,NULL,False,False,False,False,False,True,True,True,True,NULL
"416552045",True,False,NULL,NULL,NULL,NULL,NULL,NULL,NULL,NULL,True,NULL,NULL,NULL,NULL,NULL,False,False,False,False,False,True,True,True,True,NULL
"5995003311",False,False,NULL,NULL,NULL,NULL,NULL,NULL,NULL,NULL,True,NULL,NULL,NULL,NULL,NULL,False,False,False,False,False,True,True,True,True,NULL
"7442798133",True,False,NULL,NULL,NULL,NULL,NULL,NULL,NULL,NULL,True,NULL,NULL,NULL,NULL,NULL,False,False,False,False,False,True,True,True,True,NULL
"6356794347",True,False,NULL,NULL,NULL,NULL,NULL,NULL,NULL,NULL,True,NULL,NULL,NULL,NULL,NULL,False,False,False,False,False,True,True,True,True,NULL
"1668228917",True,False,NULL,NULL,NULL,NULL,NULL,NULL,NULL,NULL,True,NULL,NULL,NULL,NULL,NULL,False,False,False,False,False,True,True,True,True,NULL
"808200856",True,False,NULL,NULL,NULL,NULL,NULL,NULL,NULL,NULL,True,NULL,NULL,NULL,NULL,NULL,False,False,False,False,False,True,True,True,True,NULL
"936611459",True,False,NULL,NULL,NULL,NULL,NULL,NULL,NULL,NULL,True,NULL,NULL,NULL,NULL,NULL,False,False,False,False,False,True,True,True,True,NULL
"317934826",True,False,NULL,NULL,NULL,NULL,NULL,NULL,NULL,NULL,True,NULL,NULL,NULL,NULL,NULL,False,False,False,False,False,True,True,True,True,NULL
"8173993765",True,False,NULL,NULL,"Disco lady",NULL,"2025-10-04 05:50:38.474852+00","✨",NULL,NULL,True,NULL,NULL,NULL,NULL,NULL,False,False,False,False,False,True,True,True,True,NULL
"5090711981",True,False,NULL,NULL,NULL,NULL,NULL,NULL,NULL,NULL,True,NULL,NULL,NULL,NULL,NULL,False,False,False,False,False,True,True,True,True,NULL
"7919688399",True,False,NULL,NULL,NULL,NULL,NULL,NULL,NULL,NULL,True,NULL,NULL,NULL,NULL,NULL,False,False,False,False,False,True,True,True,True,NULL
"384841557",True,False,NULL,NULL,NULL,NULL,NULL,NULL,NULL,NULL,True,NULL,NULL,NULL,NULL,NULL,False,False,False,False,False,True,True,True,True,NULL
"1555000492",True,False,NULL,NULL,NULL,NULL,NULL,NULL,NULL,NULL,True,NULL,NULL,NULL,NULL,NULL,False,False,False,False,False,True,True,True,True,NULL
"6947257272",True,False,NULL,NULL,NULL,NULL,NULL,NULL,NULL,NULL,True,NULL,NULL,NULL,NULL,NULL,False,False,False,False,False,True,True,True,True,NULL
"5018150368",True,False,NULL,NULL,NULL,NULL,NULL,NULL,NULL,NULL,True,NULL,NULL,NULL,NULL,NULL,False,False,False,False,False,True,True,True,True,NULL
"1060780424",True,False,NULL,NULL,NULL,NULL,NULL,NULL,NULL,NULL,True,NULL,NULL,NULL,NULL,NULL,False,False,False,False,False,True,True,True,True,NULL
"6845867464",True,False,NULL,NULL,NULL,NULL,NULL,NULL,NULL,NULL,True,NULL,NULL,NULL,NULL,NULL,False,False,False,False,False,True,True,True,True,NULL
"1713404904",True,False,NULL,NULL,NULL,NULL,NULL,NULL,NULL,NULL,True,NULL,NULL,NULL,NULL,NULL,False,False,False,False,False,True,True,True,True,NULL
"1106235632",True,False,NULL,NULL,NULL,NULL,NULL,NULL,NULL,NULL,True,NULL,NULL,NULL,NULL,NULL,False,False,False,False,False,True,True,True,True,NULL
"1500215642",True,False,NULL,NULL,"Sergio",0,"2025-10-04 08:25:26.310345+00","👤",NULL,NULL,True,"Male",NULL,NULL,NULL,NULL,True,False,False,False,False,True,True,True,True,NULL
"5515011338",True,False,NULL,NULL,NULL,NULL,NULL,NULL,NULL,NULL,True,NULL,NULL,NULL,NULL,NULL,False,False,False,False,False,True,True,True,True,"ceEv6pR4R9g"
"8172466679",True,False,NULL,NULL,"Genesis",20,"2025-10-04 08:44:10.673562+00","☀️",NULL,NULL,True,NULL,NULL,NULL,NULL,NULL,False,False,False,False,False,True,True,True,True,NULL
"5138516893",True,False,NULL,NULL,NULL,NULL,NULL,NULL,NULL,NULL,True,NULL,NULL,NULL,NULL,NULL,False,False,False,False,False,True,True,True,True,NULL
"1016568814",False,False,NULL,NULL,NULL,NULL,NULL,NULL,NULL,NULL,True,NULL,NULL,NULL,NULL,NULL,False,False,False,False,False,True,True,True,True,NULL
"7446989226",True,False,NULL,NULL,NULL,NULL,NULL,NULL,NULL,NULL,True,NULL,NULL,NULL,NULL,NULL,False,False,False,False,False,True,True,True,True,NULL
"5625472169",False,False,NULL,NULL,NULL,NULL,NULL,NULL,NULL,NULL,True,NULL,NULL,NULL,NULL,NULL,False,False,False,False,False,True,True,True,True,NULL
"1172039886",True,False,NULL,NULL,NULL,NULL,NULL,NULL,NULL,NULL,True,NULL,NULL,NULL,NULL,NULL,False,False,False,False,False,True,True,True,True,NULL
"1955046451",False,False,NULL,NULL,NULL,NULL,NULL,NULL,NULL,NULL,True,NULL,NULL,NULL,NULL,NULL,False,False,False,False,False,True,True,True,True,NULL
"565473198",True,False,NULL,NULL,NULL,NULL,NULL,NULL,NULL,NULL,True,NULL,NULL,NULL,NULL,NULL,False,False,False,False,False,True,True,True,True,NULL
"7265911473",True,False,NULL,NULL,NULL,NULL,NULL,NULL,NULL,NULL,True,NULL,NULL,NULL,NULL,NULL,False,False,False,False,False,True,True,True,True,NULL
"2056021138",True,False,NULL,NULL,NULL,NULL,NULL,NULL,NULL,NULL,True,NULL,NULL,NULL,NULL,NULL,False,False,False,False,False,True,True,True,True,NULL
"7850437834",True,False,NULL,NULL,NULL,NULL,NULL,NULL,NULL,NULL,True,NULL,NULL,NULL,NULL,NULL,False,False,False,False,False,True,True,True,True,NULL
"7691494441",True,False,NULL,NULL,"Sky",0,"2025-10-14 12:54:13.295975+00","🎨",NULL,NULL,True,NULL,NULL,NULL,NULL,NULL,False,False,False,False,False,True,True,True,True,"9xnwgDNWRJw"
"8203792380",True,False,NULL,NULL,NULL,NULL,NULL,NULL,NULL,NULL,True,NULL,NULL,NULL,NULL,NULL,False,False,False,False,False,True,True,True,True,NULL
"742439486",True,False,NULL,NULL,NULL,NULL,NULL,NULL,NULL,NULL,True,NULL,NULL,NULL,NULL,NULL,False,False,False,False,False,True,True,True,True,NULL
"6337882085",True,False,NULL,NULL,NULL,NULL,NULL,NULL,NULL,NULL,True,NULL,NULL,NULL,NULL,NULL,False,False,False,False,False,True,True,True,True,NULL
"1451765002",True,False,NULL,NULL,NULL,NULL,NULL,NULL,NULL,NULL,True,NULL,NULL,NULL,NULL,NULL,False,False,False,False,False,True,True,True,True,NULL
"497413627",True,False,NULL,NULL,NULL,NULL,NULL,NULL,NULL,NULL,True,NULL,NULL,NULL,NULL,NULL,False,False,False,False,False,True,True,True,True,NULL
"6163220554",True,False,NULL,NULL,NULL,NULL,NULL,NULL,NULL,NULL,True,NULL,NULL,NULL,NULL,NULL,False,False,False,False,False,True,True,True,True,NULL
"5947612565",True,False,NULL,NULL,"ሸቀለ",NULL,"2025-10-07 22:20:50.608106+00","🦊",NULL,NULL,True,NULL,NULL,NULL,NULL,NULL,False,False,False,False,False,True,True,True,True,NULL
"6255266365",True,False,NULL,NULL,NULL,NULL,NULL,NULL,NULL,NULL,True,NULL,NULL,NULL,NULL,NULL,False,False,False,False,False,True,True,True,True,NULL
"6079604681",True,False,NULL,NULL,NULL,NULL,NULL,NULL,NULL,NULL,True,NULL,NULL,NULL,NULL,NULL,False,False,False,False,False,True,True,True,True,NULL
"874067730",False,False,NULL,NULL,NULL,NULL,NULL,NULL,NULL,NULL,True,NULL,NULL,NULL,NULL,NULL,False,False,False,False,False,True,True,True,True,NULL
"7309579044",True,False,NULL,NULL,NULL,NULL,NULL,NULL,NULL,NULL,True,NULL,NULL,NULL,NULL,NULL,False,False,False,False,False,True,True,True,True,NULL
"936642871",True,False,NULL,NULL,NULL,NULL,NULL,NULL,NULL,NULL,True,NULL,NULL,NULL,NULL,NULL,False,False,False,False,False,True,True,True,True,NULL
"7359357860",True,False,NULL,NULL,"Baddie",NULL,"2025-10-04 16:00:52.559939+00","✨",NULL,NULL,True,NULL,NULL,NULL,NULL,NULL,False,False,False,False,False,True,True,True,True,NULL
"6462520629",True,False,NULL,NULL,NULL,NULL,NULL,NULL,NULL,NULL,True,NULL,NULL,NULL,NULL,NULL,False,False,False,False,False,True,True,True,True,NULL
"6709452815",True,False,NULL,NULL,NULL,NULL,NULL,NULL,NULL,NULL,True,NULL,NULL,NULL,NULL,NULL,False,False,False,False,False,True,True,True,True,NULL
"1087289379",True,False,NULL,NULL,NULL,NULL,NULL,NULL,NULL,NULL,True,NULL,NULL,NULL,NULL,NULL,False,False,False,False,False,True,True,True,True,NULL
"912217301",True,False,NULL,NULL,NULL,NULL,NULL,NULL,NULL,NULL,True,NULL,NULL,NULL,NULL,NULL,False,False,False,False,False,True,True,True,True,NULL
"1853853354",True,False,NULL,NULL,NULL,NULL,NULL,NULL,NULL,NULL,True,NULL,NULL,NULL,NULL,NULL,False,False,False,False,False,True,True,True,True,NULL
"8066463011",True,False,NULL,NULL,NULL,NULL,NULL,NULL,NULL,NULL,True,NULL,NULL,NULL,NULL,NULL,False,False,False,False,False,True,True,True,True,NULL
"6361091711",True,False,NULL,NULL,NULL,NULL,NULL,NULL,NULL,NULL,True,NULL,NULL,NULL,NULL,NULL,False,False,False,False,False,True,True,True,True,NULL
"5194843564",True,False,NULL,NULL,NULL,NULL,NULL,NULL,NULL,NULL,True,NULL,NULL,NULL,NULL,NULL,False,False,False,False,False,True,True,True,True,NULL
"6873380684",True,False,NULL,NULL,NULL,NULL,NULL,NULL,NULL,NULL,True,NULL,NULL,NULL,NULL,NULL,False,False,False,False,False,True,True,True,True,NULL
"942397586",True,False,NULL,NULL,NULL,NULL,NULL,NULL,NULL,NULL,True,NULL,NULL,NULL,NULL,NULL,False,False,False,False,False,True,True,True,True,NULL
"1287494642",True,False,NULL,NULL,NULL,NULL,NULL,NULL,NULL,NULL,True,NULL,NULL,NULL,NULL,NULL,False,False,False,False,False,True,True,True,True,NULL
"6033297408",True,False,NULL,NULL,NULL,NULL,NULL,NULL,NULL,NULL,True,NULL,NULL,NULL,NULL,NULL,False,False,False,False,False,True,True,True,True,"65x4NwBVHoY"
"6516480897",True,False,NULL,NULL,"Albatros",NULL,"2025-10-04 18:01:02.357337+00","👤",NULL,NULL,True,NULL,NULL,NULL,NULL,NULL,False,False,False,False,False,True,True,True,True,NULL
"6565733203",True,False,NULL,NULL,NULL,NULL,NULL,NULL,NULL,NULL,True,NULL,NULL,NULL,NULL,NULL,False,False,False,False,False,True,True,True,True,NULL
"1268165210",True,False,NULL,NULL,NULL,NULL,NULL,NULL,NULL,NULL,True,NULL,NULL,NULL,NULL,NULL,False,False,False,False,False,True,True,True,True,NULL
"5805866380",True,False,NULL,NULL,NULL,NULL,NULL,NULL,NULL,NULL,True,NULL,NULL,NULL,NULL,NULL,False,False,False,False,False,True,True,True,True,NULL
"1259973619",True,False,NULL,NULL,NULL,NULL,NULL,NULL,NULL,NULL,True,NULL,NULL,NULL,NULL,NULL,False,False,False,False,False,True,True,True,True,NULL
"6462134341",True,False,NULL,NULL,"The Punisher",NULL,"2025-10-04 20:01:47.220551+00","👤",NULL,"I claim your soul is mine.",True,NULL,NULL,NULL,NULL,NULL,False,False,False,False,False,True,True,True,True,NULL
"1943203644",True,False,NULL,NULL,NULL,NULL,NULL,NULL,NULL,NULL,True,NULL,NULL,NULL,NULL,NULL,False,False,False,False,False,True,True,True,True,NULL
"717163918",True,False,NULL,NULL,NULL,NULL,NULL,NULL,NULL,NULL,True,NULL,NULL,NULL,NULL,NULL,False,False,False,False,False,True,True,True,True,NULL
"5416513637",False,False,NULL,NULL,NULL,NULL,NULL,NULL,NULL,NULL,True,NULL,NULL,NULL,NULL,NULL,False,False,False,False,False,True,True,True,True,NULL
"1686025704",True,False,NULL,NULL,NULL,NULL,NULL,NULL,NULL,NULL,True,NULL,NULL,NULL,NULL,NULL,False,False,False,False,False,True,True,True,True,NULL
"6949159880",True,False,NULL,NULL,NULL,NULL,NULL,NULL,NULL,NULL,True,NULL,NULL,NULL,NULL,NULL,False,False,False,False,False,True,True,True,True,NULL
"1074280546",True,False,NULL,NULL,NULL,NULL,NULL,NULL,NULL,NULL,True,NULL,NULL,NULL,NULL,NULL,False,False,False,False,False,True,True,True,True,NULL
"5755584840",True,False,NULL,NULL,NULL,NULL,NULL,NULL,NULL,NULL,True,NULL,NULL,NULL,NULL,NULL,False,False,False,False,False,True,True,True,True,NULL
"6313786241",True,False,NULL,NULL,NULL,NULL,NULL,NULL,NULL,NULL,True,NULL,NULL,NULL,NULL,NULL,False,False,False,False,False,True,True,True,True,NULL
"899926422",True,False,NULL,NULL,NULL,NULL,NULL,NULL,NULL,NULL,True,NULL,NULL,NULL,NULL,NULL,False,False,False,False,False,True,True,True,True,NULL
"1602640976",True,False,NULL,NULL,NULL,NULL,NULL,NULL,NULL,NULL,True,NULL,NULL,NULL,NULL,NULL,False,False,False,False,False,True,True,True,True,NULL
"2074305301",True,False,NULL,NULL,NULL,NULL,NULL,NULL,NULL,NULL,True,NULL,NULL,NULL,NULL,NULL,False,False,False,False,False,True,True,True,True,NULL
"671602847",True,False,NULL,NULL,NULL,NULL,NULL,NULL,NULL,NULL,True,NULL,NULL,NULL,NULL,NULL,False,False,False,False,False,True,True,True,True,NULL
"7222244857",True,False,NULL,NULL,"Lucifer",NULL,"2025-10-05 08:56:19.699831+00","👻",NULL,NULL,True,"Female",NULL,NULL,NULL,NULL,True,False,False,False,False,True,True,True,True,NULL
"5761733018",True,False,NULL,NULL,"Nevaland",15,"2025-09-29 17:46:21.306985+00","✨",NULL,NULL,False,NULL,NULL,NULL,NULL,NULL,False,False,False,False,False,True,True,True,True,"LtQAiyEoho8"
"8369470016",True,False,NULL,NULL,NULL,NULL,NULL,NULL,NULL,NULL,True,NULL,NULL,NULL,NULL,NULL,False,False,False,False,False,True,True,True,True,NULL
"1975574608",True,False,NULL,NULL,"Gudafela",0,"2025-10-07 20:14:06.687994+00","🎧",NULL,"😉",True,"Male",NULL,NULL,NULL,NULL,True,False,False,False,False,True,True,True,True,"GqwRzie4RFA"
"1844116674",True,False,NULL,NULL,NULL,NULL,NULL,NULL,NULL,NULL,True,NULL,NULL,NULL,NULL,NULL,False,False,False,False,False,True,True,True,True,NULL
"731111055",False,False,NULL,NULL,NULL,NULL,NULL,NULL,NULL,NULL,True,NULL,NULL,NULL,NULL,NULL,False,False,False,False,False,True,True,True,True,NULL
"1890742755",True,False,NULL,NULL,NULL,NULL,NULL,NULL,NULL,NULL,True,NULL,NULL,NULL,NULL,NULL,False,False,False,False,False,True,True,True,True,NULL
"684571762",True,False,NULL,NULL,NULL,NULL,NULL,NULL,NULL,NULL,True,NULL,NULL,NULL,NULL,NULL,False,False,False,False,False,True,True,True,True,NULL
"6095625613",True,False,NULL,NULL,"ASH",NULL,"2025-09-12 13:03:35.358074+00","🎮",NULL,NULL,True,"Male","College of Natural and Computational Sciences","4th Year",NULL,"{Music,Manga,Anime,Coding,Business}",False,False,False,False,False,True,True,True,True,NULL
"7616136533",True,False,NULL,NULL,NULL,0,NULL,NULL,NULL,NULL,True,NULL,NULL,NULL,NULL,NULL,False,False,False,False,False,True,True,True,True,NULL
"7870508788",True,False,NULL,NULL,NULL,NULL,NULL,NULL,NULL,NULL,True,NULL,NULL,NULL,NULL,NULL,False,False,False,False,False,True,True,True,True,NULL
"8436061444",True,False,NULL,NULL,NULL,NULL,NULL,NULL,NULL,NULL,True,NULL,NULL,NULL,NULL,NULL,False,False,False,False,False,True,True,True,True,NULL
"1810157136",True,False,NULL,NULL,NULL,NULL,NULL,NULL,NULL,NULL,True,NULL,NULL,NULL,NULL,NULL,False,False,False,False,False,True,True,True,True,NULL
"2113272678",True,False,NULL,NULL,NULL,NULL,NULL,NULL,NULL,NULL,True,NULL,NULL,NULL,NULL,NULL,False,False,False,False,False,True,True,True,True,NULL
"5832170479",False,False,NULL,NULL,NULL,NULL,NULL,NULL,NULL,NULL,True,NULL,NULL,NULL,NULL,NULL,False,False,False,False,False,True,True,True,True,NULL
"6403334772",False,False,NULL,NULL,NULL,NULL,NULL,NULL,NULL,NULL,True,NULL,NULL,NULL,NULL,NULL,False,False,False,False,False,True,True,True,True,NULL
"7911022199",True,False,NULL,NULL,"Felawu",NULL,"2025-10-05 13:37:20.6601+00","😎",NULL,NULL,True,NULL,NULL,NULL,NULL,NULL,False,False,False,False,False,True,True,True,True,NULL
"582882810",True,False,NULL,NULL,NULL,NULL,NULL,NULL,NULL,NULL,True,NULL,NULL,NULL,NULL,NULL,False,False,False,False,False,True,True,True,True,NULL
"1758525889",False,False,NULL,NULL,NULL,NULL,NULL,NULL,NULL,NULL,True,NULL,NULL,NULL,NULL,NULL,False,False,False,False,False,True,True,True,True,NULL
"5578553803",True,False,NULL,NULL,NULL,NULL,NULL,NULL,NULL,NULL,True,NULL,NULL,NULL,NULL,NULL,False,False,False,False,False,True,True,True,True,NULL
"5011461627",True,False,NULL,NULL,NULL,NULL,NULL,NULL,NULL,NULL,True,NULL,NULL,NULL,NULL,NULL,False,False,False,False,False,True,True,True,True,NULL
"5042538768",False,False,NULL,NULL,NULL,NULL,NULL,NULL,NULL,NULL,True,NULL,NULL,NULL,NULL,NULL,False,False,False,False,False,True,True,True,True,NULL
"5281090342",False,False,NULL,NULL,NULL,NULL,NULL,NULL,NULL,NULL,True,NULL,NULL,NULL,NULL,NULL,False,False,False,False,False,True,True,True,True,NULL
"2085361867",True,False,NULL,NULL,NULL,NULL,NULL,NULL,NULL,NULL,True,NULL,NULL,NULL,NULL,NULL,False,False,False,False,False,True,True,True,True,NULL
"7916987265",True,False,NULL,NULL,NULL,NULL,NULL,NULL,NULL,NULL,True,NULL,NULL,NULL,NULL,NULL,False,False,False,False,False,True,True,True,True,NULL
"6834002635",True,False,NULL,NULL,"Dark humer",NULL,"2025-10-05 03:51:42.663883+00","🧐",NULL,"single 4ever",True,NULL,NULL,NULL,NULL,NULL,False,False,False,False,False,True,True,True,True,"R3umZU4yIjo"
"1133596610",True,False,NULL,NULL,NULL,NULL,NULL,NULL,NULL,NULL,True,NULL,NULL,NULL,NULL,NULL,False,False,False,False,False,True,True,True,True,NULL
"7488651797",True,False,NULL,NULL,NULL,NULL,NULL,NULL,NULL,NULL,True,NULL,NULL,NULL,NULL,NULL,False,False,False,False,False,True,True,True,True,NULL
"6586154034",True,False,NULL,NULL,NULL,NULL,NULL,NULL,NULL,NULL,True,NULL,NULL,NULL,NULL,NULL,False,False,False,False,False,True,True,True,True,NULL
"6202081956",True,False,NULL,NULL,NULL,NULL,NULL,NULL,NULL,NULL,True,NULL,NULL,NULL,NULL,NULL,False,False,False,False,False,True,True,True,True,"Hn7KJ5ZaCwo"
"1964584066",True,False,NULL,NULL,"Doctor አስኮፓ",NULL,"2025-10-05 15:03:52.618032+00","👻",NULL,NULL,True,"Female",NULL,NULL,NULL,NULL,False,False,False,False,False,True,True,True,True,NULL
"7439647267",True,False,NULL,NULL,NULL,NULL,NULL,NULL,NULL,NULL,True,NULL,NULL,NULL,NULL,NULL,False,False,False,False,False,True,True,True,True,NULL
"7509325694",True,False,NULL,NULL,NULL,NULL,NULL,NULL,NULL,NULL,True,NULL,NULL,NULL,NULL,NULL,False,False,False,False,False,True,True,True,True,NULL
"7577100639",True,False,NULL,NULL,NULL,NULL,NULL,NULL,NULL,NULL,True,NULL,NULL,NULL,NULL,NULL,False,False,False,False,False,True,True,True,True,NULL
"6851430601",True,False,NULL,NULL,NULL,NULL,NULL,NULL,NULL,NULL,True,NULL,NULL,NULL,NULL,NULL,False,False,False,False,False,True,True,True,True,NULL
"1541435874",True,False,NULL,NULL,NULL,NULL,NULL,NULL,NULL,NULL,True,NULL,NULL,NULL,NULL,NULL,False,False,False,False,False,True,True,True,True,NULL
"2008628140",True,False,NULL,NULL,NULL,NULL,NULL,NULL,NULL,NULL,True,NULL,NULL,NULL,NULL,NULL,False,False,False,False,False,True,True,True,True,NULL
"5284181332",True,False,NULL,NULL,NULL,NULL,NULL,NULL,NULL,NULL,True,NULL,NULL,NULL,NULL,NULL,False,False,False,False,False,True,True,True,True,NULL
"2105998200",True,False,NULL,NULL,NULL,NULL,NULL,NULL,NULL,NULL,True,NULL,NULL,NULL,NULL,NULL,False,False,False,False,False,True,True,True,True,NULL
"601944865",True,False,NULL,NULL,NULL,NULL,NULL,NULL,NULL,NULL,True,NULL,NULL,NULL,NULL,NULL,False,False,False,False,False,True,True,True,True,NULL
"1999543516",True,False,NULL,NULL,NULL,NULL,NULL,NULL,NULL,NULL,True,NULL,NULL,NULL,NULL,NULL,False,False,False,False,False,True,True,True,True,NULL
"807536826",True,False,NULL,NULL,"Saved By Grace",NULL,"2025-10-11 08:19:32.470052+00",NULL,NULL,NULL,True,NULL,NULL,NULL,NULL,NULL,False,False,False,False,False,True,True,True,True,NULL
"5491160639",True,False,NULL,NULL,NULL,NULL,NULL,NULL,NULL,NULL,True,NULL,NULL,NULL,NULL,NULL,False,False,False,False,False,True,True,True,True,NULL
"1163058606",True,False,NULL,NULL,NULL,NULL,NULL,NULL,NULL,NULL,True,NULL,NULL,NULL,NULL,NULL,False,False,False,False,False,True,True,True,True,NULL
"519265304",True,False,NULL,NULL,NULL,NULL,NULL,NULL,NULL,NULL,True,NULL,NULL,NULL,NULL,NULL,False,False,False,False,False,True,True,True,True,NULL
"8021565493",True,False,NULL,NULL,NULL,NULL,NULL,NULL,NULL,NULL,True,NULL,NULL,NULL,NULL,NULL,False,False,False,False,False,True,True,True,True,NULL
"6192299992",True,False,NULL,NULL,"Skuzicopter",NULL,"2025-10-15 08:30:36.805879+00",NULL,NULL,NULL,True,NULL,NULL,NULL,NULL,NULL,False,False,False,False,True,True,True,True,True,NULL
"1191282015",True,False,NULL,NULL,NULL,NULL,NULL,NULL,NULL,NULL,True,NULL,NULL,NULL,NULL,NULL,False,False,False,False,False,True,True,True,True,NULL
"905781541",True,False,NULL,NULL,"ጩዚን",NULL,"2025-10-07 22:11:20.186203+00","🎧",NULL,NULL,True,NULL,NULL,NULL,NULL,NULL,False,False,False,False,False,True,True,True,True,"ygNremhs_0c"
"6363249530",True,False,NULL,NULL,NULL,NULL,NULL,NULL,NULL,NULL,True,NULL,NULL,NULL,NULL,NULL,False,False,False,False,False,True,True,True,True,NULL
"5991834239",True,False,NULL,NULL,NULL,NULL,NULL,NULL,NULL,NULL,True,NULL,NULL,NULL,NULL,NULL,False,False,False,False,False,True,True,True,True,NULL
"5561993974",True,False,NULL,NULL,NULL,NULL,NULL,NULL,NULL,NULL,True,NULL,NULL,NULL,NULL,NULL,False,False,False,False,False,True,True,True,True,NULL
"5437838352",False,False,NULL,NULL,NULL,NULL,NULL,NULL,NULL,NULL,True,NULL,NULL,NULL,NULL,NULL,False,False,False,False,False,True,True,True,True,NULL
"5347524360",True,False,NULL,NULL,NULL,NULL,NULL,NULL,NULL,NULL,True,NULL,NULL,NULL,NULL,NULL,False,False,False,False,False,True,True,True,True,NULL
"460398012",True,False,NULL,NULL,NULL,NULL,NULL,NULL,NULL,NULL,True,NULL,NULL,NULL,NULL,NULL,False,False,False,False,False,True,True,True,True,NULL
"5318661905",True,False,NULL,NULL,NULL,NULL,NULL,NULL,NULL,NULL,True,NULL,NULL,NULL,NULL,NULL,False,False,False,False,False,True,True,True,True,NULL
"1247666046",False,False,NULL,NULL,NULL,NULL,NULL,NULL,NULL,NULL,True,NULL,NULL,NULL,NULL,NULL,False,False,False,False,False,True,True,True,True,NULL
"6037647623",True,False,NULL,NULL,NULL,NULL,NULL,NULL,NULL,NULL,True,NULL,NULL,NULL,NULL,NULL,False,False,False,False,False,True,True,True,True,NULL
"8308024873",True,False,NULL,NULL,NULL,NULL,NULL,NULL,NULL,NULL,True,NULL,NULL,NULL,NULL,NULL,False,False,False,False,False,True,True,True,True,NULL
"6492624575",True,False,NULL,NULL,NULL,NULL,NULL,NULL,NULL,NULL,True,NULL,NULL,NULL,NULL,NULL,False,False,False,False,False,True,True,True,True,NULL
"625188892",True,False,NULL,NULL,NULL,NULL,NULL,NULL,NULL,NULL,True,NULL,NULL,NULL,NULL,NULL,False,False,False,False,False,True,True,True,True,NULL
"7057271959",True,False,NULL,NULL,NULL,NULL,NULL,NULL,NULL,NULL,True,NULL,NULL,NULL,NULL,NULL,False,False,False,False,False,True,True,True,True,NULL
"6259719636",True,False,NULL,NULL,NULL,NULL,NULL,NULL,NULL,NULL,True,NULL,NULL,NULL,NULL,NULL,False,False,False,False,False,True,True,True,True,NULL
"1420321165",True,False,NULL,NULL,NULL,NULL,NULL,NULL,NULL,NULL,True,NULL,NULL,NULL,NULL,NULL,False,False,False,False,False,True,True,True,True,NULL
"6447332539",False,False,NULL,NULL,NULL,NULL,NULL,NULL,NULL,NULL,True,NULL,NULL,NULL,NULL,NULL,False,False,False,False,False,True,True,True,True,NULL
"603646519",True,False,NULL,NULL,NULL,NULL,NULL,NULL,NULL,NULL,True,NULL,NULL,NULL,NULL,NULL,False,False,False,False,False,True,True,True,True,NULL
"6927034075",True,False,NULL,NULL,"Yui",NULL,"2025-10-24 08:14:27.107818+00",NULL,NULL,NULL,True,NULL,NULL,NULL,NULL,NULL,False,False,False,False,False,True,True,True,True,NULL
"7761330241",True,False,NULL,NULL,NULL,NULL,NULL,NULL,NULL,NULL,True,NULL,NULL,NULL,NULL,NULL,False,False,False,False,False,True,True,True,True,NULL
"2018919063",True,False,NULL,NULL,"Unfiltered version",0,"2025-10-06 11:04:48.330267+00",NULL,NULL,NULL,True,NULL,NULL,NULL,NULL,NULL,False,False,False,False,False,True,True,True,True,NULL
"456020045",True,False,NULL,NULL,NULL,NULL,NULL,NULL,NULL,NULL,True,NULL,NULL,NULL,NULL,NULL,False,False,False,False,False,True,True,True,True,NULL
"424398853",True,False,NULL,NULL,NULL,NULL,NULL,NULL,NULL,NULL,True,NULL,NULL,NULL,NULL,NULL,False,False,False,False,False,True,True,True,True,NULL
"6464875715",True,False,NULL,NULL,NULL,NULL,NULL,NULL,NULL,NULL,True,NULL,NULL,NULL,NULL,NULL,False,False,False,False,False,True,True,True,True,NULL
"6716965104",True,False,NULL,NULL,"Halfknown",NULL,"2025-10-06 21:21:47.946877+00","🎨",NULL,"Ain’t no such thing as..",True,NULL,NULL,NULL,NULL,NULL,False,False,False,False,False,True,True,True,True,NULL
"7919816582",True,False,NULL,NULL,NULL,NULL,NULL,NULL,NULL,NULL,True,NULL,NULL,NULL,NULL,NULL,False,False,False,False,False,True,True,True,True,"kHwOasVVIWE"
"6255131590",True,False,NULL,NULL,"Gorge Floyd",NULL,"2025-10-23 05:42:02.949606+00",NULL,NULL,NULL,True,NULL,NULL,NULL,NULL,NULL,False,False,False,False,False,True,True,True,True,"AWcKCYfQ5e8"
"1134214221",True,False,NULL,NULL,NULL,NULL,NULL,NULL,NULL,NULL,True,NULL,NULL,NULL,NULL,NULL,False,False,False,False,False,True,True,True,True,NULL
"1058426105",True,False,NULL,NULL,NULL,NULL,NULL,NULL,NULL,NULL,True,NULL,NULL,NULL,NULL,NULL,False,False,False,False,False,True,True,True,True,NULL
"8485229813",True,False,NULL,NULL,NULL,NULL,NULL,"👻",NULL,NULL,True,NULL,NULL,NULL,NULL,NULL,False,False,False,False,False,True,True,True,True,NULL
"7498119212",True,False,NULL,NULL,NULL,NULL,NULL,NULL,NULL,NULL,True,NULL,NULL,NULL,NULL,NULL,False,False,False,False,False,True,True,True,True,NULL
"5439435615",False,False,NULL,NULL,NULL,NULL,NULL,NULL,NULL,NULL,True,NULL,NULL,NULL,NULL,NULL,False,False,False,False,False,True,True,True,True,NULL
"8399680525",True,False,NULL,NULL,NULL,NULL,NULL,NULL,NULL,NULL,True,NULL,NULL,NULL,NULL,NULL,False,False,False,False,False,True,True,True,True,NULL
"7629596192",True,False,NULL,NULL,NULL,NULL,NULL,NULL,NULL,NULL,True,NULL,NULL,NULL,NULL,NULL,False,False,False,False,False,True,True,True,True,NULL
"8016243457",True,False,NULL,NULL,NULL,NULL,NULL,NULL,NULL,NULL,True,NULL,NULL,NULL,NULL,NULL,False,False,False,False,False,True,True,True,True,NULL
"2021328443",True,False,NULL,NULL,NULL,NULL,NULL,NULL,NULL,NULL,True,NULL,NULL,NULL,NULL,NULL,False,False,False,False,False,True,True,True,True,NULL
"7805968553",True,False,NULL,NULL,NULL,NULL,NULL,NULL,NULL,NULL,True,NULL,NULL,NULL,NULL,NULL,False,False,False,False,False,True,True,True,True,NULL
"6825779786",True,False,NULL,NULL,NULL,NULL,NULL,NULL,NULL,NULL,True,NULL,NULL,NULL,NULL,NULL,False,False,False,False,False,True,True,True,True,NULL
"741385568",True,False,NULL,NULL,NULL,NULL,NULL,NULL,NULL,NULL,True,NULL,NULL,NULL,NULL,NULL,False,False,False,False,False,True,True,True,True,NULL
"5720121348",True,False,NULL,NULL,NULL,NULL,NULL,NULL,NULL,NULL,True,NULL,NULL,NULL,NULL,NULL,False,False,False,False,False,True,True,True,True,NULL
"1760927113",True,False,NULL,NULL,NULL,NULL,NULL,NULL,NULL,NULL,True,NULL,NULL,NULL,NULL,NULL,False,False,False,False,False,True,True,True,True,NULL
"1713028499",True,False,NULL,NULL,NULL,NULL,NULL,NULL,NULL,NULL,True,NULL,NULL,NULL,NULL,NULL,False,False,False,False,False,True,True,True,True,NULL
"6955428285",True,False,NULL,NULL,NULL,NULL,NULL,NULL,NULL,NULL,True,NULL,NULL,NULL,NULL,NULL,False,False,False,False,False,True,True,True,True,NULL
"6889964754",True,False,NULL,NULL,NULL,NULL,NULL,NULL,NULL,NULL,True,NULL,NULL,NULL,NULL,NULL,False,False,False,False,False,True,True,True,True,NULL
"6679397899",True,False,NULL,NULL,NULL,NULL,NULL,NULL,NULL,NULL,True,NULL,NULL,NULL,NULL,NULL,False,False,False,False,False,True,True,True,True,NULL
"1417470722",True,False,NULL,NULL,NULL,NULL,NULL,NULL,NULL,NULL,True,NULL,NULL,NULL,NULL,NULL,False,False,False,False,False,True,True,True,True,NULL
"1410449320",True,False,NULL,NULL,NULL,NULL,NULL,NULL,NULL,NULL,True,NULL,NULL,NULL,NULL,NULL,False,False,False,False,False,True,True,True,True,NULL
"5237052275",False,False,NULL,NULL,NULL,NULL,NULL,NULL,NULL,NULL,True,NULL,NULL,NULL,NULL,NULL,False,False,False,False,False,True,True,True,True,NULL
"6303377367",True,False,NULL,NULL,NULL,NULL,NULL,NULL,NULL,NULL,True,NULL,NULL,NULL,NULL,NULL,False,False,False,False,False,True,True,True,True,NULL
"993979239",True,False,NULL,NULL,NULL,NULL,NULL,NULL,NULL,NULL,True,NULL,NULL,NULL,NULL,NULL,False,False,False,False,False,True,True,True,True,NULL
"6241712163",True,False,NULL,NULL,NULL,NULL,NULL,NULL,NULL,NULL,True,NULL,NULL,NULL,NULL,NULL,False,False,False,False,False,True,True,True,True,NULL
"1183922176",True,False,NULL,NULL,NULL,NULL,NULL,NULL,NULL,NULL,True,NULL,NULL,NULL,NULL,NULL,False,False,False,False,False,True,True,True,True,NULL
"1131741322",True,False,NULL,NULL,"supp",NULL,"2025-10-06 12:07:28.493577+00","😎",NULL,NULL,True,NULL,NULL,NULL,NULL,NULL,False,False,False,False,False,True,True,True,True,"QhUcWd9f_UU"
"6577520439",True,False,NULL,NULL,NULL,NULL,NULL,NULL,NULL,NULL,True,NULL,NULL,NULL,NULL,NULL,False,False,False,False,False,True,True,True,True,NULL
"714765261",True,False,NULL,NULL,NULL,NULL,NULL,NULL,NULL,NULL,True,NULL,NULL,NULL,NULL,NULL,False,False,False,False,False,True,True,True,True,NULL
"1040892170",True,False,NULL,NULL,NULL,NULL,NULL,NULL,NULL,NULL,True,NULL,NULL,NULL,NULL,NULL,False,False,False,False,False,True,True,True,True,NULL
"680430560",True,False,NULL,NULL,NULL,NULL,NULL,NULL,NULL,NULL,True,NULL,NULL,NULL,NULL,NULL,False,False,False,False,False,True,True,True,True,NULL
"6759219281",True,False,NULL,NULL,NULL,NULL,NULL,NULL,NULL,NULL,True,NULL,NULL,NULL,NULL,NULL,False,False,False,False,False,True,True,True,True,NULL
"1361095411",True,False,NULL,NULL,NULL,NULL,NULL,NULL,NULL,NULL,True,NULL,NULL,NULL,NULL,NULL,False,False,False,False,False,True,True,True,True,NULL
"5589952428",True,False,NULL,NULL,NULL,NULL,NULL,"👤",NULL,NULL,True,NULL,NULL,NULL,NULL,NULL,False,False,False,False,False,True,True,True,True,NULL
"897503674",False,False,NULL,NULL,NULL,NULL,NULL,NULL,NULL,NULL,True,NULL,NULL,NULL,NULL,NULL,False,False,False,False,False,True,True,True,True,NULL
"5725148426",True,False,NULL,NULL,NULL,NULL,NULL,NULL,NULL,NULL,True,NULL,NULL,NULL,NULL,NULL,False,False,False,False,False,True,True,True,True,NULL
"6936282683",True,False,NULL,NULL,NULL,NULL,NULL,NULL,NULL,NULL,True,NULL,NULL,NULL,NULL,NULL,False,False,False,False,False,True,True,True,True,NULL
"6543693487",True,False,NULL,NULL,NULL,NULL,NULL,NULL,NULL,NULL,True,NULL,NULL,NULL,NULL,NULL,False,False,False,False,False,True,True,True,True,NULL
"6824559410",True,False,NULL,NULL,NULL,NULL,NULL,NULL,NULL,NULL,True,NULL,NULL,NULL,NULL,NULL,False,False,False,False,False,True,True,True,True,NULL
"5164922669",True,False,NULL,NULL,NULL,NULL,NULL,NULL,NULL,NULL,True,NULL,NULL,NULL,NULL,NULL,False,False,False,False,False,True,True,True,True,"tDuxhGgi56A"
"486063583",True,False,NULL,NULL,NULL,NULL,NULL,NULL,NULL,NULL,True,NULL,NULL,NULL,NULL,NULL,False,False,False,False,False,True,True,True,True,NULL
"628539908",False,False,NULL,NULL,NULL,NULL,NULL,NULL,NULL,NULL,True,NULL,NULL,NULL,NULL,NULL,False,False,False,False,False,True,True,True,True,NULL
"1537883199",True,False,NULL,NULL,NULL,NULL,NULL,NULL,NULL,NULL,True,NULL,NULL,NULL,NULL,NULL,False,False,False,False,False,True,True,True,True,NULL
"8076212785",True,False,NULL,NULL,NULL,NULL,NULL,NULL,NULL,NULL,True,NULL,NULL,NULL,NULL,NULL,False,False,False,False,False,True,True,True,True,NULL
"848865292",True,False,NULL,NULL,NULL,NULL,NULL,NULL,NULL,NULL,True,NULL,NULL,NULL,NULL,NULL,False,False,False,False,False,True,True,True,True,NULL
"6089004956",True,False,NULL,NULL,NULL,NULL,NULL,NULL,NULL,NULL,True,NULL,NULL,NULL,NULL,NULL,False,False,False,False,False,True,True,True,True,NULL
"1923175721",True,False,NULL,NULL,NULL,NULL,NULL,NULL,NULL,NULL,True,NULL,NULL,NULL,NULL,NULL,False,False,False,False,False,True,True,True,True,NULL
"6617007858",True,False,NULL,NULL,NULL,NULL,NULL,NULL,NULL,NULL,True,NULL,NULL,NULL,NULL,NULL,False,False,False,False,False,True,True,True,True,NULL
"1256099014",True,False,NULL,NULL,NULL,NULL,NULL,NULL,NULL,NULL,True,NULL,NULL,NULL,NULL,NULL,False,False,False,False,False,True,True,True,True,NULL
"1427032771",True,False,NULL,NULL,NULL,NULL,NULL,NULL,NULL,NULL,True,NULL,NULL,NULL,NULL,NULL,False,False,False,False,False,True,True,True,True,NULL
"7398817495",True,False,NULL,NULL,"gimmeeeitt",NULL,"2025-10-07 09:06:56.869359+00","👻",NULL,"Christian. Harry Potter (the books ofc) & New Girl fan.",True,NULL,NULL,NULL,NULL,NULL,False,False,False,False,False,True,True,True,True,NULL
"5053271556",True,False,NULL,NULL,NULL,NULL,NULL,NULL,NULL,NULL,True,NULL,NULL,NULL,NULL,NULL,False,False,False,False,False,True,True,True,True,NULL
"6526485500",True,False,NULL,NULL,NULL,NULL,NULL,NULL,NULL,NULL,True,NULL,NULL,NULL,NULL,NULL,False,False,False,False,False,True,True,True,True,NULL
"7181066345",True,False,NULL,NULL,"𝑽𝒆𝒍𝒓𝒊𝒄",25,"2025-10-07 04:56:01.096249+00","✨",NULL,NULL,True,"Male","College of Technology and Built Environment (CTBE)",NULL,NULL,"{Football}",True,True,False,False,False,True,True,True,True,NULL
"6719637627",True,False,NULL,NULL,NULL,NULL,NULL,NULL,NULL,NULL,True,NULL,NULL,NULL,NULL,NULL,False,False,False,False,False,True,True,True,True,NULL
"6419577380",True,False,NULL,NULL,NULL,NULL,NULL,NULL,NULL,NULL,True,NULL,NULL,NULL,NULL,NULL,False,False,False,False,False,True,True,True,True,NULL
"526287886",True,False,NULL,NULL,NULL,NULL,NULL,NULL,NULL,NULL,True,NULL,NULL,NULL,NULL,NULL,False,False,False,False,False,True,True,True,True,NULL
"5519771969",True,False,NULL,NULL,NULL,NULL,NULL,NULL,NULL,NULL,True,NULL,NULL,NULL,NULL,NULL,False,False,False,False,False,True,True,True,True,NULL
"1255905899",True,False,NULL,NULL,NULL,NULL,NULL,NULL,NULL,NULL,True,NULL,NULL,NULL,NULL,NULL,False,False,False,False,False,True,True,True,True,NULL
"1589155186",True,False,NULL,NULL,NULL,NULL,NULL,NULL,NULL,NULL,True,NULL,NULL,NULL,NULL,NULL,False,False,False,False,False,True,True,True,True,NULL
"5863352928",False,False,NULL,NULL,NULL,NULL,NULL,NULL,NULL,NULL,True,NULL,NULL,NULL,NULL,NULL,False,False,False,False,False,True,True,True,True,NULL
"6607729817",True,False,NULL,NULL,NULL,NULL,NULL,NULL,NULL,NULL,True,NULL,NULL,NULL,NULL,NULL,False,False,False,False,False,True,True,True,True,NULL
"1873783694",True,False,NULL,NULL,NULL,NULL,NULL,NULL,NULL,NULL,True,NULL,NULL,NULL,NULL,NULL,False,False,False,False,False,True,True,True,True,"zaqhS6oLnRQ"
"721972639",True,False,NULL,NULL,NULL,NULL,NULL,NULL,NULL,NULL,True,NULL,NULL,NULL,NULL,NULL,False,False,False,False,False,True,True,True,True,NULL
"7393837212",True,False,NULL,NULL,NULL,NULL,NULL,NULL,NULL,NULL,True,NULL,NULL,NULL,NULL,NULL,False,False,False,False,False,True,True,True,True,NULL
"1015763466",True,False,NULL,NULL,NULL,NULL,NULL,NULL,NULL,NULL,True,NULL,NULL,NULL,NULL,NULL,False,False,False,False,False,True,True,True,True,NULL
"5953562246",True,False,NULL,NULL,NULL,NULL,NULL,NULL,NULL,NULL,True,NULL,NULL,NULL,NULL,NULL,False,False,False,False,False,True,True,True,True,NULL
"1995230930",True,False,NULL,NULL,NULL,NULL,NULL,NULL,NULL,NULL,True,NULL,NULL,NULL,NULL,NULL,False,False,False,False,False,True,True,True,True,NULL
"897126058",True,False,NULL,NULL,NULL,NULL,NULL,NULL,NULL,NULL,True,NULL,NULL,NULL,NULL,NULL,False,False,False,False,False,True,True,True,True,NULL
"1125094356",True,False,NULL,NULL,"Idgaf",NULL,"2025-10-20 07:00:45.849188+00","👻",NULL,NULL,True,NULL,NULL,NULL,NULL,NULL,False,False,False,False,False,True,True,True,True,NULL
"8452943355",True,False,NULL,NULL,NULL,NULL,NULL,NULL,NULL,NULL,True,NULL,NULL,NULL,NULL,NULL,False,False,False,False,False,True,True,True,True,NULL
"1508623900",True,False,NULL,NULL,NULL,NULL,NULL,NULL,NULL,NULL,True,NULL,NULL,NULL,NULL,NULL,False,False,False,False,False,True,True,True,True,NULL
"586041629",True,False,NULL,NULL,NULL,NULL,NULL,NULL,NULL,NULL,True,NULL,NULL,NULL,NULL,NULL,False,False,False,False,False,True,True,True,True,NULL
"7958298561",True,False,NULL,NULL,NULL,NULL,NULL,NULL,NULL,NULL,True,NULL,NULL,NULL,NULL,NULL,False,False,False,False,False,True,True,True,True,NULL
"6278917818",True,False,NULL,NULL,NULL,NULL,NULL,NULL,NULL,NULL,True,NULL,NULL,NULL,NULL,NULL,False,False,False,False,False,True,True,True,True,NULL
"7796998749",True,False,NULL,NULL,NULL,NULL,NULL,NULL,NULL,NULL,True,NULL,NULL,NULL,NULL,NULL,False,False,False,False,False,True,True,True,True,NULL
"768920821",True,False,NULL,NULL,NULL,NULL,NULL,NULL,NULL,NULL,True,NULL,NULL,NULL,NULL,NULL,False,False,False,False,False,True,True,True,True,NULL
"1399328231",True,False,NULL,NULL,"Zergaw",NULL,"2025-10-06 20:17:20.256249+00","👨",NULL,NULL,True,NULL,NULL,NULL,NULL,NULL,False,False,False,False,False,True,True,True,True,"C2bFCZ_Chvk"
"1079767004",False,False,NULL,NULL,NULL,NULL,NULL,NULL,NULL,NULL,True,NULL,NULL,NULL,NULL,NULL,False,False,False,False,False,True,True,True,True,NULL
"482290538",True,False,NULL,NULL,NULL,NULL,NULL,NULL,NULL,NULL,True,NULL,NULL,NULL,NULL,NULL,False,False,False,False,False,True,True,True,True,NULL
"5456358565",True,False,NULL,NULL,NULL,NULL,NULL,NULL,NULL,NULL,True,NULL,NULL,NULL,NULL,NULL,False,False,False,False,False,True,True,True,True,NULL
"1398770455",True,False,NULL,NULL,NULL,NULL,NULL,NULL,NULL,NULL,True,NULL,NULL,NULL,NULL,NULL,False,False,False,False,False,True,True,True,True,NULL
"7577123537",True,False,NULL,NULL,NULL,NULL,NULL,NULL,NULL,NULL,True,NULL,NULL,NULL,NULL,NULL,False,False,False,False,False,True,True,True,True,NULL
"7084003937",True,False,NULL,NULL,"Coachie",NULL,"2025-10-07 13:35:43.03759+00","👻",NULL,"Ryn Soul",True,NULL,NULL,NULL,NULL,NULL,False,False,False,False,False,True,True,True,True,NULL
"5661639557",True,False,NULL,NULL,NULL,NULL,NULL,NULL,NULL,NULL,True,NULL,NULL,NULL,NULL,NULL,False,False,False,False,False,True,True,True,True,NULL
"1811937184",True,False,NULL,NULL,NULL,NULL,NULL,NULL,NULL,NULL,True,NULL,NULL,NULL,NULL,NULL,False,False,False,False,False,True,True,True,True,NULL
"6041648104",False,False,NULL,NULL,NULL,NULL,NULL,NULL,NULL,NULL,True,NULL,NULL,NULL,NULL,NULL,False,False,False,False,False,True,True,True,True,NULL
"6030455420",True,False,NULL,NULL,NULL,NULL,NULL,NULL,NULL,NULL,True,NULL,NULL,NULL,NULL,NULL,False,False,False,False,False,True,True,True,True,NULL
"2120903391",True,False,NULL,NULL,NULL,NULL,NULL,NULL,NULL,NULL,True,NULL,NULL,NULL,NULL,NULL,False,False,False,False,False,True,True,True,True,NULL
"1950857312",True,False,NULL,NULL,"ሸንነው",NULL,"2025-10-13 04:51:46.206174+00","🧐",NULL,NULL,True,NULL,NULL,NULL,NULL,NULL,False,False,False,False,False,True,True,True,True,NULL
"1989870952",True,False,NULL,NULL,NULL,NULL,NULL,NULL,NULL,NULL,True,NULL,NULL,NULL,NULL,NULL,False,False,False,False,False,True,True,True,True,NULL
"8328033763",True,False,NULL,NULL,NULL,NULL,NULL,NULL,NULL,NULL,True,NULL,NULL,NULL,NULL,NULL,False,False,False,False,False,True,True,True,True,NULL
"1828265801",True,False,NULL,NULL,NULL,NULL,NULL,NULL,NULL,NULL,True,NULL,NULL,NULL,NULL,NULL,False,False,False,False,False,True,True,True,True,NULL
"7461452408",True,False,NULL,NULL,NULL,NULL,NULL,NULL,NULL,NULL,True,NULL,NULL,NULL,NULL,NULL,False,False,False,False,False,True,True,True,True,NULL
"760266791",False,False,NULL,NULL,NULL,NULL,NULL,NULL,NULL,NULL,True,NULL,NULL,NULL,NULL,NULL,False,False,False,False,False,True,True,True,True,NULL
"5934221828",True,False,NULL,NULL,NULL,NULL,NULL,NULL,NULL,NULL,True,NULL,NULL,NULL,NULL,NULL,False,False,False,False,False,True,True,True,True,NULL
"1218739038",True,False,NULL,NULL,NULL,NULL,NULL,NULL,NULL,NULL,True,NULL,NULL,NULL,NULL,NULL,False,False,False,False,False,True,True,True,True,NULL
"1215782140",True,False,NULL,NULL,"Tianyueliang69",15,"2025-10-07 16:23:32.285348+00","🎧",NULL,NULL,True,NULL,NULL,NULL,NULL,NULL,True,False,False,False,False,True,True,True,True,NULL
"867220681",True,False,NULL,NULL,NULL,NULL,NULL,NULL,NULL,NULL,True,NULL,NULL,NULL,NULL,NULL,False,False,False,False,False,True,True,True,True,NULL
"5086332912",True,False,NULL,NULL,NULL,NULL,NULL,NULL,NULL,NULL,True,NULL,NULL,NULL,NULL,NULL,False,False,False,False,False,True,True,True,True,NULL
"692022598",True,False,NULL,NULL,NULL,NULL,NULL,NULL,NULL,NULL,True,NULL,NULL,NULL,NULL,NULL,False,False,False,False,False,True,True,True,True,NULL
"7982065031",True,False,NULL,NULL,NULL,NULL,NULL,NULL,NULL,NULL,True,NULL,NULL,NULL,NULL,NULL,False,False,False,False,False,True,True,True,True,NULL
"6123022897",True,False,NULL,NULL,NULL,NULL,NULL,NULL,NULL,NULL,True,NULL,NULL,NULL,NULL,NULL,False,False,False,False,False,True,True,True,True,NULL
"7838410273",True,False,NULL,NULL,NULL,NULL,NULL,"☀️",NULL,NULL,True,NULL,NULL,NULL,NULL,NULL,False,False,False,False,False,True,True,True,True,NULL
"1174697199",True,False,NULL,NULL,NULL,NULL,NULL,NULL,NULL,NULL,True,NULL,NULL,NULL,NULL,NULL,False,False,False,False,False,True,True,True,True,NULL
"5998085203",True,False,NULL,NULL,NULL,NULL,NULL,NULL,NULL,NULL,True,NULL,NULL,NULL,NULL,NULL,False,False,False,False,False,True,True,True,True,NULL
"6293536670",True,False,NULL,NULL,NULL,NULL,NULL,NULL,NULL,NULL,True,NULL,NULL,NULL,NULL,NULL,False,False,False,False,False,True,True,True,True,NULL
"5425058878",True,False,NULL,NULL,NULL,NULL,NULL,NULL,NULL,NULL,True,NULL,NULL,NULL,NULL,NULL,False,False,False,False,False,True,True,True,True,NULL
"7940722669",True,False,NULL,NULL,NULL,NULL,NULL,NULL,NULL,NULL,True,NULL,NULL,NULL,NULL,NULL,False,False,False,False,False,True,True,True,True,NULL
"757011137",True,False,NULL,NULL,NULL,NULL,NULL,NULL,NULL,NULL,True,NULL,NULL,NULL,NULL,NULL,False,False,False,False,False,True,True,True,True,NULL
"6331353971",True,False,NULL,NULL,NULL,NULL,NULL,NULL,NULL,NULL,True,NULL,NULL,NULL,NULL,NULL,False,False,False,False,False,True,True,True,True,NULL
"7058497975",True,False,NULL,NULL,NULL,NULL,NULL,NULL,NULL,NULL,True,NULL,NULL,NULL,NULL,NULL,False,False,False,False,False,True,True,True,True,NULL
"833675002",True,False,NULL,NULL,NULL,NULL,NULL,NULL,NULL,NULL,True,NULL,NULL,NULL,NULL,NULL,False,False,False,False,False,True,True,True,True,NULL
"6954278308",True,False,NULL,NULL,NULL,NULL,NULL,NULL,NULL,NULL,True,NULL,NULL,NULL,NULL,NULL,False,False,False,False,False,True,True,True,True,NULL
"6899724132",False,False,NULL,NULL,NULL,NULL,NULL,NULL,NULL,NULL,True,NULL,NULL,NULL,NULL,NULL,False,False,False,False,False,True,True,True,True,NULL
"263544359",True,False,NULL,NULL,NULL,NULL,NULL,NULL,NULL,NULL,True,NULL,NULL,NULL,NULL,NULL,False,False,False,False,False,True,True,True,True,NULL
"5339546370",True,False,NULL,NULL,NULL,NULL,NULL,NULL,NULL,NULL,True,NULL,NULL,NULL,NULL,NULL,False,False,False,False,False,True,True,True,True,NULL
"1068025158",True,False,NULL,NULL,NULL,NULL,NULL,NULL,NULL,NULL,True,NULL,NULL,NULL,NULL,NULL,False,False,False,False,False,True,True,True,True,NULL
"1239088988",True,False,NULL,NULL,NULL,NULL,NULL,NULL,NULL,NULL,True,NULL,NULL,NULL,NULL,NULL,False,False,False,False,False,True,True,True,True,NULL
"1123786663",True,False,NULL,NULL,NULL,NULL,NULL,NULL,NULL,NULL,True,NULL,NULL,NULL,NULL,NULL,False,False,False,False,False,True,True,True,True,NULL
"890655184",True,False,NULL,NULL,NULL,NULL,NULL,NULL,NULL,NULL,True,NULL,NULL,NULL,NULL,NULL,False,False,False,False,False,True,True,True,True,NULL
"5959533967",True,False,NULL,NULL,NULL,NULL,NULL,NULL,NULL,NULL,True,NULL,NULL,NULL,NULL,NULL,False,False,False,False,False,True,True,True,True,NULL
"8240059280",True,False,NULL,NULL,"Bubble",0,"2025-10-07 18:09:30.991884+00","👩",NULL,NULL,True,"Female","College of Natural and Computational Sciences","3rd Year",NULL,NULL,True,False,False,False,False,True,True,True,True,NULL
"782223844",True,False,NULL,NULL,"Idkbruh",NULL,"2025-10-08 19:29:53.147259+00","✨",NULL,NULL,True,NULL,NULL,NULL,NULL,NULL,False,False,False,False,False,True,True,True,True,"pM9lGk-zl_w"
"6055871474",True,False,NULL,NULL,NULL,NULL,NULL,NULL,NULL,NULL,True,NULL,NULL,NULL,NULL,NULL,False,False,False,False,False,True,True,True,True,NULL
"651306400",True,False,NULL,NULL,NULL,NULL,NULL,NULL,NULL,NULL,True,NULL,NULL,NULL,NULL,NULL,False,False,False,False,False,True,True,True,True,NULL
"939283276",True,False,NULL,NULL,NULL,NULL,NULL,NULL,NULL,NULL,True,NULL,NULL,NULL,NULL,NULL,False,False,False,False,False,True,True,True,True,NULL
"763595157",True,False,NULL,NULL,NULL,NULL,NULL,NULL,NULL,NULL,True,NULL,NULL,NULL,NULL,NULL,False,False,False,False,False,True,True,True,True,NULL
"5097421856",False,False,NULL,NULL,NULL,NULL,NULL,NULL,NULL,NULL,True,NULL,NULL,NULL,NULL,NULL,False,False,False,False,False,True,True,True,True,NULL
"7408571283",True,False,NULL,NULL,NULL,NULL,NULL,NULL,NULL,NULL,True,NULL,NULL,NULL,NULL,NULL,False,False,False,False,False,True,True,True,True,NULL
"1707902183",True,False,NULL,NULL,NULL,NULL,NULL,NULL,NULL,NULL,True,NULL,NULL,NULL,NULL,NULL,False,False,False,False,False,True,True,True,True,NULL
"1328957140",True,False,NULL,NULL,NULL,NULL,NULL,NULL,NULL,NULL,True,NULL,NULL,NULL,NULL,NULL,False,False,False,False,False,True,True,True,True,NULL
"5015117566",True,False,NULL,NULL,NULL,NULL,NULL,NULL,NULL,NULL,True,NULL,NULL,NULL,NULL,NULL,False,False,False,False,False,True,True,True,True,NULL
"352310709",False,False,NULL,NULL,NULL,NULL,NULL,NULL,NULL,NULL,True,NULL,NULL,NULL,NULL,NULL,False,False,False,False,False,True,True,True,True,NULL
"453861477",False,False,NULL,NULL,NULL,NULL,NULL,NULL,NULL,NULL,True,NULL,NULL,NULL,NULL,NULL,False,False,False,False,False,True,True,True,True,NULL
"1846529254",True,False,NULL,NULL,NULL,NULL,NULL,NULL,NULL,NULL,True,NULL,NULL,NULL,NULL,NULL,False,False,False,False,False,True,True,True,True,NULL
"448696903",False,False,NULL,NULL,NULL,NULL,NULL,NULL,NULL,NULL,True,NULL,NULL,NULL,NULL,NULL,False,False,False,False,False,True,True,True,True,NULL
"1924020119",True,False,NULL,NULL,NULL,NULL,NULL,NULL,NULL,NULL,True,NULL,NULL,NULL,NULL,NULL,False,False,False,False,False,True,True,True,True,NULL
"567123429",True,False,NULL,NULL,NULL,NULL,NULL,NULL,NULL,NULL,True,NULL,NULL,NULL,NULL,NULL,False,False,False,False,False,True,True,True,True,NULL
"1649141937",True,False,NULL,NULL,NULL,NULL,NULL,NULL,NULL,NULL,True,NULL,NULL,NULL,NULL,NULL,False,False,False,False,False,True,True,True,True,NULL
"8345171418",False,False,NULL,NULL,NULL,NULL,NULL,NULL,NULL,NULL,True,NULL,NULL,NULL,NULL,NULL,False,False,False,False,False,True,True,True,True,NULL
"5237552785",True,False,NULL,NULL,NULL,NULL,NULL,NULL,NULL,NULL,True,NULL,NULL,NULL,NULL,NULL,False,False,False,False,False,True,True,True,True,NULL
"6445481766",True,False,NULL,NULL,NULL,NULL,NULL,NULL,NULL,NULL,True,NULL,NULL,NULL,NULL,NULL,False,False,False,False,False,True,True,True,True,NULL
"6301507055",True,False,NULL,NULL,NULL,NULL,NULL,NULL,NULL,NULL,True,NULL,NULL,NULL,NULL,NULL,False,False,False,False,False,True,True,True,True,NULL
"1377625991",True,False,NULL,NULL,NULL,NULL,NULL,NULL,NULL,NULL,True,NULL,NULL,NULL,NULL,NULL,False,False,False,False,False,True,True,True,True,NULL
"5992805201",True,False,NULL,NULL,NULL,NULL,NULL,NULL,NULL,NULL,True,NULL,NULL,NULL,NULL,NULL,False,False,False,False,False,True,True,True,True,NULL
"8034385461",True,False,NULL,NULL,NULL,NULL,NULL,NULL,NULL,NULL,True,NULL,NULL,NULL,NULL,NULL,False,False,False,False,False,True,True,True,True,NULL
"406184502",True,False,NULL,NULL,NULL,NULL,NULL,NULL,NULL,NULL,True,NULL,NULL,NULL,NULL,NULL,False,False,False,False,False,True,True,True,True,NULL
"6772046201",True,False,NULL,NULL,"Aschenaki",NULL,"2025-10-08 06:23:53.564608+00",NULL,NULL,NULL,True,NULL,NULL,NULL,NULL,NULL,False,False,False,False,False,True,True,True,True,NULL
"382165431",True,False,NULL,NULL,NULL,NULL,NULL,NULL,NULL,NULL,True,NULL,NULL,NULL,NULL,NULL,False,False,False,False,False,True,True,True,True,NULL
"5700618889",False,False,NULL,NULL,NULL,NULL,NULL,NULL,NULL,NULL,True,NULL,NULL,NULL,NULL,NULL,False,False,False,False,False,True,True,True,True,NULL
"1141714291",True,False,NULL,NULL,NULL,NULL,NULL,NULL,NULL,NULL,True,NULL,NULL,NULL,NULL,NULL,False,False,False,False,False,True,True,True,True,NULL
"8495924637",True,False,NULL,NULL,NULL,NULL,NULL,NULL,NULL,NULL,True,NULL,NULL,NULL,NULL,NULL,False,False,False,False,False,True,True,True,True,NULL
"1208654789",True,False,NULL,NULL,NULL,NULL,NULL,NULL,NULL,NULL,True,NULL,NULL,NULL,NULL,NULL,False,False,False,False,False,True,True,True,True,NULL
"404296700",True,False,NULL,NULL,NULL,NULL,NULL,NULL,NULL,NULL,True,NULL,NULL,NULL,NULL,NULL,False,False,False,False,False,True,True,True,True,NULL
"736448120",False,False,NULL,NULL,NULL,NULL,NULL,NULL,NULL,NULL,True,NULL,NULL,NULL,NULL,NULL,False,False,False,False,False,True,True,True,True,NULL
"621046683",True,False,NULL,NULL,NULL,NULL,NULL,NULL,NULL,NULL,True,NULL,NULL,NULL,NULL,NULL,False,False,False,False,False,True,True,True,True,NULL
"1173593250",True,False,NULL,NULL,NULL,NULL,NULL,NULL,NULL,NULL,True,NULL,NULL,NULL,NULL,NULL,False,False,False,False,False,True,True,True,True,NULL
"6589740093",True,False,NULL,NULL,NULL,NULL,NULL,NULL,NULL,NULL,True,NULL,NULL,NULL,NULL,NULL,False,False,False,False,False,True,True,True,True,NULL
"751849042",True,False,NULL,NULL,NULL,NULL,NULL,NULL,NULL,NULL,True,NULL,NULL,NULL,NULL,NULL,False,False,False,False,False,True,True,True,True,NULL
"6404214347",True,False,NULL,NULL,NULL,NULL,NULL,NULL,NULL,NULL,True,NULL,NULL,NULL,NULL,NULL,False,False,False,False,False,True,True,True,True,NULL
"7015201313",True,False,NULL,NULL,NULL,NULL,NULL,NULL,NULL,NULL,True,NULL,NULL,NULL,NULL,NULL,False,False,False,False,False,True,True,True,True,NULL
"1088868597",True,False,NULL,NULL,NULL,NULL,NULL,NULL,NULL,NULL,True,NULL,NULL,NULL,NULL,NULL,False,False,False,False,False,True,True,True,True,NULL
"1618957272",True,False,NULL,NULL,NULL,NULL,NULL,NULL,NULL,NULL,True,NULL,NULL,NULL,NULL,NULL,False,False,False,False,False,True,True,True,True,NULL
"8340049710",True,False,NULL,NULL,NULL,NULL,NULL,NULL,NULL,NULL,True,NULL,NULL,NULL,NULL,NULL,False,False,False,False,False,True,True,True,True,NULL
"579422697",True,False,NULL,NULL,NULL,NULL,NULL,NULL,NULL,NULL,True,NULL,NULL,NULL,NULL,NULL,False,False,False,False,False,True,True,True,True,NULL
"463156902",False,False,NULL,NULL,NULL,NULL,NULL,NULL,NULL,NULL,True,NULL,NULL,NULL,NULL,NULL,False,False,False,False,False,True,True,True,True,NULL
"1039288397",True,False,NULL,NULL,NULL,NULL,NULL,NULL,NULL,NULL,True,NULL,NULL,NULL,NULL,NULL,False,False,False,False,False,True,True,True,True,NULL
"724359537",True,False,NULL,NULL,NULL,NULL,NULL,NULL,NULL,NULL,True,NULL,NULL,NULL,NULL,NULL,False,False,False,False,False,True,True,True,True,NULL
"6608619963",True,False,NULL,NULL,NULL,NULL,NULL,NULL,NULL,NULL,True,NULL,NULL,NULL,NULL,NULL,False,False,False,False,False,True,True,True,True,NULL
"7916121749",True,False,NULL,NULL,NULL,NULL,NULL,NULL,NULL,NULL,True,NULL,NULL,NULL,NULL,NULL,False,False,False,False,False,True,True,True,True,NULL
"7100984468",True,False,NULL,NULL,NULL,NULL,NULL,NULL,NULL,NULL,True,NULL,NULL,NULL,NULL,NULL,False,False,False,False,False,True,True,True,True,NULL
"1278750321",True,False,NULL,NULL,NULL,NULL,NULL,NULL,NULL,NULL,True,NULL,NULL,NULL,NULL,NULL,False,False,False,False,False,True,True,True,True,NULL
"661843318",True,False,NULL,NULL,NULL,NULL,NULL,NULL,NULL,NULL,True,NULL,NULL,NULL,NULL,NULL,False,False,False,False,False,True,True,True,True,NULL
"574007183",True,False,NULL,NULL,NULL,NULL,NULL,NULL,NULL,NULL,True,NULL,NULL,NULL,NULL,NULL,False,False,False,False,False,True,True,True,True,NULL
"709359481",True,False,NULL,NULL,NULL,NULL,NULL,NULL,NULL,NULL,True,NULL,NULL,NULL,NULL,NULL,False,False,False,False,False,True,True,True,True,NULL
"7060891299",True,False,NULL,NULL,NULL,NULL,NULL,NULL,NULL,NULL,True,NULL,NULL,NULL,NULL,NULL,False,False,False,False,False,True,True,True,True,NULL
"6411559461",True,False,NULL,NULL,NULL,NULL,NULL,NULL,NULL,NULL,True,NULL,NULL,NULL,NULL,NULL,False,False,False,False,False,True,True,True,True,NULL
"5324359114",True,False,NULL,NULL,NULL,NULL,NULL,NULL,NULL,NULL,True,NULL,NULL,NULL,NULL,NULL,False,False,False,False,False,True,True,True,True,NULL
"5035569240",True,False,NULL,NULL,NULL,NULL,NULL,NULL,NULL,NULL,True,NULL,NULL,NULL,NULL,NULL,False,False,False,False,False,True,True,True,True,NULL
"317119227",True,False,NULL,NULL,NULL,NULL,NULL,NULL,NULL,NULL,True,NULL,NULL,NULL,NULL,NULL,False,False,False,False,False,True,True,True,True,NULL
"882706272",True,False,NULL,NULL,NULL,NULL,NULL,NULL,NULL,NULL,True,NULL,NULL,NULL,NULL,NULL,False,False,False,False,False,True,True,True,True,NULL
"1459387159",True,False,NULL,NULL,NULL,NULL,NULL,NULL,NULL,NULL,True,NULL,NULL,NULL,NULL,NULL,False,False,False,False,False,True,True,True,True,NULL
"1453485697",True,False,NULL,NULL,NULL,NULL,NULL,NULL,NULL,NULL,True,NULL,NULL,NULL,NULL,NULL,False,False,False,False,False,True,True,True,True,NULL
"2067005716",True,False,NULL,NULL,"Aelin",NULL,"2025-10-08 12:11:26.008818+00","👻",NULL,"Quite, not empty.",True,NULL,NULL,NULL,NULL,NULL,False,False,False,False,False,True,True,True,True,NULL
"7472657359",True,False,NULL,NULL,NULL,NULL,NULL,NULL,NULL,NULL,True,NULL,NULL,NULL,NULL,NULL,False,False,False,False,False,True,True,True,True,NULL
"7830855241",True,False,NULL,NULL,"Aba siber",NULL,"2025-10-08 12:26:44.000573+00",NULL,NULL,NULL,True,NULL,NULL,NULL,NULL,NULL,False,False,False,False,False,True,True,True,True,NULL
"401234605",True,False,NULL,NULL,NULL,NULL,NULL,NULL,NULL,NULL,True,NULL,NULL,NULL,NULL,NULL,False,False,False,False,False,True,True,True,True,NULL
"906495451",True,False,NULL,NULL,NULL,NULL,NULL,NULL,NULL,NULL,True,NULL,NULL,NULL,NULL,NULL,False,False,False,False,False,True,True,True,True,NULL
"5353307443",True,False,NULL,NULL,"Nimonee",NULL,"2025-10-14 12:54:32.532592+00","😎",NULL,NULL,True,NULL,NULL,NULL,NULL,NULL,False,False,False,False,False,True,True,True,True,NULL
"6602265246",True,False,NULL,NULL,NULL,NULL,NULL,NULL,NULL,NULL,True,NULL,NULL,NULL,NULL,NULL,False,False,False,False,False,True,True,True,True,NULL
"5928683579",True,False,NULL,NULL,NULL,NULL,NULL,NULL,NULL,NULL,True,NULL,NULL,NULL,NULL,NULL,False,False,False,False,False,True,True,True,True,NULL
"623837173",True,False,NULL,NULL,"Astonshios",NULL,"2025-10-08 13:39:39.592526+00",NULL,NULL,NULL,True,NULL,NULL,NULL,NULL,NULL,False,False,False,False,False,True,True,True,True,NULL
"7407769037",True,False,NULL,NULL,NULL,NULL,NULL,NULL,NULL,NULL,True,NULL,NULL,NULL,NULL,NULL,False,False,False,False,False,True,True,True,True,NULL
"1121963383",True,False,NULL,NULL,NULL,NULL,NULL,NULL,NULL,NULL,True,NULL,NULL,NULL,NULL,NULL,False,False,False,False,False,True,True,True,True,NULL
"7875789721",True,False,NULL,NULL,NULL,NULL,NULL,NULL,NULL,NULL,True,NULL,NULL,NULL,NULL,NULL,False,False,False,False,False,True,True,True,True,NULL
"7134355056",True,False,NULL,NULL,NULL,NULL,NULL,NULL,NULL,NULL,True,NULL,NULL,NULL,NULL,NULL,False,False,False,False,False,True,True,True,True,NULL
"8180160620",True,False,NULL,NULL,NULL,NULL,NULL,NULL,NULL,NULL,True,NULL,NULL,NULL,NULL,NULL,False,False,False,False,False,True,True,True,True,NULL
"5941259507",True,False,NULL,NULL,NULL,NULL,NULL,NULL,NULL,NULL,True,NULL,NULL,NULL,NULL,NULL,False,False,False,False,False,True,True,True,True,NULL
"7134342972",False,False,NULL,NULL,NULL,NULL,NULL,NULL,NULL,NULL,True,NULL,NULL,NULL,NULL,NULL,False,False,False,False,False,True,True,True,True,NULL
"922827757",True,False,NULL,NULL,"Anix",NULL,"2025-10-14 14:22:18.175725+00",NULL,NULL,NULL,True,NULL,NULL,NULL,NULL,NULL,False,False,False,False,False,True,True,True,True,NULL
"1883515540",True,False,NULL,NULL,NULL,NULL,NULL,NULL,NULL,NULL,True,NULL,NULL,NULL,NULL,NULL,False,False,False,False,False,True,True,True,True,NULL
"613065339",True,False,NULL,NULL,NULL,NULL,NULL,NULL,NULL,NULL,True,NULL,NULL,NULL,NULL,NULL,False,False,False,False,False,True,True,True,True,NULL
"405279726",True,False,NULL,NULL,"Mii",NULL,"2025-10-08 16:21:13.539961+00",NULL,NULL,NULL,True,NULL,NULL,NULL,NULL,NULL,False,False,False,False,False,True,True,True,True,NULL
"326629802",True,False,NULL,NULL,NULL,NULL,NULL,NULL,NULL,NULL,True,NULL,NULL,NULL,NULL,NULL,False,False,False,False,False,True,True,True,True,NULL
"905136049",True,False,NULL,NULL,NULL,NULL,NULL,NULL,NULL,NULL,True,NULL,NULL,NULL,NULL,NULL,False,False,False,False,False,True,True,True,True,NULL
"7531904484",True,False,NULL,NULL,NULL,NULL,NULL,NULL,NULL,NULL,True,NULL,NULL,NULL,NULL,NULL,False,False,False,False,False,True,True,True,True,NULL
"977600260",True,False,NULL,NULL,"The noble lady",NULL,"2025-10-04 05:51:22.752841+00","👩",NULL,NULL,False,NULL,NULL,NULL,NULL,NULL,False,False,False,False,False,True,True,True,True,"59BJbHRnFqU"
"7164336005",True,False,NULL,NULL,NULL,NULL,NULL,NULL,NULL,NULL,True,NULL,NULL,NULL,NULL,NULL,False,False,False,False,False,True,True,True,True,NULL
"583108104",True,False,NULL,NULL,NULL,NULL,NULL,NULL,NULL,NULL,True,NULL,NULL,NULL,NULL,NULL,False,False,False,False,False,True,True,True,True,NULL
"7818585845",True,False,NULL,NULL,NULL,NULL,NULL,NULL,NULL,NULL,True,NULL,NULL,NULL,NULL,NULL,False,False,False,False,False,True,True,True,True,NULL
"5738280352",True,False,NULL,NULL,NULL,NULL,NULL,NULL,NULL,NULL,True,NULL,NULL,NULL,NULL,NULL,False,False,False,False,False,True,True,True,True,NULL
"8061809785",True,False,NULL,NULL,NULL,NULL,NULL,NULL,NULL,NULL,True,NULL,NULL,NULL,NULL,NULL,False,False,False,False,False,True,True,True,True,"TY9Va78l_cE"
"1797821501",True,False,NULL,NULL,NULL,NULL,NULL,NULL,NULL,NULL,True,NULL,NULL,NULL,NULL,NULL,False,False,False,False,False,True,True,True,True,NULL
"1756054636",True,False,NULL,NULL,NULL,NULL,NULL,NULL,NULL,NULL,True,NULL,NULL,NULL,NULL,NULL,False,False,False,False,False,True,True,True,True,NULL
"506855971",True,False,NULL,NULL,NULL,NULL,NULL,NULL,NULL,NULL,True,NULL,NULL,NULL,NULL,NULL,False,False,False,False,False,True,True,True,True,NULL
"7357852406",True,False,NULL,NULL,NULL,NULL,NULL,NULL,NULL,NULL,True,NULL,NULL,NULL,NULL,NULL,False,False,False,False,False,True,True,True,True,NULL
"1235482472",True,False,NULL,NULL,NULL,NULL,NULL,NULL,NULL,NULL,True,NULL,NULL,NULL,NULL,NULL,False,False,False,False,False,True,True,True,True,NULL
"5317537057",False,False,NULL,NULL,NULL,NULL,NULL,NULL,NULL,NULL,True,NULL,NULL,NULL,NULL,NULL,False,False,False,False,False,True,True,True,True,NULL
"448028959",True,False,NULL,NULL,NULL,NULL,NULL,NULL,NULL,NULL,True,NULL,NULL,NULL,NULL,NULL,False,False,False,False,False,True,True,True,True,NULL
"1254350272",True,False,NULL,NULL,NULL,NULL,NULL,NULL,NULL,NULL,True,NULL,NULL,NULL,NULL,NULL,False,False,False,False,False,True,True,True,True,NULL
"422194592",True,False,NULL,NULL,"NHH",NULL,"2025-10-08 19:12:35.916535+00","☀️",NULL,NULL,True,NULL,NULL,NULL,NULL,NULL,False,False,False,False,False,True,True,True,True,NULL
"5338235721",True,False,NULL,NULL,"Ur Dad",NULL,"2025-10-08 19:12:25.40912+00","👨",NULL,NULL,True,NULL,NULL,NULL,NULL,NULL,False,False,False,False,False,True,True,True,True,NULL
"5574688194",True,False,NULL,NULL,NULL,NULL,NULL,NULL,NULL,NULL,True,NULL,NULL,NULL,NULL,NULL,False,False,False,False,False,True,True,True,True,NULL
"841725527",False,False,NULL,NULL,NULL,NULL,NULL,NULL,NULL,NULL,True,NULL,NULL,NULL,NULL,NULL,False,False,False,False,False,True,True,True,True,NULL
"6303072316",True,False,NULL,NULL,NULL,NULL,NULL,NULL,NULL,NULL,True,NULL,NULL,NULL,NULL,NULL,False,False,False,False,False,True,True,True,True,NULL
"1229945407",True,False,NULL,NULL,NULL,NULL,NULL,NULL,NULL,NULL,True,NULL,NULL,NULL,NULL,NULL,False,False,False,False,False,True,True,True,True,NULL
"1137022608",False,False,NULL,NULL,NULL,NULL,NULL,NULL,NULL,NULL,True,NULL,NULL,NULL,NULL,NULL,False,False,False,False,False,True,True,True,True,NULL
"6775548145",True,False,NULL,NULL,NULL,NULL,NULL,NULL,NULL,NULL,True,NULL,NULL,NULL,NULL,NULL,False,False,False,False,False,True,True,True,True,NULL
"6268660483",True,False,NULL,NULL,NULL,NULL,NULL,NULL,NULL,NULL,True,NULL,NULL,NULL,NULL,NULL,False,False,False,False,False,True,True,True,True,NULL
"6204204284",True,False,NULL,NULL,NULL,NULL,NULL,NULL,NULL,NULL,True,NULL,NULL,NULL,NULL,NULL,False,False,False,False,False,True,True,True,True,NULL
"7115695564",True,False,NULL,NULL,NULL,NULL,NULL,NULL,NULL,NULL,True,NULL,NULL,NULL,NULL,NULL,False,False,False,False,False,True,True,True,True,NULL
"997896610",True,False,NULL,NULL,NULL,NULL,NULL,NULL,NULL,NULL,True,NULL,NULL,NULL,NULL,NULL,False,False,False,False,False,True,True,True,True,NULL
"554240848",True,False,NULL,NULL,NULL,NULL,NULL,NULL,NULL,NULL,True,NULL,NULL,NULL,NULL,NULL,False,False,False,False,False,True,True,True,True,NULL
"721780811",True,False,NULL,NULL,NULL,NULL,NULL,NULL,NULL,NULL,True,NULL,NULL,NULL,NULL,NULL,False,False,False,False,False,True,True,True,True,NULL
"6484883373",True,False,NULL,NULL,NULL,NULL,NULL,NULL,NULL,NULL,True,NULL,NULL,NULL,NULL,NULL,False,False,False,False,False,True,True,True,True,NULL
"7127583331",True,False,NULL,NULL,NULL,NULL,NULL,NULL,NULL,NULL,True,NULL,NULL,NULL,NULL,NULL,False,False,False,False,False,True,True,True,True,NULL
"7033091073",True,False,NULL,NULL,NULL,NULL,NULL,NULL,NULL,NULL,True,NULL,NULL,NULL,NULL,NULL,False,False,False,False,False,True,True,True,True,NULL
"6895161467",True,False,NULL,NULL,NULL,NULL,NULL,NULL,NULL,NULL,True,NULL,NULL,NULL,NULL,NULL,False,False,False,False,False,True,True,True,True,NULL
"622474125",True,False,NULL,NULL,NULL,NULL,NULL,NULL,NULL,NULL,True,NULL,NULL,NULL,NULL,NULL,False,False,False,False,False,True,True,True,True,NULL
"5804568708",True,False,NULL,NULL,NULL,NULL,NULL,NULL,NULL,NULL,True,NULL,NULL,NULL,NULL,NULL,False,False,False,False,False,True,True,True,True,NULL
"5438794523",True,False,NULL,NULL,NULL,NULL,NULL,NULL,NULL,NULL,True,NULL,NULL,NULL,NULL,NULL,False,False,False,False,False,True,True,True,True,NULL
"2128453382",True,False,NULL,NULL,NULL,NULL,NULL,NULL,NULL,NULL,True,NULL,NULL,NULL,NULL,NULL,False,False,False,False,False,True,True,True,True,NULL
"5904683943",True,False,NULL,NULL,NULL,NULL,NULL,NULL,NULL,NULL,True,NULL,NULL,NULL,NULL,NULL,False,False,False,False,False,True,True,True,True,NULL
"1782245789",True,False,NULL,NULL,NULL,NULL,NULL,NULL,NULL,NULL,True,NULL,NULL,NULL,NULL,NULL,False,False,False,False,False,True,True,True,True,NULL
"7962919489",True,False,NULL,NULL,NULL,NULL,NULL,NULL,NULL,NULL,True,NULL,NULL,NULL,NULL,NULL,False,False,False,False,False,True,True,True,True,NULL
"1899488817",True,False,NULL,NULL,NULL,NULL,NULL,NULL,NULL,NULL,True,NULL,NULL,NULL,NULL,NULL,False,False,False,False,False,True,True,True,True,NULL
"551735654",True,False,NULL,NULL,NULL,NULL,NULL,NULL,NULL,NULL,True,NULL,NULL,NULL,NULL,NULL,False,False,False,False,False,True,True,True,True,NULL
"6515375892",True,False,NULL,NULL,NULL,NULL,NULL,NULL,NULL,NULL,True,NULL,NULL,NULL,NULL,NULL,False,False,False,False,False,True,True,True,True,"iDMjCMIQOEw"
"805440125",True,False,NULL,NULL,NULL,NULL,NULL,NULL,NULL,NULL,True,NULL,NULL,NULL,NULL,NULL,False,False,False,False,False,True,True,True,True,NULL
"8034628384",False,False,NULL,NULL,NULL,NULL,NULL,NULL,NULL,NULL,True,NULL,NULL,NULL,NULL,NULL,False,False,False,False,False,True,True,True,True,NULL
"5132310651",False,False,NULL,NULL,NULL,NULL,NULL,NULL,NULL,NULL,True,NULL,NULL,NULL,NULL,NULL,False,False,False,False,False,True,True,True,True,NULL
"520142570",True,False,NULL,NULL,NULL,NULL,NULL,NULL,NULL,NULL,True,NULL,NULL,NULL,NULL,NULL,False,False,False,False,False,True,True,True,True,NULL
"1577753367",True,False,NULL,NULL,NULL,NULL,NULL,NULL,NULL,NULL,True,NULL,NULL,NULL,NULL,NULL,False,False,False,False,False,True,True,True,True,NULL
"1814390273",True,False,NULL,NULL,NULL,NULL,NULL,NULL,NULL,NULL,True,NULL,NULL,NULL,NULL,NULL,False,False,False,False,False,True,True,True,True,NULL
"7851439585",True,False,NULL,NULL,NULL,NULL,NULL,NULL,NULL,NULL,True,NULL,NULL,NULL,NULL,NULL,False,False,False,False,False,True,True,True,True,NULL
"1683902903",True,False,NULL,NULL,NULL,NULL,NULL,NULL,NULL,NULL,True,NULL,NULL,NULL,NULL,NULL,False,False,False,False,False,True,True,True,True,NULL
"1017286993",False,False,NULL,NULL,NULL,NULL,NULL,NULL,NULL,NULL,True,NULL,NULL,NULL,NULL,NULL,False,False,False,False,False,True,True,True,True,NULL
"1110900940",True,False,NULL,NULL,NULL,NULL,NULL,NULL,NULL,NULL,True,NULL,NULL,NULL,NULL,NULL,False,False,False,False,False,True,True,True,True,NULL
"638191977",True,False,NULL,NULL,NULL,NULL,NULL,NULL,NULL,NULL,True,NULL,NULL,NULL,NULL,NULL,False,False,False,False,False,True,True,True,True,NULL
"7659456094",True,False,NULL,NULL,NULL,NULL,NULL,NULL,NULL,NULL,True,NULL,NULL,NULL,NULL,NULL,False,False,False,False,False,True,True,True,True,NULL
"5493487653",True,False,NULL,NULL,NULL,NULL,NULL,NULL,NULL,NULL,True,NULL,NULL,NULL,NULL,NULL,False,False,False,False,False,True,True,True,True,NULL
"708223250",True,False,NULL,NULL,NULL,NULL,NULL,NULL,NULL,NULL,True,NULL,NULL,NULL,NULL,NULL,False,False,False,False,False,True,True,True,True,NULL
"1902892016",True,False,NULL,NULL,NULL,NULL,NULL,NULL,NULL,NULL,True,NULL,NULL,NULL,NULL,NULL,False,False,False,False,False,True,True,True,True,NULL
"5184769240",True,False,NULL,NULL,NULL,NULL,NULL,NULL,NULL,NULL,True,NULL,NULL,NULL,NULL,NULL,False,False,False,False,False,True,True,True,True,NULL
"450111717",True,False,NULL,NULL,NULL,NULL,NULL,NULL,NULL,NULL,True,NULL,NULL,NULL,NULL,NULL,False,False,False,False,False,True,True,True,True,NULL
"1976484709",True,False,NULL,NULL,NULL,25,NULL,NULL,NULL,NULL,False,NULL,NULL,NULL,NULL,NULL,False,False,False,False,False,True,True,True,True,NULL
"999867837",True,False,NULL,NULL,NULL,NULL,NULL,NULL,NULL,NULL,True,NULL,NULL,NULL,NULL,NULL,False,False,False,False,False,True,True,True,True,NULL
"477803539",True,False,NULL,NULL,NULL,NULL,NULL,NULL,NULL,NULL,True,NULL,NULL,NULL,NULL,NULL,False,False,False,False,False,True,True,True,True,NULL
"6066859545",True,False,NULL,NULL,"Teklay ministers dr abiy Ahmed",NULL,"2025-10-09 06:01:23.460525+00","✨",NULL,"To be balling u have to be-all-in",True,"Helicopter","College of Technology and Built Environment (CTBE)","2nd Year","School of Mechanical and Industrial Engineering",NULL,True,False,False,False,True,True,True,True,True,NULL
"938389130",True,False,NULL,NULL,NULL,NULL,NULL,NULL,NULL,NULL,True,NULL,NULL,NULL,NULL,NULL,False,False,False,False,False,True,True,True,True,NULL
"5164951131",True,False,NULL,NULL,NULL,NULL,NULL,NULL,NULL,NULL,True,NULL,NULL,NULL,NULL,NULL,False,False,False,False,False,True,True,True,True,NULL
"1374291590",True,False,NULL,NULL,NULL,NULL,NULL,NULL,NULL,NULL,True,NULL,NULL,NULL,NULL,NULL,False,False,False,False,False,True,True,True,True,NULL
"379480053",True,False,NULL,NULL,NULL,NULL,NULL,NULL,NULL,NULL,True,NULL,NULL,NULL,NULL,NULL,False,False,False,False,False,True,True,True,True,NULL
"1050577621",True,False,NULL,NULL,NULL,NULL,NULL,NULL,NULL,NULL,True,NULL,NULL,NULL,NULL,NULL,False,False,False,False,False,True,True,True,True,NULL
"5521672715",True,False,NULL,NULL,NULL,NULL,NULL,NULL,NULL,NULL,True,NULL,NULL,NULL,NULL,NULL,False,False,False,False,False,True,True,True,True,NULL
"461339330",True,False,NULL,NULL,NULL,NULL,NULL,NULL,NULL,NULL,True,NULL,NULL,NULL,NULL,NULL,False,False,False,False,False,True,True,True,True,NULL
"6331425455",True,False,NULL,NULL,NULL,NULL,NULL,NULL,NULL,NULL,True,NULL,NULL,NULL,NULL,NULL,False,False,False,False,False,True,True,True,True,NULL
"6069477408",True,False,NULL,NULL,NULL,NULL,NULL,NULL,NULL,NULL,True,NULL,NULL,NULL,NULL,NULL,False,False,False,False,False,True,True,True,True,NULL
"366379397",True,False,NULL,NULL,NULL,NULL,NULL,NULL,NULL,NULL,True,NULL,NULL,NULL,NULL,NULL,False,False,False,False,False,True,True,True,True,NULL
"8317578655",True,False,NULL,NULL,NULL,NULL,NULL,NULL,NULL,NULL,True,NULL,NULL,NULL,NULL,NULL,False,False,False,False,False,True,True,True,True,NULL
"1582252565",False,False,NULL,NULL,NULL,NULL,NULL,NULL,NULL,NULL,True,NULL,NULL,NULL,NULL,NULL,False,False,False,False,False,True,True,True,True,NULL
"5568691803",True,False,NULL,NULL,NULL,NULL,NULL,NULL,NULL,NULL,True,NULL,NULL,NULL,NULL,NULL,False,False,False,False,False,True,True,True,True,NULL
"1878008647",True,False,NULL,NULL,NULL,NULL,NULL,NULL,NULL,NULL,True,NULL,NULL,NULL,NULL,NULL,False,False,False,False,False,True,True,True,True,NULL
"858686515",True,False,NULL,NULL,NULL,NULL,NULL,NULL,NULL,NULL,True,NULL,NULL,NULL,NULL,NULL,False,False,False,False,False,True,True,True,True,NULL
"6846662535",True,False,NULL,NULL,NULL,NULL,NULL,NULL,NULL,NULL,True,NULL,NULL,NULL,NULL,NULL,False,False,False,False,False,True,True,True,True,NULL
"2108974710",True,False,NULL,NULL,NULL,NULL,NULL,NULL,NULL,NULL,True,NULL,NULL,NULL,NULL,NULL,False,False,False,False,False,True,True,True,True,NULL
"5013076073",True,False,NULL,NULL,NULL,NULL,NULL,NULL,NULL,NULL,True,NULL,NULL,NULL,NULL,NULL,False,False,False,False,False,True,True,True,True,NULL
"976552643",True,False,NULL,NULL,NULL,NULL,NULL,NULL,NULL,NULL,True,NULL,NULL,NULL,NULL,NULL,False,False,False,False,False,True,True,True,True,NULL
"1061589999",False,False,NULL,NULL,NULL,NULL,NULL,NULL,NULL,NULL,True,NULL,NULL,NULL,NULL,NULL,False,False,False,False,False,True,True,True,True,NULL
"7290257500",True,False,NULL,NULL,NULL,NULL,NULL,NULL,NULL,NULL,True,NULL,NULL,NULL,NULL,NULL,False,False,False,False,False,True,True,True,True,NULL
"1471425544",True,False,NULL,NULL,NULL,NULL,NULL,NULL,NULL,NULL,True,NULL,NULL,NULL,NULL,NULL,False,False,False,False,False,True,True,True,True,NULL
"6304686128",False,False,NULL,NULL,NULL,NULL,NULL,NULL,NULL,NULL,True,NULL,NULL,NULL,NULL,NULL,False,False,False,False,False,True,True,True,True,NULL
"1611511410",True,False,NULL,NULL,NULL,NULL,NULL,NULL,NULL,NULL,True,NULL,NULL,NULL,NULL,NULL,False,False,False,False,False,True,True,True,True,NULL
"7171479591",True,False,NULL,NULL,NULL,NULL,NULL,NULL,NULL,NULL,True,NULL,NULL,NULL,NULL,NULL,False,False,False,False,False,True,True,True,True,NULL
"792048232",True,False,NULL,NULL,NULL,NULL,NULL,NULL,NULL,NULL,True,NULL,NULL,NULL,NULL,NULL,False,False,False,False,False,True,True,True,True,NULL
"5689478744",True,False,NULL,NULL,NULL,NULL,NULL,NULL,NULL,NULL,True,NULL,NULL,NULL,NULL,NULL,False,False,False,False,False,True,True,True,True,NULL
"1123103615",True,False,NULL,NULL,NULL,NULL,NULL,NULL,NULL,NULL,True,NULL,NULL,NULL,NULL,NULL,False,False,False,False,False,True,True,True,True,NULL
"242229388",False,False,NULL,NULL,NULL,NULL,NULL,NULL,NULL,NULL,True,NULL,NULL,NULL,NULL,NULL,False,False,False,False,False,True,True,True,True,NULL
"6708698587",True,False,NULL,NULL,NULL,NULL,NULL,NULL,NULL,NULL,True,NULL,NULL,NULL,NULL,NULL,False,False,False,False,False,True,True,True,True,NULL
"957539081",True,False,NULL,NULL,NULL,NULL,NULL,NULL,NULL,NULL,True,NULL,NULL,NULL,NULL,NULL,False,False,False,False,False,True,True,True,True,NULL
"5632257703",True,False,NULL,NULL,NULL,NULL,NULL,NULL,NULL,NULL,True,NULL,NULL,NULL,NULL,NULL,False,False,False,False,False,True,True,True,True,NULL
"8294320330",True,False,NULL,NULL,NULL,NULL,NULL,NULL,NULL,NULL,True,NULL,NULL,NULL,NULL,NULL,False,False,False,False,False,True,True,True,True,NULL
"744595624",True,False,NULL,NULL,NULL,NULL,NULL,NULL,NULL,NULL,True,NULL,NULL,NULL,NULL,NULL,False,False,False,False,False,True,True,True,True,NULL
"5574532368",True,False,NULL,NULL,NULL,NULL,NULL,NULL,NULL,NULL,True,NULL,NULL,NULL,NULL,NULL,False,False,False,False,False,True,True,True,True,NULL
"1475279919",True,False,NULL,NULL,NULL,NULL,NULL,NULL,NULL,NULL,True,NULL,NULL,NULL,NULL,NULL,False,False,False,False,False,True,True,True,True,NULL
"6726448630",True,False,NULL,NULL,NULL,NULL,NULL,NULL,NULL,NULL,True,NULL,NULL,NULL,NULL,NULL,False,False,False,False,False,True,True,True,True,NULL
"1705903375",True,False,NULL,NULL,NULL,NULL,NULL,NULL,NULL,NULL,True,NULL,NULL,NULL,NULL,NULL,False,False,False,False,False,True,True,True,True,NULL
"7598970070",True,False,NULL,NULL,NULL,NULL,NULL,NULL,NULL,NULL,True,NULL,NULL,NULL,NULL,NULL,False,False,False,False,False,True,True,True,True,NULL
"5397233249",True,False,NULL,NULL,NULL,NULL,NULL,NULL,NULL,NULL,True,NULL,NULL,NULL,NULL,NULL,False,False,False,False,False,True,True,True,True,NULL
"1234907739",True,False,NULL,NULL,NULL,NULL,NULL,NULL,NULL,NULL,True,NULL,NULL,NULL,NULL,NULL,False,False,False,False,False,True,True,True,True,NULL
"1094885589",True,False,NULL,NULL,"Gimedew",NULL,"2025-10-11 07:06:13.319374+00","🎮",NULL,NULL,True,"Male","College of Natural and Computational Sciences",NULL,NULL,"{Comics,Cartoons,Manga}",False,False,False,False,False,True,True,True,True,"I5DYdk9mOAA"
"6017218437",True,False,NULL,NULL,NULL,NULL,NULL,NULL,NULL,NULL,True,NULL,NULL,NULL,NULL,NULL,False,False,False,False,False,True,True,True,True,NULL
"583701657",True,False,NULL,NULL,NULL,NULL,NULL,NULL,NULL,NULL,True,NULL,NULL,NULL,NULL,NULL,False,False,False,False,False,True,True,True,True,NULL
"566023893",True,False,NULL,NULL,NULL,NULL,NULL,NULL,NULL,NULL,True,NULL,NULL,NULL,NULL,NULL,False,False,False,False,False,True,True,True,True,NULL
"7286720495",True,False,NULL,NULL,NULL,NULL,NULL,NULL,NULL,NULL,True,NULL,NULL,NULL,NULL,NULL,False,False,False,False,False,True,True,True,True,NULL
"7323651186",True,False,NULL,NULL,NULL,NULL,NULL,NULL,NULL,NULL,True,NULL,NULL,NULL,NULL,NULL,False,False,False,False,False,True,True,True,True,NULL
"7509823966",True,False,NULL,NULL,NULL,NULL,NULL,NULL,NULL,NULL,True,NULL,NULL,NULL,NULL,NULL,False,False,False,False,False,True,True,True,True,NULL
"6949186354",False,False,NULL,NULL,NULL,NULL,NULL,NULL,NULL,NULL,True,NULL,NULL,NULL,NULL,NULL,False,False,False,False,False,True,True,True,True,NULL
"7789420061",True,False,NULL,NULL,NULL,NULL,NULL,NULL,NULL,NULL,True,NULL,NULL,NULL,NULL,NULL,False,False,False,False,False,True,True,True,True,NULL
"1949078862",True,False,NULL,NULL,NULL,NULL,NULL,NULL,NULL,NULL,True,NULL,NULL,NULL,NULL,NULL,False,False,False,False,False,True,True,True,True,NULL
"6587414413",True,False,NULL,NULL,NULL,NULL,NULL,NULL,NULL,NULL,True,NULL,NULL,NULL,NULL,NULL,False,False,False,False,False,True,True,True,True,NULL
"1879428614",True,False,NULL,NULL,"ሽናባቸው",NULL,"2025-10-09 10:31:39.875302+00","👻",NULL,NULL,True,NULL,NULL,NULL,NULL,NULL,False,False,False,False,False,True,True,True,True,"KEMf9JNjaqo"
"8465583346",True,False,NULL,NULL,NULL,NULL,NULL,NULL,NULL,NULL,True,NULL,NULL,NULL,NULL,NULL,False,False,False,False,False,True,True,True,True,NULL
"8369098694",True,False,NULL,NULL,NULL,NULL,NULL,NULL,NULL,NULL,True,NULL,NULL,NULL,NULL,NULL,False,False,False,False,False,True,True,True,True,NULL
"436470508",False,False,NULL,NULL,NULL,NULL,NULL,NULL,NULL,NULL,True,NULL,NULL,NULL,NULL,NULL,False,False,False,False,False,True,True,True,True,NULL
"6525724910",True,False,NULL,NULL,"haftet",NULL,"2025-10-10 06:47:41.919793+00","😎",NULL,NULL,True,NULL,NULL,NULL,NULL,NULL,False,False,False,False,False,True,True,True,True,"-RKQNRbhfu8"
"1319839941",True,False,NULL,NULL,NULL,NULL,NULL,NULL,NULL,NULL,True,NULL,NULL,NULL,NULL,NULL,False,False,False,False,False,True,True,True,True,NULL
"7210483995",True,False,NULL,NULL,NULL,NULL,NULL,NULL,NULL,NULL,True,NULL,NULL,NULL,NULL,NULL,False,False,False,False,False,True,True,True,True,NULL
"5313962840",True,False,NULL,NULL,"ኮኛክ",NULL,"2025-10-09 19:29:28.065407+00","😎",NULL,NULL,True,NULL,NULL,NULL,NULL,NULL,False,False,False,False,False,True,True,True,True,NULL
"644568432",True,False,NULL,NULL,NULL,NULL,NULL,NULL,NULL,NULL,True,NULL,NULL,NULL,NULL,NULL,False,False,False,False,False,True,True,True,True,NULL
"5099892716",True,False,NULL,NULL,NULL,NULL,NULL,NULL,NULL,NULL,True,NULL,NULL,NULL,NULL,NULL,False,False,False,False,False,True,True,True,True,NULL
"7462243907",True,False,NULL,NULL,NULL,NULL,NULL,NULL,NULL,NULL,True,NULL,NULL,NULL,NULL,NULL,False,False,False,False,False,True,True,True,True,NULL
"8337046612",True,False,NULL,NULL,NULL,NULL,NULL,NULL,NULL,NULL,True,NULL,NULL,NULL,NULL,NULL,False,False,False,False,False,True,True,True,True,NULL
"1243385307",True,False,NULL,NULL,NULL,NULL,NULL,NULL,NULL,NULL,True,NULL,NULL,NULL,NULL,NULL,False,False,False,False,False,True,True,True,True,NULL
"1781372032",True,False,NULL,NULL,NULL,NULL,NULL,NULL,NULL,NULL,True,NULL,NULL,NULL,NULL,NULL,False,False,False,False,False,True,True,True,True,NULL
"2126747895",True,False,NULL,NULL,NULL,NULL,NULL,NULL,NULL,NULL,True,NULL,NULL,NULL,NULL,NULL,False,False,False,False,False,True,True,True,True,NULL
"8047800441",True,False,NULL,NULL,NULL,NULL,NULL,NULL,NULL,NULL,True,NULL,NULL,NULL,NULL,NULL,False,False,False,False,False,True,True,True,True,NULL
"1983898804",True,False,NULL,NULL,"Negative",NULL,"2025-10-09 19:37:19.893084+00","👤",NULL,NULL,True,NULL,NULL,NULL,NULL,NULL,False,False,False,False,False,True,True,True,True,NULL
"1822551956",False,False,NULL,NULL,NULL,NULL,NULL,NULL,NULL,NULL,True,NULL,NULL,NULL,NULL,NULL,False,False,False,False,False,True,True,True,True,NULL
"5995508885",True,False,NULL,NULL,"Tantan",25,"2025-10-09 20:47:04.31321+00","👤",NULL,NULL,True,NULL,NULL,NULL,NULL,NULL,False,False,False,False,False,True,True,True,True,NULL
"5566981495",True,False,NULL,NULL,NULL,NULL,NULL,NULL,NULL,NULL,True,NULL,NULL,NULL,NULL,NULL,False,False,False,False,False,True,True,True,True,NULL
"7895001405",True,False,NULL,NULL,NULL,NULL,NULL,NULL,NULL,NULL,True,NULL,NULL,NULL,NULL,NULL,False,False,False,False,False,True,True,True,True,NULL
"650710260",True,False,NULL,NULL,NULL,NULL,NULL,"🧑",NULL,NULL,True,NULL,NULL,NULL,NULL,NULL,False,False,False,False,False,True,True,True,True,NULL
"1807039086",True,False,NULL,NULL,"ሊማሊሞ",NULL,"2025-10-09 20:54:52.266445+00","👨",NULL,NULL,True,NULL,NULL,NULL,NULL,NULL,False,False,False,False,False,True,True,True,True,NULL
"726403353",True,False,NULL,NULL,NULL,NULL,NULL,NULL,NULL,NULL,True,NULL,NULL,NULL,NULL,NULL,False,False,False,False,False,True,True,True,True,NULL
"1084982582",True,False,NULL,NULL,NULL,NULL,NULL,NULL,NULL,NULL,True,NULL,NULL,NULL,NULL,NULL,False,False,False,False,False,True,True,True,True,NULL
"6950614523",True,False,NULL,NULL,NULL,NULL,NULL,NULL,NULL,NULL,True,NULL,NULL,NULL,NULL,NULL,False,False,False,False,False,True,True,True,True,NULL
"5425517195",False,False,NULL,NULL,NULL,NULL,NULL,NULL,NULL,NULL,True,NULL,NULL,NULL,NULL,NULL,False,False,False,False,False,True,True,True,True,NULL
"1822179551",True,False,NULL,NULL,NULL,NULL,NULL,NULL,NULL,NULL,True,NULL,NULL,NULL,NULL,NULL,False,False,False,False,False,True,True,True,True,NULL
"1459798121",True,False,NULL,NULL,"ThatOneHuman",NULL,"2025-10-10 04:56:57.945742+00",NULL,NULL,NULL,True,NULL,NULL,NULL,NULL,NULL,False,False,False,False,False,True,True,True,True,NULL
"1126516177",True,False,NULL,NULL,NULL,NULL,NULL,NULL,NULL,NULL,True,NULL,NULL,NULL,NULL,NULL,False,False,False,False,False,True,True,True,True,NULL
"5248742384",True,False,NULL,NULL,NULL,NULL,NULL,NULL,NULL,NULL,True,NULL,NULL,NULL,NULL,NULL,False,False,False,False,False,True,True,True,True,NULL
"6882100039",True,False,NULL,NULL,NULL,NULL,NULL,NULL,NULL,NULL,True,NULL,NULL,NULL,NULL,NULL,False,False,False,False,False,True,True,True,True,NULL
"7316647763",True,False,NULL,NULL,NULL,NULL,NULL,NULL,NULL,NULL,True,NULL,NULL,NULL,NULL,NULL,False,False,False,False,False,True,True,True,True,NULL
"7269676950",True,False,NULL,NULL,"weyebeyign",NULL,"2025-10-10 06:30:34.08801+00","☀️",NULL,NULL,True,NULL,NULL,NULL,NULL,NULL,False,False,False,False,False,True,True,True,True,NULL
"6053083069",True,False,NULL,NULL,NULL,NULL,NULL,NULL,NULL,NULL,True,NULL,NULL,NULL,NULL,NULL,False,False,False,False,False,True,True,True,True,NULL
"6652418571",True,False,NULL,NULL,"Goofy",NULL,"2025-09-30 06:54:28.892816+00","👤",NULL,"Just goonin around I mean goofin",True,NULL,NULL,NULL,NULL,NULL,False,False,False,False,False,True,True,True,True,NULL
"2017829007",True,False,NULL,NULL,NULL,NULL,NULL,NULL,NULL,NULL,True,NULL,NULL,NULL,NULL,NULL,False,False,False,False,False,True,True,True,True,NULL
"1511164326",True,False,NULL,NULL,NULL,NULL,NULL,NULL,NULL,NULL,True,NULL,NULL,NULL,NULL,NULL,False,False,False,False,False,True,True,True,True,NULL
"7259598327",True,False,NULL,NULL,NULL,NULL,NULL,NULL,NULL,NULL,True,NULL,NULL,NULL,NULL,NULL,False,False,False,False,False,True,True,True,True,NULL
"8223908260",True,False,NULL,NULL,"Conservative Alpha1",NULL,"2025-10-17 04:45:02.621875+00",NULL,NULL,NULL,True,NULL,NULL,NULL,NULL,NULL,False,False,False,False,False,True,True,True,True,NULL
"1065123416",True,False,NULL,NULL,"Adolf hitler",NULL,"2025-10-09 17:43:59.64472+00","👻",NULL,NULL,True,"Male","College of Technology and Built Environment (CTBE)","2nd Year","Centre for Environment and Development",NULL,True,False,False,False,False,True,True,True,True,"UY4xFs95qNw"
"1024532559",True,False,NULL,NULL,"Violet",0,"2025-10-09 15:03:03.574678+00","🎨",NULL,"Arghhhhhh",False,"Female",NULL,NULL,NULL,NULL,False,False,False,False,False,True,True,True,True,"oDYYRhBrMKc"
"354340293",True,False,NULL,NULL,NULL,NULL,NULL,NULL,NULL,NULL,True,NULL,NULL,NULL,NULL,NULL,False,False,False,False,False,True,True,True,True,NULL
"5077800128",True,False,NULL,NULL,NULL,NULL,NULL,NULL,NULL,NULL,True,NULL,NULL,NULL,NULL,NULL,False,False,False,False,False,True,True,True,True,NULL
"6822433316",True,False,NULL,NULL,NULL,NULL,NULL,NULL,NULL,NULL,True,NULL,NULL,NULL,NULL,NULL,False,False,False,False,False,True,True,True,True,NULL
"444200105",True,False,NULL,NULL,NULL,NULL,NULL,NULL,NULL,NULL,True,NULL,NULL,NULL,NULL,NULL,False,False,False,False,False,True,True,True,True,NULL
"7666695114",True,False,NULL,NULL,NULL,NULL,NULL,NULL,NULL,NULL,True,NULL,NULL,NULL,NULL,NULL,False,False,False,False,False,True,True,True,True,NULL
"6777099407",True,False,NULL,NULL,NULL,NULL,NULL,NULL,NULL,NULL,True,NULL,NULL,NULL,NULL,NULL,False,False,False,False,False,True,True,True,True,NULL
"1070929105",True,False,NULL,NULL,NULL,NULL,NULL,NULL,NULL,NULL,True,NULL,NULL,NULL,NULL,NULL,False,False,False,False,False,True,True,True,True,NULL
"564470970",True,False,NULL,NULL,NULL,NULL,NULL,NULL,NULL,NULL,True,NULL,NULL,NULL,NULL,NULL,False,False,False,False,False,True,True,True,True,NULL
"6935889688",True,False,NULL,NULL,NULL,NULL,NULL,NULL,NULL,NULL,True,NULL,NULL,NULL,NULL,NULL,False,False,False,False,False,True,True,True,True,NULL
"5539910924",False,False,NULL,NULL,NULL,NULL,NULL,NULL,NULL,NULL,True,NULL,NULL,NULL,NULL,NULL,False,False,False,False,False,True,True,True,True,NULL
"6436673645",True,False,NULL,NULL,NULL,NULL,NULL,NULL,NULL,NULL,True,NULL,NULL,NULL,NULL,NULL,False,False,False,False,False,True,True,True,True,NULL
"608374329",True,False,NULL,NULL,NULL,NULL,NULL,NULL,NULL,NULL,True,NULL,NULL,NULL,NULL,NULL,False,False,False,False,False,True,True,True,True,NULL
"1859713668",True,False,NULL,NULL,NULL,NULL,NULL,NULL,NULL,NULL,True,NULL,NULL,NULL,NULL,NULL,False,False,False,False,False,True,True,True,True,NULL
"8132883465",True,False,NULL,NULL,"Just me",NULL,"2025-10-10 06:59:46.982008+00","🎧",NULL,"I am juice wrld",True,NULL,NULL,NULL,NULL,NULL,False,False,False,False,False,True,True,True,True,"f6F9Y6GHm1s"
"7208168261",True,False,NULL,NULL,NULL,NULL,NULL,NULL,NULL,NULL,True,NULL,NULL,NULL,NULL,NULL,False,False,False,False,False,True,True,True,True,"XbUd96Epj2I"
"5247490890",True,False,NULL,NULL,NULL,NULL,NULL,NULL,NULL,NULL,True,NULL,NULL,NULL,NULL,NULL,False,False,False,False,False,True,True,True,True,NULL
"7358581555",True,False,NULL,NULL,NULL,NULL,NULL,NULL,NULL,NULL,True,NULL,NULL,NULL,NULL,NULL,False,False,False,False,False,True,True,True,True,NULL
"840591150",True,False,NULL,NULL,NULL,NULL,NULL,NULL,NULL,NULL,True,NULL,NULL,NULL,NULL,NULL,False,False,False,False,False,True,True,True,True,NULL
"885656034",True,False,NULL,NULL,NULL,NULL,NULL,NULL,NULL,NULL,True,NULL,NULL,NULL,NULL,NULL,False,False,False,False,False,True,True,True,True,NULL
"763971156",True,False,NULL,NULL,NULL,NULL,NULL,NULL,NULL,NULL,True,NULL,NULL,NULL,NULL,NULL,False,False,False,False,False,True,True,True,True,NULL
"7838286179",True,False,NULL,NULL,NULL,NULL,NULL,NULL,NULL,NULL,True,NULL,NULL,NULL,NULL,NULL,False,False,False,False,False,True,True,True,True,NULL
"5788084990",True,False,NULL,NULL,NULL,NULL,NULL,NULL,NULL,NULL,True,NULL,NULL,NULL,NULL,NULL,False,False,False,False,False,True,True,True,True,NULL
"7122406943",True,False,NULL,NULL,NULL,NULL,NULL,NULL,NULL,NULL,True,NULL,NULL,NULL,NULL,NULL,False,False,False,False,False,True,True,True,True,NULL
"7339217898",True,False,NULL,NULL,NULL,NULL,NULL,NULL,NULL,NULL,True,NULL,NULL,NULL,NULL,NULL,False,False,False,False,False,True,True,True,True,NULL
"5224043177",True,False,NULL,NULL,NULL,NULL,NULL,NULL,NULL,NULL,True,NULL,NULL,NULL,NULL,NULL,False,False,False,False,False,True,True,True,True,NULL
"5092006148",True,False,NULL,NULL,NULL,NULL,NULL,NULL,NULL,NULL,True,NULL,NULL,NULL,NULL,NULL,False,False,False,False,False,True,True,True,True,NULL
"1955152050",True,False,NULL,NULL,NULL,NULL,NULL,NULL,NULL,NULL,True,NULL,NULL,NULL,NULL,NULL,False,False,False,False,False,True,True,True,True,NULL
"1794187848",True,False,NULL,NULL,NULL,NULL,NULL,NULL,NULL,NULL,True,NULL,NULL,NULL,NULL,NULL,False,False,False,False,False,True,True,True,True,NULL
"6465559648",True,False,NULL,NULL,NULL,NULL,NULL,NULL,NULL,NULL,True,NULL,NULL,NULL,NULL,NULL,False,False,False,False,False,True,True,True,True,NULL
"7618212184",True,False,NULL,NULL,NULL,NULL,NULL,NULL,NULL,NULL,True,NULL,NULL,NULL,NULL,NULL,False,False,False,False,False,True,True,True,True,NULL
"683969664",True,False,NULL,NULL,NULL,NULL,NULL,NULL,NULL,NULL,True,NULL,NULL,NULL,NULL,NULL,False,False,False,False,False,True,True,True,True,NULL
"1563515462",True,False,NULL,NULL,NULL,NULL,NULL,NULL,NULL,NULL,True,NULL,NULL,NULL,NULL,NULL,False,False,False,False,False,True,True,True,True,NULL
"2125613955",True,False,NULL,NULL,NULL,NULL,NULL,NULL,NULL,NULL,True,NULL,NULL,NULL,NULL,NULL,False,False,False,False,False,True,True,True,True,NULL
"846037732",True,False,NULL,NULL,NULL,NULL,NULL,NULL,NULL,NULL,True,NULL,NULL,NULL,NULL,NULL,False,False,False,False,False,True,True,True,True,NULL
"7150716644",True,False,NULL,NULL,NULL,NULL,NULL,NULL,NULL,NULL,True,NULL,NULL,NULL,NULL,NULL,False,False,False,False,False,True,True,True,True,NULL
"7926366260",True,False,NULL,NULL,NULL,NULL,NULL,NULL,NULL,NULL,True,NULL,NULL,NULL,NULL,NULL,False,False,False,False,False,True,True,True,True,NULL
"8195982554",True,False,NULL,NULL,NULL,NULL,NULL,NULL,NULL,NULL,True,NULL,NULL,NULL,NULL,NULL,False,False,False,False,False,True,True,True,True,NULL
"5387196185",True,False,NULL,NULL,NULL,NULL,NULL,NULL,NULL,NULL,True,NULL,NULL,NULL,NULL,NULL,False,False,False,False,False,True,True,True,True,NULL
"1877143410",True,False,NULL,NULL,NULL,NULL,NULL,NULL,NULL,NULL,True,NULL,NULL,NULL,NULL,NULL,False,False,False,False,False,True,True,True,True,NULL
"6445416721",True,False,NULL,NULL,"𝚃𝚛𝚞𝚝𝚑",NULL,"2025-10-10 11:58:12.767522+00","🧐",NULL,NULL,True,NULL,NULL,NULL,NULL,NULL,False,False,False,False,False,True,True,True,True,NULL
"672820051",True,False,NULL,NULL,NULL,NULL,NULL,NULL,NULL,NULL,True,NULL,NULL,NULL,NULL,NULL,False,False,False,False,False,True,True,True,True,NULL
"2100886112",False,False,NULL,NULL,NULL,NULL,NULL,NULL,NULL,NULL,True,NULL,NULL,NULL,NULL,NULL,False,False,False,False,False,True,True,True,True,NULL
"6148310543",True,False,NULL,NULL,NULL,NULL,NULL,NULL,NULL,NULL,True,NULL,NULL,NULL,NULL,NULL,False,False,False,False,False,True,True,True,True,NULL
"728820961",True,False,NULL,NULL,NULL,NULL,NULL,NULL,NULL,NULL,True,NULL,NULL,NULL,NULL,NULL,False,False,False,False,False,True,True,True,True,NULL
"1133840108",True,False,NULL,NULL,NULL,NULL,NULL,NULL,NULL,NULL,True,NULL,NULL,NULL,NULL,NULL,False,False,False,False,False,True,True,True,True,NULL
"1687141840",True,False,NULL,NULL,"SunnyD",NULL,"2025-10-10 13:49:41.285145+00","☀️",NULL,"c'mon don't hit on me🫰",True,"Male","College of Technology and Built Environment (CTBE)",NULL,NULL,"{""Web Dev""}",True,True,False,False,True,True,True,True,True,NULL
"741791034",False,False,NULL,NULL,NULL,NULL,NULL,NULL,NULL,NULL,True,NULL,NULL,NULL,NULL,NULL,False,False,False,False,False,True,True,True,True,NULL
"5736001492",True,False,NULL,NULL,"The free man",NULL,"2025-09-23 05:50:29.844556+00","👨",NULL,"Don't think ur smart ur...",True,"Male","College of Business and Economics","2nd Year","Business Information System","{Photography,Anime,Painting,Filmmaking}",False,False,False,False,False,True,True,True,True,NULL
"7367425904",True,False,NULL,NULL,NULL,NULL,NULL,NULL,NULL,NULL,True,NULL,NULL,NULL,NULL,NULL,False,False,False,False,False,True,True,True,True,NULL
"5420724508",True,False,NULL,NULL,NULL,NULL,NULL,NULL,NULL,NULL,True,NULL,NULL,NULL,NULL,NULL,False,False,False,False,False,True,True,True,True,NULL
"8353086503",True,False,NULL,NULL,NULL,NULL,NULL,NULL,NULL,NULL,True,NULL,NULL,NULL,NULL,NULL,False,False,False,False,False,True,True,True,True,NULL
"1010426109",False,False,NULL,NULL,NULL,NULL,NULL,NULL,NULL,NULL,True,NULL,NULL,NULL,NULL,NULL,False,False,False,False,False,True,True,True,True,NULL
"316381863",True,False,NULL,NULL,NULL,NULL,NULL,NULL,NULL,NULL,True,NULL,NULL,NULL,NULL,NULL,False,False,False,False,False,True,True,True,True,NULL
"1222108068",True,False,NULL,NULL,NULL,NULL,NULL,NULL,NULL,NULL,True,NULL,NULL,NULL,NULL,NULL,False,False,False,False,False,True,True,True,True,NULL
"5125362731",True,False,NULL,NULL,NULL,NULL,NULL,NULL,NULL,NULL,True,NULL,NULL,NULL,NULL,NULL,False,False,False,False,False,True,True,True,True,NULL
"1672986799",False,False,NULL,NULL,NULL,NULL,NULL,NULL,NULL,NULL,True,NULL,NULL,NULL,NULL,NULL,False,False,False,False,False,True,True,True,True,NULL
"6226130511",True,False,NULL,NULL,NULL,NULL,NULL,NULL,NULL,NULL,True,NULL,NULL,NULL,NULL,NULL,False,False,False,False,False,True,True,True,True,NULL
"627037285",False,False,NULL,NULL,NULL,NULL,NULL,NULL,NULL,NULL,True,NULL,NULL,NULL,NULL,NULL,False,False,False,False,False,True,True,True,True,NULL
"635058850",True,False,NULL,NULL,NULL,NULL,NULL,NULL,NULL,NULL,True,NULL,NULL,NULL,NULL,NULL,False,False,False,False,False,True,True,True,True,NULL
"8076181425",True,False,NULL,NULL,NULL,NULL,NULL,NULL,NULL,NULL,True,NULL,NULL,NULL,NULL,NULL,False,False,False,False,False,True,True,True,True,NULL
"820951085",True,False,NULL,NULL,NULL,NULL,NULL,NULL,NULL,NULL,True,NULL,NULL,NULL,NULL,NULL,False,False,False,False,False,True,True,True,True,NULL
"1232100783",True,False,NULL,NULL,NULL,NULL,NULL,NULL,NULL,NULL,True,NULL,NULL,NULL,NULL,NULL,False,False,False,False,False,True,True,True,True,NULL
"1080434213",True,False,NULL,NULL,NULL,NULL,NULL,NULL,NULL,NULL,True,NULL,NULL,NULL,NULL,NULL,False,False,False,False,False,True,True,True,True,NULL
"5272563300",True,False,NULL,NULL,NULL,NULL,NULL,NULL,NULL,NULL,True,NULL,NULL,NULL,NULL,NULL,False,False,False,False,False,True,True,True,True,NULL
"7686177453",True,False,NULL,NULL,NULL,NULL,NULL,NULL,NULL,NULL,True,NULL,NULL,NULL,NULL,NULL,False,False,False,False,False,True,True,True,True,NULL
"811092933",True,False,NULL,NULL,"Putel",NULL,"2025-09-25 14:15:44.509918+00","😎",NULL,NULL,True,"Male","College of Health Sciences","3rd Year","School of Medicine","{Astronomy}",False,False,False,False,False,True,True,True,True,NULL
"5499759706",False,False,NULL,NULL,NULL,NULL,NULL,NULL,NULL,NULL,True,NULL,NULL,NULL,NULL,NULL,False,False,False,False,False,True,True,True,True,NULL
"1159626350",True,False,NULL,NULL,NULL,NULL,NULL,NULL,NULL,NULL,True,NULL,NULL,NULL,NULL,NULL,False,False,False,False,False,True,True,True,True,NULL
"462326827",True,False,NULL,NULL,NULL,NULL,NULL,NULL,NULL,NULL,True,NULL,NULL,NULL,NULL,NULL,False,False,False,False,False,True,True,True,True,NULL
"5360294873",True,False,NULL,NULL,"Fatuma",NULL,"2025-10-09 14:49:57.813264+00","🎧",NULL,"Mahbe",False,NULL,NULL,NULL,NULL,NULL,False,False,False,False,False,True,True,True,True,NULL
"409016701",True,False,NULL,NULL,NULL,NULL,NULL,NULL,NULL,NULL,True,NULL,NULL,NULL,NULL,NULL,False,False,False,False,False,True,True,True,True,NULL
"6686212110",True,False,NULL,NULL,NULL,NULL,NULL,NULL,NULL,NULL,True,NULL,NULL,NULL,NULL,NULL,False,False,False,False,False,True,True,True,True,NULL
"5897953296",True,False,NULL,NULL,NULL,NULL,NULL,NULL,NULL,NULL,True,NULL,NULL,NULL,NULL,NULL,False,False,False,False,False,True,True,True,True,NULL
"6610003710",True,False,NULL,NULL,NULL,NULL,NULL,NULL,NULL,NULL,True,NULL,NULL,NULL,NULL,NULL,False,False,False,False,False,True,True,True,True,NULL
"1423144447",True,False,NULL,NULL,NULL,NULL,NULL,NULL,NULL,NULL,True,NULL,NULL,NULL,NULL,NULL,False,False,False,False,False,True,True,True,True,NULL
"5617043342",True,False,NULL,NULL,NULL,NULL,NULL,NULL,NULL,NULL,True,NULL,NULL,NULL,NULL,NULL,False,False,False,False,False,True,True,True,True,NULL
"1064569825",True,False,NULL,NULL,NULL,NULL,NULL,NULL,NULL,NULL,True,NULL,NULL,NULL,NULL,NULL,False,False,False,False,False,True,True,True,True,NULL
"974734539",True,False,NULL,NULL,NULL,NULL,NULL,NULL,NULL,NULL,True,NULL,NULL,NULL,NULL,NULL,False,False,False,False,False,True,True,True,True,NULL
"7273293454",True,False,NULL,NULL,NULL,NULL,NULL,NULL,NULL,NULL,True,NULL,NULL,NULL,NULL,NULL,False,False,False,False,False,True,True,True,True,NULL
"1988367927",True,False,NULL,NULL,NULL,NULL,NULL,NULL,NULL,NULL,True,NULL,NULL,NULL,NULL,NULL,False,False,False,False,False,True,True,True,True,NULL
"8070866062",True,False,NULL,NULL,NULL,NULL,NULL,NULL,NULL,NULL,True,NULL,NULL,NULL,NULL,NULL,False,False,False,False,False,True,True,True,True,NULL
"8341656991",True,False,NULL,NULL,NULL,NULL,NULL,NULL,NULL,NULL,True,NULL,NULL,NULL,NULL,NULL,False,False,False,False,False,True,True,True,True,NULL
"6214464092",False,False,NULL,NULL,NULL,NULL,NULL,NULL,NULL,NULL,True,NULL,NULL,NULL,NULL,NULL,False,False,False,False,False,True,True,True,True,NULL
"1029245596",True,False,NULL,NULL,NULL,NULL,NULL,NULL,NULL,NULL,True,NULL,NULL,NULL,NULL,NULL,False,False,False,False,False,True,True,True,True,NULL
"1111765820",True,False,NULL,NULL,NULL,NULL,NULL,NULL,NULL,NULL,True,NULL,NULL,NULL,NULL,NULL,False,False,False,False,False,True,True,True,True,NULL
"1330878686",False,False,NULL,NULL,NULL,NULL,NULL,NULL,NULL,NULL,True,NULL,NULL,NULL,NULL,NULL,False,False,False,False,False,True,True,True,True,NULL
"1294117753",True,False,NULL,NULL,"Bot",NULL,"2025-10-10 19:31:13.259242+00","🧐",NULL,"MTSM",True,NULL,NULL,NULL,NULL,NULL,False,False,False,False,False,True,True,True,True,NULL
"1555626980",True,False,NULL,NULL,NULL,NULL,NULL,NULL,NULL,NULL,True,NULL,NULL,NULL,NULL,NULL,False,False,False,False,False,True,True,True,True,NULL
"7785557341",True,False,NULL,NULL,NULL,NULL,NULL,NULL,NULL,NULL,True,NULL,NULL,NULL,NULL,NULL,False,False,False,False,False,True,True,True,True,NULL
"647487873",True,False,NULL,NULL,NULL,NULL,NULL,NULL,NULL,NULL,True,NULL,NULL,NULL,NULL,NULL,False,False,False,False,False,True,True,True,True,NULL
"5970974084",True,False,NULL,NULL,NULL,NULL,NULL,NULL,NULL,NULL,True,NULL,NULL,NULL,NULL,NULL,False,False,False,False,False,True,True,True,True,NULL
"1344484979",True,False,NULL,NULL,NULL,NULL,NULL,NULL,NULL,NULL,True,NULL,NULL,NULL,NULL,NULL,False,False,False,False,False,True,True,True,True,NULL
"6797598516",True,False,NULL,NULL,NULL,NULL,NULL,NULL,NULL,NULL,True,NULL,NULL,NULL,NULL,NULL,False,False,False,False,False,True,True,True,True,NULL
"6284659075",True,False,NULL,NULL,NULL,NULL,NULL,NULL,NULL,NULL,True,NULL,NULL,NULL,NULL,NULL,False,False,False,False,False,True,True,True,True,NULL
"5579622483",True,False,NULL,NULL,NULL,NULL,NULL,NULL,NULL,NULL,True,NULL,NULL,NULL,NULL,NULL,False,False,False,False,False,True,True,True,True,NULL
"7003260315",True,False,NULL,NULL,NULL,NULL,NULL,NULL,NULL,NULL,True,NULL,NULL,NULL,NULL,NULL,False,False,False,False,False,True,True,True,True,NULL
"5155871336",True,False,NULL,NULL,NULL,NULL,NULL,NULL,NULL,NULL,True,NULL,NULL,NULL,NULL,NULL,False,False,False,False,False,True,True,True,True,NULL
"7627824015",True,False,NULL,NULL,NULL,NULL,NULL,NULL,NULL,NULL,True,NULL,NULL,NULL,NULL,NULL,False,False,False,False,False,True,True,True,True,"kmSSsmYRvsY"
"848252608",True,False,NULL,NULL,NULL,NULL,NULL,NULL,NULL,NULL,True,NULL,NULL,NULL,NULL,NULL,False,False,False,False,False,True,True,True,True,NULL
"2125904145",True,False,NULL,NULL,NULL,NULL,NULL,NULL,NULL,NULL,True,NULL,NULL,NULL,NULL,NULL,False,False,False,False,False,True,True,True,True,NULL
"2085234351",True,False,NULL,NULL,NULL,NULL,NULL,NULL,NULL,NULL,True,NULL,NULL,NULL,NULL,NULL,False,False,False,False,False,True,True,True,True,NULL
"7239352530",True,False,NULL,NULL,NULL,NULL,NULL,NULL,NULL,NULL,True,NULL,NULL,NULL,NULL,NULL,False,False,False,False,False,True,True,True,True,NULL
"1140568829",True,False,NULL,NULL,NULL,NULL,NULL,NULL,NULL,NULL,True,NULL,NULL,NULL,NULL,NULL,False,False,False,False,False,True,True,True,True,NULL
"7365279068",True,False,NULL,NULL,NULL,NULL,NULL,NULL,NULL,NULL,True,NULL,NULL,NULL,NULL,NULL,False,False,False,False,False,True,True,True,True,NULL
"5484577143",True,False,NULL,NULL,NULL,NULL,NULL,NULL,NULL,NULL,True,NULL,NULL,NULL,NULL,NULL,False,False,False,False,False,True,True,True,True,NULL
"8183840656",True,False,NULL,NULL,NULL,NULL,NULL,NULL,NULL,NULL,True,NULL,NULL,NULL,NULL,NULL,False,False,False,False,False,True,True,True,True,NULL
"621943890",True,False,NULL,NULL,NULL,NULL,NULL,NULL,NULL,NULL,True,NULL,NULL,NULL,NULL,NULL,False,False,False,False,False,True,True,True,True,NULL
"5471558505",False,False,NULL,NULL,NULL,NULL,NULL,NULL,NULL,NULL,True,NULL,NULL,NULL,NULL,NULL,False,False,False,False,False,True,True,True,True,NULL
"521864542",True,False,NULL,NULL,NULL,NULL,NULL,NULL,NULL,NULL,True,NULL,NULL,NULL,NULL,NULL,False,False,False,False,False,True,True,True,True,NULL
"807504058",True,False,NULL,NULL,"Ron",NULL,"2025-10-11 07:21:03.648237+00","☀️",NULL,"I see wt u did there",True,NULL,NULL,NULL,NULL,NULL,False,False,False,False,False,True,True,True,True,NULL
"5179278969",True,False,NULL,NULL,NULL,NULL,NULL,NULL,NULL,NULL,True,NULL,NULL,NULL,NULL,NULL,False,False,False,False,False,True,True,True,True,NULL
"1051999376",True,False,NULL,NULL,NULL,NULL,NULL,NULL,NULL,NULL,True,NULL,NULL,NULL,NULL,NULL,False,False,False,False,False,True,True,True,True,NULL
"6208736584",True,False,NULL,NULL,NULL,NULL,NULL,NULL,NULL,NULL,True,NULL,NULL,NULL,NULL,NULL,False,False,False,False,False,True,True,True,True,NULL
"7314003104",False,False,NULL,NULL,NULL,NULL,NULL,NULL,NULL,NULL,True,NULL,NULL,NULL,NULL,NULL,False,False,False,False,False,True,True,True,True,NULL
"878735786",True,False,NULL,NULL,NULL,NULL,NULL,NULL,NULL,NULL,True,NULL,NULL,NULL,NULL,NULL,False,False,False,False,False,True,True,True,True,NULL
"645215595",True,False,NULL,NULL,NULL,NULL,NULL,NULL,NULL,NULL,True,NULL,NULL,NULL,NULL,NULL,False,False,False,False,False,True,True,True,True,NULL
"414269868",True,False,NULL,NULL,NULL,NULL,NULL,NULL,NULL,NULL,True,NULL,NULL,NULL,NULL,NULL,False,False,False,False,False,True,True,True,True,NULL
"1602487678",True,False,NULL,NULL,NULL,NULL,NULL,NULL,NULL,NULL,True,NULL,NULL,NULL,NULL,NULL,False,False,False,False,False,True,True,True,True,NULL
"1292212752",True,False,NULL,NULL,NULL,NULL,NULL,NULL,NULL,NULL,True,NULL,NULL,NULL,NULL,NULL,False,False,False,False,False,True,True,True,True,NULL
"1979504338",True,False,NULL,NULL,NULL,NULL,NULL,NULL,NULL,NULL,True,NULL,NULL,NULL,NULL,NULL,False,False,False,False,False,True,True,True,True,NULL
"7586874256",True,False,NULL,NULL,NULL,NULL,NULL,NULL,NULL,NULL,True,NULL,NULL,NULL,NULL,NULL,False,False,False,False,False,True,True,True,True,NULL
"7732675975",True,False,NULL,NULL,NULL,NULL,NULL,NULL,NULL,NULL,True,NULL,NULL,NULL,NULL,NULL,False,False,False,False,False,True,True,True,True,NULL
"1864156232",True,False,NULL,NULL,NULL,NULL,NULL,NULL,NULL,NULL,True,NULL,NULL,NULL,NULL,NULL,False,False,False,False,False,True,True,True,True,NULL
"1444542453",True,False,NULL,NULL,NULL,NULL,NULL,NULL,NULL,NULL,True,NULL,NULL,NULL,NULL,NULL,False,False,False,False,False,True,True,True,True,NULL
"847293663",True,False,NULL,NULL,NULL,NULL,NULL,NULL,NULL,NULL,True,NULL,NULL,NULL,NULL,NULL,False,False,False,False,False,True,True,True,True,NULL
"534041050",True,False,NULL,NULL,NULL,NULL,NULL,NULL,NULL,NULL,True,NULL,NULL,NULL,NULL,NULL,False,False,False,False,False,True,True,True,True,NULL
"1736063460",False,False,NULL,NULL,NULL,NULL,NULL,NULL,NULL,NULL,True,NULL,NULL,NULL,NULL,NULL,False,False,False,False,False,True,True,True,True,NULL
"1557085829",True,False,NULL,NULL,NULL,NULL,NULL,NULL,NULL,NULL,True,NULL,NULL,NULL,NULL,NULL,False,False,False,False,False,True,True,True,True,NULL
"7984414010",True,False,NULL,NULL,NULL,NULL,NULL,NULL,NULL,NULL,True,NULL,NULL,NULL,NULL,NULL,False,False,False,False,False,True,True,True,True,NULL
"841515910",True,False,NULL,NULL,NULL,NULL,NULL,NULL,NULL,NULL,True,NULL,NULL,NULL,NULL,NULL,False,False,False,False,False,True,True,True,True,NULL
"8047876464",False,False,NULL,NULL,NULL,NULL,NULL,NULL,NULL,NULL,True,NULL,NULL,NULL,NULL,NULL,False,False,False,False,False,True,True,True,True,NULL
"621234168",True,False,NULL,NULL,NULL,NULL,NULL,NULL,NULL,NULL,True,NULL,NULL,NULL,NULL,NULL,False,False,False,False,False,True,True,True,True,NULL
"5660467059",True,False,NULL,NULL,NULL,NULL,NULL,NULL,NULL,NULL,True,NULL,NULL,NULL,NULL,NULL,False,False,False,False,False,True,True,True,True,NULL
"595673001",True,False,NULL,NULL,NULL,NULL,NULL,NULL,NULL,NULL,True,NULL,NULL,NULL,NULL,NULL,False,False,False,False,False,True,True,True,True,NULL
"1470918565",True,False,NULL,NULL,NULL,NULL,NULL,NULL,NULL,NULL,True,NULL,NULL,NULL,NULL,NULL,False,False,False,False,False,True,True,True,True,NULL
"8218223358",True,False,NULL,NULL,NULL,NULL,NULL,NULL,NULL,NULL,True,NULL,NULL,NULL,NULL,NULL,False,False,False,False,False,True,True,True,True,NULL
"6635051325",True,False,NULL,NULL,NULL,NULL,NULL,NULL,NULL,NULL,True,NULL,NULL,NULL,NULL,NULL,False,False,False,False,False,True,True,True,True,NULL
"6606474063",True,False,NULL,NULL,NULL,NULL,NULL,NULL,NULL,NULL,True,NULL,NULL,NULL,NULL,NULL,False,False,False,False,False,True,True,True,True,"X4zKGb25mIw"
"7063616699",True,False,NULL,NULL,NULL,NULL,NULL,NULL,NULL,NULL,True,NULL,NULL,NULL,NULL,NULL,False,False,False,False,False,True,True,True,True,NULL
"1636185292",True,False,NULL,NULL,NULL,NULL,NULL,NULL,NULL,NULL,True,NULL,NULL,NULL,NULL,NULL,False,False,False,False,False,True,True,True,True,NULL
"885907153",True,False,NULL,NULL,NULL,NULL,NULL,NULL,NULL,NULL,True,NULL,NULL,NULL,NULL,NULL,False,False,False,False,False,True,True,True,True,NULL
"544003480",False,False,NULL,NULL,NULL,NULL,NULL,NULL,NULL,NULL,True,NULL,NULL,NULL,NULL,NULL,False,False,False,False,False,True,True,True,True,NULL
"7435092384",True,False,NULL,NULL,"Oo you",NULL,"2025-10-11 14:55:39.757809+00","👨",NULL,NULL,True,NULL,NULL,NULL,NULL,NULL,False,False,False,False,False,True,True,True,True,NULL
"1215395724",True,False,NULL,NULL,NULL,NULL,NULL,NULL,NULL,NULL,True,NULL,NULL,NULL,NULL,NULL,False,False,False,False,False,True,True,True,True,NULL
"6902761871",True,False,NULL,NULL,NULL,NULL,NULL,NULL,NULL,NULL,True,NULL,NULL,NULL,NULL,NULL,False,False,False,False,False,True,True,True,True,NULL
"6779246903",True,False,NULL,NULL,NULL,NULL,NULL,NULL,NULL,NULL,True,NULL,NULL,NULL,NULL,NULL,False,False,False,False,False,True,True,True,True,NULL
"7996807287",True,False,NULL,NULL,NULL,NULL,NULL,NULL,NULL,NULL,True,NULL,NULL,NULL,NULL,NULL,False,False,False,False,False,True,True,True,True,NULL
"584123424",True,False,NULL,NULL,NULL,NULL,NULL,NULL,NULL,NULL,True,NULL,NULL,NULL,NULL,NULL,False,False,False,False,False,True,True,True,True,NULL
"773741742",True,False,NULL,NULL,NULL,NULL,NULL,NULL,NULL,NULL,True,NULL,NULL,NULL,NULL,NULL,False,False,False,False,False,True,True,True,True,NULL
"1748928217",True,False,NULL,NULL,NULL,NULL,NULL,NULL,NULL,NULL,True,NULL,NULL,NULL,NULL,NULL,False,False,False,False,False,True,True,True,True,NULL
"7075542664",True,False,NULL,NULL,NULL,NULL,NULL,NULL,NULL,NULL,True,NULL,NULL,NULL,NULL,NULL,False,False,False,False,False,True,True,True,True,NULL
"7032484743",True,False,NULL,NULL,NULL,NULL,NULL,NULL,NULL,NULL,True,NULL,NULL,NULL,NULL,NULL,False,False,False,False,False,True,True,True,True,NULL
"6182389273",True,False,NULL,NULL,NULL,NULL,NULL,NULL,NULL,NULL,True,NULL,NULL,NULL,NULL,NULL,False,False,False,False,False,True,True,True,True,NULL
"8011009126",True,False,NULL,NULL,NULL,NULL,NULL,NULL,NULL,NULL,True,NULL,NULL,NULL,NULL,NULL,False,False,False,False,False,True,True,True,True,NULL
"2034073521",True,False,NULL,NULL,NULL,NULL,NULL,NULL,NULL,NULL,True,NULL,NULL,NULL,NULL,NULL,False,False,False,False,False,True,True,True,True,NULL
"1587986968",True,False,NULL,NULL,NULL,NULL,NULL,NULL,NULL,NULL,True,NULL,NULL,NULL,NULL,NULL,False,False,False,False,False,True,True,True,True,NULL
"6670508132",True,False,NULL,NULL,"Am a 6 foot 7",NULL,"2025-10-11 17:47:53.103278+00",NULL,NULL,NULL,True,NULL,NULL,NULL,NULL,NULL,False,False,False,False,False,True,True,True,True,NULL
"1269528157",True,False,NULL,NULL,NULL,NULL,NULL,NULL,NULL,NULL,True,NULL,NULL,NULL,NULL,NULL,False,False,False,False,False,True,True,True,True,NULL
"7694640312",True,False,NULL,NULL,NULL,NULL,NULL,NULL,NULL,NULL,True,NULL,NULL,NULL,NULL,NULL,False,False,False,False,False,True,True,True,True,NULL
"5938338992",True,False,NULL,NULL,NULL,NULL,NULL,NULL,NULL,NULL,True,NULL,NULL,NULL,NULL,NULL,False,False,False,False,False,True,True,True,True,NULL
"1914309154",True,False,NULL,NULL,NULL,NULL,NULL,NULL,NULL,NULL,True,NULL,NULL,NULL,NULL,NULL,False,False,False,False,False,True,True,True,True,"boTWpGXz7n4"
"7487681492",True,False,NULL,NULL,NULL,NULL,NULL,NULL,NULL,NULL,True,NULL,NULL,NULL,NULL,NULL,False,False,False,False,False,True,True,True,True,"X-Ek_zbOGNg"
"1331644929",True,False,NULL,NULL,"gl1tchg1rl",NULL,"2025-10-11 18:30:10.327766+00","👤",NULL,NULL,True,NULL,NULL,NULL,NULL,NULL,False,False,False,False,False,True,True,True,True,NULL
"5378905752",True,False,NULL,NULL,NULL,NULL,NULL,NULL,NULL,NULL,True,NULL,NULL,NULL,NULL,NULL,False,False,False,False,False,True,True,True,True,NULL
"1071329054",False,False,NULL,NULL,NULL,NULL,NULL,NULL,NULL,NULL,True,NULL,NULL,NULL,NULL,NULL,False,False,False,False,False,True,True,True,True,NULL
"8142836782",False,False,NULL,NULL,NULL,NULL,NULL,NULL,NULL,NULL,True,NULL,NULL,NULL,NULL,NULL,False,False,False,False,False,True,True,True,True,NULL
"5328205948",True,False,NULL,NULL,NULL,NULL,NULL,NULL,NULL,NULL,True,NULL,NULL,NULL,NULL,NULL,False,False,False,False,False,True,True,True,True,NULL
"441919191",True,False,NULL,NULL,NULL,NULL,NULL,NULL,NULL,NULL,True,NULL,NULL,NULL,NULL,NULL,False,False,False,False,False,True,True,True,True,NULL
"864987079",True,False,NULL,NULL,NULL,NULL,NULL,NULL,NULL,NULL,True,NULL,NULL,NULL,NULL,NULL,False,False,False,False,False,True,True,True,True,NULL
"1485363092",True,False,NULL,NULL,"Coooooarl",NULL,"2025-10-11 19:00:12.400096+00","👤",NULL,NULL,True,NULL,NULL,NULL,NULL,NULL,False,False,False,False,False,True,True,True,True,"tdNkFeLm6lk"
"7800843223",True,False,NULL,NULL,NULL,NULL,NULL,NULL,NULL,NULL,True,NULL,NULL,NULL,NULL,NULL,False,False,False,False,False,True,True,True,True,NULL
"8013879036",True,False,NULL,NULL,NULL,NULL,NULL,NULL,NULL,NULL,True,NULL,NULL,NULL,NULL,NULL,False,False,False,False,False,True,True,True,True,NULL
"1462647448",True,False,NULL,NULL,NULL,NULL,NULL,NULL,NULL,NULL,True,NULL,NULL,NULL,NULL,NULL,False,False,False,False,False,True,True,True,True,NULL
"7694183648",True,False,NULL,NULL,NULL,NULL,NULL,NULL,NULL,NULL,True,NULL,NULL,NULL,NULL,NULL,False,False,False,False,False,True,True,True,True,NULL
"1311479066",True,False,NULL,NULL,NULL,NULL,NULL,NULL,NULL,NULL,True,NULL,NULL,NULL,NULL,NULL,False,False,False,False,False,True,True,True,True,NULL
"717692622",False,False,NULL,NULL,NULL,NULL,NULL,NULL,NULL,NULL,True,NULL,NULL,NULL,NULL,NULL,False,False,False,False,False,True,True,True,True,NULL
"1718537417",True,False,NULL,NULL,NULL,NULL,NULL,NULL,NULL,NULL,True,NULL,NULL,NULL,NULL,NULL,False,False,False,False,False,True,True,True,True,NULL
"5220837501",True,False,NULL,NULL,NULL,NULL,NULL,NULL,NULL,NULL,True,NULL,NULL,NULL,NULL,NULL,False,False,False,False,False,True,True,True,True,NULL
"8297953120",True,False,NULL,NULL,NULL,NULL,NULL,NULL,NULL,NULL,True,NULL,NULL,NULL,NULL,NULL,False,False,False,False,False,True,True,True,True,NULL
"628973027",True,False,NULL,NULL,NULL,NULL,NULL,NULL,NULL,NULL,True,NULL,NULL,NULL,NULL,NULL,False,False,False,False,False,True,True,True,True,NULL
"5707639052",True,False,NULL,NULL,NULL,NULL,NULL,NULL,NULL,NULL,True,NULL,NULL,NULL,NULL,NULL,False,False,False,False,False,True,True,True,True,NULL
"498613640",True,False,NULL,NULL,NULL,NULL,NULL,NULL,NULL,NULL,True,NULL,NULL,NULL,NULL,NULL,False,False,False,False,False,True,True,True,True,NULL
"5507058941",True,False,NULL,NULL,NULL,NULL,NULL,NULL,NULL,NULL,True,NULL,NULL,NULL,NULL,NULL,False,False,False,False,False,True,True,True,True,NULL
"6073135393",False,False,NULL,NULL,NULL,NULL,NULL,NULL,NULL,NULL,True,NULL,NULL,NULL,NULL,NULL,False,False,False,False,False,True,True,True,True,NULL
"7569084447",True,False,NULL,NULL,NULL,NULL,NULL,NULL,NULL,NULL,True,NULL,NULL,NULL,NULL,NULL,False,False,False,False,False,True,True,True,True,NULL
"5447964479",True,False,NULL,NULL,NULL,NULL,NULL,NULL,NULL,NULL,True,NULL,NULL,NULL,NULL,NULL,False,False,False,False,False,True,True,True,True,NULL
"7501176620",True,False,NULL,NULL,"Sexaddict",NULL,"2025-10-12 11:07:18.957553+00","👻",NULL,NULL,True,NULL,NULL,NULL,NULL,NULL,False,False,False,False,False,True,True,True,True,"RZd6kjnp7Hc"
"8076101547",True,False,NULL,NULL,NULL,NULL,NULL,NULL,NULL,NULL,True,NULL,NULL,NULL,NULL,NULL,False,False,False,False,False,True,True,True,True,NULL
"931202375",True,False,NULL,NULL,NULL,NULL,NULL,NULL,NULL,NULL,True,NULL,NULL,NULL,NULL,NULL,False,False,False,False,False,True,True,True,True,NULL
"771132387",True,False,NULL,NULL,NULL,NULL,NULL,NULL,NULL,NULL,True,NULL,NULL,NULL,NULL,NULL,False,False,False,False,False,True,True,True,True,NULL
"5783161567",True,False,NULL,NULL,NULL,NULL,NULL,NULL,NULL,NULL,True,NULL,NULL,NULL,NULL,NULL,False,False,False,False,False,True,True,True,True,NULL
"414066090",True,False,NULL,NULL,NULL,NULL,NULL,NULL,NULL,NULL,True,NULL,NULL,NULL,NULL,NULL,False,False,False,False,False,True,True,True,True,NULL
"8194063313",True,False,NULL,NULL,NULL,NULL,NULL,NULL,NULL,NULL,True,NULL,NULL,NULL,NULL,NULL,False,False,False,False,False,True,True,True,True,NULL
"6808407376",True,False,NULL,NULL,NULL,NULL,NULL,NULL,NULL,NULL,True,NULL,NULL,NULL,NULL,NULL,False,False,False,False,False,True,True,True,True,NULL
"1414685308",True,False,NULL,NULL,NULL,NULL,NULL,NULL,NULL,NULL,True,NULL,NULL,NULL,NULL,NULL,False,False,False,False,False,True,True,True,True,NULL
"480313716",True,False,NULL,NULL,NULL,NULL,NULL,NULL,NULL,NULL,True,NULL,NULL,NULL,NULL,NULL,False,False,False,False,False,True,True,True,True,NULL
"5776714705",True,False,NULL,NULL,NULL,NULL,NULL,NULL,NULL,NULL,True,NULL,NULL,NULL,NULL,NULL,False,False,False,False,False,True,True,True,True,NULL
"1016923459",True,False,NULL,NULL,NULL,NULL,NULL,NULL,NULL,NULL,True,NULL,NULL,NULL,NULL,NULL,False,False,False,False,False,True,True,True,True,NULL
"5881194812",True,False,NULL,NULL,NULL,NULL,NULL,NULL,NULL,NULL,True,NULL,NULL,NULL,NULL,NULL,False,False,False,False,False,True,True,True,True,NULL
"1586005615",True,False,NULL,NULL,NULL,NULL,NULL,NULL,NULL,NULL,True,NULL,NULL,NULL,NULL,NULL,False,False,False,False,False,True,True,True,True,NULL
"7746839261",True,False,NULL,NULL,NULL,NULL,NULL,NULL,NULL,NULL,True,NULL,NULL,NULL,NULL,NULL,False,False,False,False,False,True,True,True,True,NULL
"6288573508",True,False,NULL,NULL,NULL,NULL,NULL,NULL,NULL,NULL,True,NULL,NULL,NULL,NULL,NULL,False,False,False,False,False,True,True,True,True,NULL
"5570989277",True,False,NULL,NULL,NULL,NULL,NULL,NULL,NULL,NULL,True,NULL,NULL,NULL,NULL,NULL,False,False,False,False,False,True,True,True,True,NULL
"7457480544",True,False,NULL,NULL,NULL,NULL,NULL,NULL,NULL,NULL,True,NULL,NULL,NULL,NULL,NULL,False,False,False,False,False,True,True,True,True,"j7ZUcFsZWdc"
"6523111699",True,False,NULL,NULL,NULL,NULL,NULL,NULL,NULL,NULL,True,NULL,NULL,NULL,NULL,NULL,False,False,False,False,False,True,True,True,True,NULL
"824183677",True,False,NULL,NULL,NULL,NULL,NULL,NULL,NULL,NULL,True,NULL,NULL,NULL,NULL,NULL,False,False,False,False,False,True,True,True,True,NULL
"7758163149",True,False,NULL,NULL,NULL,NULL,NULL,NULL,NULL,NULL,True,NULL,NULL,NULL,NULL,NULL,False,False,False,False,False,True,True,True,True,NULL
"411195010",True,False,NULL,NULL,NULL,NULL,NULL,NULL,NULL,NULL,True,NULL,NULL,NULL,NULL,NULL,False,False,False,False,False,True,True,True,True,NULL
"685621421",True,False,NULL,NULL,NULL,NULL,NULL,NULL,NULL,NULL,True,NULL,NULL,NULL,NULL,NULL,False,False,False,False,False,True,True,True,True,NULL
"973396682",True,False,NULL,NULL,NULL,NULL,NULL,NULL,NULL,NULL,True,NULL,NULL,NULL,NULL,NULL,False,False,False,False,False,True,True,True,True,NULL
"5333466625",True,False,NULL,NULL,NULL,NULL,NULL,NULL,NULL,NULL,True,NULL,NULL,NULL,NULL,NULL,False,False,False,False,False,True,True,True,True,NULL
"6154484833",True,False,NULL,NULL,NULL,NULL,NULL,NULL,NULL,NULL,True,NULL,NULL,NULL,NULL,NULL,False,False,False,False,False,True,True,True,True,NULL
"5757421994",True,False,NULL,NULL,NULL,NULL,NULL,NULL,NULL,NULL,True,NULL,NULL,NULL,NULL,NULL,False,False,False,False,False,True,True,True,True,NULL
"452405109",True,False,NULL,NULL,NULL,NULL,NULL,NULL,NULL,NULL,True,NULL,NULL,NULL,NULL,NULL,False,False,False,False,False,True,True,True,True,NULL
"1716606947",False,False,NULL,NULL,NULL,NULL,NULL,NULL,NULL,NULL,True,NULL,NULL,NULL,NULL,NULL,False,False,False,False,False,True,True,True,True,NULL
"1361929855",False,False,NULL,NULL,NULL,NULL,NULL,NULL,NULL,NULL,True,NULL,NULL,NULL,NULL,NULL,False,False,False,False,False,True,True,True,True,NULL
"6818805953",True,False,NULL,NULL,NULL,NULL,NULL,NULL,NULL,NULL,True,NULL,NULL,NULL,NULL,NULL,False,False,False,False,False,True,True,True,True,NULL
"6600043895",True,False,NULL,NULL,NULL,NULL,NULL,NULL,NULL,NULL,True,NULL,NULL,NULL,NULL,NULL,False,False,False,False,False,True,True,True,True,NULL
"7060862005",True,False,NULL,NULL,NULL,NULL,NULL,NULL,NULL,NULL,True,NULL,NULL,NULL,NULL,NULL,False,False,False,False,False,True,True,True,True,NULL
"8195610838",True,False,NULL,NULL,NULL,NULL,NULL,NULL,NULL,NULL,True,NULL,NULL,NULL,NULL,NULL,False,False,False,False,False,True,True,True,True,NULL
"414614847",True,False,NULL,NULL,NULL,NULL,NULL,NULL,NULL,NULL,True,NULL,NULL,NULL,NULL,NULL,False,False,False,False,False,True,True,True,True,NULL
"1735483947",True,False,NULL,NULL,NULL,NULL,NULL,NULL,NULL,NULL,True,NULL,NULL,NULL,NULL,NULL,False,False,False,False,False,True,True,True,True,NULL
"1151900697",True,False,NULL,NULL,NULL,NULL,NULL,NULL,NULL,NULL,True,NULL,NULL,NULL,NULL,NULL,False,False,False,False,False,True,True,True,True,NULL
"1340837902",True,False,NULL,NULL,NULL,NULL,NULL,NULL,NULL,NULL,True,NULL,NULL,NULL,NULL,NULL,False,False,False,False,False,True,True,True,True,NULL
"1733597118",True,False,NULL,NULL,NULL,NULL,NULL,NULL,NULL,NULL,True,NULL,NULL,NULL,NULL,NULL,False,False,False,False,False,True,True,True,True,NULL
"7386771058",True,False,NULL,NULL,"Him6",0,"2025-10-07 09:32:19.402214+00","👻",NULL,"የአሞሌው ባለቤት",True,NULL,NULL,NULL,NULL,NULL,False,False,False,False,False,True,True,True,True,NULL
"1173921036",True,False,NULL,NULL,NULL,NULL,NULL,NULL,NULL,NULL,True,NULL,NULL,NULL,NULL,NULL,False,False,False,False,False,True,True,True,True,NULL
"1182741304",True,False,NULL,NULL,NULL,NULL,NULL,NULL,NULL,NULL,True,NULL,NULL,NULL,NULL,NULL,False,False,False,False,False,True,True,True,True,NULL
"911170290",True,False,NULL,NULL,NULL,NULL,NULL,NULL,NULL,NULL,True,NULL,NULL,NULL,NULL,NULL,False,False,False,False,False,True,True,True,True,NULL
"624901814",True,False,NULL,NULL,NULL,NULL,NULL,NULL,NULL,NULL,True,NULL,NULL,NULL,NULL,NULL,False,False,False,False,False,True,True,True,True,NULL
"7374279842",True,False,NULL,NULL,NULL,NULL,NULL,NULL,NULL,NULL,True,NULL,NULL,NULL,NULL,NULL,False,False,False,False,False,True,True,True,True,NULL
"6041078980",True,False,NULL,NULL,NULL,NULL,NULL,NULL,NULL,NULL,True,NULL,NULL,NULL,NULL,NULL,False,False,False,False,False,True,True,True,True,NULL
"8100773083",True,False,NULL,NULL,NULL,NULL,NULL,NULL,NULL,NULL,True,NULL,NULL,NULL,NULL,NULL,False,False,False,False,False,True,True,True,True,NULL
"409190670",True,False,NULL,NULL,NULL,NULL,NULL,NULL,NULL,NULL,True,NULL,NULL,NULL,NULL,NULL,False,False,False,False,False,True,True,True,True,NULL
"7928480598",False,False,NULL,NULL,NULL,NULL,NULL,NULL,NULL,NULL,True,NULL,NULL,NULL,NULL,NULL,False,False,False,False,False,True,True,True,True,NULL
"956200875",True,False,NULL,NULL,NULL,NULL,NULL,NULL,NULL,NULL,True,NULL,NULL,NULL,NULL,NULL,False,False,False,False,False,True,True,True,True,NULL
"2078215256",True,False,NULL,NULL,NULL,NULL,NULL,NULL,NULL,NULL,True,NULL,NULL,NULL,NULL,NULL,False,False,False,False,False,True,True,True,True,NULL
"1051120004",True,False,NULL,NULL,NULL,NULL,NULL,NULL,NULL,NULL,True,NULL,NULL,NULL,NULL,NULL,False,False,False,False,False,True,True,True,True,NULL
"6775455396",True,False,NULL,NULL,NULL,NULL,NULL,NULL,NULL,NULL,True,NULL,NULL,NULL,NULL,NULL,False,False,False,False,False,True,True,True,True,NULL
"384761218",True,False,NULL,NULL,NULL,NULL,NULL,NULL,NULL,NULL,True,NULL,NULL,NULL,NULL,NULL,False,False,False,False,False,True,True,True,True,NULL
"6432611911",True,False,NULL,NULL,NULL,NULL,NULL,NULL,NULL,NULL,True,NULL,NULL,NULL,NULL,NULL,False,False,False,False,False,True,True,True,True,NULL
"7918436646",True,False,NULL,NULL,NULL,NULL,NULL,NULL,NULL,NULL,True,NULL,NULL,NULL,NULL,NULL,False,False,False,False,False,True,True,True,True,NULL
"7337388094",True,False,NULL,NULL,NULL,NULL,NULL,NULL,NULL,NULL,True,NULL,NULL,NULL,NULL,NULL,False,False,False,False,False,True,True,True,True,NULL
"2010168455",True,False,NULL,NULL,NULL,NULL,NULL,NULL,NULL,NULL,True,NULL,NULL,NULL,NULL,NULL,False,False,False,False,False,True,True,True,True,NULL
"630227094",False,False,NULL,NULL,NULL,NULL,NULL,NULL,NULL,NULL,True,NULL,NULL,NULL,NULL,NULL,False,False,False,False,False,True,True,True,True,NULL
"1557275411",False,False,NULL,NULL,NULL,NULL,NULL,NULL,NULL,NULL,True,NULL,NULL,NULL,NULL,NULL,False,False,False,False,False,True,True,True,True,NULL
"7905135866",False,False,NULL,NULL,NULL,NULL,NULL,NULL,NULL,NULL,True,NULL,NULL,NULL,NULL,NULL,False,False,False,False,False,True,True,True,True,NULL
"1232738206",True,False,NULL,NULL,NULL,NULL,NULL,NULL,NULL,NULL,True,NULL,NULL,NULL,NULL,NULL,False,False,False,False,False,True,True,True,True,NULL
"5172439373",True,False,NULL,NULL,NULL,NULL,NULL,NULL,NULL,NULL,True,NULL,NULL,NULL,NULL,NULL,False,False,False,False,False,True,True,True,True,NULL
"969703633",True,False,NULL,NULL,NULL,NULL,NULL,NULL,NULL,NULL,True,NULL,NULL,NULL,NULL,NULL,False,False,False,False,False,True,True,True,True,NULL
"627944015",True,False,NULL,NULL,NULL,NULL,NULL,NULL,NULL,NULL,True,NULL,NULL,NULL,NULL,NULL,False,False,False,False,False,True,True,True,True,NULL
"5308914247",True,False,NULL,NULL,NULL,NULL,NULL,NULL,NULL,NULL,True,NULL,NULL,NULL,NULL,NULL,False,False,False,False,False,True,True,True,True,NULL
"1919624574",True,False,NULL,NULL,NULL,NULL,NULL,NULL,NULL,NULL,True,NULL,NULL,NULL,NULL,NULL,False,False,False,False,False,True,True,True,True,NULL
"2025676993",True,False,NULL,NULL,NULL,NULL,NULL,NULL,NULL,NULL,True,NULL,NULL,NULL,NULL,NULL,False,False,False,False,False,True,True,True,True,NULL
"606497571",True,False,NULL,NULL,NULL,NULL,NULL,NULL,NULL,NULL,True,NULL,NULL,NULL,NULL,NULL,False,False,False,False,False,True,True,True,True,NULL
"1865896234",True,False,NULL,NULL,NULL,NULL,NULL,NULL,NULL,NULL,True,NULL,NULL,NULL,NULL,NULL,False,False,False,False,False,True,True,True,True,NULL
"7034820980",True,False,NULL,NULL,NULL,NULL,NULL,NULL,NULL,NULL,True,NULL,NULL,NULL,NULL,NULL,False,False,False,False,False,True,True,True,True,"9RfzZ60SQck"
"600920160",True,False,NULL,NULL,NULL,NULL,NULL,NULL,NULL,NULL,True,NULL,NULL,NULL,NULL,NULL,False,False,False,False,False,True,True,True,True,NULL
"1000309884",True,False,NULL,NULL,NULL,NULL,NULL,NULL,NULL,NULL,True,NULL,NULL,NULL,NULL,NULL,False,False,False,False,False,True,True,True,True,NULL
"2040960242",True,False,NULL,NULL,NULL,NULL,NULL,NULL,NULL,NULL,True,NULL,NULL,NULL,NULL,NULL,False,False,False,False,False,True,True,True,True,NULL
"6741665043",True,False,NULL,NULL,"Aya Bitew",NULL,"2025-10-13 04:59:06.634793+00","👻",NULL,NULL,True,NULL,NULL,NULL,NULL,NULL,False,False,False,False,False,True,True,True,True,NULL
"6024046233",True,False,NULL,NULL,NULL,NULL,NULL,NULL,NULL,NULL,True,NULL,NULL,NULL,NULL,NULL,False,False,False,False,False,True,True,True,True,NULL
"5096611429",False,False,NULL,NULL,NULL,NULL,NULL,NULL,NULL,NULL,True,NULL,NULL,NULL,NULL,NULL,False,False,False,False,False,True,True,True,True,NULL
"1314165414",True,False,NULL,NULL,NULL,NULL,NULL,NULL,NULL,NULL,True,NULL,NULL,NULL,NULL,NULL,False,False,False,False,False,True,True,True,True,NULL
"5598105697",True,False,NULL,NULL,NULL,NULL,NULL,NULL,NULL,NULL,True,NULL,NULL,NULL,NULL,NULL,False,False,False,False,False,True,True,True,True,NULL
"7976200685",True,False,NULL,NULL,NULL,NULL,NULL,NULL,NULL,NULL,True,NULL,NULL,NULL,NULL,NULL,False,False,False,False,False,True,True,True,True,NULL
"1315450952",True,False,NULL,NULL,NULL,NULL,NULL,NULL,NULL,NULL,True,NULL,NULL,NULL,NULL,NULL,False,False,False,False,False,True,True,True,True,NULL
"1681433234",True,False,NULL,NULL,NULL,NULL,NULL,NULL,NULL,NULL,True,NULL,NULL,NULL,NULL,NULL,False,False,False,False,False,True,True,True,True,NULL
"8333529926",True,False,NULL,NULL,NULL,NULL,NULL,NULL,NULL,NULL,True,NULL,NULL,NULL,NULL,NULL,False,False,False,False,False,True,True,True,True,"qtmaYUsNC0E"
"8239589094",True,False,NULL,NULL,NULL,NULL,NULL,NULL,NULL,NULL,True,NULL,NULL,NULL,NULL,NULL,False,False,False,False,False,True,True,True,True,NULL
"6930563706",True,False,NULL,NULL,NULL,NULL,NULL,NULL,NULL,NULL,True,NULL,NULL,NULL,NULL,NULL,False,False,False,False,False,True,True,True,True,NULL
"5728551153",True,False,NULL,NULL,"Her101",NULL,"2025-10-13 17:12:46.611026+00",NULL,NULL,NULL,True,NULL,NULL,NULL,NULL,NULL,False,False,False,False,False,True,True,True,True,NULL
"7891352814",True,False,NULL,NULL,NULL,NULL,NULL,NULL,NULL,NULL,True,NULL,NULL,NULL,NULL,NULL,False,False,False,False,False,True,True,True,True,NULL
"6463712517",True,False,NULL,NULL,NULL,NULL,NULL,NULL,NULL,NULL,True,NULL,NULL,NULL,NULL,NULL,False,False,False,False,False,True,True,True,True,NULL
"5459107349",True,False,NULL,NULL,NULL,NULL,NULL,NULL,NULL,NULL,True,NULL,NULL,NULL,NULL,NULL,False,False,False,False,False,True,True,True,True,NULL
"5240123605",True,False,NULL,NULL,NULL,NULL,NULL,NULL,NULL,NULL,True,NULL,NULL,NULL,NULL,NULL,False,False,False,False,False,True,True,True,True,NULL
"6672264507",False,False,NULL,NULL,NULL,NULL,NULL,NULL,NULL,NULL,True,NULL,NULL,NULL,NULL,NULL,False,False,False,False,False,True,True,True,True,NULL
"6045875538",True,False,NULL,NULL,NULL,NULL,NULL,NULL,NULL,NULL,True,NULL,NULL,NULL,NULL,NULL,False,False,False,False,False,True,True,True,True,NULL
"7171145456",True,False,NULL,NULL,NULL,NULL,NULL,NULL,NULL,NULL,True,NULL,NULL,NULL,NULL,NULL,False,False,False,False,False,True,True,True,True,"kNMylriRkeI"
"6580770782",True,False,NULL,NULL,NULL,NULL,NULL,NULL,NULL,NULL,True,NULL,NULL,NULL,NULL,NULL,False,False,False,False,False,True,True,True,True,NULL
"1437471008",True,False,NULL,NULL,NULL,NULL,NULL,NULL,NULL,NULL,True,NULL,NULL,NULL,NULL,NULL,False,False,False,False,False,True,True,True,True,NULL
"1946356936",True,False,NULL,NULL,NULL,NULL,NULL,NULL,NULL,NULL,True,NULL,NULL,NULL,NULL,NULL,False,False,False,False,False,True,True,True,True,NULL
"531409710",True,False,NULL,NULL,NULL,NULL,NULL,NULL,NULL,NULL,True,NULL,NULL,NULL,NULL,NULL,False,False,False,False,False,True,True,True,True,NULL
"5154203460",True,False,NULL,NULL,NULL,NULL,NULL,NULL,NULL,NULL,True,NULL,NULL,NULL,NULL,NULL,False,False,False,False,False,True,True,True,True,NULL
"6543877942",True,False,NULL,NULL,NULL,NULL,NULL,NULL,NULL,NULL,True,NULL,NULL,NULL,NULL,NULL,False,False,False,False,False,True,True,True,True,NULL
"7439766390",True,False,NULL,NULL,NULL,NULL,NULL,NULL,NULL,NULL,True,NULL,NULL,NULL,NULL,NULL,False,False,False,False,False,True,True,True,True,NULL
"8014507592",True,False,NULL,NULL,"Black male",0,"2025-10-15 13:11:52.127367+00","👨",NULL,"I am a black male human",True,"Female",NULL,NULL,NULL,"{Anime,Cartoons}",True,False,False,False,False,True,True,True,True,NULL
"5531353996",True,False,NULL,NULL,NULL,NULL,NULL,NULL,NULL,NULL,True,NULL,NULL,NULL,NULL,NULL,False,False,False,False,False,True,True,True,True,NULL
"6301351323",True,False,NULL,NULL,"Dagi",25,"2025-10-23 07:50:11.416713+00","👤",NULL,"Let me....",True,NULL,NULL,NULL,NULL,NULL,False,False,False,False,False,True,True,True,True,"v9sFrtBJo6A"
"1869423366",True,False,NULL,NULL,NULL,NULL,NULL,NULL,NULL,NULL,True,NULL,NULL,NULL,NULL,NULL,False,False,False,False,False,True,True,True,True,NULL
"7777883132",True,False,NULL,NULL,NULL,NULL,NULL,NULL,NULL,NULL,True,NULL,NULL,NULL,NULL,NULL,False,False,False,False,False,True,True,True,True,NULL
"910684065",False,False,NULL,NULL,NULL,NULL,NULL,NULL,NULL,NULL,True,NULL,NULL,NULL,NULL,NULL,False,False,False,False,False,True,True,True,True,NULL
"654015780",True,False,NULL,NULL,NULL,NULL,NULL,NULL,NULL,NULL,True,NULL,NULL,NULL,NULL,NULL,False,False,False,False,False,True,True,True,True,NULL
"8498512482",True,False,NULL,NULL,NULL,NULL,NULL,NULL,NULL,NULL,True,NULL,NULL,NULL,NULL,NULL,False,False,False,False,False,True,True,True,True,NULL
"1176755933",True,False,NULL,NULL,NULL,NULL,NULL,NULL,NULL,NULL,True,NULL,NULL,NULL,NULL,NULL,False,False,False,False,False,True,True,True,True,NULL
"1044973653",True,False,NULL,NULL,NULL,NULL,NULL,NULL,NULL,NULL,True,NULL,NULL,NULL,NULL,NULL,False,False,False,False,False,True,True,True,True,NULL
"1532534530",True,False,NULL,NULL,NULL,NULL,NULL,NULL,NULL,NULL,True,NULL,NULL,NULL,NULL,NULL,False,False,False,False,False,True,True,True,True,NULL
"2052531455",True,False,NULL,NULL,NULL,NULL,NULL,NULL,NULL,NULL,True,NULL,NULL,NULL,NULL,NULL,False,False,False,False,False,True,True,True,True,NULL
"6199022685",True,False,NULL,NULL,NULL,NULL,NULL,NULL,NULL,NULL,True,NULL,NULL,NULL,NULL,NULL,False,False,False,False,False,True,True,True,True,NULL
"2025379098",True,False,NULL,NULL,NULL,NULL,NULL,NULL,NULL,NULL,True,NULL,NULL,NULL,NULL,NULL,False,False,False,False,False,True,True,True,True,NULL
"1279898260",True,False,NULL,NULL,NULL,NULL,NULL,NULL,NULL,NULL,True,NULL,NULL,NULL,NULL,NULL,False,False,False,False,False,True,True,True,True,NULL
"6096129723",True,False,NULL,NULL,NULL,NULL,NULL,NULL,NULL,NULL,True,NULL,NULL,NULL,NULL,NULL,False,False,False,False,False,True,True,True,True,NULL
"1365625365",True,False,NULL,NULL,NULL,NULL,NULL,"✨",NULL,NULL,True,NULL,NULL,NULL,NULL,NULL,False,False,False,False,False,True,True,True,True,NULL
"6119504141",True,False,NULL,NULL,NULL,NULL,NULL,NULL,NULL,NULL,True,NULL,NULL,NULL,NULL,NULL,False,False,False,False,False,True,True,True,True,NULL
"5339628883",True,False,NULL,NULL,NULL,NULL,NULL,NULL,NULL,NULL,True,NULL,NULL,NULL,NULL,NULL,False,False,False,False,False,True,True,True,True,NULL
"1620007280",True,False,NULL,NULL,NULL,NULL,NULL,NULL,NULL,NULL,True,NULL,NULL,NULL,NULL,NULL,False,False,False,False,False,True,True,True,True,NULL
"939714121",True,False,NULL,NULL,NULL,NULL,NULL,NULL,NULL,NULL,True,NULL,NULL,NULL,NULL,NULL,False,False,False,False,False,True,True,True,True,NULL
"883988599",True,False,NULL,NULL,NULL,NULL,NULL,NULL,NULL,NULL,True,NULL,NULL,NULL,NULL,NULL,False,False,False,False,False,True,True,True,True,NULL
"8474266304",True,False,NULL,NULL,NULL,NULL,NULL,NULL,NULL,NULL,True,NULL,NULL,NULL,NULL,NULL,False,False,False,False,False,True,True,True,True,NULL
"471464190",True,False,NULL,NULL,NULL,NULL,NULL,NULL,NULL,NULL,True,NULL,NULL,NULL,NULL,NULL,False,False,False,False,False,True,True,True,True,NULL
"465935118",True,False,NULL,NULL,NULL,NULL,NULL,NULL,NULL,NULL,True,NULL,NULL,NULL,NULL,NULL,False,False,False,False,False,True,True,True,True,NULL
"473679511",True,False,NULL,NULL,NULL,NULL,NULL,NULL,NULL,NULL,True,NULL,NULL,NULL,NULL,NULL,False,False,False,False,False,True,True,True,True,NULL
"1612527183",True,False,NULL,NULL,NULL,NULL,NULL,NULL,NULL,NULL,True,NULL,NULL,NULL,NULL,NULL,False,False,False,False,False,True,True,True,True,NULL
"1748845651",False,False,NULL,NULL,NULL,NULL,NULL,NULL,NULL,NULL,True,NULL,NULL,NULL,NULL,NULL,False,False,False,False,False,True,True,True,True,NULL
"428465717",True,False,NULL,NULL,NULL,NULL,NULL,NULL,NULL,NULL,True,NULL,NULL,NULL,NULL,NULL,False,False,False,False,False,True,True,True,True,NULL
"1492167570",True,False,NULL,NULL,NULL,NULL,NULL,NULL,NULL,NULL,True,NULL,NULL,NULL,NULL,NULL,False,False,False,False,False,True,True,True,True,NULL
"1416130151",False,False,NULL,NULL,NULL,NULL,NULL,NULL,NULL,NULL,True,NULL,NULL,NULL,NULL,NULL,False,False,False,False,False,True,True,True,True,NULL
"5159433594",True,False,NULL,NULL,NULL,NULL,NULL,NULL,NULL,NULL,True,NULL,NULL,NULL,NULL,NULL,False,False,False,False,False,True,True,True,True,NULL
"968596433",True,False,NULL,NULL,NULL,NULL,NULL,NULL,NULL,NULL,True,NULL,NULL,NULL,NULL,NULL,False,False,False,False,False,True,True,True,True,NULL
"1987885281",True,False,NULL,NULL,NULL,NULL,NULL,NULL,NULL,NULL,True,NULL,NULL,NULL,NULL,NULL,False,False,False,False,False,True,True,True,True,NULL
"1317184071",False,False,NULL,NULL,NULL,NULL,NULL,NULL,NULL,NULL,True,NULL,NULL,NULL,NULL,NULL,False,False,False,False,False,True,True,True,True,NULL
"704525767",True,False,NULL,NULL,NULL,NULL,NULL,NULL,NULL,NULL,True,NULL,NULL,NULL,NULL,NULL,False,False,False,False,False,True,True,True,True,NULL
"1045287940",True,False,NULL,NULL,NULL,NULL,NULL,NULL,NULL,NULL,True,NULL,NULL,NULL,NULL,NULL,False,False,False,False,False,True,True,True,True,NULL
"6176532316",True,False,NULL,NULL,NULL,NULL,NULL,NULL,NULL,NULL,True,NULL,NULL,NULL,NULL,NULL,False,False,False,False,False,True,True,True,True,NULL
"1030721116",False,False,NULL,NULL,NULL,NULL,NULL,NULL,NULL,NULL,True,NULL,NULL,NULL,NULL,NULL,False,False,False,False,False,True,True,True,True,NULL
"1550172206",False,False,NULL,NULL,NULL,NULL,NULL,NULL,NULL,NULL,True,NULL,NULL,NULL,NULL,NULL,False,False,False,False,False,True,True,True,True,NULL
"773928433",True,False,NULL,NULL,NULL,NULL,NULL,NULL,NULL,NULL,True,NULL,NULL,NULL,NULL,NULL,False,False,False,False,False,True,True,True,True,NULL
"6147196337",True,False,NULL,NULL,NULL,NULL,NULL,NULL,NULL,NULL,True,NULL,NULL,NULL,NULL,NULL,False,False,False,False,False,True,True,True,True,NULL
"442291621",True,False,NULL,NULL,NULL,NULL,NULL,NULL,NULL,NULL,True,NULL,NULL,NULL,NULL,NULL,False,False,False,False,False,True,True,True,True,NULL
"1216415391",True,False,NULL,NULL,NULL,NULL,NULL,"👤",NULL,NULL,True,NULL,NULL,NULL,NULL,NULL,False,False,False,False,False,True,True,True,True,NULL
"1322957258",True,False,NULL,NULL,NULL,NULL,NULL,NULL,NULL,NULL,True,NULL,NULL,NULL,NULL,NULL,False,False,False,False,False,True,True,True,True,NULL
"759281455",True,False,NULL,NULL,NULL,NULL,NULL,NULL,NULL,NULL,True,NULL,NULL,NULL,NULL,NULL,False,False,False,False,False,True,True,True,True,NULL
"626818740",True,False,NULL,NULL,"Goferew",NULL,"2025-10-20 07:08:14.767583+00","👤",NULL,NULL,True,NULL,NULL,NULL,NULL,NULL,False,False,False,False,False,True,True,True,True,NULL
"5485383133",True,False,NULL,NULL,NULL,NULL,NULL,NULL,NULL,NULL,True,NULL,NULL,NULL,NULL,NULL,False,False,False,False,False,True,True,True,True,"3vk1ryaohA4"
"7188615999",True,False,NULL,NULL,NULL,NULL,NULL,NULL,NULL,NULL,True,NULL,NULL,NULL,NULL,NULL,False,False,False,False,False,True,True,True,True,NULL
"6372737416",True,False,NULL,NULL,NULL,NULL,NULL,NULL,NULL,NULL,True,NULL,NULL,NULL,NULL,NULL,False,False,False,False,False,True,True,True,True,NULL
"1372816347",True,False,NULL,NULL,NULL,NULL,NULL,NULL,NULL,NULL,True,NULL,NULL,NULL,NULL,NULL,False,False,False,False,False,True,True,True,True,NULL
"8180832519",True,False,NULL,NULL,NULL,NULL,NULL,NULL,NULL,NULL,True,NULL,NULL,NULL,NULL,NULL,False,False,False,False,False,True,True,True,True,"uS6ME7kJImw"
"5758435398",True,False,NULL,NULL,NULL,NULL,NULL,NULL,NULL,NULL,True,NULL,NULL,NULL,NULL,NULL,False,False,False,False,False,True,True,True,True,NULL
"7489497198",True,False,NULL,NULL,NULL,NULL,NULL,NULL,NULL,NULL,True,NULL,NULL,NULL,NULL,NULL,False,False,False,False,False,True,True,True,True,NULL
"1654229281",True,False,NULL,NULL,NULL,NULL,NULL,NULL,NULL,NULL,True,NULL,NULL,NULL,NULL,NULL,False,False,False,False,False,True,True,True,True,NULL
"6431820226",True,False,NULL,NULL,NULL,NULL,NULL,NULL,NULL,NULL,True,NULL,NULL,NULL,NULL,NULL,False,False,False,False,False,True,True,True,True,NULL
"6082645474",True,False,NULL,NULL,NULL,NULL,NULL,NULL,NULL,NULL,True,NULL,NULL,NULL,NULL,NULL,False,False,False,False,False,True,True,True,True,NULL
"1800428089",True,False,NULL,NULL,NULL,NULL,NULL,NULL,NULL,NULL,True,NULL,NULL,NULL,NULL,NULL,False,False,False,False,False,True,True,True,True,NULL
"6201540635",True,False,NULL,NULL,NULL,NULL,NULL,NULL,NULL,NULL,True,NULL,NULL,NULL,NULL,NULL,False,False,False,False,False,True,True,True,True,NULL
"868623550",True,False,NULL,NULL,NULL,NULL,NULL,NULL,NULL,NULL,True,NULL,NULL,NULL,NULL,NULL,False,False,False,False,False,True,True,True,True,NULL
"1417269844",True,False,NULL,NULL,NULL,NULL,NULL,NULL,NULL,NULL,True,NULL,NULL,NULL,NULL,NULL,False,False,False,False,False,True,True,True,True,NULL
"814512227",True,False,NULL,NULL,NULL,NULL,NULL,NULL,NULL,NULL,True,NULL,NULL,NULL,NULL,NULL,False,False,False,False,False,True,True,True,True,NULL
"407965882",True,False,NULL,NULL,NULL,NULL,NULL,NULL,NULL,NULL,True,NULL,NULL,NULL,NULL,NULL,False,False,False,False,False,True,True,True,True,NULL
"434044410",True,False,NULL,NULL,NULL,NULL,NULL,NULL,NULL,NULL,True,NULL,NULL,NULL,NULL,NULL,False,False,False,False,False,True,True,True,True,NULL
"5940707994",True,False,NULL,NULL,NULL,NULL,NULL,NULL,NULL,NULL,True,NULL,NULL,NULL,NULL,NULL,False,False,False,False,False,True,True,True,True,NULL
"494163189",True,False,NULL,NULL,NULL,NULL,NULL,NULL,NULL,NULL,True,NULL,NULL,NULL,NULL,NULL,False,False,False,False,False,True,True,True,True,NULL
"1188510584",True,False,NULL,NULL,NULL,NULL,NULL,NULL,NULL,NULL,True,NULL,NULL,NULL,NULL,NULL,False,False,False,False,False,True,True,True,True,NULL
"752512700",True,False,NULL,NULL,NULL,NULL,NULL,NULL,NULL,NULL,True,NULL,NULL,NULL,NULL,NULL,False,False,False,False,False,True,True,True,True,NULL
"8178595410",True,False,NULL,NULL,NULL,NULL,NULL,NULL,NULL,NULL,True,NULL,NULL,NULL,NULL,NULL,False,False,False,False,False,True,True,True,True,"VsMzKkyTjQU"
"896207190",True,False,NULL,NULL,NULL,NULL,NULL,NULL,NULL,NULL,True,NULL,NULL,NULL,NULL,NULL,False,False,False,False,False,True,True,True,True,NULL
"6574632326",True,False,NULL,NULL,"Unbothered",25,"2025-10-22 02:25:11.868926+00","👩",NULL,NULL,True,NULL,NULL,NULL,NULL,NULL,False,False,False,False,False,True,True,True,True,NULL
"8475780402",True,False,NULL,NULL,NULL,NULL,NULL,NULL,NULL,NULL,True,NULL,NULL,NULL,NULL,NULL,False,False,False,False,False,True,True,True,True,NULL
"5622156200",True,False,NULL,NULL,NULL,NULL,NULL,NULL,NULL,NULL,True,NULL,NULL,NULL,NULL,NULL,False,False,False,False,False,True,True,True,True,NULL
"913384807",True,False,NULL,NULL,NULL,NULL,NULL,NULL,NULL,NULL,True,NULL,NULL,NULL,NULL,NULL,False,False,False,False,False,True,True,True,True,NULL
"6612209124",True,False,NULL,NULL,NULL,NULL,NULL,NULL,NULL,NULL,True,NULL,NULL,NULL,NULL,NULL,False,False,False,False,False,True,True,True,True,NULL
"7431129875",True,False,NULL,NULL,NULL,NULL,NULL,NULL,NULL,NULL,True,NULL,NULL,NULL,NULL,NULL,False,False,False,False,False,True,True,True,True,NULL
"524288124",True,False,NULL,NULL,NULL,NULL,NULL,NULL,NULL,NULL,True,NULL,NULL,NULL,NULL,NULL,False,False,False,False,False,True,True,True,True,NULL
"2118134230",True,False,NULL,NULL,NULL,NULL,NULL,NULL,NULL,NULL,True,NULL,NULL,NULL,NULL,NULL,False,False,False,False,False,True,True,True,True,NULL
"1790980391",True,False,NULL,NULL,NULL,NULL,NULL,NULL,NULL,NULL,True,NULL,NULL,NULL,NULL,NULL,False,False,False,False,False,True,True,True,True,NULL
"6484144199",False,False,NULL,NULL,NULL,NULL,NULL,NULL,NULL,NULL,True,NULL,NULL,NULL,NULL,NULL,False,False,False,False,False,True,True,True,True,NULL
"6519120851",True,False,NULL,NULL,NULL,NULL,NULL,NULL,NULL,NULL,True,NULL,NULL,NULL,NULL,NULL,False,False,False,False,False,True,True,True,True,NULL
"7679868884",False,False,NULL,NULL,NULL,NULL,NULL,NULL,NULL,NULL,True,NULL,NULL,NULL,NULL,NULL,False,False,False,False,False,True,True,True,True,NULL
"5707039309",True,False,NULL,NULL,"Smarty",15,"2025-10-22 09:58:06.459868+00","👻",NULL,"Jesus is Lord",False,NULL,NULL,NULL,NULL,NULL,False,False,False,False,False,True,True,True,True,NULL
"1987934504",True,False,NULL,NULL,NULL,NULL,NULL,NULL,NULL,NULL,True,NULL,NULL,NULL,NULL,NULL,False,False,False,False,False,True,True,True,True,NULL
"6344682126",True,False,NULL,NULL,NULL,15,NULL,"🎧",NULL,NULL,True,NULL,NULL,NULL,NULL,NULL,False,False,False,False,False,True,True,True,True,NULL
"756810282",False,False,NULL,NULL,NULL,NULL,NULL,NULL,NULL,NULL,True,NULL,NULL,NULL,NULL,NULL,False,False,False,False,False,True,True,True,True,NULL
"6766176408",True,False,NULL,NULL,NULL,NULL,NULL,NULL,NULL,NULL,True,NULL,NULL,NULL,NULL,NULL,False,False,False,False,False,True,True,True,True,NULL
"1147404957",True,False,NULL,NULL,NULL,NULL,NULL,NULL,NULL,NULL,True,NULL,NULL,NULL,NULL,NULL,False,False,False,False,False,True,True,True,True,NULL
"6978542575",True,False,NULL,NULL,NULL,NULL,NULL,NULL,NULL,NULL,True,NULL,NULL,NULL,NULL,NULL,False,False,False,False,False,True,True,True,True,NULL
"2003143688",True,False,NULL,NULL,NULL,NULL,NULL,NULL,NULL,NULL,True,NULL,NULL,NULL,NULL,NULL,False,False,False,False,False,True,True,True,True,NULL
"7989820188",True,False,NULL,NULL,"ባንጃው",NULL,"2025-10-19 08:05:52.13501+00","👤",NULL,NULL,True,NULL,NULL,NULL,NULL,NULL,False,False,False,False,False,True,True,True,True,NULL
"7186116184",True,False,NULL,NULL,NULL,NULL,NULL,NULL,NULL,NULL,True,NULL,NULL,NULL,NULL,NULL,False,False,False,False,False,True,True,True,True,NULL
"409397756",True,False,NULL,NULL,NULL,NULL,NULL,NULL,NULL,NULL,True,NULL,NULL,NULL,NULL,NULL,False,False,False,False,False,True,True,True,True,NULL
"472987044",True,False,NULL,NULL,NULL,NULL,NULL,NULL,NULL,NULL,True,NULL,NULL,NULL,NULL,NULL,False,False,False,False,False,True,True,True,True,NULL
"7908046994",True,False,NULL,NULL,NULL,NULL,NULL,NULL,NULL,NULL,True,NULL,NULL,NULL,NULL,NULL,False,False,False,False,False,True,True,True,True,NULL
"8082950145",True,False,NULL,NULL,NULL,NULL,NULL,NULL,NULL,NULL,True,NULL,NULL,NULL,NULL,NULL,False,False,False,False,False,True,True,True,True,NULL
"1658287125",True,False,NULL,NULL,NULL,NULL,NULL,NULL,NULL,NULL,True,NULL,NULL,NULL,NULL,NULL,False,False,False,False,False,True,True,True,True,NULL
"1945218066",True,False,NULL,NULL,NULL,NULL,NULL,NULL,NULL,NULL,True,NULL,NULL,NULL,NULL,NULL,False,False,False,False,False,True,True,True,True,"ncQ01Qn26u4"
"7477731252",True,False,NULL,NULL,NULL,NULL,NULL,NULL,NULL,NULL,True,NULL,NULL,NULL,NULL,NULL,False,False,False,False,False,True,True,True,True,NULL
"1158942864",True,False,NULL,NULL,NULL,NULL,NULL,NULL,NULL,NULL,True,NULL,NULL,NULL,NULL,NULL,False,False,False,False,False,True,True,True,True,NULL
"6307835155",True,False,NULL,NULL,NULL,NULL,NULL,NULL,NULL,NULL,True,NULL,NULL,NULL,NULL,NULL,False,False,False,False,False,True,True,True,True,NULL
"6780588205",False,False,NULL,NULL,NULL,NULL,NULL,NULL,NULL,NULL,True,NULL,NULL,NULL,NULL,NULL,False,False,False,False,False,True,True,True,True,NULL
"1002546366",False,False,NULL,NULL,NULL,NULL,NULL,NULL,NULL,NULL,True,NULL,NULL,NULL,NULL,NULL,False,False,False,False,False,True,True,True,True,NULL
"993810722",True,False,NULL,NULL,NULL,NULL,NULL,NULL,NULL,NULL,True,NULL,NULL,NULL,NULL,NULL,False,False,False,False,False,True,True,True,True,NULL
"899184398",True,False,NULL,NULL,NULL,NULL,NULL,NULL,NULL,NULL,True,NULL,NULL,NULL,NULL,NULL,False,False,False,False,False,True,True,True,True,NULL
"1353270491",True,False,NULL,NULL,NULL,NULL,NULL,NULL,NULL,NULL,True,NULL,NULL,NULL,NULL,NULL,False,False,False,False,False,True,True,True,True,NULL
"1724477813",False,False,NULL,NULL,NULL,NULL,NULL,NULL,NULL,NULL,True,NULL,NULL,NULL,NULL,NULL,False,False,False,False,False,True,True,True,True,NULL
"5114292098",True,False,NULL,NULL,NULL,NULL,NULL,NULL,NULL,NULL,True,NULL,NULL,NULL,NULL,NULL,False,False,False,False,False,True,True,True,True,NULL
"5653149849",True,False,NULL,NULL,NULL,NULL,NULL,NULL,NULL,NULL,True,NULL,NULL,NULL,NULL,NULL,False,False,False,False,False,True,True,True,True,NULL
"718218436",True,False,NULL,NULL,NULL,NULL,NULL,NULL,NULL,NULL,True,NULL,NULL,NULL,NULL,NULL,False,False,False,False,False,True,True,True,True,NULL
"7185762381",True,False,NULL,NULL,NULL,NULL,NULL,NULL,NULL,NULL,True,NULL,NULL,NULL,NULL,NULL,False,False,False,False,False,True,True,True,True,NULL
"1244914877",True,False,NULL,NULL,NULL,NULL,NULL,NULL,NULL,NULL,True,NULL,NULL,NULL,NULL,NULL,False,False,False,False,False,True,True,True,True,NULL
"782688247",True,False,NULL,NULL,NULL,NULL,NULL,NULL,NULL,NULL,True,NULL,NULL,NULL,NULL,NULL,False,False,False,False,False,True,True,True,True,NULL
"7372380561",True,False,NULL,NULL,NULL,NULL,NULL,NULL,NULL,NULL,True,NULL,NULL,NULL,NULL,NULL,False,False,False,False,False,True,True,True,True,NULL
"5095932189",True,False,NULL,NULL,NULL,NULL,NULL,NULL,NULL,NULL,True,NULL,NULL,NULL,NULL,NULL,False,False,False,False,False,True,True,True,True,NULL
"6596700656",True,False,NULL,NULL,NULL,NULL,NULL,NULL,NULL,NULL,True,NULL,NULL,NULL,NULL,NULL,False,False,False,False,False,True,True,True,True,NULL
"5252308923",True,False,NULL,NULL,NULL,NULL,NULL,NULL,NULL,NULL,True,NULL,NULL,NULL,NULL,NULL,False,False,False,False,False,True,True,True,True,NULL
"6331949051",True,False,NULL,NULL,NULL,NULL,NULL,NULL,NULL,NULL,True,NULL,NULL,NULL,NULL,NULL,False,False,False,False,False,True,True,True,True,NULL
"7112126818",True,False,NULL,NULL,NULL,NULL,NULL,NULL,NULL,NULL,True,NULL,NULL,NULL,NULL,NULL,False,False,False,False,False,True,True,True,True,NULL
"859849948",False,False,NULL,NULL,NULL,NULL,NULL,NULL,NULL,NULL,True,NULL,NULL,NULL,NULL,NULL,False,False,False,False,False,True,True,True,True,NULL
"1686475621",True,False,NULL,NULL,NULL,NULL,NULL,NULL,NULL,NULL,True,NULL,NULL,NULL,NULL,NULL,False,False,False,False,False,True,True,True,True,NULL
"5578579206",True,False,NULL,NULL,NULL,NULL,NULL,NULL,NULL,NULL,True,NULL,NULL,NULL,NULL,NULL,False,False,False,False,False,True,True,True,True,NULL
"736423291",True,False,NULL,NULL,NULL,NULL,NULL,NULL,NULL,NULL,True,NULL,NULL,NULL,NULL,NULL,False,False,False,False,False,True,True,True,True,NULL
"5531684025",True,False,NULL,NULL,NULL,NULL,NULL,NULL,NULL,NULL,True,NULL,NULL,NULL,NULL,NULL,False,False,False,False,False,True,True,True,True,NULL
"6470325814",True,False,NULL,NULL,NULL,NULL,NULL,NULL,NULL,NULL,True,NULL,NULL,NULL,NULL,NULL,False,False,False,False,False,True,True,True,True,NULL
"975194062",True,False,NULL,NULL,NULL,NULL,NULL,NULL,NULL,NULL,True,NULL,NULL,NULL,NULL,NULL,False,False,False,False,False,True,True,True,True,NULL
"1721491168",True,False,NULL,NULL,NULL,NULL,NULL,NULL,NULL,NULL,True,NULL,NULL,NULL,NULL,NULL,False,False,False,False,False,True,True,True,True,"ReIL5ygWgZ4"
"8162953981",True,False,NULL,NULL,"ጓድ ኮለኔል መንግሥቱ",NULL,"2025-10-13 07:23:24.08199+00","🧐",NULL,"ኢትዮጵያ ትቅደም!",True,"Male","College of Business and Economics","2nd Year",NULL,NULL,True,False,False,False,False,True,True,True,True,NULL
"892428380",True,False,NULL,NULL,NULL,NULL,NULL,NULL,NULL,NULL,True,NULL,NULL,NULL,NULL,NULL,False,False,False,False,False,True,True,True,True,NULL
"814405997",True,False,NULL,NULL,NULL,NULL,NULL,NULL,NULL,NULL,True,NULL,NULL,NULL,NULL,NULL,False,False,False,False,False,True,True,True,True,NULL
"1242055102",False,False,NULL,NULL,NULL,NULL,NULL,NULL,NULL,NULL,True,NULL,NULL,NULL,NULL,NULL,False,False,False,False,False,True,True,True,True,NULL
"642268918",True,False,NULL,NULL,NULL,NULL,NULL,NULL,NULL,NULL,True,NULL,NULL,NULL,NULL,NULL,False,False,False,False,False,True,True,True,True,NULL
"7173044659",True,False,NULL,NULL,NULL,NULL,NULL,NULL,NULL,NULL,True,NULL,NULL,NULL,NULL,NULL,False,False,False,False,False,True,True,True,True,NULL
"1846025201",True,False,NULL,NULL,NULL,NULL,NULL,NULL,NULL,NULL,True,NULL,NULL,NULL,NULL,NULL,False,False,False,False,False,True,True,True,True,NULL
"367914374",False,False,NULL,NULL,NULL,NULL,NULL,NULL,NULL,NULL,True,NULL,NULL,NULL,NULL,NULL,False,False,False,False,False,True,True,True,True,NULL
"637292372",True,False,NULL,NULL,NULL,NULL,NULL,NULL,NULL,NULL,True,NULL,NULL,NULL,NULL,NULL,False,False,False,False,False,True,True,True,True,NULL
"1906829699",True,False,NULL,NULL,NULL,NULL,NULL,NULL,NULL,NULL,True,NULL,NULL,NULL,NULL,NULL,False,False,False,False,False,True,True,True,True,NULL
"1166067143",False,False,NULL,NULL,NULL,NULL,NULL,NULL,NULL,NULL,True,NULL,NULL,NULL,NULL,NULL,False,False,False,False,False,True,True,True,True,NULL
"6358082880",True,False,NULL,NULL,NULL,NULL,NULL,NULL,NULL,NULL,True,NULL,NULL,NULL,NULL,NULL,False,False,False,False,False,True,True,True,True,NULL
"5009584857",True,False,NULL,NULL,NULL,NULL,NULL,NULL,NULL,NULL,True,NULL,NULL,NULL,NULL,NULL,False,False,False,False,False,True,True,True,True,NULL
"6066614300",True,False,NULL,NULL,NULL,NULL,NULL,NULL,NULL,NULL,True,NULL,NULL,NULL,NULL,NULL,False,False,False,False,False,True,True,True,True,NULL
"468532812",True,False,NULL,NULL,NULL,NULL,NULL,NULL,NULL,NULL,True,NULL,NULL,NULL,NULL,NULL,False,False,False,False,False,True,True,True,True,NULL
"1947880802",True,False,NULL,NULL,NULL,NULL,NULL,NULL,NULL,NULL,True,NULL,NULL,NULL,NULL,NULL,False,False,False,False,False,True,True,True,True,NULL
"5052825836",True,False,NULL,NULL,NULL,NULL,NULL,NULL,NULL,NULL,True,NULL,NULL,NULL,NULL,NULL,False,False,False,False,False,True,True,True,True,NULL
"561687341",True,False,NULL,NULL,NULL,NULL,NULL,NULL,NULL,NULL,True,NULL,NULL,NULL,NULL,NULL,False,False,False,False,False,True,True,True,True,NULL
"2006845639",True,False,NULL,NULL,NULL,NULL,NULL,NULL,NULL,NULL,True,NULL,NULL,NULL,NULL,NULL,False,False,False,False,False,True,True,True,True,"8WNvVq8mPjA"
"5161130090",True,False,NULL,NULL,NULL,NULL,NULL,NULL,NULL,NULL,True,NULL,NULL,NULL,NULL,NULL,False,False,False,False,False,True,True,True,True,NULL
"1128369790",True,False,NULL,NULL,NULL,NULL,NULL,NULL,NULL,NULL,True,NULL,NULL,NULL,NULL,NULL,False,False,False,False,False,True,True,True,True,NULL
"1658094061",True,False,NULL,NULL,"JSA",NULL,"2025-10-21 15:24:13.734399+00","👤",NULL,NULL,True,NULL,NULL,NULL,NULL,NULL,False,False,False,False,False,True,True,True,True,NULL
"659936983",True,False,NULL,NULL,NULL,NULL,NULL,NULL,NULL,NULL,True,NULL,NULL,NULL,NULL,NULL,False,False,False,False,False,True,True,True,True,NULL
"5711345783",True,False,NULL,NULL,NULL,NULL,NULL,NULL,NULL,NULL,True,NULL,NULL,NULL,NULL,NULL,False,False,False,False,False,True,True,True,True,NULL
"8399229432",True,False,NULL,NULL,NULL,NULL,NULL,NULL,NULL,NULL,True,"Male",NULL,NULL,NULL,NULL,True,False,False,False,False,True,True,True,True,NULL
"5664343449",True,False,NULL,NULL,NULL,NULL,NULL,NULL,NULL,NULL,True,NULL,NULL,NULL,NULL,NULL,False,False,False,False,False,True,True,True,True,NULL
"748566679",True,False,NULL,NULL,NULL,NULL,NULL,NULL,NULL,NULL,True,NULL,NULL,NULL,NULL,NULL,False,False,False,False,False,True,True,True,True,NULL
"979656987",True,False,NULL,NULL,NULL,NULL,NULL,NULL,NULL,NULL,True,NULL,NULL,NULL,NULL,NULL,False,False,False,False,False,True,True,True,True,NULL
"1121874093",True,False,NULL,NULL,NULL,NULL,NULL,NULL,NULL,NULL,True,NULL,NULL,NULL,NULL,NULL,False,False,False,False,False,True,True,True,True,NULL
"5691054799",True,False,NULL,NULL,NULL,NULL,NULL,NULL,NULL,NULL,True,NULL,NULL,NULL,NULL,NULL,False,False,False,False,False,True,True,True,True,NULL
"6031874527",True,False,NULL,NULL,NULL,NULL,NULL,NULL,NULL,NULL,True,NULL,NULL,NULL,NULL,NULL,False,False,False,False,False,True,True,True,True,NULL
"6387738491",True,False,NULL,NULL,"Black cat",NULL,"2025-10-10 12:23:51.48239+00","🧑",NULL,"May be",False,"Male","College of Natural and Computational Sciences",NULL,NULL,"{Drawing}",False,False,False,False,False,True,True,True,True,NULL
"1700220622",True,False,NULL,NULL,NULL,NULL,NULL,NULL,NULL,NULL,True,NULL,NULL,NULL,NULL,NULL,False,False,False,False,False,True,True,True,True,NULL
"397972608",True,False,NULL,NULL,NULL,NULL,NULL,NULL,NULL,NULL,True,NULL,NULL,NULL,NULL,NULL,False,False,False,False,False,True,True,True,True,NULL
"1893588930",True,False,NULL,NULL,NULL,NULL,NULL,NULL,NULL,NULL,True,NULL,NULL,NULL,NULL,NULL,False,False,False,False,False,True,True,True,True,NULL
"8179959742",True,False,NULL,NULL,NULL,NULL,NULL,NULL,NULL,NULL,True,NULL,NULL,NULL,NULL,NULL,False,False,False,False,False,True,True,True,True,NULL
"1694264196",True,False,NULL,NULL,NULL,NULL,NULL,NULL,NULL,NULL,True,NULL,NULL,NULL,NULL,NULL,False,False,False,False,False,True,True,True,True,NULL
"8097231720",True,False,NULL,NULL,NULL,NULL,NULL,NULL,NULL,NULL,True,NULL,NULL,NULL,NULL,NULL,False,False,False,False,False,True,True,True,True,NULL
"7724848115",True,False,NULL,NULL,"Bahhhh",NULL,"2025-10-16 16:09:20.522311+00","🎮",NULL,NULL,True,NULL,NULL,NULL,NULL,NULL,False,False,False,False,False,True,True,True,True,"2s93-l8qRqw"
"5737057591",True,False,NULL,NULL,"Man of God",NULL,"2025-10-22 15:01:17.708722+00","👤",NULL,NULL,True,NULL,NULL,NULL,NULL,NULL,False,False,False,False,False,True,True,True,True,NULL
"1943351944",True,False,NULL,NULL,NULL,NULL,NULL,NULL,NULL,NULL,True,NULL,NULL,NULL,NULL,NULL,False,False,False,False,False,True,True,True,True,NULL
"7397556171",False,False,NULL,NULL,NULL,NULL,NULL,NULL,NULL,NULL,True,NULL,NULL,NULL,NULL,NULL,False,False,False,False,False,True,True,True,True,NULL
"851251063",True,False,NULL,NULL,NULL,NULL,NULL,NULL,NULL,NULL,True,NULL,NULL,NULL,NULL,NULL,False,False,False,False,False,True,True,True,True,NULL
"1543616387",False,False,NULL,NULL,NULL,NULL,NULL,NULL,NULL,NULL,True,NULL,NULL,NULL,NULL,NULL,False,False,False,False,False,True,True,True,True,NULL
"7561115322",True,False,NULL,NULL,NULL,NULL,NULL,NULL,NULL,NULL,True,NULL,NULL,NULL,NULL,NULL,False,False,False,False,False,True,True,True,True,NULL
"631421549",True,False,NULL,NULL,NULL,NULL,NULL,NULL,NULL,NULL,True,NULL,NULL,NULL,NULL,NULL,False,False,False,False,False,True,True,True,True,NULL
"939472551",True,False,NULL,NULL,NULL,NULL,NULL,NULL,NULL,NULL,True,NULL,NULL,NULL,NULL,NULL,False,False,False,False,False,True,True,True,True,NULL
"2075259470",True,False,NULL,NULL,NULL,NULL,NULL,NULL,NULL,NULL,True,NULL,NULL,NULL,NULL,NULL,False,False,False,False,False,True,True,True,True,NULL
"930861306",True,False,NULL,NULL,NULL,NULL,NULL,NULL,NULL,NULL,True,NULL,NULL,NULL,NULL,NULL,False,False,False,False,False,True,True,True,True,NULL
"2030663345",True,False,NULL,NULL,NULL,NULL,NULL,NULL,NULL,NULL,True,NULL,NULL,NULL,NULL,NULL,False,False,False,False,False,True,True,True,True,NULL
"7475473795",True,False,NULL,NULL,NULL,NULL,NULL,NULL,NULL,NULL,True,NULL,NULL,NULL,NULL,NULL,False,False,False,False,False,True,True,True,True,NULL
"5077093886",True,False,NULL,NULL,NULL,NULL,NULL,NULL,NULL,NULL,True,NULL,NULL,NULL,NULL,NULL,False,False,False,False,False,True,True,True,True,NULL
"6901442416",True,False,NULL,NULL,NULL,NULL,NULL,NULL,NULL,NULL,True,NULL,NULL,NULL,NULL,NULL,False,False,False,False,False,True,True,True,True,NULL
"1107452902",True,False,NULL,NULL,NULL,NULL,NULL,NULL,NULL,NULL,True,NULL,NULL,NULL,NULL,NULL,False,False,False,False,False,True,True,True,True,"Yw5fge9LJIc"
"1143396481",True,False,NULL,NULL,NULL,NULL,NULL,NULL,NULL,NULL,True,NULL,NULL,NULL,NULL,NULL,False,False,False,False,False,True,True,True,True,NULL
"6202476106",True,False,NULL,NULL,NULL,NULL,NULL,NULL,NULL,NULL,True,NULL,NULL,NULL,NULL,NULL,False,False,False,False,False,True,True,True,True,NULL
"7651249656",True,False,NULL,NULL,NULL,NULL,NULL,NULL,NULL,NULL,True,NULL,NULL,NULL,NULL,NULL,False,False,False,False,False,True,True,True,True,NULL
"1631016875",True,False,NULL,NULL,NULL,NULL,NULL,NULL,NULL,NULL,True,NULL,NULL,NULL,NULL,NULL,False,False,False,False,False,True,True,True,True,NULL
"8442168764",True,False,NULL,NULL,NULL,NULL,NULL,NULL,NULL,NULL,True,NULL,NULL,NULL,NULL,NULL,False,False,False,False,False,True,True,True,True,NULL
"6201252007",True,False,NULL,NULL,NULL,NULL,NULL,NULL,NULL,NULL,True,NULL,NULL,NULL,NULL,NULL,False,False,False,False,False,True,True,True,True,NULL
"1150803765",True,False,NULL,NULL,NULL,NULL,NULL,NULL,NULL,NULL,True,NULL,NULL,NULL,NULL,NULL,False,False,False,False,False,True,True,True,True,NULL
"7672650175",True,False,NULL,NULL,NULL,NULL,NULL,NULL,NULL,NULL,True,NULL,NULL,NULL,NULL,NULL,False,False,False,False,False,True,True,True,True,NULL
"1881555924",True,False,NULL,NULL,NULL,NULL,NULL,NULL,NULL,NULL,True,NULL,NULL,NULL,NULL,NULL,False,False,False,False,False,True,True,True,True,"iDmN8KqPqI0"
"5087701415",True,False,NULL,NULL,NULL,NULL,NULL,NULL,NULL,NULL,True,NULL,NULL,NULL,NULL,NULL,False,False,False,False,False,True,True,True,True,NULL
"1987230576",True,False,NULL,NULL,NULL,NULL,NULL,NULL,NULL,NULL,True,NULL,NULL,NULL,NULL,NULL,False,False,False,False,False,True,True,True,True,NULL
"1859788993",True,False,NULL,NULL,NULL,NULL,NULL,NULL,NULL,NULL,True,NULL,NULL,NULL,NULL,NULL,False,False,False,False,False,True,True,True,True,NULL
"416825678",True,False,NULL,NULL,NULL,NULL,NULL,NULL,NULL,NULL,True,NULL,NULL,NULL,NULL,NULL,False,False,False,False,False,True,True,True,True,NULL
"804740652",True,False,NULL,NULL,NULL,NULL,NULL,NULL,NULL,NULL,True,NULL,NULL,NULL,NULL,NULL,False,False,False,False,False,True,True,True,True,NULL
"1495445327",True,False,NULL,NULL,NULL,NULL,NULL,NULL,NULL,NULL,True,NULL,NULL,NULL,NULL,NULL,False,False,False,False,False,True,True,True,True,NULL
"1211451626",True,False,NULL,NULL,NULL,NULL,NULL,NULL,NULL,NULL,True,NULL,NULL,NULL,NULL,NULL,False,False,False,False,False,True,True,True,True,NULL
"6255613095",True,False,NULL,NULL,NULL,NULL,NULL,NULL,NULL,NULL,True,NULL,NULL,NULL,NULL,NULL,False,False,False,False,False,True,True,True,True,NULL
"6716534031",True,False,NULL,NULL,NULL,NULL,NULL,NULL,NULL,NULL,True,NULL,NULL,NULL,NULL,NULL,False,False,False,False,False,True,True,True,True,NULL
"6617782659",True,False,NULL,NULL,NULL,NULL,NULL,NULL,NULL,NULL,True,NULL,NULL,NULL,NULL,NULL,False,False,False,False,False,True,True,True,True,NULL
"2068382667",True,False,NULL,NULL,NULL,NULL,NULL,NULL,NULL,NULL,True,NULL,NULL,NULL,NULL,NULL,False,False,False,False,False,True,True,True,True,NULL
"6741150607",True,False,NULL,NULL,NULL,NULL,NULL,NULL,NULL,NULL,True,NULL,NULL,NULL,NULL,NULL,False,False,False,False,False,True,True,True,True,NULL
"7476554481",False,False,NULL,NULL,NULL,NULL,NULL,NULL,NULL,NULL,True,NULL,NULL,NULL,NULL,NULL,False,False,False,False,False,True,True,True,True,NULL
"6265031145",True,False,NULL,NULL,NULL,NULL,NULL,NULL,NULL,NULL,True,NULL,NULL,NULL,NULL,NULL,False,False,False,False,False,True,True,True,True,NULL
"5465063951",True,False,NULL,NULL,NULL,NULL,NULL,NULL,NULL,NULL,True,NULL,NULL,NULL,NULL,NULL,False,False,False,False,False,True,True,True,True,NULL
"5439988259",True,False,NULL,NULL,NULL,NULL,NULL,NULL,NULL,NULL,True,NULL,NULL,NULL,NULL,NULL,False,False,False,False,False,True,True,True,True,NULL
"616393340",True,False,NULL,NULL,NULL,NULL,NULL,NULL,NULL,NULL,True,NULL,NULL,NULL,NULL,NULL,False,False,False,False,False,True,True,True,True,NULL
"6953669095",True,False,NULL,NULL,NULL,NULL,NULL,NULL,NULL,NULL,True,NULL,NULL,NULL,NULL,NULL,False,False,False,False,False,True,True,True,True,NULL
"879574885",True,False,NULL,NULL,NULL,NULL,NULL,NULL,NULL,NULL,True,NULL,NULL,NULL,NULL,NULL,False,False,False,False,False,True,True,True,True,NULL
"1800907850",True,False,NULL,NULL,NULL,NULL,NULL,NULL,NULL,NULL,True,NULL,NULL,NULL,NULL,NULL,False,False,False,False,False,True,True,True,True,NULL
"5113070972",True,False,NULL,NULL,NULL,NULL,NULL,NULL,NULL,NULL,True,NULL,NULL,NULL,NULL,NULL,False,False,False,False,False,True,True,True,True,NULL
"996752131",True,False,NULL,NULL,NULL,NULL,NULL,NULL,NULL,NULL,True,NULL,NULL,NULL,NULL,NULL,False,False,False,False,False,True,True,True,True,NULL
"6087825783",True,False,NULL,NULL,NULL,NULL,NULL,NULL,NULL,NULL,True,NULL,NULL,NULL,NULL,NULL,False,False,False,False,False,True,True,True,True,NULL
"8119724995",True,False,NULL,NULL,NULL,NULL,NULL,NULL,NULL,NULL,True,NULL,NULL,NULL,NULL,NULL,False,False,False,False,False,True,True,True,True,NULL
"5936590983",False,False,NULL,NULL,NULL,NULL,NULL,NULL,NULL,NULL,True,NULL,NULL,NULL,NULL,NULL,False,False,False,False,False,True,True,True,True,NULL
"569238137",True,False,NULL,NULL,NULL,NULL,NULL,NULL,NULL,NULL,True,NULL,NULL,NULL,NULL,NULL,False,False,False,False,False,True,True,True,True,NULL
"1256734895",True,False,NULL,NULL,NULL,NULL,NULL,NULL,NULL,NULL,True,NULL,NULL,NULL,NULL,NULL,False,False,False,False,False,True,True,True,True,NULL
"6245940850",True,False,NULL,NULL,NULL,NULL,NULL,NULL,NULL,NULL,True,NULL,NULL,NULL,NULL,NULL,False,False,False,False,False,True,True,True,True,NULL
"6774169450",False,False,NULL,NULL,NULL,NULL,NULL,NULL,NULL,NULL,True,NULL,NULL,NULL,NULL,NULL,False,False,False,False,False,True,True,True,True,NULL
"1210588565",True,False,NULL,NULL,NULL,NULL,NULL,NULL,NULL,NULL,True,NULL,NULL,NULL,NULL,NULL,False,False,False,False,False,True,True,True,True,NULL
"5436272243",True,False,NULL,NULL,NULL,NULL,NULL,NULL,NULL,NULL,True,NULL,NULL,NULL,NULL,NULL,False,False,False,False,False,True,True,True,True,NULL
"467677228",False,False,NULL,NULL,NULL,NULL,NULL,NULL,NULL,NULL,True,NULL,NULL,NULL,NULL,NULL,False,False,False,False,False,True,True,True,True,NULL
"342147021",True,False,NULL,NULL,NULL,NULL,NULL,NULL,NULL,NULL,True,NULL,NULL,NULL,NULL,NULL,False,False,False,False,False,True,True,True,True,NULL
"1325882558",True,False,NULL,NULL,NULL,NULL,NULL,NULL,NULL,NULL,True,NULL,NULL,NULL,NULL,NULL,False,False,False,False,False,True,True,True,True,NULL
"5713512618",True,False,NULL,NULL,NULL,NULL,NULL,NULL,NULL,NULL,True,NULL,NULL,NULL,NULL,NULL,False,False,False,False,False,True,True,True,True,NULL
"1541396379",True,False,NULL,NULL,NULL,NULL,NULL,NULL,NULL,NULL,True,NULL,NULL,NULL,NULL,NULL,False,False,False,False,False,True,True,True,True,NULL
"5156241655",True,False,NULL,NULL,NULL,NULL,NULL,NULL,NULL,NULL,True,NULL,NULL,NULL,NULL,NULL,False,False,False,False,False,True,True,True,True,NULL
"748531666",True,False,NULL,NULL,NULL,NULL,NULL,NULL,NULL,NULL,True,NULL,NULL,NULL,NULL,NULL,False,False,False,False,False,True,True,True,True,NULL
"935654638",True,False,NULL,NULL,NULL,NULL,NULL,NULL,NULL,NULL,True,NULL,NULL,NULL,NULL,NULL,False,False,False,False,False,True,True,True,True,NULL
"1198574771",True,False,NULL,NULL,NULL,NULL,NULL,NULL,NULL,NULL,True,NULL,NULL,NULL,NULL,NULL,False,False,False,False,False,True,True,True,True,NULL
"7870658100",True,False,NULL,NULL,NULL,NULL,NULL,NULL,NULL,NULL,True,NULL,NULL,NULL,NULL,NULL,False,False,False,False,False,True,True,True,True,NULL
"6269095761",True,False,NULL,NULL,NULL,NULL,NULL,NULL,NULL,NULL,True,NULL,NULL,NULL,NULL,NULL,False,False,False,False,False,True,True,True,True,NULL
"5827406552",True,False,NULL,NULL,NULL,NULL,NULL,NULL,NULL,NULL,True,NULL,NULL,NULL,NULL,NULL,False,False,False,False,False,True,True,True,True,NULL
"8152457962",True,False,NULL,NULL,"Babbbie",25,"2025-10-07 17:23:27.90449+00","✨",NULL,NULL,True,"Female",NULL,NULL,NULL,NULL,True,False,False,False,False,True,True,True,True,NULL
"7356830585",True,False,NULL,NULL,NULL,NULL,NULL,NULL,NULL,NULL,True,NULL,NULL,NULL,NULL,NULL,False,False,False,False,False,True,True,True,True,NULL
"737289942",True,False,NULL,NULL,NULL,NULL,NULL,NULL,NULL,NULL,True,NULL,NULL,NULL,NULL,NULL,False,False,False,False,False,True,True,True,True,NULL
"1982215916",True,False,NULL,NULL,NULL,NULL,NULL,NULL,NULL,NULL,True,NULL,NULL,NULL,NULL,NULL,False,False,False,False,False,True,True,True,True,NULL
"6794354940",True,False,NULL,NULL,"በለጠ",NULL,"2025-10-21 15:56:58.754613+00","👨",NULL,NULL,True,NULL,NULL,NULL,NULL,NULL,False,False,False,False,False,True,True,True,True,NULL
"7373585738",True,False,NULL,NULL,NULL,NULL,NULL,NULL,NULL,NULL,True,NULL,NULL,NULL,NULL,NULL,False,False,False,False,False,True,True,True,True,NULL
"5662709983",True,False,NULL,NULL,NULL,NULL,NULL,NULL,NULL,NULL,True,NULL,NULL,NULL,NULL,NULL,False,False,False,False,False,True,True,True,True,NULL
"6502978838",True,False,NULL,NULL,NULL,NULL,NULL,NULL,NULL,NULL,False,NULL,NULL,NULL,NULL,NULL,False,False,False,False,False,True,True,True,True,NULL
"6798458199",True,False,NULL,NULL,NULL,NULL,NULL,NULL,NULL,NULL,True,NULL,NULL,NULL,NULL,NULL,False,False,False,False,False,True,True,True,True,NULL
"5195358906",True,False,NULL,NULL,NULL,NULL,NULL,NULL,NULL,NULL,True,NULL,NULL,NULL,NULL,NULL,False,False,False,False,False,True,True,True,True,NULL
"5638778495",True,False,NULL,NULL,NULL,NULL,NULL,NULL,NULL,NULL,True,NULL,NULL,NULL,NULL,NULL,False,False,False,False,False,True,True,True,True,NULL
"1983194108",True,False,NULL,NULL,NULL,NULL,NULL,NULL,NULL,NULL,True,NULL,NULL,NULL,NULL,NULL,False,False,False,False,False,True,True,True,True,NULL
"1994586446",True,False,NULL,NULL,NULL,NULL,NULL,NULL,NULL,NULL,True,NULL,NULL,NULL,NULL,NULL,False,False,False,False,False,True,True,True,True,NULL
"6600866379",True,False,NULL,NULL,NULL,NULL,NULL,NULL,NULL,NULL,True,NULL,NULL,NULL,NULL,NULL,False,False,False,False,False,True,True,True,True,NULL
"1271877144",True,False,NULL,NULL,NULL,NULL,NULL,NULL,NULL,NULL,True,NULL,NULL,NULL,NULL,NULL,False,False,False,False,False,True,True,True,True,NULL
"679017636",False,False,NULL,NULL,NULL,NULL,NULL,NULL,NULL,NULL,True,NULL,NULL,NULL,NULL,NULL,False,False,False,False,False,True,True,True,True,NULL
"1212902436",True,False,NULL,NULL,NULL,NULL,NULL,NULL,NULL,NULL,True,NULL,NULL,NULL,NULL,NULL,False,False,False,False,False,True,True,True,True,NULL
"7239088094",True,False,NULL,NULL,NULL,NULL,NULL,NULL,NULL,NULL,True,NULL,NULL,NULL,NULL,NULL,False,False,False,False,False,True,True,True,True,NULL
"1714019890",False,False,NULL,NULL,NULL,NULL,NULL,NULL,NULL,NULL,True,NULL,NULL,NULL,NULL,NULL,False,False,False,False,False,True,True,True,True,NULL
"6816921275",True,False,NULL,NULL,NULL,NULL,NULL,NULL,NULL,NULL,True,NULL,NULL,NULL,NULL,NULL,False,False,False,False,False,True,True,True,True,NULL
"7537994717",True,False,NULL,NULL,NULL,NULL,NULL,NULL,NULL,NULL,True,NULL,NULL,NULL,NULL,NULL,False,False,False,False,False,True,True,True,True,NULL
"6248530889",True,False,NULL,NULL,NULL,NULL,NULL,NULL,NULL,NULL,True,NULL,NULL,NULL,NULL,NULL,False,False,False,False,False,True,True,True,True,NULL
"6458234898",True,False,NULL,NULL,NULL,NULL,NULL,NULL,NULL,NULL,True,NULL,NULL,NULL,NULL,NULL,False,False,False,False,False,True,True,True,True,"daj8tUS4R1Q"
"871856501",True,False,NULL,NULL,NULL,NULL,NULL,NULL,NULL,NULL,True,NULL,NULL,NULL,NULL,NULL,False,False,False,False,False,True,True,True,True,NULL
"5834099663",True,False,NULL,NULL,NULL,NULL,NULL,NULL,NULL,NULL,True,NULL,NULL,NULL,NULL,NULL,False,False,False,False,False,True,True,True,True,NULL
"6734394720",True,False,NULL,NULL,NULL,NULL,NULL,NULL,NULL,NULL,True,NULL,NULL,NULL,NULL,NULL,False,False,False,False,False,True,True,True,True,NULL
"1442199164",True,False,NULL,NULL,"Gehrman sparrow",NULL,"2025-10-14 15:14:15.062421+00",NULL,NULL,NULL,True,NULL,NULL,NULL,NULL,NULL,False,False,False,False,False,True,True,True,True,NULL
"6951643648",True,False,NULL,NULL,NULL,NULL,NULL,NULL,NULL,NULL,True,NULL,NULL,NULL,NULL,NULL,False,False,False,False,False,True,True,True,True,NULL
"1209804397",True,False,NULL,NULL,NULL,NULL,NULL,NULL,NULL,NULL,True,NULL,NULL,NULL,NULL,NULL,False,False,False,False,False,True,True,True,True,NULL
"810306853",True,False,NULL,NULL,NULL,NULL,NULL,NULL,NULL,NULL,True,NULL,NULL,NULL,NULL,NULL,False,False,False,False,False,True,True,True,True,NULL
"696936617",True,False,NULL,NULL,NULL,NULL,NULL,NULL,NULL,NULL,True,NULL,NULL,NULL,NULL,NULL,False,False,False,False,False,True,True,True,True,NULL
"8021915590",True,False,NULL,NULL,NULL,NULL,NULL,NULL,NULL,NULL,True,NULL,NULL,NULL,NULL,NULL,False,False,False,False,False,True,True,True,True,NULL
"782433279",True,False,NULL,NULL,NULL,NULL,NULL,NULL,NULL,NULL,True,NULL,NULL,NULL,NULL,NULL,False,False,False,False,False,True,True,True,True,NULL
"504151129",True,False,NULL,NULL,NULL,NULL,NULL,NULL,NULL,NULL,True,NULL,NULL,NULL,NULL,NULL,False,False,False,False,False,True,True,True,True,NULL
"1418387810",True,False,NULL,NULL,NULL,NULL,NULL,NULL,NULL,NULL,True,NULL,NULL,NULL,NULL,NULL,False,False,False,False,False,True,True,True,True,NULL
"1996852567",True,False,NULL,NULL,NULL,NULL,NULL,NULL,NULL,NULL,True,NULL,NULL,NULL,NULL,NULL,False,False,False,False,False,True,True,True,True,NULL
"604998968",True,False,NULL,NULL,NULL,NULL,NULL,NULL,NULL,NULL,True,NULL,NULL,NULL,NULL,NULL,False,False,False,False,False,True,True,True,True,NULL
"6692333091",False,False,NULL,NULL,NULL,NULL,NULL,NULL,NULL,NULL,True,NULL,NULL,NULL,NULL,NULL,False,False,False,False,False,True,True,True,True,NULL
"7770777136",True,False,NULL,NULL,NULL,NULL,NULL,NULL,NULL,NULL,True,NULL,NULL,NULL,NULL,NULL,False,False,False,False,False,True,True,True,True,NULL
"677664620",True,False,NULL,NULL,NULL,NULL,NULL,NULL,NULL,NULL,True,NULL,NULL,NULL,NULL,NULL,False,False,False,False,False,True,True,True,True,"gSgYDLZU6Mo"
"636181257",True,False,NULL,NULL,NULL,NULL,NULL,NULL,NULL,NULL,True,NULL,NULL,NULL,NULL,NULL,False,False,False,False,False,True,True,True,True,NULL
"6153053717",True,False,NULL,NULL,NULL,NULL,NULL,NULL,NULL,NULL,True,NULL,NULL,NULL,NULL,NULL,False,False,False,False,False,True,True,True,True,NULL
"2119322125",True,False,NULL,NULL,NULL,NULL,NULL,NULL,NULL,NULL,True,NULL,NULL,NULL,NULL,NULL,False,False,False,False,False,True,True,True,True,NULL
"2017686443",True,False,NULL,NULL,NULL,NULL,NULL,NULL,NULL,NULL,True,NULL,NULL,NULL,NULL,NULL,False,False,False,False,False,True,True,True,True,NULL
"5108560678",True,False,NULL,NULL,NULL,NULL,NULL,NULL,NULL,NULL,True,NULL,NULL,NULL,NULL,NULL,False,False,False,False,False,True,True,True,True,NULL
"919315659",True,False,NULL,NULL,NULL,NULL,NULL,NULL,NULL,NULL,True,NULL,NULL,NULL,NULL,NULL,False,False,False,False,False,True,True,True,True,NULL
"828332698",True,False,NULL,NULL,NULL,NULL,NULL,NULL,NULL,NULL,True,NULL,NULL,NULL,NULL,NULL,False,False,False,False,False,True,True,True,True,NULL
"5002756534",True,False,NULL,NULL,NULL,NULL,NULL,NULL,NULL,NULL,True,NULL,NULL,NULL,NULL,NULL,False,False,False,False,False,True,True,True,True,NULL
"987895269",True,False,NULL,NULL,NULL,NULL,NULL,NULL,NULL,NULL,True,NULL,NULL,NULL,NULL,NULL,False,False,False,False,False,True,True,True,True,NULL
"7561229393",True,False,NULL,NULL,NULL,NULL,NULL,"🧑",NULL,NULL,True,NULL,NULL,NULL,NULL,NULL,False,False,False,False,False,True,True,True,True,NULL
"8132334378",True,False,NULL,NULL,NULL,NULL,NULL,NULL,NULL,NULL,True,NULL,NULL,NULL,NULL,NULL,False,False,False,False,False,True,True,True,True,NULL
"5992333727",True,False,NULL,NULL,NULL,NULL,NULL,NULL,NULL,NULL,True,NULL,NULL,NULL,NULL,NULL,False,False,False,False,False,True,True,True,True,NULL
"449753954",True,False,NULL,NULL,NULL,NULL,NULL,NULL,NULL,NULL,True,NULL,NULL,NULL,NULL,NULL,False,False,False,False,False,True,True,True,True,NULL
"1073430053",True,False,NULL,NULL,NULL,NULL,NULL,NULL,NULL,NULL,True,NULL,NULL,NULL,NULL,NULL,False,False,False,False,False,True,True,True,True,NULL
"6336969115",True,False,NULL,NULL,NULL,NULL,NULL,NULL,NULL,NULL,True,NULL,NULL,NULL,NULL,NULL,False,False,False,False,False,True,True,True,True,NULL
"390428690",True,False,NULL,NULL,NULL,NULL,NULL,NULL,NULL,NULL,True,NULL,NULL,NULL,NULL,NULL,False,False,False,False,False,True,True,True,True,NULL
"6466368614",True,False,NULL,NULL,NULL,NULL,NULL,NULL,NULL,NULL,True,NULL,NULL,NULL,NULL,NULL,False,False,False,False,False,True,True,True,True,"TatoR0mwEjk"
"705139994",True,False,NULL,NULL,NULL,NULL,NULL,NULL,NULL,NULL,True,NULL,NULL,NULL,NULL,NULL,False,False,False,False,False,True,True,True,True,NULL
"1612222871",True,False,NULL,NULL,NULL,NULL,NULL,NULL,NULL,NULL,True,NULL,NULL,NULL,NULL,NULL,False,False,False,False,False,True,True,True,True,NULL
"994768108",True,False,NULL,NULL,NULL,NULL,NULL,NULL,NULL,NULL,True,NULL,NULL,NULL,NULL,NULL,False,False,False,False,False,True,True,True,True,NULL
"8345240157",True,False,NULL,NULL,NULL,NULL,NULL,NULL,NULL,NULL,False,NULL,NULL,NULL,NULL,NULL,False,False,False,False,False,True,True,True,True,NULL
"5213764043",True,False,NULL,NULL,"The cool guy",NULL,"2025-10-20 07:05:00.62426+00","😎",NULL,NULL,True,NULL,NULL,NULL,NULL,NULL,False,False,False,False,False,True,True,True,True,NULL
"5010994956",True,False,NULL,NULL,NULL,NULL,NULL,NULL,NULL,NULL,True,NULL,NULL,NULL,NULL,NULL,False,False,False,False,False,True,True,True,True,"aKPfSSoO8z4"
"5221778222",True,False,NULL,NULL,NULL,NULL,NULL,NULL,NULL,NULL,True,NULL,NULL,NULL,NULL,NULL,False,False,False,False,False,True,True,True,True,NULL
"1294964651",True,False,NULL,NULL,"C4P",NULL,"2025-09-13 20:32:29.536587+00","🎧",NULL,"Exhausted",True,NULL,NULL,"2nd Year","Architecture and Design",NULL,True,False,True,True,True,True,True,True,True,NULL
"6235113938",True,False,NULL,NULL,NULL,NULL,NULL,NULL,NULL,NULL,True,NULL,NULL,NULL,NULL,NULL,False,False,False,False,False,True,True,True,True,NULL
"2111516751",True,False,NULL,NULL,NULL,NULL,NULL,NULL,NULL,NULL,True,NULL,NULL,NULL,NULL,NULL,False,False,False,False,False,True,True,True,True,NULL
"411345086",True,False,NULL,NULL,NULL,NULL,NULL,NULL,NULL,NULL,True,NULL,NULL,NULL,NULL,NULL,False,False,False,False,False,True,True,True,True,NULL
"6518501192",True,False,NULL,NULL,NULL,NULL,NULL,NULL,NULL,NULL,True,NULL,NULL,NULL,NULL,NULL,False,False,False,False,False,True,True,True,True,NULL
"5935854870",True,False,NULL,NULL,NULL,NULL,NULL,NULL,NULL,NULL,True,NULL,NULL,NULL,NULL,NULL,False,False,False,False,False,True,True,True,True,NULL
"1245169156",True,False,NULL,NULL,NULL,NULL,NULL,NULL,NULL,NULL,True,NULL,NULL,NULL,NULL,NULL,False,False,False,False,False,True,True,True,True,NULL
"6692564805",True,False,NULL,NULL,NULL,NULL,NULL,NULL,NULL,NULL,True,NULL,NULL,NULL,NULL,NULL,False,False,False,False,False,True,True,True,True,NULL
"6215775405",True,False,NULL,NULL,NULL,NULL,NULL,NULL,NULL,NULL,True,NULL,NULL,NULL,NULL,NULL,False,False,False,False,False,True,True,True,True,NULL
"6002655441",True,False,NULL,NULL,NULL,NULL,NULL,NULL,NULL,NULL,True,NULL,NULL,NULL,NULL,NULL,False,False,False,False,False,True,True,True,True,NULL
"273978244",True,False,NULL,NULL,NULL,NULL,NULL,NULL,NULL,NULL,True,NULL,NULL,NULL,NULL,NULL,False,False,False,False,False,True,True,True,True,NULL
"1280105488",True,False,NULL,NULL,NULL,NULL,NULL,NULL,NULL,NULL,True,NULL,NULL,NULL,NULL,NULL,False,False,False,False,False,True,True,True,True,NULL
"8148049593",True,False,NULL,NULL,NULL,NULL,NULL,NULL,NULL,NULL,True,NULL,NULL,NULL,NULL,NULL,False,False,False,False,False,True,True,True,True,NULL
"540343520",True,False,NULL,NULL,NULL,NULL,NULL,NULL,NULL,NULL,True,NULL,NULL,NULL,NULL,NULL,False,False,False,False,False,True,True,True,True,NULL
"7463416182",True,False,NULL,NULL,NULL,NULL,NULL,NULL,NULL,NULL,True,NULL,NULL,NULL,NULL,NULL,False,False,False,False,False,True,True,True,True,NULL
"6029359844",True,False,NULL,NULL,NULL,NULL,NULL,NULL,NULL,NULL,True,NULL,NULL,NULL,NULL,NULL,False,False,False,False,False,True,True,True,True,NULL
"826739775",True,False,NULL,NULL,NULL,NULL,NULL,NULL,NULL,NULL,True,NULL,NULL,NULL,NULL,NULL,False,False,False,False,False,True,True,True,True,NULL
"5655480953",True,False,NULL,NULL,NULL,NULL,NULL,NULL,NULL,NULL,True,NULL,NULL,NULL,NULL,NULL,False,False,False,False,False,True,True,True,True,NULL
"1324783321",True,False,NULL,NULL,NULL,NULL,NULL,NULL,NULL,NULL,True,NULL,NULL,NULL,NULL,NULL,False,False,False,False,False,True,True,True,True,NULL
"6997624696",True,False,NULL,NULL,NULL,NULL,NULL,NULL,NULL,NULL,True,NULL,NULL,NULL,NULL,NULL,False,False,False,False,False,True,True,True,True,NULL
"6255028160",True,False,NULL,NULL,NULL,NULL,NULL,NULL,NULL,NULL,True,NULL,NULL,NULL,NULL,NULL,False,False,False,False,False,True,True,True,True,NULL
"506775494",True,False,NULL,NULL,NULL,NULL,NULL,NULL,NULL,NULL,True,NULL,NULL,NULL,NULL,NULL,False,False,False,False,False,True,True,True,True,NULL
"5424726112",True,False,NULL,NULL,NULL,NULL,NULL,NULL,NULL,NULL,True,NULL,NULL,NULL,NULL,NULL,False,False,False,False,False,True,True,True,True,NULL
"906810356",True,False,NULL,NULL,NULL,NULL,NULL,NULL,NULL,NULL,True,NULL,NULL,NULL,NULL,NULL,False,False,False,False,False,True,True,True,True,NULL
"7048187410",True,False,NULL,NULL,NULL,NULL,NULL,NULL,NULL,NULL,True,NULL,NULL,NULL,NULL,NULL,False,False,False,False,False,True,True,True,True,NULL
"1248511543",False,False,NULL,NULL,NULL,NULL,NULL,NULL,NULL,NULL,True,NULL,NULL,NULL,NULL,NULL,False,False,False,False,False,True,True,True,True,NULL
"8069652882",True,False,NULL,NULL,NULL,NULL,NULL,NULL,NULL,NULL,True,NULL,NULL,NULL,NULL,NULL,False,False,False,False,False,True,True,True,True,NULL
"5071109950",True,False,NULL,NULL,NULL,NULL,NULL,NULL,NULL,NULL,True,NULL,NULL,NULL,NULL,NULL,False,False,False,False,False,True,True,True,True,NULL
"8013454306",True,False,NULL,NULL,NULL,NULL,NULL,NULL,NULL,NULL,True,NULL,NULL,NULL,NULL,NULL,False,False,False,False,False,True,True,True,True,NULL
"8445557668",True,False,NULL,NULL,NULL,NULL,NULL,NULL,NULL,NULL,True,NULL,NULL,NULL,NULL,NULL,False,False,False,False,False,True,True,True,True,NULL
"1121478620",True,False,NULL,NULL,NULL,NULL,NULL,NULL,NULL,NULL,True,NULL,NULL,NULL,NULL,NULL,False,False,False,False,False,True,True,True,True,NULL
"1017179117",True,False,NULL,NULL,NULL,NULL,NULL,NULL,NULL,NULL,True,NULL,NULL,NULL,NULL,NULL,False,False,False,False,False,True,True,True,True,NULL
"969222181",True,False,NULL,NULL,NULL,NULL,NULL,NULL,NULL,NULL,True,NULL,NULL,NULL,NULL,NULL,False,False,False,False,False,True,True,True,True,NULL
"1631789600",True,False,NULL,NULL,NULL,NULL,NULL,NULL,NULL,NULL,True,NULL,NULL,NULL,NULL,NULL,False,False,False,False,False,True,True,True,True,NULL
"5543008764",False,False,NULL,NULL,NULL,NULL,NULL,NULL,NULL,NULL,True,NULL,NULL,NULL,NULL,NULL,False,False,False,False,False,True,True,True,True,NULL
"1180600806",True,False,NULL,NULL,"Gursha be Ketema",NULL,"2025-10-21 09:08:59.563684+00","🎧",NULL,"🤷‍♂️",True,NULL,NULL,NULL,NULL,NULL,False,False,False,False,False,True,True,True,True,NULL
"2015436111",True,False,NULL,NULL,NULL,NULL,NULL,NULL,NULL,NULL,True,NULL,NULL,NULL,NULL,NULL,False,False,False,False,False,True,True,True,True,NULL
"5361002179",True,False,NULL,NULL,NULL,NULL,NULL,NULL,NULL,NULL,True,NULL,NULL,NULL,NULL,NULL,False,False,False,False,False,True,True,True,True,NULL
"6215360635",True,False,NULL,NULL,NULL,NULL,NULL,NULL,NULL,NULL,True,NULL,NULL,NULL,NULL,NULL,False,False,False,False,False,True,True,True,True,NULL
"1601717504",True,False,NULL,NULL,NULL,NULL,NULL,NULL,NULL,NULL,True,NULL,NULL,NULL,NULL,NULL,False,False,False,False,False,True,True,True,True,NULL
"1898005056",True,False,NULL,NULL,NULL,NULL,NULL,NULL,NULL,NULL,True,NULL,NULL,NULL,NULL,NULL,False,False,False,False,False,True,True,True,True,NULL
"1347171687",True,False,NULL,NULL,NULL,NULL,NULL,NULL,NULL,NULL,True,NULL,NULL,NULL,NULL,NULL,False,False,False,False,False,True,True,True,True,NULL
"1232870158",True,False,NULL,NULL,NULL,NULL,NULL,NULL,NULL,NULL,True,NULL,NULL,NULL,NULL,NULL,False,False,False,False,False,True,True,True,True,NULL
"1145493445",True,False,NULL,NULL,NULL,NULL,NULL,NULL,NULL,NULL,True,NULL,NULL,NULL,NULL,NULL,False,False,False,False,False,True,True,True,True,NULL
"1799407110",True,False,NULL,NULL,NULL,NULL,NULL,NULL,NULL,NULL,True,NULL,NULL,NULL,NULL,NULL,False,False,False,False,False,True,True,True,True,NULL
"5147981008",True,False,NULL,NULL,NULL,NULL,NULL,NULL,NULL,NULL,True,NULL,NULL,NULL,NULL,NULL,False,False,False,False,False,True,True,True,True,NULL
"8442417459",True,False,NULL,NULL,NULL,NULL,NULL,NULL,NULL,NULL,True,NULL,NULL,NULL,NULL,NULL,False,False,False,False,False,True,True,True,True,NULL
"5384533571",True,False,NULL,NULL,NULL,NULL,NULL,NULL,NULL,NULL,True,NULL,NULL,NULL,NULL,NULL,False,False,False,False,False,True,True,True,True,NULL
"1386115882",False,False,NULL,NULL,NULL,NULL,NULL,NULL,NULL,NULL,True,NULL,NULL,NULL,NULL,NULL,False,False,False,False,False,True,True,True,True,NULL
"768912786",True,False,NULL,NULL,NULL,NULL,NULL,NULL,NULL,NULL,True,NULL,NULL,NULL,NULL,NULL,False,False,False,False,False,True,True,True,True,NULL
"5915713983",True,False,NULL,NULL,NULL,NULL,NULL,NULL,NULL,NULL,True,NULL,NULL,NULL,NULL,NULL,False,False,False,False,False,True,True,True,True,NULL
"1138636620",True,False,NULL,NULL,NULL,NULL,NULL,NULL,NULL,NULL,True,NULL,NULL,NULL,NULL,NULL,False,False,False,False,False,True,True,True,True,NULL
"1935534344",True,False,NULL,NULL,NULL,NULL,NULL,NULL,NULL,NULL,True,NULL,NULL,NULL,NULL,NULL,False,False,False,False,False,True,True,True,True,"MBIWthdyL20"
"7709845327",True,False,NULL,NULL,NULL,NULL,NULL,NULL,NULL,NULL,True,NULL,NULL,NULL,NULL,NULL,False,False,False,False,False,True,True,True,True,NULL
"811916904",True,False,NULL,NULL,NULL,NULL,NULL,NULL,NULL,NULL,True,NULL,NULL,NULL,NULL,NULL,False,False,False,False,False,True,True,True,True,NULL
"7363163380",True,False,NULL,NULL,NULL,NULL,NULL,NULL,NULL,NULL,True,NULL,NULL,NULL,NULL,NULL,False,False,False,False,False,True,True,True,True,NULL
"6742682529",True,False,NULL,NULL,NULL,NULL,NULL,NULL,NULL,NULL,True,NULL,NULL,NULL,NULL,NULL,False,False,False,False,False,True,True,True,True,NULL
"571421019",True,False,NULL,NULL,NULL,NULL,NULL,NULL,NULL,NULL,True,NULL,NULL,NULL,NULL,NULL,False,False,False,False,False,True,True,True,True,NULL
"803995059",True,False,NULL,NULL,"Voice in my head",NULL,"2025-10-22 12:25:11.652684+00",NULL,NULL,NULL,True,"Male","College of Business and Economics",NULL,NULL,NULL,False,False,False,False,False,True,True,True,True,NULL
"1942727369",True,False,NULL,NULL,NULL,NULL,NULL,NULL,NULL,NULL,True,NULL,NULL,NULL,NULL,NULL,False,False,False,False,False,True,True,True,True,NULL
"6307749393",True,False,NULL,NULL,NULL,NULL,NULL,NULL,NULL,NULL,True,NULL,NULL,NULL,NULL,NULL,False,False,False,False,False,True,True,True,True,NULL
"1532948571",True,False,NULL,NULL,NULL,NULL,NULL,NULL,NULL,NULL,True,NULL,NULL,NULL,NULL,NULL,False,False,False,False,False,True,True,True,True,NULL
"5405698722",True,False,NULL,NULL,NULL,NULL,NULL,NULL,NULL,NULL,True,NULL,NULL,NULL,NULL,NULL,False,False,False,False,False,True,True,True,True,NULL
"2065946988",True,False,NULL,NULL,NULL,NULL,NULL,NULL,NULL,NULL,True,NULL,NULL,NULL,NULL,NULL,False,False,False,False,False,True,True,True,True,NULL
"8051333860",False,False,NULL,NULL,NULL,NULL,NULL,NULL,NULL,NULL,True,NULL,NULL,NULL,NULL,NULL,False,False,False,False,False,True,True,True,True,NULL
"1225525327",True,False,NULL,NULL,NULL,NULL,NULL,NULL,NULL,NULL,True,NULL,NULL,NULL,NULL,NULL,False,False,False,False,False,True,True,True,True,NULL
"6543065201",True,False,NULL,NULL,NULL,NULL,NULL,NULL,NULL,NULL,True,NULL,NULL,NULL,NULL,NULL,False,False,False,False,False,True,True,True,True,NULL
"1070513168",True,False,NULL,NULL,NULL,NULL,NULL,NULL,NULL,NULL,True,NULL,NULL,NULL,NULL,NULL,False,False,False,False,False,True,True,True,True,NULL
"704330584",True,False,NULL,NULL,NULL,NULL,NULL,NULL,NULL,NULL,True,NULL,NULL,NULL,NULL,NULL,False,False,False,False,False,True,True,True,True,NULL
"7509116371",True,False,NULL,NULL,NULL,NULL,NULL,NULL,NULL,NULL,True,NULL,NULL,NULL,NULL,NULL,False,False,False,False,False,True,True,True,True,NULL
"5797125014",False,False,NULL,NULL,NULL,NULL,NULL,NULL,NULL,NULL,True,NULL,NULL,NULL,NULL,NULL,False,False,False,False,False,True,True,True,True,NULL
"1627477492",False,False,NULL,NULL,NULL,NULL,NULL,NULL,NULL,NULL,True,NULL,NULL,NULL,NULL,NULL,False,False,False,False,False,True,True,True,True,NULL
"856370712",True,False,NULL,NULL,NULL,NULL,NULL,NULL,NULL,NULL,True,NULL,NULL,NULL,NULL,NULL,False,False,False,False,False,True,True,True,True,NULL
"1770820113",True,False,NULL,NULL,NULL,NULL,NULL,NULL,NULL,NULL,True,NULL,NULL,NULL,NULL,NULL,False,False,False,False,False,True,True,True,True,NULL
"915684355",True,False,NULL,NULL,NULL,NULL,NULL,NULL,NULL,NULL,True,NULL,NULL,NULL,NULL,NULL,False,False,False,False,False,True,True,True,True,NULL
"6718503615",True,False,NULL,NULL,NULL,NULL,NULL,NULL,NULL,NULL,True,NULL,NULL,NULL,NULL,NULL,False,False,False,False,False,True,True,True,True,"FQtw3rMKIh0"
"7106293303",True,False,NULL,NULL,NULL,NULL,NULL,NULL,NULL,NULL,True,NULL,NULL,NULL,NULL,NULL,False,False,False,False,False,True,True,True,True,NULL
"694594940",True,False,NULL,NULL,NULL,NULL,NULL,NULL,NULL,NULL,True,NULL,NULL,NULL,NULL,NULL,False,False,False,False,False,True,True,True,True,NULL
"934679259",True,False,NULL,NULL,"Midnight vale",NULL,"2025-10-23 07:12:03.298116+00","👩",NULL,NULL,True,NULL,NULL,NULL,NULL,NULL,False,False,False,False,False,True,True,True,True,NULL
"1288158597",False,False,NULL,NULL,NULL,NULL,NULL,NULL,NULL,NULL,True,NULL,NULL,NULL,NULL,NULL,False,False,False,False,False,True,True,True,True,NULL
"1171700676",True,False,NULL,NULL,NULL,NULL,NULL,NULL,NULL,NULL,True,NULL,NULL,NULL,NULL,NULL,False,False,False,False,False,True,True,True,True,NULL
"5035206856",True,False,NULL,NULL,NULL,NULL,NULL,NULL,NULL,NULL,True,NULL,NULL,NULL,NULL,NULL,False,False,False,False,False,True,True,True,True,NULL
"1188770128",True,False,NULL,NULL,NULL,NULL,NULL,NULL,NULL,NULL,True,NULL,NULL,NULL,NULL,NULL,False,False,False,False,False,True,True,True,True,NULL
"8076223897",False,False,NULL,NULL,NULL,NULL,NULL,NULL,NULL,NULL,True,NULL,NULL,NULL,NULL,NULL,False,False,False,False,False,True,True,True,True,NULL
"1605008413",True,False,NULL,NULL,NULL,NULL,NULL,NULL,NULL,NULL,True,NULL,NULL,NULL,NULL,NULL,False,False,False,False,False,True,True,True,True,NULL
"7706238642",True,False,NULL,NULL,NULL,NULL,NULL,NULL,NULL,NULL,True,NULL,NULL,NULL,NULL,NULL,False,False,False,False,False,True,True,True,True,NULL
"7930580561",True,False,NULL,NULL,NULL,NULL,NULL,NULL,NULL,NULL,True,NULL,NULL,NULL,NULL,NULL,False,False,False,False,False,True,True,True,True,NULL
"5447927803",True,False,NULL,NULL,NULL,NULL,NULL,NULL,NULL,NULL,True,NULL,NULL,NULL,NULL,NULL,False,False,False,False,False,True,True,True,True,NULL
"5338213175",True,False,NULL,NULL,NULL,NULL,NULL,NULL,NULL,NULL,True,NULL,NULL,NULL,NULL,NULL,False,False,False,False,False,True,True,True,True,NULL
"731476798",True,False,NULL,NULL,NULL,NULL,NULL,NULL,NULL,NULL,True,NULL,NULL,NULL,NULL,NULL,False,False,False,False,False,True,True,True,True,NULL
"799548582",True,False,NULL,NULL,NULL,NULL,NULL,NULL,NULL,NULL,True,NULL,NULL,NULL,NULL,NULL,False,False,False,False,False,True,True,True,True,NULL
"1712195775",True,False,NULL,NULL,"Unapologetic",NULL,"2025-10-23 13:13:18.55187+00","👤",NULL,"https://t.me/+WGbuax5fQ0pkNWU0",True,"Male","College of Technology and Built Environment (CTBE)",NULL,NULL,"{Comics,Philosophy,Science,History}",True,False,False,False,False,True,True,True,True,NULL
"1089008391",True,False,NULL,NULL,NULL,NULL,NULL,NULL,NULL,NULL,True,NULL,NULL,NULL,NULL,NULL,False,False,False,False,False,True,True,True,True,NULL
"5844111190",True,False,NULL,NULL,NULL,NULL,NULL,NULL,NULL,NULL,True,NULL,NULL,NULL,NULL,NULL,False,False,False,False,False,True,True,True,True,NULL
"758080314",True,False,NULL,NULL,"rock",NULL,"2025-10-23 13:44:15.266205+00","🎮",NULL,NULL,True,"Helicopter",NULL,NULL,NULL,NULL,False,False,False,False,False,True,True,True,True,NULL
"7878904606",True,False,NULL,NULL,NULL,NULL,NULL,NULL,NULL,NULL,True,NULL,NULL,NULL,NULL,NULL,False,False,False,False,False,True,True,True,True,NULL
"1418246266",True,False,NULL,NULL,NULL,NULL,NULL,NULL,NULL,NULL,True,NULL,NULL,NULL,NULL,NULL,False,False,False,False,False,True,True,True,True,NULL
"7737340659",True,False,NULL,NULL,NULL,NULL,NULL,NULL,NULL,NULL,True,NULL,NULL,NULL,NULL,NULL,False,False,False,False,False,True,True,True,True,NULL
"1614161380",True,False,NULL,NULL,NULL,NULL,NULL,NULL,NULL,NULL,True,NULL,NULL,NULL,NULL,NULL,False,False,False,False,False,True,True,True,True,NULL
"6049414618",False,False,NULL,NULL,NULL,NULL,NULL,NULL,NULL,NULL,True,NULL,NULL,NULL,NULL,NULL,False,False,False,False,False,True,True,True,True,NULL
"1019730212",True,False,NULL,NULL,NULL,NULL,NULL,NULL,NULL,NULL,True,NULL,NULL,NULL,NULL,NULL,False,False,False,False,False,True,True,True,True,NULL
"593700817",True,False,NULL,NULL,NULL,NULL,NULL,NULL,NULL,NULL,True,NULL,NULL,NULL,NULL,NULL,False,False,False,False,False,True,True,True,True,"K42GIL6qL80"
"1022432112",True,False,NULL,NULL,NULL,NULL,NULL,NULL,NULL,NULL,True,NULL,NULL,NULL,NULL,NULL,False,False,False,False,False,True,True,True,True,NULL
"6690355257",True,False,NULL,NULL,NULL,NULL,NULL,NULL,NULL,NULL,True,NULL,NULL,NULL,NULL,NULL,False,False,False,False,False,True,True,True,True,NULL
"5774504640",True,False,NULL,NULL,NULL,NULL,NULL,NULL,NULL,NULL,True,NULL,NULL,NULL,NULL,NULL,False,False,False,False,False,True,True,True,True,NULL
"350942266",True,False,NULL,NULL,NULL,NULL,NULL,NULL,NULL,NULL,True,NULL,NULL,NULL,NULL,NULL,False,False,False,False,False,True,True,True,True,NULL
"1444907590",True,False,NULL,NULL,NULL,NULL,NULL,NULL,NULL,NULL,True,NULL,NULL,NULL,NULL,NULL,False,False,False,False,False,True,True,True,True,NULL
"6462539606",True,False,NULL,NULL,NULL,NULL,NULL,NULL,NULL,NULL,True,NULL,NULL,NULL,NULL,NULL,False,False,False,False,False,True,True,True,True,NULL
"6842100162",True,False,NULL,NULL,NULL,NULL,NULL,NULL,NULL,NULL,True,NULL,NULL,NULL,NULL,NULL,False,False,False,False,False,True,True,True,True,NULL
"1586361582",True,False,NULL,NULL,NULL,NULL,NULL,NULL,NULL,NULL,True,NULL,NULL,NULL,NULL,NULL,False,False,False,False,False,True,True,True,True,NULL
"701451065",True,False,NULL,NULL,NULL,NULL,NULL,NULL,NULL,NULL,True,NULL,NULL,NULL,NULL,NULL,False,False,False,False,False,True,True,True,True,NULL
"5795448940",True,False,NULL,NULL,NULL,NULL,NULL,NULL,NULL,NULL,True,NULL,NULL,NULL,NULL,NULL,False,False,False,False,False,True,True,True,True,NULL
"2081591428",True,False,NULL,NULL,NULL,NULL,NULL,NULL,NULL,NULL,True,NULL,NULL,NULL,NULL,NULL,False,False,False,False,False,True,True,True,True,NULL
"5784836744",True,False,NULL,NULL,NULL,NULL,NULL,NULL,NULL,NULL,True,NULL,NULL,NULL,NULL,NULL,False,False,False,False,False,True,True,True,True,NULL
"776479369",True,False,NULL,NULL,NULL,NULL,NULL,NULL,NULL,NULL,True,NULL,NULL,NULL,NULL,NULL,False,False,False,False,False,True,True,True,True,NULL
"6760256068",True,False,NULL,NULL,NULL,NULL,NULL,NULL,NULL,NULL,True,NULL,NULL,NULL,NULL,NULL,False,False,False,False,False,True,True,True,True,NULL
"410135797",True,False,NULL,NULL,NULL,NULL,NULL,NULL,NULL,NULL,True,NULL,NULL,NULL,NULL,NULL,False,False,False,False,False,True,True,True,True,NULL
"5865008339",True,False,NULL,NULL,NULL,NULL,NULL,NULL,NULL,NULL,True,NULL,NULL,NULL,NULL,NULL,False,False,False,False,False,True,True,True,True,NULL
"366462162",True,False,NULL,NULL,NULL,NULL,NULL,NULL,NULL,NULL,True,NULL,NULL,NULL,NULL,NULL,False,False,False,False,False,True,True,True,True,NULL
"1891994451",True,False,NULL,NULL,NULL,NULL,NULL,NULL,NULL,NULL,True,NULL,NULL,NULL,NULL,NULL,False,False,False,False,False,True,True,True,True,NULL
"7447577685",True,False,NULL,NULL,NULL,NULL,NULL,NULL,NULL,NULL,True,NULL,NULL,NULL,NULL,NULL,False,False,False,False,False,True,True,True,True,NULL
"6670787583",True,False,NULL,NULL,"SunnyHoney",NULL,"2025-10-01 20:04:51.060609+00","🦊",NULL,NULL,True,NULL,NULL,NULL,NULL,NULL,False,False,False,False,False,True,True,True,True,"vaO4XKAYuho"
"7490674092",True,False,NULL,NULL,NULL,NULL,NULL,NULL,NULL,NULL,True,NULL,NULL,NULL,NULL,NULL,False,False,False,False,False,True,True,True,True,NULL
"1865500074",True,False,NULL,NULL,NULL,NULL,NULL,NULL,NULL,NULL,True,NULL,NULL,NULL,NULL,NULL,False,False,False,False,False,True,True,True,True,NULL
"5796988557",True,False,NULL,NULL,NULL,NULL,NULL,NULL,NULL,NULL,True,NULL,NULL,NULL,NULL,NULL,False,False,False,False,False,True,True,True,True,NULL
"5560189518",True,False,NULL,NULL,NULL,NULL,NULL,NULL,NULL,NULL,True,NULL,NULL,NULL,NULL,NULL,False,False,False,False,False,True,True,True,True,NULL
"6492646316",False,False,NULL,NULL,NULL,NULL,NULL,NULL,NULL,NULL,True,NULL,NULL,NULL,NULL,NULL,False,False,False,False,False,True,True,True,True,NULL
"1721246718",True,False,NULL,NULL,NULL,NULL,NULL,NULL,NULL,NULL,True,NULL,NULL,NULL,NULL,NULL,False,False,False,False,False,True,True,True,True,NULL
"5123831213",True,False,NULL,NULL,NULL,NULL,NULL,NULL,NULL,NULL,True,NULL,NULL,NULL,NULL,NULL,False,False,False,False,False,True,True,True,True,NULL
"8200911384",True,False,NULL,NULL,NULL,NULL,NULL,NULL,NULL,NULL,True,NULL,NULL,NULL,NULL,NULL,False,False,False,False,False,True,True,True,True,NULL
"5860058614",True,False,NULL,NULL,NULL,NULL,NULL,NULL,NULL,NULL,True,NULL,NULL,NULL,NULL,NULL,False,False,False,False,False,True,True,True,True,NULL
"1767089042",True,False,NULL,NULL,NULL,NULL,NULL,NULL,NULL,NULL,True,NULL,NULL,NULL,NULL,NULL,False,False,False,False,False,True,True,True,True,NULL
"5434197097",True,False,NULL,NULL,NULL,NULL,NULL,NULL,NULL,NULL,True,NULL,NULL,NULL,NULL,NULL,False,False,False,False,False,True,True,True,True,NULL
"6568187174",True,False,NULL,NULL,"The Jackal",NULL,"2025-10-24 04:57:32.03779+00","😎",NULL,NULL,True,NULL,NULL,NULL,NULL,NULL,False,False,False,False,False,True,True,True,True,NULL
"657002366",True,False,NULL,NULL,"Def4u1t",NULL,"2025-10-24 19:38:32.142998+00","👾",NULL,NULL,True,NULL,NULL,NULL,NULL,NULL,False,False,False,False,False,True,True,True,True,NULL
"6804684734",True,False,NULL,NULL,NULL,NULL,NULL,NULL,NULL,NULL,True,NULL,NULL,NULL,NULL,NULL,False,False,False,False,False,True,True,True,True,NULL
"1853034450",True,False,NULL,NULL,NULL,NULL,NULL,NULL,NULL,NULL,True,NULL,NULL,NULL,NULL,NULL,False,False,False,False,False,True,True,True,True,NULL
"7013280907",True,False,NULL,NULL,NULL,NULL,NULL,NULL,NULL,NULL,True,NULL,NULL,NULL,NULL,NULL,False,False,False,False,False,True,True,True,True,NULL
"847569869",True,False,NULL,NULL,"Benzemaaaaa",NULL,"2025-10-23 19:01:42.478369+00","🥷",NULL,NULL,True,NULL,NULL,NULL,NULL,NULL,False,False,False,False,False,True,True,True,True,"Rry9nrkhdCY"
"5771419126",True,False,NULL,NULL,NULL,NULL,NULL,NULL,NULL,NULL,True,NULL,NULL,NULL,NULL,NULL,False,False,False,False,False,True,True,True,True,NULL
"666702479",True,False,NULL,NULL,"Regular dude",NULL,"2025-10-23 20:05:48.033791+00","👤",NULL,NULL,True,NULL,NULL,NULL,NULL,NULL,False,False,False,False,False,True,True,True,True,NULL
"7370177554",True,False,NULL,NULL,NULL,NULL,NULL,NULL,NULL,NULL,True,NULL,NULL,NULL,NULL,NULL,False,False,False,False,False,True,True,True,True,NULL
"6446860540",True,False,NULL,NULL,NULL,NULL,NULL,NULL,NULL,NULL,True,NULL,NULL,NULL,NULL,NULL,False,False,False,False,False,True,True,True,True,NULL
"6665183516",True,False,NULL,NULL,NULL,NULL,NULL,NULL,NULL,NULL,True,NULL,NULL,NULL,NULL,NULL,False,False,False,False,False,True,True,True,True,NULL
"5499389912",True,False,NULL,NULL,NULL,NULL,NULL,NULL,NULL,NULL,True,NULL,NULL,NULL,NULL,NULL,False,False,False,False,False,True,True,True,True,NULL
"7793503964",True,False,NULL,NULL,NULL,NULL,NULL,NULL,NULL,NULL,True,NULL,NULL,NULL,NULL,NULL,False,False,False,False,False,True,True,True,True,NULL
"640810721",True,False,NULL,NULL,NULL,NULL,NULL,NULL,NULL,NULL,True,NULL,NULL,NULL,NULL,NULL,False,False,False,False,False,True,True,True,True,NULL
"6248144908",True,False,NULL,NULL,NULL,NULL,NULL,NULL,NULL,NULL,True,NULL,NULL,NULL,NULL,NULL,False,False,False,False,False,True,True,True,True,NULL
"1421539053",True,False,NULL,NULL,NULL,NULL,NULL,NULL,NULL,NULL,True,NULL,NULL,NULL,NULL,NULL,False,False,False,False,False,True,True,True,True,NULL
"620234826",True,False,NULL,NULL,NULL,NULL,NULL,NULL,NULL,NULL,True,NULL,NULL,NULL,NULL,NULL,False,False,False,False,False,True,True,True,True,NULL
"5236821992",True,False,NULL,NULL,NULL,NULL,NULL,NULL,NULL,NULL,True,NULL,NULL,NULL,NULL,NULL,False,False,False,False,False,True,True,True,True,NULL
"6027112059",True,False,NULL,NULL,NULL,NULL,NULL,NULL,NULL,NULL,True,NULL,NULL,NULL,NULL,NULL,False,False,False,False,False,True,True,True,True,NULL
"6475018811",True,False,NULL,NULL,NULL,NULL,NULL,NULL,NULL,NULL,True,NULL,NULL,NULL,NULL,NULL,False,False,False,False,False,True,True,True,True,NULL
"745782040",True,False,NULL,NULL,NULL,NULL,NULL,NULL,NULL,NULL,True,NULL,NULL,NULL,NULL,NULL,False,False,False,False,False,True,True,True,True,NULL
"7001310702",True,False,NULL,NULL,"novachorno",NULL,"2025-10-24 05:02:34.774083+00","☀️",NULL,NULL,True,"Helicopter",NULL,"3rd Year",NULL,NULL,True,False,False,False,False,True,True,True,True,NULL
"7509748186",True,False,NULL,NULL,"ፍቅር",0,"2025-10-24 04:29:56.132627+00","😴",NULL,"on some cool shi",True,NULL,NULL,NULL,NULL,NULL,False,False,False,False,False,True,True,True,True,NULL
"687562855",True,False,NULL,NULL,NULL,NULL,NULL,NULL,NULL,NULL,True,NULL,NULL,NULL,NULL,NULL,False,False,False,False,False,True,True,True,True,NULL
"541883896",True,False,NULL,NULL,NULL,NULL,NULL,NULL,NULL,NULL,True,NULL,NULL,NULL,NULL,NULL,False,False,False,False,False,True,True,True,True,NULL
"7558840818",True,False,NULL,NULL,NULL,NULL,NULL,NULL,NULL,NULL,True,NULL,NULL,NULL,NULL,NULL,False,False,False,False,False,True,True,True,True,NULL
"6066296068",True,False,NULL,NULL,NULL,NULL,NULL,NULL,NULL,NULL,True,NULL,NULL,NULL,NULL,NULL,False,False,False,False,False,True,True,True,True,NULL
"1331593599",True,False,NULL,NULL,NULL,NULL,NULL,NULL,NULL,NULL,True,NULL,NULL,NULL,NULL,NULL,False,False,False,False,False,True,True,True,True,NULL
"8133251216",True,False,NULL,NULL,NULL,NULL,NULL,NULL,NULL,NULL,True,NULL,NULL,NULL,NULL,NULL,False,False,False,False,False,True,True,True,True,NULL
"982102080",True,False,NULL,NULL,NULL,NULL,NULL,NULL,NULL,NULL,True,NULL,NULL,NULL,NULL,NULL,False,False,False,False,False,True,True,True,True,NULL
"7205880436",True,False,NULL,NULL,NULL,NULL,NULL,NULL,NULL,NULL,True,NULL,NULL,NULL,NULL,NULL,False,False,False,False,False,True,True,True,True,NULL
"1690869510",True,False,NULL,NULL,NULL,NULL,NULL,NULL,NULL,NULL,True,NULL,NULL,NULL,NULL,NULL,False,False,False,False,False,True,True,True,True,NULL
"6283134005",True,False,NULL,NULL,NULL,NULL,NULL,NULL,NULL,NULL,True,NULL,NULL,NULL,NULL,NULL,False,False,False,False,False,True,True,True,True,NULL
"1228266573",True,False,NULL,NULL,NULL,NULL,NULL,NULL,NULL,NULL,True,NULL,NULL,NULL,NULL,NULL,False,False,False,False,False,True,True,True,True,NULL
"6873479144",True,False,NULL,NULL,"Goku",NULL,"2025-10-23 14:45:15.437122+00","👤",NULL,NULL,True,NULL,NULL,NULL,NULL,NULL,False,False,False,False,False,True,True,True,True,"2X2hq9KxZXw"
"8105323981",True,False,NULL,NULL,NULL,NULL,NULL,NULL,NULL,NULL,True,NULL,NULL,NULL,NULL,NULL,False,False,False,False,False,True,True,True,True,NULL
"198390956",True,False,NULL,NULL,NULL,NULL,NULL,NULL,NULL,NULL,True,NULL,NULL,NULL,NULL,NULL,False,False,False,False,False,True,True,True,True,NULL
"572422545",True,False,NULL,NULL,NULL,NULL,NULL,NULL,NULL,NULL,True,NULL,NULL,NULL,NULL,NULL,False,False,False,False,False,True,True,True,True,NULL
"1380023932",True,False,NULL,NULL,NULL,NULL,NULL,NULL,NULL,NULL,True,NULL,NULL,NULL,NULL,NULL,False,False,False,False,False,True,True,True,True,NULL
"5394053141",True,False,NULL,NULL,NULL,NULL,NULL,NULL,NULL,NULL,True,NULL,NULL,NULL,NULL,NULL,False,False,False,False,False,True,True,True,True,NULL
"5472281888",True,False,NULL,NULL,NULL,NULL,NULL,NULL,NULL,NULL,True,NULL,NULL,NULL,NULL,NULL,False,False,False,False,False,True,True,True,True,NULL
"5975364886",True,False,NULL,NULL,"ትሪፒ ትሮፒ",NULL,"2025-10-24 08:03:03.430085+00","✨",NULL,"Empua 💋",True,NULL,NULL,NULL,NULL,NULL,False,False,False,False,False,True,True,True,True,NULL
"818135596",True,False,NULL,NULL,NULL,NULL,NULL,NULL,NULL,NULL,True,NULL,NULL,NULL,NULL,NULL,False,False,False,False,False,True,True,True,True,NULL
"5418960343",True,False,NULL,NULL,NULL,NULL,NULL,NULL,NULL,NULL,True,NULL,NULL,NULL,NULL,NULL,False,False,False,False,False,True,True,True,True,NULL
"1305186883",True,False,NULL,NULL,NULL,NULL,NULL,NULL,NULL,NULL,True,NULL,NULL,NULL,NULL,NULL,False,False,False,False,False,True,True,True,True,NULL
"1656949324",True,False,NULL,NULL,NULL,NULL,NULL,NULL,NULL,NULL,True,NULL,NULL,NULL,NULL,NULL,False,False,False,False,False,True,True,True,True,NULL
"7218702536",True,False,NULL,NULL,NULL,NULL,NULL,NULL,NULL,NULL,True,NULL,NULL,NULL,NULL,NULL,False,False,False,False,False,True,True,True,True,NULL
"6179841738",True,False,NULL,NULL,"Honor",20,"2025-10-24 08:36:14.7541+00","👨",NULL,"We don't  need any bio here!",True,NULL,NULL,NULL,NULL,NULL,False,False,False,False,False,True,True,True,True,NULL
"6898496184",True,False,NULL,NULL,NULL,NULL,NULL,NULL,NULL,NULL,True,NULL,NULL,NULL,NULL,NULL,False,False,False,False,False,True,True,True,True,NULL
"5517971882",True,False,NULL,NULL,NULL,NULL,NULL,NULL,NULL,NULL,True,NULL,NULL,NULL,NULL,NULL,False,False,False,False,False,True,True,True,True,NULL
"1730193263",True,False,NULL,NULL,NULL,NULL,NULL,NULL,NULL,NULL,True,NULL,NULL,NULL,NULL,NULL,False,False,False,False,False,True,True,True,True,NULL
"6072804427",True,False,NULL,NULL,NULL,NULL,NULL,NULL,NULL,NULL,True,NULL,NULL,NULL,NULL,NULL,False,False,False,False,False,True,True,True,True,NULL
"2141086277",True,False,NULL,NULL,NULL,NULL,NULL,NULL,NULL,NULL,True,NULL,NULL,NULL,NULL,NULL,False,False,False,False,False,True,True,True,True,NULL
"6960656347",True,False,NULL,NULL,NULL,NULL,NULL,NULL,NULL,NULL,True,NULL,NULL,NULL,NULL,NULL,False,False,False,False,False,True,True,True,True,"Pn4bJSsVZ7M"
"5513521167",True,False,NULL,NULL,NULL,NULL,NULL,NULL,NULL,NULL,True,NULL,NULL,NULL,NULL,NULL,False,False,False,False,False,True,True,True,True,"NLAChMF5hEE"
"2137659946",False,False,NULL,NULL,NULL,NULL,NULL,NULL,NULL,NULL,True,NULL,NULL,NULL,NULL,NULL,False,False,False,False,False,True,True,True,True,NULL
"6441043651",True,False,NULL,NULL,NULL,NULL,NULL,NULL,NULL,NULL,True,NULL,NULL,NULL,NULL,NULL,False,False,False,False,False,True,True,True,True,NULL
"1224403440",True,False,NULL,NULL,NULL,NULL,NULL,NULL,NULL,NULL,True,NULL,NULL,NULL,NULL,NULL,False,False,False,False,False,True,True,True,True,NULL
"5852328668",True,False,NULL,NULL,NULL,NULL,NULL,NULL,NULL,NULL,True,NULL,NULL,NULL,NULL,NULL,False,False,False,False,False,True,True,True,True,NULL
"7075013793",True,False,NULL,NULL,NULL,NULL,NULL,NULL,NULL,NULL,True,NULL,NULL,NULL,NULL,NULL,False,False,False,False,False,True,True,True,True,NULL
"1118381785",True,False,NULL,NULL,NULL,NULL,NULL,NULL,NULL,NULL,True,NULL,NULL,NULL,NULL,NULL,False,False,False,False,False,True,True,True,True,NULL
"5510692409",True,False,NULL,NULL,NULL,NULL,NULL,NULL,NULL,NULL,True,NULL,NULL,NULL,NULL,NULL,False,False,False,False,False,True,True,True,True,NULL
"566003403",False,False,NULL,NULL,NULL,NULL,NULL,NULL,NULL,NULL,True,NULL,NULL,NULL,NULL,NULL,False,False,False,False,False,True,True,True,True,NULL
"2056128152",True,False,NULL,NULL,NULL,NULL,NULL,NULL,NULL,NULL,True,NULL,NULL,NULL,NULL,NULL,False,False,False,False,False,True,True,True,True,NULL
"5593425326",True,False,NULL,NULL,NULL,NULL,NULL,NULL,NULL,NULL,True,NULL,NULL,NULL,NULL,NULL,False,False,False,False,False,True,True,True,True,NULL
"1067924459",False,False,NULL,NULL,NULL,NULL,NULL,NULL,NULL,NULL,True,NULL,NULL,NULL,NULL,NULL,False,False,False,False,False,True,True,True,True,NULL
"5345689887",True,False,NULL,NULL,NULL,NULL,NULL,NULL,NULL,NULL,True,NULL,NULL,NULL,NULL,NULL,False,False,False,False,False,True,True,True,True,NULL
"1087884729",True,False,NULL,NULL,NULL,NULL,NULL,NULL,NULL,NULL,True,NULL,NULL,NULL,NULL,NULL,False,False,False,False,False,True,True,True,True,NULL
"831488010",False,False,NULL,NULL,NULL,NULL,NULL,NULL,NULL,NULL,True,NULL,NULL,NULL,NULL,NULL,False,False,False,False,False,True,True,True,True,NULL
"2056146829",True,False,NULL,NULL,"I am Yu",NULL,"2025-10-24 10:35:29.045597+00",NULL,NULL,NULL,True,NULL,NULL,NULL,NULL,NULL,False,False,False,False,False,True,True,True,True,NULL
"5690011587",True,False,NULL,NULL,NULL,NULL,NULL,NULL,NULL,NULL,True,NULL,NULL,NULL,NULL,NULL,False,False,False,False,False,True,True,True,True,NULL
"1294738456",True,False,NULL,NULL,NULL,NULL,NULL,NULL,NULL,NULL,True,NULL,NULL,NULL,NULL,NULL,False,False,False,False,False,True,True,True,True,NULL
"6104568120",True,False,NULL,NULL,NULL,NULL,NULL,NULL,NULL,NULL,True,NULL,NULL,NULL,NULL,NULL,False,False,False,False,False,True,True,True,True,NULL
"775094757",False,False,NULL,NULL,NULL,NULL,NULL,NULL,NULL,NULL,True,NULL,NULL,NULL,NULL,NULL,False,False,False,False,False,True,True,True,True,NULL
"6290583951",True,False,NULL,NULL,NULL,NULL,NULL,NULL,NULL,NULL,True,NULL,NULL,NULL,NULL,NULL,False,False,False,False,False,True,True,True,True,NULL
"6550889168",True,False,NULL,NULL,NULL,NULL,NULL,NULL,NULL,NULL,True,NULL,NULL,NULL,NULL,NULL,False,False,False,False,False,True,True,True,True,NULL
"1009930972",True,False,NULL,NULL,NULL,NULL,NULL,NULL,NULL,NULL,True,NULL,NULL,NULL,NULL,NULL,False,False,False,False,False,True,True,True,True,NULL
"7403646873",True,False,NULL,NULL,NULL,NULL,NULL,NULL,NULL,NULL,True,NULL,NULL,NULL,NULL,NULL,False,False,False,False,False,True,True,True,True,NULL
"8154364958",True,False,NULL,NULL,NULL,NULL,NULL,NULL,NULL,NULL,True,NULL,NULL,NULL,NULL,NULL,False,False,False,False,False,True,True,True,True,NULL
"338313855",True,False,NULL,NULL,NULL,NULL,NULL,NULL,NULL,NULL,True,NULL,NULL,NULL,NULL,NULL,False,False,False,False,False,True,True,True,True,NULL
"933791541",True,False,NULL,NULL,NULL,NULL,NULL,NULL,NULL,NULL,True,NULL,NULL,NULL,NULL,NULL,False,False,False,False,False,True,True,True,True,NULL
"7515201573",True,False,NULL,NULL,NULL,NULL,NULL,NULL,NULL,NULL,True,NULL,NULL,NULL,NULL,NULL,False,False,False,False,False,True,True,True,True,NULL
"944669509",True,False,NULL,NULL,NULL,NULL,NULL,NULL,NULL,NULL,True,NULL,NULL,NULL,NULL,NULL,False,False,False,False,False,True,True,True,True,NULL
"1258850573",True,False,NULL,NULL,NULL,NULL,NULL,NULL,NULL,NULL,True,NULL,NULL,NULL,NULL,NULL,False,False,False,False,False,True,True,True,True,NULL
"5313126424",True,False,NULL,NULL,NULL,NULL,NULL,NULL,NULL,NULL,True,NULL,NULL,NULL,NULL,NULL,False,False,False,False,False,True,True,True,True,NULL
"1340956353",True,False,NULL,NULL,NULL,NULL,NULL,NULL,NULL,NULL,True,NULL,NULL,NULL,NULL,NULL,False,False,False,False,False,True,True,True,True,NULL
"1782200158",True,False,NULL,NULL,NULL,NULL,NULL,NULL,NULL,NULL,True,NULL,NULL,NULL,NULL,NULL,False,False,False,False,False,True,True,True,True,NULL
"7362834046",True,False,NULL,NULL,NULL,NULL,NULL,NULL,NULL,NULL,True,NULL,NULL,NULL,NULL,NULL,False,False,False,False,False,True,True,True,True,NULL
"1849383739",True,False,NULL,NULL,NULL,NULL,NULL,NULL,NULL,NULL,True,NULL,NULL,NULL,NULL,NULL,False,False,False,False,False,True,True,True,True,NULL
"7066563991",True,False,NULL,NULL,NULL,NULL,NULL,NULL,NULL,NULL,True,NULL,NULL,NULL,NULL,NULL,False,False,False,False,False,True,True,True,True,NULL
"6691606997",True,False,NULL,NULL,NULL,NULL,NULL,NULL,NULL,NULL,True,NULL,NULL,NULL,NULL,NULL,False,False,False,False,False,True,True,True,True,NULL
"721391724",False,False,NULL,NULL,NULL,NULL,NULL,NULL,NULL,NULL,True,NULL,NULL,NULL,NULL,NULL,False,False,False,False,False,True,True,True,True,NULL
"922885800",True,False,NULL,NULL,NULL,NULL,NULL,NULL,NULL,NULL,True,NULL,NULL,NULL,NULL,NULL,False,False,False,False,False,True,True,True,True,NULL
"6206984436",True,False,NULL,NULL,NULL,NULL,NULL,NULL,NULL,NULL,True,NULL,NULL,NULL,NULL,NULL,False,False,False,False,False,True,True,True,True,NULL
"5484611413",True,False,NULL,NULL,NULL,NULL,NULL,NULL,NULL,NULL,True,NULL,NULL,NULL,NULL,NULL,False,False,False,False,False,True,True,True,True,NULL
"937260039",True,False,NULL,NULL,NULL,NULL,NULL,NULL,NULL,NULL,True,NULL,NULL,NULL,NULL,NULL,False,False,False,False,False,True,True,True,True,NULL
"8229566496",True,False,NULL,NULL,NULL,NULL,NULL,NULL,NULL,NULL,True,NULL,NULL,NULL,NULL,NULL,False,False,False,False,False,True,True,True,True,NULL
"7629553802",True,False,NULL,NULL,NULL,NULL,NULL,NULL,NULL,NULL,True,NULL,NULL,NULL,NULL,NULL,False,False,False,False,False,True,True,True,True,NULL
"967264501",True,False,NULL,NULL,NULL,NULL,NULL,NULL,NULL,NULL,True,NULL,NULL,NULL,NULL,NULL,False,False,False,False,False,True,True,True,True,NULL
"1492405963",True,False,NULL,NULL,NULL,NULL,NULL,NULL,NULL,NULL,True,NULL,NULL,NULL,NULL,NULL,False,False,False,False,False,True,True,True,True,NULL
"5630856854",True,False,NULL,NULL,NULL,NULL,NULL,NULL,NULL,NULL,True,NULL,NULL,NULL,NULL,NULL,False,False,False,False,False,True,True,True,True,NULL
"7585540862",True,False,NULL,NULL,NULL,NULL,NULL,NULL,NULL,NULL,True,NULL,NULL,NULL,NULL,NULL,False,False,False,False,False,True,True,True,True,NULL
"6882554473",True,False,NULL,NULL,NULL,NULL,NULL,NULL,NULL,NULL,True,NULL,NULL,NULL,NULL,NULL,False,False,False,False,False,True,True,True,True,NULL
"5692729436",True,False,NULL,NULL,NULL,NULL,NULL,NULL,NULL,NULL,True,NULL,NULL,NULL,NULL,NULL,False,False,False,False,False,True,True,True,True,NULL
"884797796",True,False,NULL,NULL,NULL,NULL,NULL,NULL,NULL,NULL,True,NULL,NULL,NULL,NULL,NULL,False,False,False,False,False,True,True,True,True,NULL
"953760643",False,False,NULL,NULL,NULL,NULL,NULL,NULL,NULL,NULL,True,NULL,NULL,NULL,NULL,NULL,False,False,False,False,False,True,True,True,True,NULL
"7561958902",True,False,NULL,NULL,NULL,NULL,NULL,NULL,NULL,NULL,True,NULL,NULL,NULL,NULL,NULL,False,False,False,False,False,True,True,True,True,NULL
"5228387664",True,False,NULL,NULL,NULL,NULL,NULL,NULL,NULL,NULL,True,NULL,NULL,NULL,NULL,NULL,False,False,False,False,False,True,True,True,True,NULL
"779412208",True,False,NULL,NULL,NULL,NULL,NULL,NULL,NULL,NULL,True,NULL,NULL,NULL,NULL,NULL,False,False,False,False,False,True,True,True,True,NULL
"463679595",True,False,NULL,NULL,NULL,NULL,NULL,NULL,NULL,NULL,True,NULL,NULL,NULL,NULL,NULL,False,False,False,False,False,True,True,True,True,NULL
"5197091003",False,False,NULL,NULL,NULL,NULL,NULL,NULL,NULL,NULL,True,NULL,NULL,NULL,NULL,NULL,False,False,False,False,False,True,True,True,True,NULL
"6822158458",True,False,NULL,NULL,NULL,NULL,NULL,NULL,NULL,NULL,True,NULL,NULL,NULL,NULL,NULL,False,False,False,False,False,True,True,True,True,NULL
"5945258137",True,False,NULL,NULL,"whitebeared",NULL,"2025-10-24 13:05:51.681657+00","🥷",NULL,"Ride till I die",True,"Male",NULL,NULL,NULL,NULL,False,False,False,False,False,True,True,True,True,NULL
"832133704",True,False,NULL,NULL,NULL,NULL,NULL,NULL,NULL,NULL,True,NULL,NULL,NULL,NULL,NULL,False,False,False,False,False,True,True,True,True,NULL
"6177022037",True,False,NULL,NULL,NULL,NULL,NULL,NULL,NULL,NULL,True,NULL,NULL,NULL,NULL,NULL,False,False,False,False,False,True,True,True,True,NULL
"1202890170",True,False,NULL,NULL,NULL,NULL,NULL,NULL,NULL,NULL,True,NULL,NULL,NULL,NULL,NULL,False,False,False,False,False,True,True,True,True,NULL
"5860547652",False,False,NULL,NULL,NULL,NULL,NULL,NULL,NULL,NULL,True,NULL,NULL,NULL,NULL,NULL,False,False,False,False,False,True,True,True,True,NULL
"5431746527",True,False,NULL,NULL,NULL,NULL,NULL,NULL,NULL,NULL,True,NULL,NULL,NULL,NULL,NULL,False,False,False,False,False,True,True,True,True,NULL
"5730376081",False,False,NULL,NULL,NULL,NULL,NULL,NULL,NULL,NULL,True,NULL,NULL,NULL,NULL,NULL,False,False,False,False,False,True,True,True,True,NULL
"960203152",True,False,NULL,NULL,NULL,NULL,NULL,NULL,NULL,NULL,True,NULL,NULL,NULL,NULL,NULL,False,False,False,False,False,True,True,True,True,NULL
"977325313",True,False,NULL,NULL,NULL,NULL,NULL,NULL,NULL,NULL,True,NULL,NULL,NULL,NULL,NULL,False,False,False,False,False,True,True,True,True,NULL
"2041179431",True,False,NULL,NULL,NULL,NULL,NULL,NULL,NULL,NULL,True,NULL,NULL,NULL,NULL,NULL,False,False,False,False,False,True,True,True,True,NULL
"7195214632",True,False,NULL,NULL,NULL,NULL,NULL,NULL,NULL,NULL,True,NULL,NULL,NULL,NULL,NULL,False,False,False,False,False,True,True,True,True,NULL
"5312753449",True,False,NULL,NULL,NULL,NULL,NULL,NULL,NULL,NULL,True,NULL,NULL,NULL,NULL,NULL,False,False,False,False,False,True,True,True,True,NULL
"8048429419",True,False,NULL,NULL,NULL,NULL,NULL,NULL,NULL,NULL,True,NULL,NULL,NULL,NULL,NULL,False,False,False,False,False,True,True,True,True,NULL
"6292125847",True,False,NULL,NULL,NULL,NULL,NULL,NULL,NULL,NULL,True,NULL,NULL,NULL,NULL,NULL,False,False,False,False,False,True,True,True,True,NULL
"1213117994",True,False,NULL,NULL,NULL,NULL,NULL,NULL,NULL,NULL,True,NULL,NULL,NULL,NULL,NULL,False,False,False,False,False,True,True,True,True,NULL
"6746834575",True,False,NULL,NULL,NULL,NULL,NULL,NULL,NULL,NULL,True,NULL,NULL,NULL,NULL,NULL,False,False,False,False,False,True,True,True,True,NULL
"702103538",True,False,NULL,NULL,NULL,NULL,NULL,NULL,NULL,NULL,True,NULL,NULL,NULL,NULL,NULL,False,False,False,False,False,True,True,True,True,NULL
"5386885460",True,False,NULL,NULL,NULL,NULL,NULL,NULL,NULL,NULL,True,NULL,NULL,NULL,NULL,NULL,False,False,False,False,False,True,True,True,True,NULL
"5575629747",True,False,NULL,NULL,NULL,NULL,NULL,NULL,NULL,NULL,True,NULL,NULL,NULL,NULL,NULL,False,False,False,False,False,True,True,True,True,NULL
"1332512693",True,False,NULL,NULL,NULL,NULL,NULL,NULL,NULL,NULL,True,NULL,NULL,NULL,NULL,NULL,False,False,False,False,False,True,True,True,True,NULL
"710244577",False,False,NULL,NULL,NULL,NULL,NULL,NULL,NULL,NULL,True,NULL,NULL,NULL,NULL,NULL,False,False,False,False,False,True,True,True,True,NULL
"1011663493",True,False,NULL,NULL,"Arrr",NULL,"2025-10-24 15:05:11.634135+00","👾",NULL,NULL,True,NULL,NULL,NULL,NULL,NULL,False,False,False,False,False,True,True,True,True,NULL
"532351919",True,False,NULL,NULL,"Shemsu",NULL,"2025-10-24 17:05:41.745777+00","👨",NULL,"ሱቄ ጎራ በሉ",True,NULL,NULL,NULL,NULL,NULL,False,False,False,False,False,True,True,True,True,NULL
"888801299",True,False,NULL,NULL,"Sweet ninja",NULL,"2025-10-24 15:07:59.8008+00","🥷",NULL,NULL,True,NULL,NULL,NULL,NULL,NULL,False,False,False,False,False,True,True,True,True,NULL
"2028691901",False,False,NULL,NULL,NULL,NULL,NULL,NULL,NULL,NULL,True,NULL,NULL,NULL,NULL,NULL,False,False,False,False,False,True,True,True,True,NULL
"6361161729",True,False,NULL,NULL,NULL,NULL,NULL,NULL,NULL,NULL,True,NULL,NULL,NULL,NULL,NULL,False,False,False,False,False,True,True,True,True,NULL
"6293569815",True,False,NULL,NULL,NULL,NULL,NULL,NULL,NULL,NULL,True,NULL,NULL,NULL,NULL,NULL,False,False,False,False,False,True,True,True,True,NULL
"983373080",True,False,NULL,NULL,NULL,NULL,NULL,NULL,NULL,NULL,True,NULL,NULL,NULL,NULL,NULL,False,False,False,False,False,True,True,True,True,NULL
"956819255",True,False,NULL,NULL,NULL,NULL,NULL,NULL,NULL,NULL,True,NULL,NULL,NULL,NULL,NULL,False,False,False,False,False,True,True,True,True,NULL
"7343211640",True,False,NULL,NULL,NULL,NULL,NULL,NULL,NULL,NULL,True,NULL,NULL,NULL,NULL,NULL,False,False,False,False,False,True,True,True,True,NULL
"602021213",True,False,NULL,NULL,NULL,NULL,NULL,NULL,NULL,NULL,True,NULL,NULL,NULL,NULL,NULL,False,False,False,False,False,True,True,True,True,NULL
"1168304732",True,False,NULL,NULL,NULL,NULL,NULL,NULL,NULL,NULL,True,NULL,NULL,NULL,NULL,NULL,False,False,False,False,False,True,True,True,True,NULL
"6369363869",False,False,NULL,NULL,NULL,NULL,NULL,NULL,NULL,NULL,True,NULL,NULL,NULL,NULL,NULL,False,False,False,False,False,True,True,True,True,NULL
"5019536948",False,False,NULL,NULL,NULL,NULL,NULL,NULL,NULL,NULL,True,NULL,NULL,NULL,NULL,NULL,False,False,False,False,False,True,True,True,True,NULL
"5688060033",True,False,NULL,NULL,NULL,NULL,NULL,NULL,NULL,NULL,True,NULL,NULL,NULL,NULL,NULL,False,False,False,False,False,True,True,True,True,NULL
"809031291",True,False,NULL,NULL,NULL,NULL,NULL,NULL,NULL,NULL,True,NULL,NULL,NULL,NULL,NULL,False,False,False,False,False,True,True,True,True,NULL
"1463473733",True,False,NULL,NULL,NULL,NULL,NULL,NULL,NULL,NULL,True,NULL,NULL,NULL,NULL,NULL,False,False,False,False,False,True,True,True,True,NULL
"1155532206",True,False,NULL,NULL,NULL,NULL,NULL,NULL,NULL,NULL,True,NULL,NULL,NULL,NULL,NULL,False,False,False,False,False,True,True,True,True,NULL
"5723451325",True,False,NULL,NULL,NULL,NULL,NULL,NULL,NULL,NULL,True,NULL,NULL,NULL,NULL,NULL,False,False,False,False,False,True,True,True,True,NULL
"6477915791",True,False,NULL,NULL,NULL,NULL,NULL,NULL,NULL,NULL,True,NULL,NULL,NULL,NULL,NULL,False,False,False,False,False,True,True,True,True,NULL
"1739426764",False,False,NULL,NULL,NULL,NULL,NULL,NULL,NULL,NULL,True,NULL,NULL,NULL,NULL,NULL,False,False,False,False,False,True,True,True,True,NULL
"7115847743",True,False,NULL,NULL,NULL,NULL,NULL,NULL,NULL,NULL,True,NULL,NULL,NULL,NULL,NULL,False,False,False,False,False,True,True,True,True,NULL
"6071691713",True,False,NULL,NULL,NULL,NULL,NULL,NULL,NULL,NULL,True,NULL,NULL,NULL,NULL,NULL,False,False,False,False,False,True,True,True,True,NULL
"1453856898",False,False,NULL,NULL,NULL,NULL,NULL,NULL,NULL,NULL,True,NULL,NULL,NULL,NULL,NULL,False,False,False,False,False,True,True,True,True,NULL
"769802305",True,False,NULL,NULL,NULL,NULL,NULL,NULL,NULL,NULL,True,NULL,NULL,NULL,NULL,NULL,False,False,False,False,False,True,True,True,True,NULL
"7427972133",True,False,NULL,NULL,NULL,NULL,NULL,NULL,NULL,NULL,True,NULL,NULL,NULL,NULL,NULL,False,False,False,False,False,True,True,True,True,NULL
"7995878580",True,False,NULL,NULL,NULL,NULL,NULL,NULL,NULL,NULL,True,NULL,NULL,NULL,NULL,NULL,False,False,False,False,False,True,True,True,True,NULL
"949586948",True,False,NULL,NULL,NULL,NULL,NULL,NULL,NULL,NULL,True,NULL,NULL,NULL,NULL,NULL,False,False,False,False,False,True,True,True,True,NULL
"5058409831",True,False,NULL,NULL,NULL,NULL,NULL,NULL,NULL,NULL,True,NULL,NULL,NULL,NULL,NULL,False,False,False,False,False,True,True,True,True,NULL
"6932245422",True,False,NULL,NULL,NULL,NULL,NULL,NULL,NULL,NULL,True,NULL,NULL,NULL,NULL,NULL,False,False,False,False,False,True,True,True,True,NULL
"417951983",True,False,NULL,NULL,NULL,NULL,NULL,NULL,NULL,NULL,True,NULL,NULL,NULL,NULL,NULL,False,False,False,False,False,True,True,True,True,NULL
"5394541351",True,False,NULL,NULL,NULL,NULL,NULL,NULL,NULL,NULL,True,NULL,NULL,NULL,NULL,NULL,False,False,False,False,False,True,True,True,True,NULL
"8085149190",True,False,NULL,NULL,NULL,NULL,NULL,NULL,NULL,NULL,True,NULL,NULL,NULL,NULL,NULL,False,False,False,False,False,True,True,True,True,NULL
"1798390716",True,False,NULL,NULL,NULL,NULL,NULL,NULL,NULL,NULL,True,NULL,NULL,NULL,NULL,NULL,False,False,False,False,False,True,True,True,True,NULL
"1905251589",True,False,NULL,NULL,NULL,NULL,NULL,NULL,NULL,NULL,True,NULL,NULL,NULL,NULL,NULL,False,False,False,False,False,True,True,True,True,NULL
"8425643190",True,False,NULL,NULL,NULL,NULL,NULL,NULL,NULL,NULL,True,NULL,NULL,NULL,NULL,NULL,False,False,False,False,False,True,True,True,True,NULL
"5570079605",True,False,NULL,NULL,NULL,NULL,NULL,NULL,NULL,NULL,True,NULL,NULL,NULL,NULL,NULL,False,False,False,False,False,True,True,True,True,NULL
"640694542",True,False,NULL,NULL,NULL,NULL,NULL,NULL,NULL,NULL,True,NULL,NULL,NULL,NULL,NULL,False,False,False,False,False,True,True,True,True,NULL
"5104100272",True,False,NULL,NULL,NULL,NULL,NULL,NULL,NULL,NULL,True,NULL,NULL,NULL,NULL,NULL,False,False,False,False,False,True,True,True,True,NULL
"1121561410",True,False,NULL,NULL,NULL,NULL,NULL,NULL,NULL,NULL,True,NULL,NULL,NULL,NULL,NULL,False,False,False,False,False,True,True,True,True,NULL
"1664929606",False,False,NULL,NULL,NULL,NULL,NULL,NULL,NULL,NULL,True,NULL,NULL,NULL,NULL,NULL,False,False,False,False,False,True,True,True,True,NULL
"5599685720",True,False,NULL,NULL,NULL,NULL,NULL,NULL,NULL,NULL,True,NULL,NULL,NULL,NULL,NULL,False,False,False,False,False,True,True,True,True,NULL
"7053495787",True,False,NULL,NULL,NULL,NULL,NULL,NULL,NULL,NULL,True,NULL,NULL,NULL,NULL,NULL,False,False,False,False,False,True,True,True,True,NULL
"341011509",True,False,NULL,NULL,NULL,NULL,NULL,NULL,NULL,NULL,True,NULL,NULL,NULL,NULL,NULL,False,False,False,False,False,True,True,True,True,NULL
"1459730751",True,False,NULL,NULL,NULL,NULL,NULL,NULL,NULL,NULL,True,NULL,NULL,NULL,NULL,NULL,False,False,False,False,False,True,True,True,True,NULL
"7679719524",True,False,NULL,NULL,NULL,NULL,NULL,NULL,NULL,NULL,True,NULL,NULL,NULL,NULL,NULL,False,False,False,False,False,True,True,True,True,NULL
"1021842217",False,False,NULL,NULL,NULL,NULL,NULL,NULL,NULL,NULL,True,NULL,NULL,NULL,NULL,NULL,False,False,False,False,False,True,True,True,True,NULL
"956374542",True,False,NULL,NULL,NULL,NULL,NULL,NULL,NULL,NULL,True,NULL,NULL,NULL,NULL,NULL,False,False,False,False,False,True,True,True,True,NULL
"7476322320",True,False,NULL,NULL,NULL,NULL,NULL,NULL,NULL,NULL,True,NULL,NULL,NULL,NULL,NULL,False,False,False,False,False,True,True,True,True,NULL
"943088292",True,False,NULL,NULL,NULL,NULL,NULL,NULL,NULL,NULL,True,NULL,NULL,NULL,NULL,NULL,False,False,False,False,False,True,True,True,True,NULL
"744710595",True,False,NULL,NULL,NULL,NULL,NULL,NULL,NULL,NULL,True,NULL,NULL,NULL,NULL,NULL,False,False,False,False,False,True,True,True,True,NULL
"6607880903",True,False,NULL,NULL,NULL,NULL,NULL,NULL,NULL,NULL,True,NULL,NULL,NULL,NULL,NULL,False,False,False,False,False,True,True,True,True,NULL
"5328757737",True,False,NULL,NULL,NULL,NULL,NULL,NULL,NULL,NULL,True,NULL,NULL,NULL,NULL,NULL,False,False,False,False,False,True,True,True,True,NULL
"1674671773",True,False,NULL,NULL,NULL,NULL,NULL,NULL,NULL,NULL,True,NULL,NULL,NULL,NULL,NULL,False,False,False,False,False,True,True,True,True,NULL
"1201453400",True,False,NULL,NULL,"Choki the cactus",NULL,"2025-10-24 03:30:39.870402+00","🧚‍♀️",NULL,"🥀🌵",True,"Female",NULL,NULL,NULL,NULL,False,False,False,False,False,True,True,True,True,NULL
"7028651204",True,False,NULL,NULL,NULL,NULL,NULL,NULL,NULL,NULL,True,NULL,NULL,NULL,NULL,NULL,False,False,False,False,False,True,True,True,True,NULL
"5898132295",True,False,NULL,NULL,NULL,NULL,NULL,NULL,NULL,NULL,True,NULL,NULL,NULL,NULL,NULL,False,False,False,False,False,True,True,True,True,"TLmg022PGtM"
"7686757887",True,False,NULL,NULL,NULL,NULL,NULL,NULL,NULL,NULL,True,NULL,NULL,NULL,NULL,NULL,False,False,False,False,False,True,True,True,True,NULL
"7640395051",True,False,NULL,NULL,NULL,NULL,NULL,NULL,NULL,NULL,True,NULL,NULL,NULL,NULL,NULL,False,False,False,False,False,True,True,True,True,NULL
"5012082220",True,False,NULL,NULL,NULL,NULL,NULL,NULL,NULL,NULL,True,NULL,NULL,NULL,NULL,NULL,False,False,False,False,False,True,True,True,True,"tXHQgeOXTRk"
"5736183975",True,False,NULL,NULL,NULL,NULL,NULL,NULL,NULL,NULL,True,NULL,NULL,NULL,NULL,NULL,False,False,False,False,False,True,True,True,True,NULL
"1623183978",False,False,NULL,NULL,NULL,NULL,NULL,NULL,NULL,NULL,True,NULL,NULL,NULL,NULL,NULL,False,False,False,False,False,True,True,True,True,NULL
"1059488146",True,False,NULL,NULL,NULL,NULL,NULL,NULL,NULL,NULL,True,NULL,NULL,NULL,NULL,NULL,False,False,False,False,False,True,True,True,True,NULL
"6122114943",True,False,NULL,NULL,NULL,NULL,NULL,NULL,NULL,NULL,True,NULL,NULL,NULL,NULL,NULL,False,False,False,False,False,True,True,True,True,NULL
"1428636412",True,False,NULL,NULL,NULL,NULL,NULL,NULL,NULL,NULL,True,NULL,NULL,NULL,NULL,NULL,False,False,False,False,False,True,True,True,True,NULL
"1907947102",True,False,NULL,NULL,NULL,NULL,NULL,NULL,NULL,NULL,True,NULL,NULL,NULL,NULL,NULL,False,False,False,False,False,True,True,True,True,NULL
"1289989521",True,False,NULL,NULL,NULL,NULL,NULL,NULL,NULL,NULL,True,NULL,NULL,NULL,NULL,NULL,False,False,False,False,False,True,True,True,True,NULL
"5432644182",True,False,NULL,NULL,NULL,NULL,NULL,NULL,NULL,NULL,True,NULL,NULL,NULL,NULL,NULL,False,False,False,False,False,True,True,True,True,NULL
"896088356",True,False,NULL,NULL,NULL,NULL,NULL,NULL,NULL,NULL,True,NULL,NULL,NULL,NULL,NULL,False,False,False,False,False,True,True,True,True,NULL
"427678039",True,False,NULL,NULL,NULL,NULL,NULL,NULL,NULL,NULL,True,NULL,NULL,NULL,NULL,NULL,False,False,False,False,False,True,True,True,True,NULL
"438450528",True,False,NULL,NULL,NULL,NULL,NULL,NULL,NULL,NULL,True,NULL,NULL,NULL,NULL,NULL,False,False,False,False,False,True,True,True,True,NULL
"5152377264",False,False,NULL,NULL,NULL,NULL,NULL,NULL,NULL,NULL,True,NULL,NULL,NULL,NULL,NULL,False,False,False,False,False,True,True,True,True,NULL
"5574467904",True,False,NULL,NULL,NULL,NULL,NULL,NULL,NULL,NULL,True,NULL,NULL,NULL,NULL,NULL,False,False,False,False,False,True,True,True,True,NULL
"1690749583",True,False,NULL,NULL,NULL,NULL,NULL,NULL,NULL,NULL,True,NULL,NULL,NULL,NULL,NULL,False,False,False,False,False,True,True,True,True,NULL
"7655745735",True,False,NULL,NULL,NULL,NULL,NULL,NULL,NULL,NULL,True,NULL,NULL,NULL,NULL,NULL,False,False,False,False,False,True,True,True,True,NULL
"1212019285",True,False,NULL,NULL,NULL,NULL,NULL,NULL,NULL,NULL,True,NULL,NULL,NULL,NULL,NULL,False,False,False,False,False,True,True,True,True,NULL
"5048822262",True,False,NULL,NULL,NULL,NULL,NULL,NULL,NULL,NULL,True,NULL,NULL,NULL,NULL,NULL,False,False,False,False,False,True,True,True,True,NULL
"1461603069",True,False,NULL,NULL,"Minazuki",NULL,"2025-10-24 20:21:38.815951+00","👾",NULL,NULL,True,NULL,NULL,NULL,NULL,NULL,False,False,False,False,False,True,True,True,True,NULL
"672788523",True,False,NULL,NULL,NULL,NULL,NULL,NULL,NULL,NULL,True,NULL,NULL,NULL,NULL,NULL,False,False,False,False,False,True,True,True,True,NULL
"426711874",True,False,NULL,NULL,NULL,NULL,NULL,NULL,NULL,NULL,True,NULL,NULL,NULL,NULL,NULL,False,False,False,False,False,True,True,True,True,NULL
"2067453365",True,False,NULL,NULL,NULL,NULL,NULL,NULL,NULL,NULL,True,NULL,NULL,NULL,NULL,NULL,False,False,False,False,False,True,True,True,True,NULL
"1667458203",True,False,NULL,NULL,NULL,NULL,NULL,NULL,NULL,NULL,True,NULL,NULL,NULL,NULL,NULL,False,False,False,False,False,True,True,True,True,NULL
"6485589456",True,False,NULL,NULL,NULL,NULL,NULL,NULL,NULL,NULL,True,NULL,NULL,NULL,NULL,NULL,False,False,False,False,False,True,True,True,True,NULL
"672910358",True,False,NULL,NULL,NULL,NULL,NULL,NULL,NULL,NULL,True,NULL,NULL,NULL,NULL,NULL,False,False,False,False,False,True,True,True,True,NULL
"1643892086",True,False,NULL,NULL,NULL,NULL,NULL,NULL,NULL,NULL,True,NULL,NULL,NULL,NULL,NULL,False,False,False,False,False,True,True,True,True,NULL
"5149342752",True,False,NULL,NULL,NULL,NULL,NULL,NULL,NULL,NULL,True,NULL,NULL,NULL,NULL,NULL,False,False,False,False,False,True,True,True,True,NULL
"6810598694",False,False,NULL,NULL,NULL,NULL,NULL,NULL,NULL,NULL,True,NULL,NULL,NULL,NULL,NULL,False,False,False,False,False,True,True,True,True,NULL
"5524157819",False,False,NULL,NULL,NULL,NULL,NULL,NULL,NULL,NULL,True,NULL,NULL,NULL,NULL,NULL,False,False,False,False,False,True,True,True,True,NULL
"5597305851",True,False,NULL,NULL,NULL,NULL,NULL,NULL,NULL,NULL,True,NULL,NULL,NULL,NULL,NULL,False,False,False,False,False,True,True,True,True,NULL
"1525233004",True,False,NULL,NULL,NULL,NULL,NULL,NULL,NULL,NULL,True,NULL,NULL,NULL,NULL,NULL,False,False,False,False,False,True,True,True,True,NULL
"5376524780",True,False,NULL,NULL,NULL,NULL,NULL,NULL,NULL,NULL,True,NULL,NULL,NULL,NULL,NULL,False,False,False,False,False,True,True,True,True,NULL
"5126503174",True,False,NULL,NULL,NULL,NULL,NULL,NULL,NULL,NULL,True,NULL,NULL,NULL,NULL,NULL,False,False,False,False,False,True,True,True,True,NULL
"447319197",True,False,NULL,NULL,NULL,NULL,NULL,NULL,NULL,NULL,True,NULL,NULL,NULL,NULL,NULL,False,False,False,False,False,True,True,True,True,NULL
"1009074470",True,False,NULL,NULL,NULL,NULL,NULL,NULL,NULL,NULL,True,NULL,NULL,NULL,NULL,NULL,False,False,False,False,False,True,True,True,True,NULL
"1921265504",True,False,NULL,NULL,NULL,NULL,NULL,NULL,NULL,NULL,True,NULL,NULL,NULL,NULL,NULL,False,False,False,False,False,True,True,True,True,NULL
"8294138796",True,False,NULL,NULL,NULL,NULL,NULL,NULL,NULL,NULL,True,NULL,NULL,NULL,NULL,NULL,False,False,False,False,False,True,True,True,True,NULL
"6968255079",True,False,NULL,NULL,NULL,NULL,NULL,NULL,NULL,NULL,True,NULL,NULL,NULL,NULL,NULL,False,False,False,False,False,True,True,True,True,NULL
"6030664166",True,False,NULL,NULL,NULL,NULL,NULL,NULL,NULL,NULL,True,NULL,NULL,NULL,NULL,NULL,False,False,False,False,False,True,True,True,True,NULL
"1022023266",True,False,NULL,NULL,NULL,NULL,NULL,NULL,NULL,NULL,True,NULL,NULL,NULL,NULL,NULL,False,False,False,False,False,True,True,True,True,NULL
"1299354866",True,False,NULL,NULL,NULL,NULL,NULL,NULL,NULL,NULL,True,NULL,NULL,NULL,NULL,NULL,False,False,False,False,False,True,True,True,True,NULL
"7888026178",True,False,NULL,NULL,NULL,NULL,NULL,NULL,NULL,NULL,True,NULL,NULL,NULL,NULL,NULL,False,False,False,False,False,True,True,True,True,NULL
"5342839990",True,False,NULL,NULL,NULL,NULL,NULL,NULL,NULL,NULL,True,NULL,NULL,NULL,NULL,NULL,False,False,False,False,False,True,True,True,True,NULL
"579014332",True,False,NULL,NULL,"Anaconda",NULL,"2025-10-25 11:17:38.369328+00","👾",NULL,NULL,True,NULL,NULL,NULL,NULL,NULL,False,False,False,False,False,True,True,True,True,"lGQoAL8eeAQ"
"425583254",True,False,NULL,NULL,NULL,NULL,NULL,NULL,NULL,NULL,True,NULL,NULL,NULL,NULL,NULL,False,False,False,False,False,True,True,True,True,NULL
"1219348014",True,False,NULL,NULL,NULL,NULL,NULL,NULL,NULL,NULL,True,NULL,NULL,NULL,NULL,NULL,False,False,False,False,False,True,True,True,True,NULL
"6427668542",True,False,NULL,NULL,NULL,NULL,NULL,NULL,NULL,NULL,True,NULL,NULL,NULL,NULL,NULL,False,False,False,False,False,True,True,True,True,NULL
"7780088995",True,False,NULL,NULL,NULL,NULL,NULL,NULL,NULL,NULL,True,NULL,NULL,NULL,NULL,NULL,False,False,False,False,False,True,True,True,True,NULL
"5068008390",True,False,NULL,NULL,NULL,NULL,NULL,NULL,NULL,NULL,True,NULL,NULL,NULL,NULL,NULL,False,False,False,False,False,True,True,True,True,NULL
"7377983001",True,False,NULL,NULL,NULL,NULL,NULL,NULL,NULL,NULL,True,NULL,NULL,NULL,NULL,NULL,False,False,False,False,False,True,True,True,True,NULL
"7651529001",True,False,NULL,NULL,NULL,NULL,NULL,NULL,NULL,NULL,True,NULL,NULL,NULL,NULL,NULL,False,False,False,False,False,True,True,True,True,NULL
"751225825",False,False,NULL,NULL,NULL,NULL,NULL,NULL,NULL,NULL,True,NULL,NULL,NULL,NULL,NULL,False,False,False,False,False,True,True,True,True,NULL
"6356474261",True,False,NULL,NULL,NULL,NULL,NULL,NULL,NULL,NULL,True,NULL,NULL,NULL,NULL,NULL,False,False,False,False,False,True,True,True,True,NULL
"1621125765",True,False,NULL,NULL,NULL,NULL,NULL,NULL,NULL,NULL,True,NULL,NULL,NULL,NULL,NULL,False,False,False,False,False,True,True,True,True,NULL
"8494530304",True,False,NULL,NULL,NULL,NULL,NULL,NULL,NULL,NULL,True,NULL,NULL,NULL,NULL,NULL,False,False,False,False,False,True,True,True,True,NULL
"1259654531",True,False,NULL,NULL,NULL,NULL,NULL,NULL,NULL,NULL,True,NULL,NULL,NULL,NULL,NULL,False,False,False,False,False,True,True,True,True,NULL
"7507658781",True,False,NULL,NULL,NULL,NULL,NULL,NULL,NULL,NULL,True,NULL,NULL,NULL,NULL,NULL,False,False,False,False,False,True,True,True,True,NULL
"7879870728",True,False,NULL,NULL,NULL,NULL,NULL,NULL,NULL,NULL,True,NULL,NULL,NULL,NULL,NULL,False,False,False,False,False,True,True,True,True,NULL
"7199336651",True,False,NULL,NULL,NULL,NULL,NULL,NULL,NULL,NULL,True,NULL,NULL,NULL,NULL,NULL,False,False,False,False,False,True,True,True,True,NULL
"7242138725",False,False,NULL,NULL,NULL,NULL,NULL,NULL,NULL,NULL,True,NULL,NULL,NULL,NULL,NULL,False,False,False,False,False,True,True,True,True,NULL
"6015730830",True,False,NULL,NULL,NULL,NULL,NULL,NULL,NULL,NULL,True,NULL,NULL,NULL,NULL,NULL,False,False,False,False,False,True,True,True,True,NULL
"349400878",True,False,NULL,NULL,NULL,NULL,NULL,NULL,NULL,NULL,True,NULL,NULL,NULL,NULL,NULL,False,False,False,False,False,True,True,True,True,NULL
"1541643706",True,False,NULL,NULL,NULL,NULL,NULL,NULL,NULL,NULL,True,NULL,NULL,NULL,NULL,NULL,False,False,False,False,False,True,True,True,True,NULL
"590607097",True,False,NULL,NULL,NULL,NULL,NULL,NULL,NULL,NULL,True,NULL,NULL,NULL,NULL,NULL,False,False,False,False,False,True,True,True,True,NULL
"1151282877",True,False,NULL,NULL,NULL,NULL,NULL,NULL,NULL,NULL,True,NULL,NULL,NULL,NULL,NULL,False,False,False,False,False,True,True,True,True,NULL
"1386563568",True,False,NULL,NULL,NULL,NULL,NULL,NULL,NULL,NULL,True,NULL,NULL,NULL,NULL,NULL,False,False,False,False,False,True,True,True,True,NULL
"1023531070",True,False,NULL,NULL,NULL,NULL,NULL,NULL,NULL,NULL,True,NULL,NULL,NULL,NULL,NULL,False,False,False,False,False,True,True,True,True,NULL
"7350301629",True,False,NULL,NULL,NULL,NULL,NULL,NULL,NULL,NULL,True,NULL,NULL,NULL,NULL,NULL,False,False,False,False,False,True,True,True,True,NULL
"5986830707",True,False,NULL,NULL,NULL,NULL,NULL,NULL,NULL,NULL,True,NULL,NULL,NULL,NULL,NULL,False,False,False,False,False,True,True,True,True,NULL
"1107523164",True,False,NULL,NULL,NULL,NULL,NULL,NULL,NULL,NULL,True,NULL,NULL,NULL,NULL,NULL,False,False,False,False,False,True,True,True,True,NULL
"6982680135",True,False,NULL,NULL,NULL,NULL,NULL,NULL,NULL,NULL,True,NULL,NULL,NULL,NULL,NULL,False,False,False,False,False,True,True,True,True,NULL
"6383219359",True,False,NULL,NULL,NULL,NULL,NULL,NULL,NULL,NULL,True,NULL,NULL,NULL,NULL,NULL,False,False,False,False,False,True,True,True,True,NULL
"926388326",True,False,NULL,NULL,NULL,NULL,NULL,NULL,NULL,NULL,True,NULL,NULL,NULL,NULL,NULL,False,False,False,False,False,True,True,True,True,NULL
"7859260219",False,False,NULL,NULL,NULL,NULL,NULL,NULL,NULL,NULL,True,NULL,NULL,NULL,NULL,NULL,False,False,False,False,False,True,True,True,True,NULL
"6557982583",True,False,NULL,NULL,"AAUmafia",NULL,"2025-10-24 14:38:14.145312+00","👩",NULL,NULL,True,NULL,NULL,NULL,NULL,NULL,True,True,True,True,True,True,True,True,True,"pAgd8AwIRqk"
"8445323387",True,False,NULL,NULL,NULL,NULL,NULL,NULL,NULL,NULL,True,NULL,NULL,NULL,NULL,NULL,False,False,False,False,False,True,True,True,True,NULL
"643537007",True,False,NULL,NULL,NULL,NULL,NULL,NULL,NULL,NULL,True,NULL,NULL,NULL,NULL,NULL,False,False,False,False,False,True,True,True,True,NULL
"5291684844",True,False,NULL,NULL,NULL,NULL,NULL,NULL,NULL,NULL,True,NULL,NULL,NULL,NULL,NULL,False,False,False,False,False,True,True,True,True,NULL
"682222461",True,False,NULL,NULL,NULL,NULL,NULL,NULL,NULL,NULL,True,NULL,NULL,NULL,NULL,NULL,False,False,False,False,False,True,True,True,True,NULL
"7519321814",True,False,NULL,NULL,NULL,NULL,NULL,NULL,NULL,NULL,True,NULL,NULL,NULL,NULL,NULL,False,False,False,False,False,True,True,True,True,NULL
"8351325534",False,False,NULL,NULL,NULL,NULL,NULL,NULL,NULL,NULL,True,NULL,NULL,NULL,NULL,NULL,False,False,False,False,False,True,True,True,True,NULL
"1913763054",True,False,NULL,NULL,NULL,NULL,NULL,NULL,NULL,NULL,True,NULL,NULL,NULL,NULL,NULL,False,False,False,False,False,True,True,True,True,NULL
"1015356846",True,False,NULL,NULL,NULL,NULL,NULL,NULL,NULL,NULL,True,NULL,NULL,NULL,NULL,NULL,False,False,False,False,False,True,True,True,True,NULL
"6503207332",True,False,NULL,NULL,NULL,NULL,NULL,NULL,NULL,NULL,True,NULL,NULL,NULL,NULL,NULL,False,False,False,False,False,True,True,True,True,NULL
"772122641",False,False,NULL,NULL,NULL,NULL,NULL,NULL,NULL,NULL,True,NULL,NULL,NULL,NULL,NULL,False,False,False,False,False,True,True,True,True,NULL
"8141527168",True,False,NULL,NULL,NULL,NULL,NULL,NULL,NULL,NULL,True,NULL,NULL,NULL,NULL,NULL,False,False,False,False,False,True,True,True,True,NULL
"598715452",True,False,NULL,NULL,NULL,NULL,NULL,NULL,NULL,NULL,True,NULL,NULL,NULL,NULL,NULL,False,False,False,False,False,True,True,True,True,NULL
"5692665694",True,False,NULL,NULL,"Master",NULL,"2025-10-25 15:52:53.331605+00","👻",NULL,NULL,True,NULL,NULL,NULL,NULL,NULL,False,False,False,False,False,True,True,True,True,NULL
"7952319975",True,False,NULL,NULL,NULL,NULL,NULL,NULL,NULL,NULL,True,NULL,NULL,NULL,NULL,NULL,False,False,False,False,False,True,True,True,True,NULL
"5900166078",True,False,NULL,NULL,NULL,NULL,NULL,NULL,NULL,NULL,True,NULL,NULL,NULL,NULL,NULL,False,False,False,False,False,True,True,True,True,NULL
"879038588",True,False,NULL,NULL,NULL,NULL,NULL,NULL,NULL,NULL,True,NULL,NULL,NULL,NULL,NULL,False,False,False,False,False,True,True,True,True,NULL
"576768953",True,False,NULL,NULL,NULL,NULL,NULL,NULL,NULL,NULL,True,NULL,NULL,NULL,NULL,NULL,False,False,False,False,False,True,True,True,True,NULL
"1093267523",True,False,NULL,NULL,NULL,NULL,NULL,NULL,NULL,NULL,True,NULL,NULL,NULL,NULL,NULL,False,False,False,False,False,True,True,True,True,NULL
"6715432527",True,False,NULL,NULL,NULL,NULL,NULL,NULL,NULL,NULL,True,NULL,NULL,NULL,NULL,NULL,False,False,False,False,False,True,True,True,True,NULL
"6098140774",True,False,NULL,NULL,NULL,NULL,NULL,NULL,NULL,NULL,True,NULL,NULL,NULL,NULL,NULL,False,False,False,False,False,True,True,True,True,NULL
"6526832522",True,False,NULL,NULL,NULL,NULL,NULL,NULL,NULL,NULL,True,NULL,NULL,NULL,NULL,NULL,False,False,False,False,False,True,True,True,True,NULL
"5515400286",True,False,NULL,NULL,NULL,NULL,NULL,NULL,NULL,NULL,True,NULL,NULL,NULL,NULL,NULL,False,False,False,False,False,True,True,True,True,NULL
"858328128",True,False,NULL,NULL,NULL,NULL,NULL,NULL,NULL,NULL,True,NULL,NULL,NULL,NULL,NULL,False,False,False,False,False,True,True,True,True,NULL
"6564156176",True,False,NULL,NULL,NULL,NULL,NULL,NULL,NULL,NULL,True,NULL,NULL,NULL,NULL,NULL,False,False,False,False,False,True,True,True,True,NULL
"970192998",True,False,NULL,NULL,NULL,NULL,NULL,NULL,NULL,NULL,True,NULL,NULL,NULL,NULL,NULL,False,False,False,False,False,True,True,True,True,NULL
"1119857909",True,False,NULL,NULL,NULL,NULL,NULL,NULL,NULL,NULL,True,NULL,NULL,NULL,NULL,NULL,False,False,False,False,False,True,True,True,True,NULL
"8496437530",True,False,NULL,NULL,NULL,NULL,NULL,NULL,NULL,NULL,True,NULL,NULL,NULL,NULL,NULL,False,False,False,False,False,True,True,True,True,NULL
"722610049",True,False,NULL,NULL,NULL,NULL,NULL,NULL,NULL,NULL,True,NULL,NULL,NULL,NULL,NULL,False,False,False,False,False,True,True,True,True,NULL
"2002016002",True,False,NULL,NULL,NULL,NULL,NULL,NULL,NULL,NULL,True,NULL,NULL,NULL,NULL,NULL,False,False,False,False,False,True,True,True,True,NULL
"699167479",True,False,NULL,NULL,NULL,NULL,NULL,NULL,NULL,NULL,True,NULL,NULL,NULL,NULL,NULL,False,False,False,False,False,True,True,True,True,NULL
"8356500314",True,False,NULL,NULL,NULL,NULL,NULL,NULL,NULL,NULL,True,NULL,NULL,NULL,NULL,NULL,False,False,False,False,False,True,True,True,True,NULL
"7751355979",True,False,NULL,NULL,NULL,NULL,NULL,NULL,NULL,NULL,True,NULL,NULL,NULL,NULL,NULL,False,False,False,False,False,True,True,True,True,NULL
"8286691030",True,False,NULL,NULL,NULL,NULL,NULL,NULL,NULL,NULL,True,NULL,NULL,NULL,NULL,NULL,False,False,False,False,False,True,True,True,True,"dLWZePm_At4"
"7742045069",True,False,NULL,NULL,NULL,NULL,NULL,NULL,NULL,NULL,True,NULL,NULL,NULL,NULL,NULL,False,False,False,False,False,True,True,True,True,NULL
"998553262",True,False,NULL,NULL,NULL,NULL,NULL,NULL,NULL,NULL,True,NULL,NULL,NULL,NULL,NULL,False,False,False,False,False,True,True,True,True,NULL
"1699991291",True,False,NULL,NULL,NULL,NULL,NULL,NULL,NULL,NULL,True,NULL,NULL,NULL,NULL,NULL,False,False,False,False,False,True,True,True,True,NULL
"6860419055",True,False,NULL,NULL,NULL,NULL,NULL,NULL,NULL,NULL,True,NULL,NULL,NULL,NULL,NULL,False,False,False,False,False,True,True,True,True,NULL
"929049118",True,False,NULL,NULL,NULL,NULL,NULL,NULL,NULL,NULL,True,NULL,NULL,NULL,NULL,NULL,False,False,False,False,False,True,True,True,True,NULL
"6259170677",True,False,NULL,NULL,NULL,NULL,NULL,NULL,NULL,NULL,True,NULL,NULL,NULL,NULL,NULL,False,False,False,False,False,True,True,True,True,NULL
"305215448",True,False,NULL,NULL,NULL,NULL,NULL,NULL,NULL,NULL,True,NULL,NULL,NULL,NULL,NULL,False,False,False,False,False,True,True,True,True,NULL
"6564702883",True,False,NULL,NULL,"Ihatehoes",0,"2025-10-26 02:57:11.051339+00","🥷",NULL,NULL,True,"Male","College of Business and Economics","2nd Year",NULL,"{Sports}",True,False,False,False,False,True,True,True,True,NULL
"1872221506",False,False,NULL,NULL,NULL,NULL,NULL,NULL,NULL,NULL,True,NULL,NULL,NULL,NULL,NULL,False,False,False,False,False,True,True,True,True,NULL
"7168297608",True,False,NULL,NULL,"MARC",NULL,"2025-10-26 03:09:29.728158+00","🥷",NULL,NULL,True,NULL,NULL,NULL,NULL,NULL,False,False,False,False,False,True,True,True,True,NULL
"6727265303",True,False,NULL,NULL,NULL,NULL,NULL,NULL,NULL,NULL,True,NULL,NULL,NULL,NULL,NULL,False,False,False,False,False,True,True,True,True,NULL
"8337147139",True,False,NULL,NULL,NULL,NULL,NULL,NULL,NULL,NULL,True,NULL,NULL,NULL,NULL,NULL,False,False,False,False,False,True,True,True,True,NULL
"7054088391",True,False,NULL,NULL,NULL,NULL,NULL,NULL,NULL,NULL,True,NULL,NULL,NULL,NULL,NULL,False,False,False,False,False,True,True,True,True,NULL
"8088179077",True,False,NULL,NULL,NULL,NULL,NULL,NULL,NULL,NULL,True,NULL,NULL,NULL,NULL,NULL,False,False,False,False,False,True,True,True,True,NULL
"6214111744",True,False,NULL,NULL,NULL,NULL,NULL,NULL,NULL,NULL,True,NULL,NULL,NULL,NULL,NULL,False,False,False,False,False,True,True,True,True,NULL
"925225071",True,False,NULL,NULL,NULL,NULL,NULL,NULL,NULL,NULL,True,NULL,NULL,NULL,NULL,NULL,False,False,False,False,False,True,True,True,True,NULL
"7058670155",True,False,NULL,NULL,NULL,NULL,NULL,NULL,NULL,NULL,True,NULL,NULL,NULL,NULL,NULL,False,False,False,False,False,True,True,True,True,"nmteunRxHpY"
"855012860",True,False,NULL,NULL,"NahDnigha",NULL,"2025-10-25 21:20:39.076195+00","👤",NULL,"if it ain't xo ..",True,NULL,NULL,NULL,NULL,NULL,False,False,False,False,False,True,True,True,True,"JWj400kFEkk"
"5805376924",True,False,NULL,NULL,NULL,NULL,NULL,NULL,NULL,NULL,True,NULL,NULL,NULL,NULL,NULL,False,False,False,False,False,True,True,True,True,NULL
"1111214459",True,False,NULL,NULL,NULL,NULL,NULL,NULL,NULL,NULL,True,NULL,NULL,NULL,NULL,NULL,False,False,False,False,False,True,True,True,True,NULL
"1081705134",True,False,NULL,NULL,NULL,NULL,NULL,NULL,NULL,NULL,True,NULL,NULL,NULL,NULL,NULL,False,False,False,False,False,True,True,True,True,"GE9Qej2RwdI"
"6061412425",False,False,NULL,NULL,NULL,NULL,NULL,NULL,NULL,NULL,True,NULL,NULL,NULL,NULL,NULL,False,False,False,False,False,True,True,True,True,NULL
"890766137",True,False,NULL,NULL,NULL,NULL,NULL,NULL,NULL,NULL,True,NULL,NULL,NULL,NULL,NULL,False,False,False,False,False,True,True,True,True,NULL
"1392695347",True,False,NULL,NULL,NULL,NULL,NULL,NULL,NULL,NULL,True,NULL,NULL,NULL,NULL,NULL,False,False,False,False,False,True,True,True,True,NULL
"993840340",True,False,NULL,NULL,NULL,NULL,NULL,NULL,NULL,NULL,True,NULL,NULL,NULL,NULL,NULL,False,False,False,False,False,True,True,True,True,NULL
"6431401226",True,False,NULL,NULL,NULL,NULL,NULL,"👤",NULL,NULL,False,NULL,NULL,NULL,NULL,NULL,False,False,False,False,False,True,True,True,True,NULL
"758372799",True,False,NULL,NULL,NULL,NULL,NULL,NULL,NULL,NULL,True,NULL,NULL,NULL,NULL,NULL,False,False,False,False,False,True,True,True,True,"ORuLy1xKpkM"
"6380713772",True,False,NULL,NULL,NULL,NULL,NULL,NULL,NULL,NULL,True,NULL,NULL,NULL,NULL,NULL,False,False,False,False,False,True,True,True,True,NULL
"7862691707",True,False,NULL,NULL,NULL,NULL,NULL,NULL,NULL,NULL,True,NULL,NULL,NULL,NULL,NULL,False,False,False,False,False,True,True,True,True,NULL
"574669337",False,False,NULL,NULL,NULL,NULL,NULL,NULL,NULL,NULL,True,NULL,NULL,NULL,NULL,NULL,False,False,False,False,False,True,True,True,True,NULL
"7810874668",True,False,NULL,NULL,NULL,NULL,NULL,NULL,NULL,NULL,True,NULL,NULL,NULL,NULL,NULL,False,False,False,False,False,True,True,True,True,NULL
"6263657326",True,False,NULL,NULL,NULL,NULL,NULL,NULL,NULL,NULL,True,NULL,NULL,NULL,NULL,NULL,False,False,False,False,False,True,True,True,True,NULL
"6659516407",True,False,NULL,NULL,NULL,NULL,NULL,NULL,NULL,NULL,True,NULL,NULL,NULL,NULL,NULL,False,False,False,False,False,True,True,True,True,"v7PIT7EJTMc"
"6126385940",True,False,NULL,NULL,NULL,NULL,NULL,NULL,NULL,NULL,True,NULL,NULL,NULL,NULL,NULL,False,False,False,False,False,True,True,True,True,NULL
"2132832554",True,False,NULL,NULL,NULL,NULL,NULL,NULL,NULL,NULL,True,NULL,NULL,NULL,NULL,NULL,False,False,False,False,False,True,True,True,True,NULL
"6357043245",True,False,NULL,NULL,NULL,NULL,NULL,NULL,NULL,NULL,True,NULL,NULL,NULL,NULL,NULL,False,False,False,False,False,True,True,True,True,NULL
"1293519230",True,False,NULL,NULL,NULL,NULL,NULL,NULL,NULL,NULL,True,NULL,NULL,NULL,NULL,NULL,False,False,False,False,False,True,True,True,True,NULL
"7835603539",True,False,NULL,NULL,NULL,NULL,NULL,NULL,NULL,NULL,True,NULL,NULL,NULL,NULL,NULL,False,False,False,False,False,True,True,True,True,NULL
"5151290820",True,False,NULL,NULL,NULL,NULL,NULL,NULL,NULL,NULL,True,NULL,NULL,NULL,NULL,NULL,False,False,False,False,False,True,True,True,True,NULL
"5317595089",True,False,NULL,NULL,NULL,NULL,NULL,NULL,NULL,NULL,True,NULL,NULL,NULL,NULL,NULL,False,False,False,False,False,True,True,True,True,NULL
"6224842224",True,False,NULL,NULL,NULL,NULL,NULL,NULL,NULL,NULL,True,NULL,NULL,NULL,NULL,NULL,False,False,False,False,False,True,True,True,True,NULL
"1843982764",True,False,NULL,NULL,NULL,NULL,NULL,NULL,NULL,NULL,True,NULL,NULL,NULL,NULL,NULL,False,False,False,False,False,True,True,True,True,NULL
"7624696533",True,False,NULL,NULL,NULL,NULL,NULL,NULL,NULL,NULL,True,NULL,NULL,NULL,NULL,NULL,False,False,False,False,False,True,True,True,True,NULL
"6138214020",True,False,NULL,NULL,NULL,NULL,NULL,NULL,NULL,NULL,True,NULL,NULL,NULL,NULL,NULL,False,False,False,False,False,True,True,True,True,NULL
"2128781395",True,False,NULL,NULL,NULL,NULL,NULL,NULL,NULL,NULL,True,NULL,NULL,NULL,NULL,NULL,False,False,False,False,False,True,True,True,True,NULL
"666451797",True,False,NULL,NULL,NULL,NULL,NULL,NULL,NULL,NULL,True,NULL,NULL,NULL,NULL,NULL,False,False,False,False,False,True,True,True,True,NULL
"8052437591",True,False,NULL,NULL,NULL,NULL,NULL,NULL,NULL,NULL,True,NULL,NULL,NULL,NULL,NULL,False,False,False,False,False,True,True,True,True,NULL
"1112161799",True,False,NULL,NULL,NULL,NULL,NULL,NULL,NULL,NULL,True,NULL,NULL,NULL,NULL,NULL,False,False,False,False,False,True,True,True,True,NULL
"521562709",True,False,NULL,NULL,NULL,NULL,NULL,NULL,NULL,NULL,True,NULL,NULL,NULL,NULL,NULL,False,False,False,False,False,True,True,True,True,NULL
"5722512823",True,False,NULL,NULL,NULL,NULL,NULL,NULL,NULL,NULL,True,NULL,NULL,NULL,NULL,NULL,False,False,False,False,False,True,True,True,True,NULL
"6845670680",True,False,NULL,NULL,"gigachad",NULL,"2025-10-26 10:10:43.919756+00","👾",NULL,NULL,True,NULL,NULL,NULL,NULL,NULL,False,False,False,False,False,True,True,True,True,NULL
"313807783",True,False,NULL,NULL,NULL,NULL,NULL,NULL,NULL,NULL,True,NULL,NULL,NULL,NULL,NULL,False,False,False,False,False,True,True,True,True,NULL
"1617072024",True,False,NULL,NULL,NULL,NULL,NULL,NULL,NULL,NULL,True,NULL,NULL,NULL,NULL,NULL,False,False,False,False,False,True,True,True,True,NULL
"639858231",True,False,NULL,NULL,NULL,NULL,NULL,NULL,NULL,NULL,True,NULL,NULL,NULL,NULL,NULL,False,False,False,False,False,True,True,True,True,NULL
"7379707302",True,False,NULL,NULL,NULL,NULL,NULL,NULL,NULL,NULL,True,NULL,NULL,NULL,NULL,NULL,False,False,False,False,False,True,True,True,True,NULL
"7753378517",False,False,NULL,NULL,NULL,NULL,NULL,NULL,NULL,NULL,True,NULL,NULL,NULL,NULL,NULL,False,False,False,False,False,True,True,True,True,NULL
"7742519818",True,False,NULL,NULL,NULL,NULL,NULL,NULL,NULL,NULL,True,NULL,NULL,NULL,NULL,NULL,False,False,False,False,False,True,True,True,True,"3KWPFEinsco"
"6334925349",True,False,NULL,NULL,NULL,NULL,NULL,NULL,NULL,NULL,True,NULL,NULL,NULL,NULL,NULL,False,False,False,False,False,True,True,True,True,NULL
"1706400835",True,False,NULL,NULL,NULL,NULL,NULL,NULL,NULL,NULL,True,NULL,NULL,NULL,NULL,NULL,False,False,False,False,False,True,True,True,True,NULL
"1662690389",True,False,NULL,NULL,NULL,NULL,NULL,NULL,NULL,NULL,True,NULL,NULL,NULL,NULL,NULL,False,False,False,False,False,True,True,True,True,NULL
"2026674473",True,False,NULL,NULL,NULL,NULL,NULL,NULL,NULL,NULL,True,NULL,NULL,NULL,NULL,NULL,False,False,False,False,False,True,True,True,True,NULL
"5120817732",True,False,NULL,NULL,NULL,NULL,NULL,NULL,NULL,NULL,True,NULL,NULL,NULL,NULL,NULL,False,False,False,False,False,True,True,True,True,NULL
"2006066219",True,False,NULL,NULL,"Cassandra Cain",25,"2025-10-26 16:51:14.533351+00","🥷",NULL,NULL,True,NULL,NULL,NULL,NULL,NULL,False,False,False,False,False,True,True,True,True,"bqRtolVDz8M"
"7604003032",True,False,NULL,NULL,NULL,NULL,NULL,NULL,NULL,NULL,True,NULL,NULL,NULL,NULL,NULL,False,False,False,False,False,True,True,True,True,NULL
"2117329270",True,False,NULL,NULL,NULL,NULL,NULL,NULL,NULL,NULL,True,NULL,NULL,NULL,NULL,NULL,False,False,False,False,False,True,True,True,True,NULL
"7280233536",True,False,NULL,NULL,NULL,NULL,NULL,NULL,NULL,NULL,True,NULL,NULL,NULL,NULL,NULL,False,False,False,False,False,True,True,True,True,NULL
"957911652",True,False,NULL,NULL,NULL,NULL,NULL,NULL,NULL,NULL,True,NULL,NULL,NULL,NULL,NULL,False,False,False,False,False,True,True,True,True,NULL
"5852226100",True,False,NULL,NULL,NULL,NULL,NULL,NULL,NULL,NULL,True,NULL,NULL,NULL,NULL,NULL,False,False,False,False,False,True,True,True,True,NULL
"892966796",True,False,NULL,NULL,"Dictator",NULL,"2025-10-26 11:59:01.260608+00",NULL,NULL,"F1, books, music, Humor (the darker the better)",True,NULL,NULL,NULL,NULL,NULL,False,False,False,False,False,True,True,True,True,NULL
"5387057278",True,False,NULL,NULL,NULL,NULL,NULL,NULL,NULL,NULL,True,NULL,NULL,NULL,NULL,NULL,False,False,False,False,False,True,True,True,True,NULL
"6984583819",True,False,NULL,NULL,NULL,NULL,NULL,NULL,NULL,NULL,True,NULL,NULL,NULL,NULL,NULL,False,False,False,False,False,True,True,True,True,"sX1U-IpSKqQ"
"6782380426",True,False,NULL,NULL,NULL,NULL,NULL,NULL,NULL,NULL,True,NULL,NULL,NULL,NULL,NULL,False,False,False,False,False,True,True,True,True,NULL
"6162570685",True,False,NULL,NULL,NULL,NULL,NULL,NULL,NULL,NULL,True,NULL,NULL,NULL,NULL,NULL,False,False,False,False,False,True,True,True,True,NULL
"903244267",True,False,NULL,NULL,NULL,NULL,NULL,NULL,NULL,NULL,True,NULL,NULL,NULL,NULL,NULL,False,False,False,False,False,True,True,True,True,NULL
"1252435518",True,False,NULL,NULL,NULL,NULL,NULL,NULL,NULL,NULL,True,NULL,NULL,NULL,NULL,NULL,False,False,False,False,False,True,True,True,True,NULL
"7757304984",True,False,NULL,NULL,NULL,NULL,NULL,NULL,NULL,NULL,True,NULL,NULL,NULL,NULL,NULL,False,False,False,False,False,True,True,True,True,"8ArudfmbH7M"
"1100628966",True,False,NULL,NULL,NULL,NULL,NULL,NULL,NULL,NULL,True,NULL,NULL,NULL,NULL,NULL,False,False,False,False,False,True,True,True,True,NULL
"7234163903",True,False,NULL,NULL,NULL,NULL,NULL,NULL,NULL,NULL,True,NULL,NULL,NULL,NULL,NULL,False,False,False,False,False,True,True,True,True,NULL
"2004572522",True,False,NULL,NULL,NULL,NULL,NULL,NULL,NULL,NULL,True,NULL,NULL,NULL,NULL,NULL,False,False,False,False,False,True,True,True,True,NULL
"6726107515",True,False,NULL,NULL,NULL,NULL,NULL,NULL,NULL,NULL,True,NULL,NULL,NULL,NULL,NULL,False,False,False,False,False,True,True,True,True,NULL
"6102053765",True,False,NULL,NULL,NULL,NULL,NULL,NULL,NULL,NULL,True,NULL,NULL,NULL,NULL,NULL,False,False,False,False,False,True,True,True,True,NULL
"1892478617",True,False,NULL,NULL,NULL,NULL,NULL,NULL,NULL,NULL,True,NULL,NULL,NULL,NULL,NULL,False,False,False,False,False,True,True,True,True,NULL
"1588355884",False,False,NULL,NULL,NULL,NULL,NULL,NULL,NULL,NULL,True,NULL,NULL,NULL,NULL,NULL,False,False,False,False,False,True,True,True,True,NULL
"1716418081",True,False,NULL,NULL,"Kkkk",NULL,"2025-10-26 15:36:23.898877+00","🧚‍♀️",NULL,NULL,True,NULL,NULL,NULL,NULL,NULL,False,False,False,False,False,True,True,True,True,"TX474lkvV8Q"
"1166484662",True,False,NULL,NULL,NULL,NULL,NULL,NULL,NULL,NULL,True,NULL,NULL,NULL,NULL,NULL,False,False,False,False,False,True,True,True,True,NULL
"6394877067",True,False,NULL,NULL,NULL,NULL,NULL,NULL,NULL,NULL,True,NULL,NULL,NULL,NULL,NULL,False,False,False,False,False,True,True,True,True,NULL
"1941629363",True,False,NULL,NULL,NULL,NULL,NULL,NULL,NULL,NULL,True,NULL,NULL,NULL,NULL,NULL,False,False,False,False,False,True,True,True,True,NULL
"1801013160",True,False,NULL,NULL,NULL,NULL,NULL,NULL,NULL,NULL,True,NULL,NULL,NULL,NULL,NULL,False,False,False,False,False,True,True,True,True,NULL
"1625333668",True,False,NULL,NULL,NULL,NULL,NULL,NULL,NULL,NULL,True,NULL,NULL,NULL,NULL,NULL,False,False,False,False,False,True,True,True,True,NULL
"5361621181",True,False,NULL,NULL,NULL,NULL,NULL,NULL,NULL,NULL,True,NULL,NULL,NULL,NULL,NULL,False,False,False,False,False,True,True,True,True,NULL
"388270134",True,False,NULL,NULL,NULL,NULL,NULL,NULL,NULL,NULL,True,NULL,NULL,NULL,NULL,NULL,False,False,False,False,False,True,True,True,True,"OJUFu0u58RM"
"494289548",True,False,NULL,NULL,NULL,NULL,NULL,NULL,NULL,NULL,True,NULL,NULL,NULL,NULL,NULL,False,False,False,False,False,True,True,True,True,NULL
"1010802495",True,False,NULL,NULL,NULL,NULL,NULL,NULL,NULL,NULL,True,NULL,NULL,NULL,NULL,NULL,False,False,False,False,False,True,True,True,True,NULL
"5505647460",True,False,NULL,NULL,NULL,NULL,NULL,NULL,NULL,NULL,True,NULL,NULL,NULL,NULL,NULL,False,False,False,False,False,True,True,True,True,NULL
"950904303",False,False,NULL,NULL,NULL,NULL,NULL,NULL,NULL,NULL,True,NULL,NULL,NULL,NULL,NULL,False,False,False,False,False,True,True,True,True,NULL
"7598919025",True,False,NULL,NULL,NULL,NULL,NULL,NULL,NULL,NULL,True,NULL,NULL,NULL,NULL,NULL,False,False,False,False,False,True,True,True,True,NULL
"1764359544",True,False,NULL,NULL,NULL,NULL,NULL,NULL,NULL,NULL,True,NULL,NULL,NULL,NULL,NULL,False,False,False,False,False,True,True,True,True,NULL
"8242374083",True,False,NULL,NULL,NULL,NULL,NULL,NULL,NULL,NULL,True,NULL,NULL,NULL,NULL,NULL,False,False,False,False,False,True,True,True,True,NULL
"1698840807",False,False,NULL,NULL,NULL,NULL,NULL,NULL,NULL,NULL,True,NULL,NULL,NULL,NULL,NULL,False,False,False,False,False,True,True,True,True,NULL
"8360713178",True,False,NULL,NULL,"Rabbi Shamuely",NULL,"2025-10-26 10:21:07.689975+00","👹",NULL,NULL,True,NULL,NULL,NULL,NULL,NULL,False,False,False,False,False,True,True,True,True,"KOwBmhHdwRc"
"6369285317",True,False,NULL,NULL,NULL,NULL,NULL,NULL,NULL,NULL,True,NULL,NULL,NULL,NULL,NULL,False,False,False,False,False,True,True,True,True,NULL
"6074621627",True,False,NULL,NULL,NULL,NULL,NULL,NULL,NULL,NULL,True,NULL,NULL,NULL,NULL,NULL,False,False,False,False,False,True,True,True,True,NULL
"914141204",True,False,NULL,NULL,NULL,NULL,NULL,NULL,NULL,NULL,True,NULL,NULL,NULL,NULL,NULL,False,False,False,False,False,True,True,True,True,NULL
"5689577740",True,False,NULL,NULL,NULL,NULL,NULL,NULL,NULL,NULL,True,NULL,NULL,NULL,NULL,NULL,False,False,False,False,False,True,True,True,True,NULL
"999850376",True,False,NULL,NULL,NULL,NULL,NULL,NULL,NULL,NULL,True,NULL,NULL,NULL,NULL,NULL,False,False,False,False,False,True,True,True,True,NULL
"1862593315",True,False,NULL,NULL,NULL,NULL,NULL,NULL,NULL,NULL,True,NULL,NULL,NULL,NULL,NULL,False,False,False,False,False,True,True,True,True,NULL
"1788825856",True,False,NULL,NULL,NULL,NULL,NULL,NULL,NULL,NULL,True,NULL,NULL,NULL,NULL,NULL,False,False,False,False,False,True,True,True,True,NULL
"5095946794",True,False,NULL,NULL,"Bigdicknick",0,"2025-10-26 17:49:46.253238+00","🥷",NULL,"እራሴን ካላቆለጳጰፅኩኝ፣ ማን ያቆለጳጵስልኛል",True,"Helicopter","College of Technology and Built Environment (CTBE)","2nd Year",NULL,NULL,True,True,True,False,True,True,True,True,True,NULL
"1643543636",True,False,NULL,NULL,NULL,NULL,NULL,NULL,NULL,NULL,True,NULL,NULL,NULL,NULL,NULL,False,False,False,False,False,True,True,True,True,NULL
"6330012253",True,False,NULL,NULL,NULL,NULL,NULL,NULL,NULL,NULL,True,NULL,NULL,NULL,NULL,NULL,False,False,False,False,False,True,True,True,True,NULL
"6569777419",True,False,NULL,NULL,NULL,NULL,NULL,NULL,NULL,NULL,True,NULL,NULL,NULL,NULL,NULL,False,False,False,False,False,True,True,True,True,NULL
"1210671765",True,False,NULL,NULL,NULL,NULL,NULL,NULL,NULL,NULL,True,NULL,NULL,NULL,NULL,NULL,False,False,False,False,False,True,True,True,True,NULL
"8389355020",True,False,NULL,NULL,NULL,NULL,NULL,NULL,NULL,NULL,True,NULL,NULL,NULL,NULL,NULL,False,False,False,False,False,True,True,True,True,NULL
"7419566873",True,False,NULL,NULL,NULL,NULL,NULL,NULL,NULL,NULL,True,NULL,NULL,NULL,NULL,NULL,False,False,False,False,False,True,True,True,True,NULL
"6551186897",True,False,NULL,NULL,NULL,NULL,NULL,NULL,NULL,NULL,True,NULL,NULL,NULL,NULL,NULL,False,False,False,False,False,True,True,True,True,NULL
"1040177400",True,False,NULL,NULL,NULL,NULL,NULL,NULL,NULL,NULL,True,NULL,NULL,NULL,NULL,NULL,False,False,False,False,False,True,True,True,True,NULL
"556050820",True,False,NULL,NULL,NULL,NULL,NULL,NULL,NULL,NULL,True,NULL,NULL,NULL,NULL,NULL,False,False,False,False,False,True,True,True,True,NULL
"1788319109",False,False,NULL,NULL,NULL,NULL,NULL,NULL,NULL,NULL,True,NULL,NULL,NULL,NULL,NULL,False,False,False,False,False,True,True,True,True,NULL
"6139824288",False,False,NULL,NULL,NULL,NULL,NULL,NULL,NULL,NULL,True,NULL,NULL,NULL,NULL,NULL,False,False,False,False,False,True,True,True,True,NULL
"7291851781",True,False,NULL,NULL,NULL,NULL,NULL,NULL,NULL,NULL,True,NULL,NULL,NULL,NULL,NULL,False,False,False,False,False,True,True,True,True,NULL
"764603864",False,False,NULL,NULL,NULL,NULL,NULL,NULL,NULL,NULL,True,NULL,NULL,NULL,NULL,NULL,False,False,False,False,False,True,True,True,True,NULL
"1156368696",True,False,NULL,NULL,NULL,NULL,NULL,NULL,NULL,NULL,True,NULL,NULL,NULL,NULL,NULL,False,False,False,False,False,True,True,True,True,NULL
"7629653512",True,False,NULL,NULL,NULL,NULL,NULL,NULL,NULL,NULL,True,NULL,NULL,NULL,NULL,NULL,False,False,False,False,False,True,True,True,True,NULL
"6963758194",True,False,NULL,NULL,NULL,NULL,NULL,NULL,NULL,NULL,True,NULL,NULL,NULL,NULL,NULL,False,False,False,False,False,True,True,True,True,NULL
"660077170",True,False,NULL,NULL,NULL,NULL,NULL,NULL,NULL,NULL,True,NULL,NULL,NULL,NULL,NULL,False,False,False,False,False,True,True,True,True,NULL
"963661144",True,False,NULL,NULL,NULL,NULL,NULL,NULL,NULL,NULL,True,NULL,NULL,NULL,NULL,NULL,False,False,False,False,False,True,True,True,True,NULL
"1150836394",True,False,NULL,NULL,NULL,NULL,NULL,NULL,NULL,NULL,True,NULL,NULL,NULL,NULL,NULL,False,False,False,False,False,True,True,True,True,NULL
"1516923603",True,False,NULL,NULL,NULL,NULL,NULL,NULL,NULL,NULL,True,NULL,NULL,NULL,NULL,NULL,False,False,False,False,False,True,True,True,True,"sDD82OGT180"
"8266579417",True,False,NULL,NULL,"Muhhamed Khalif",NULL,"2025-10-26 10:47:23.646367+00","👨",NULL,NULL,True,NULL,NULL,NULL,NULL,NULL,False,False,False,False,False,True,True,True,True,"v5LioEgnVBw"
"1719591965",False,False,NULL,NULL,NULL,NULL,NULL,NULL,NULL,NULL,True,NULL,NULL,NULL,NULL,NULL,False,False,False,False,False,True,True,True,True,NULL
"1877258731",False,False,NULL,NULL,NULL,NULL,NULL,NULL,NULL,NULL,True,NULL,NULL,NULL,NULL,NULL,False,False,False,False,False,True,True,True,True,NULL
"1199955771",True,False,NULL,NULL,NULL,NULL,NULL,NULL,NULL,NULL,True,NULL,NULL,NULL,NULL,NULL,False,False,False,False,False,True,True,True,True,NULL
"496877321",True,False,NULL,NULL,NULL,NULL,NULL,NULL,NULL,NULL,True,NULL,NULL,NULL,NULL,NULL,False,False,False,False,False,True,True,True,True,NULL
"5875743222",True,False,NULL,NULL,NULL,NULL,NULL,NULL,NULL,NULL,True,NULL,NULL,NULL,NULL,NULL,False,False,False,False,False,True,True,True,True,NULL
"439587651",True,False,NULL,NULL,NULL,NULL,NULL,NULL,NULL,NULL,True,NULL,NULL,NULL,NULL,NULL,False,False,False,False,False,True,True,True,True,NULL
"5906429938",True,False,NULL,NULL,NULL,NULL,NULL,NULL,NULL,NULL,True,NULL,NULL,NULL,NULL,NULL,False,False,False,False,False,True,True,True,True,"YKo-eH9R_Fs"
"1108975699",True,False,NULL,NULL,NULL,NULL,NULL,NULL,NULL,NULL,True,NULL,NULL,NULL,NULL,NULL,False,False,False,False,False,True,True,True,True,NULL
"1212893076",True,False,NULL,NULL,NULL,NULL,NULL,NULL,NULL,NULL,True,NULL,NULL,NULL,NULL,NULL,False,False,False,False,False,True,True,True,True,NULL
"1672258527",True,False,NULL,NULL,NULL,NULL,NULL,NULL,NULL,NULL,True,NULL,NULL,NULL,NULL,NULL,False,False,False,False,False,True,True,True,True,NULL
"5246005078",True,False,NULL,NULL,NULL,NULL,NULL,NULL,NULL,NULL,True,NULL,NULL,NULL,NULL,NULL,False,False,False,False,False,True,True,True,True,NULL
"7297211615",True,False,NULL,NULL,NULL,NULL,NULL,NULL,NULL,NULL,True,NULL,NULL,NULL,NULL,NULL,False,False,False,False,False,True,True,True,True,NULL
"1021229804",True,False,NULL,NULL,NULL,NULL,NULL,NULL,NULL,NULL,True,NULL,NULL,NULL,NULL,NULL,False,False,False,False,False,True,True,True,True,NULL
"741734211",False,False,NULL,NULL,NULL,NULL,NULL,NULL,NULL,NULL,True,NULL,NULL,NULL,NULL,NULL,False,False,False,False,False,True,True,True,True,NULL
"1095661301",True,False,NULL,NULL,NULL,NULL,NULL,NULL,NULL,NULL,True,NULL,NULL,NULL,NULL,NULL,False,False,False,False,False,True,True,True,True,NULL
"7681633634",True,False,NULL,NULL,NULL,NULL,NULL,NULL,NULL,NULL,True,NULL,NULL,NULL,NULL,NULL,False,False,False,False,False,True,True,True,True,"GNbfZoneJHc"
"5049297338",True,False,NULL,NULL,NULL,NULL,NULL,NULL,NULL,NULL,True,NULL,NULL,NULL,NULL,NULL,False,False,False,False,False,True,True,True,True,NULL
"960320930",True,False,NULL,NULL,NULL,NULL,NULL,NULL,NULL,NULL,True,NULL,NULL,NULL,NULL,NULL,False,False,False,False,False,True,True,True,True,NULL
"5415482886",True,False,NULL,NULL,NULL,NULL,NULL,NULL,NULL,NULL,True,NULL,NULL,NULL,NULL,NULL,False,False,False,False,False,True,True,True,True,NULL
"5352729341",True,False,NULL,NULL,NULL,NULL,NULL,NULL,NULL,NULL,True,NULL,NULL,NULL,NULL,NULL,False,False,False,False,False,True,True,True,True,NULL
"671121750",True,False,NULL,NULL,NULL,NULL,NULL,NULL,NULL,NULL,True,NULL,NULL,NULL,NULL,NULL,False,False,False,False,False,True,True,True,True,NULL
"5024761520",True,False,NULL,NULL,NULL,NULL,NULL,NULL,NULL,NULL,True,NULL,NULL,NULL,NULL,NULL,False,False,False,False,False,True,True,True,True,NULL
"8425830137",True,False,NULL,NULL,NULL,NULL,NULL,NULL,NULL,NULL,True,NULL,NULL,NULL,NULL,NULL,False,False,False,False,False,True,True,True,True,NULL
"358042725",False,False,NULL,NULL,NULL,NULL,NULL,NULL,NULL,NULL,True,NULL,NULL,NULL,NULL,NULL,False,False,False,False,False,True,True,True,True,NULL
"8267315453",True,False,NULL,NULL,NULL,NULL,NULL,NULL,NULL,NULL,True,NULL,NULL,NULL,NULL,NULL,False,False,False,False,False,True,True,True,True,NULL
"6219660773",True,False,NULL,NULL,NULL,NULL,NULL,NULL,NULL,NULL,True,NULL,NULL,NULL,NULL,NULL,False,False,False,False,False,True,True,True,True,NULL
"7124220259",True,False,NULL,NULL,NULL,NULL,NULL,NULL,NULL,NULL,True,NULL,NULL,NULL,NULL,NULL,False,False,False,False,False,True,True,True,True,NULL
"646650435",True,False,NULL,NULL,NULL,NULL,NULL,"👩",NULL,NULL,True,NULL,NULL,NULL,NULL,NULL,False,False,False,False,False,True,True,True,True,"au1J5Bf1vUw"
"1876621226",False,False,NULL,NULL,NULL,NULL,NULL,NULL,NULL,NULL,True,NULL,NULL,NULL,NULL,NULL,False,False,False,False,False,True,True,True,True,NULL
"7282132694",False,False,NULL,NULL,NULL,NULL,NULL,NULL,NULL,NULL,True,NULL,NULL,NULL,NULL,NULL,False,False,False,False,False,True,True,True,True,NULL
"915380448",False,False,NULL,NULL,NULL,NULL,NULL,NULL,NULL,NULL,True,NULL,NULL,NULL,NULL,NULL,False,False,False,False,False,True,True,True,True,NULL
"6761567508",False,False,NULL,NULL,NULL,NULL,NULL,NULL,NULL,NULL,True,NULL,NULL,NULL,NULL,NULL,False,False,False,False,False,True,True,True,True,NULL
"716318447",False,False,NULL,NULL,NULL,NULL,NULL,NULL,NULL,NULL,True,NULL,NULL,NULL,NULL,NULL,False,False,False,False,False,True,True,True,True,NULL
"5358032519",False,False,NULL,NULL,NULL,NULL,NULL,NULL,NULL,NULL,True,NULL,NULL,NULL,NULL,NULL,False,False,False,False,False,True,True,True,True,NULL
"7231906808",False,False,NULL,NULL,NULL,NULL,NULL,NULL,NULL,NULL,True,NULL,NULL,NULL,NULL,NULL,False,False,False,False,False,True,True,True,True,NULL
"8113988362",False,False,NULL,NULL,NULL,NULL,NULL,NULL,NULL,NULL,True,NULL,NULL,NULL,NULL,NULL,False,False,False,False,False,True,True,True,True,NULL
"466002470",False,False,NULL,NULL,NULL,NULL,NULL,NULL,NULL,NULL,True,NULL,NULL,NULL,NULL,NULL,False,False,False,False,False,True,True,True,True,NULL
"1397006454",False,False,NULL,NULL,NULL,NULL,NULL,NULL,NULL,NULL,True,NULL,NULL,NULL,NULL,NULL,False,False,False,False,False,True,True,True,True,NULL
"6886290614",False,False,NULL,NULL,NULL,NULL,NULL,NULL,NULL,NULL,True,NULL,NULL,NULL,NULL,NULL,False,False,False,False,False,True,True,True,True,NULL
"598292244",False,False,NULL,NULL,NULL,NULL,NULL,NULL,NULL,NULL,True,NULL,NULL,NULL,NULL,NULL,False,False,False,False,False,True,True,True,True,NULL
"648360828",False,False,NULL,NULL,NULL,NULL,NULL,NULL,NULL,NULL,True,NULL,NULL,NULL,NULL,NULL,False,False,False,False,False,True,True,True,True,NULL
"8332423159",False,False,NULL,NULL,NULL,NULL,NULL,NULL,NULL,NULL,True,NULL,NULL,NULL,NULL,NULL,False,False,False,False,False,True,True,True,True,NULL
"8210375760",False,False,NULL,NULL,NULL,NULL,NULL,NULL,NULL,NULL,True,NULL,NULL,NULL,NULL,NULL,False,False,False,False,False,True,True,True,True,NULL
"6444601776",False,False,NULL,NULL,NULL,NULL,NULL,NULL,NULL,NULL,True,NULL,NULL,NULL,NULL,NULL,False,False,False,False,False,True,True,True,True,NULL
"1115129736",True,False,NULL,NULL,NULL,NULL,NULL,NULL,NULL,NULL,True,NULL,NULL,NULL,NULL,NULL,False,False,False,False,False,True,True,True,True,NULL
"5145052395",True,False,NULL,NULL,NULL,NULL,NULL,NULL,NULL,NULL,True,NULL,NULL,NULL,NULL,NULL,False,False,False,False,False,True,True,True,True,NULL
"1804281706",False,False,NULL,NULL,NULL,NULL,NULL,NULL,NULL,NULL,True,NULL,NULL,NULL,NULL,NULL,False,False,False,False,False,True,True,True,True,NULL
"1337650761",True,False,NULL,NULL,NULL,NULL,NULL,NULL,NULL,NULL,True,NULL,NULL,NULL,NULL,NULL,False,False,False,False,False,True,True,True,True,NULL
"5170700073",False,False,NULL,NULL,NULL,NULL,NULL,NULL,NULL,NULL,True,NULL,NULL,NULL,NULL,NULL,False,False,False,False,False,True,True,True,True,NULL
"907988100",False,False,NULL,NULL,NULL,NULL,NULL,NULL,NULL,NULL,True,NULL,NULL,NULL,NULL,NULL,False,False,False,False,False,True,True,True,True,NULL
"421400087",True,False,NULL,NULL,NULL,NULL,NULL,NULL,NULL,NULL,True,NULL,NULL,NULL,NULL,NULL,False,False,False,False,False,True,True,True,True,NULL
"6659579773",True,False,NULL,NULL,NULL,NULL,NULL,NULL,NULL,NULL,True,NULL,NULL,NULL,NULL,NULL,False,False,False,False,False,True,True,True,True,NULL
"1224331762",True,False,NULL,NULL,NULL,NULL,NULL,NULL,NULL,NULL,True,NULL,NULL,NULL,NULL,NULL,False,False,False,False,False,True,True,True,True,NULL
"1333145028",True,False,NULL,NULL,NULL,NULL,NULL,NULL,NULL,NULL,True,NULL,NULL,NULL,NULL,NULL,False,False,False,False,False,True,True,True,True,NULL
"5463483911",True,False,NULL,NULL,NULL,NULL,NULL,NULL,NULL,NULL,True,NULL,NULL,NULL,NULL,NULL,False,False,False,False,False,True,True,True,True,NULL
"1101832323",True,False,NULL,NULL,NULL,NULL,NULL,NULL,NULL,NULL,True,NULL,NULL,NULL,NULL,NULL,False,False,False,False,False,True,True,True,True,NULL
"811930374",True,False,NULL,NULL,NULL,NULL,NULL,NULL,NULL,NULL,True,NULL,NULL,NULL,NULL,NULL,False,False,False,False,False,True,True,True,True,NULL
"6345158462",True,False,NULL,NULL,NULL,NULL,NULL,NULL,NULL,NULL,True,NULL,NULL,NULL,NULL,NULL,False,False,False,False,False,True,True,True,True,NULL
"927372125",True,False,NULL,NULL,NULL,NULL,NULL,NULL,NULL,NULL,True,NULL,NULL,NULL,NULL,NULL,False,False,False,False,False,True,True,True,True,NULL
"6821662756",False,False,NULL,NULL,NULL,NULL,NULL,NULL,NULL,NULL,True,NULL,NULL,NULL,NULL,NULL,False,False,False,False,False,True,True,True,True,NULL
"1634318803",True,False,NULL,NULL,NULL,NULL,NULL,NULL,NULL,NULL,True,NULL,NULL,NULL,NULL,NULL,False,False,False,False,False,True,True,True,True,NULL
"699265078",False,False,NULL,NULL,NULL,NULL,NULL,NULL,NULL,NULL,True,NULL,NULL,NULL,NULL,NULL,False,False,False,False,False,True,True,True,True,NULL
"8173425852",True,False,NULL,NULL,NULL,NULL,NULL,NULL,NULL,NULL,True,NULL,NULL,NULL,NULL,NULL,False,False,False,False,False,True,True,True,True,"HGnLN63vJTY"
"7320783924",True,False,NULL,NULL,NULL,NULL,NULL,NULL,NULL,NULL,True,NULL,NULL,NULL,NULL,NULL,False,False,False,False,False,True,True,True,True,NULL
"8142936755",True,False,NULL,NULL,NULL,NULL,NULL,NULL,NULL,NULL,True,NULL,NULL,NULL,NULL,NULL,False,False,False,False,False,True,True,True,True,NULL
"8134465605",True,False,NULL,NULL,NULL,NULL,NULL,NULL,NULL,NULL,True,NULL,NULL,NULL,NULL,NULL,False,False,False,False,False,True,True,True,True,NULL
"602540761",True,False,NULL,NULL,NULL,NULL,NULL,NULL,NULL,NULL,True,NULL,NULL,NULL,NULL,NULL,False,False,False,False,False,True,True,True,True,NULL
"1751884518",True,False,NULL,NULL,"Cinderella",NULL,"2025-10-22 21:31:40.00394+00","✨",NULL,NULL,True,NULL,NULL,NULL,NULL,NULL,False,False,False,False,False,True,True,True,True,"sH2X6BPEBjs"
"5577701821",True,False,NULL,NULL,NULL,NULL,NULL,NULL,NULL,NULL,True,NULL,NULL,NULL,NULL,NULL,False,False,False,False,False,True,True,True,True,NULL
"1172147110",False,False,NULL,NULL,NULL,NULL,NULL,NULL,NULL,NULL,True,NULL,NULL,NULL,NULL,NULL,False,False,False,False,False,True,True,True,True,NULL
"7230784990",False,False,NULL,NULL,NULL,NULL,NULL,NULL,NULL,NULL,True,NULL,NULL,NULL,NULL,NULL,False,False,False,False,False,True,True,True,True,NULL
"8036812879",True,False,NULL,NULL,NULL,NULL,NULL,NULL,NULL,NULL,True,NULL,NULL,NULL,NULL,NULL,False,False,False,False,False,True,True,True,True,NULL
"969264649",True,False,NULL,NULL,NULL,NULL,NULL,NULL,NULL,NULL,True,NULL,NULL,NULL,NULL,NULL,False,False,False,False,False,True,True,True,True,"RKlLh0y9AFs"
"5861555329",True,False,NULL,NULL,NULL,NULL,NULL,NULL,NULL,NULL,True,NULL,NULL,NULL,NULL,NULL,False,False,False,False,False,True,True,True,True,NULL
"7388700051",True,False,NULL,NULL,"Hitler",20,"2025-09-08 04:25:08.246805+00","🦊",NULL,"i don't like you either",True,"Helicopter","College of Technology and Built Environment (CTBE)","2nd Year","Construction Technology and Management","{Books,Movies,Coding,Chess}",True,False,False,False,False,True,True,True,True,"_Rtt2ANC0gE"
"1795888823",True,False,NULL,NULL,NULL,NULL,NULL,NULL,NULL,NULL,True,NULL,NULL,NULL,NULL,NULL,False,False,False,False,False,True,True,True,True,NULL
"7897386358",True,False,NULL,NULL,"Penis",10,"2025-09-16 21:43:11.499733+00","✨",NULL,"Psalm 31:24 - ""Be strong, and let your heart take courage, all you who wait for the Lord!""",True,NULL,NULL,NULL,NULL,NULL,False,False,False,False,False,True,True,True,True,"0E9RxFZVbO8"
"5014292785",True,False,NULL,NULL,"Gudefela",NULL,"2025-09-13 07:00:35.556564+00","👩",NULL,"Stop checking me out",True,"Female","College of Health Sciences",NULL,NULL,NULL,True,False,False,False,False,True,True,False,True,"EPzpP1IgyTY"
"7231257941",True,False,NULL,NULL,"me me",NULL,"2025-09-15 07:59:24.224119+00","👨",NULL,NULL,True,NULL,NULL,NULL,NULL,NULL,False,False,False,False,False,True,True,True,True,"7sNI0F_IUME"
"545808504",True,False,NULL,NULL,NULL,NULL,NULL,NULL,NULL,NULL,True,NULL,NULL,NULL,NULL,NULL,False,False,False,False,False,True,True,True,True,"Q293719i7aE"
"6876683307",True,False,NULL,NULL,NULL,NULL,NULL,NULL,NULL,NULL,True,NULL,NULL,NULL,NULL,NULL,False,False,False,False,False,True,True,True,True,NULL
"5729532610",True,False,NULL,NULL,NULL,NULL,NULL,NULL,NULL,NULL,True,NULL,NULL,NULL,NULL,NULL,False,False,False,False,False,True,True,True,True,"hS4Vt6Xc-NU"
"5811170332",True,False,NULL,NULL,"N45",0,"2025-09-24 16:25:37.384625+00","👤",NULL,NULL,True,NULL,NULL,NULL,NULL,NULL,False,False,False,False,False,True,True,True,True,"1pBffTUdBzs"
"7984980757",True,False,NULL,NULL,"卐 н ɪ τ ℓ є я 不",NULL,"2025-10-08 17:51:22.409023+00","👤",NULL,"Fuck Jews forever 卐",True,NULL,NULL,NULL,NULL,NULL,False,False,False,False,False,True,True,True,True,"ZecrOyE3x5I"
"6499363352",True,False,NULL,NULL,"Other she",25,"2025-09-28 09:17:52.858896+00",NULL,NULL,"I stalk ppl for fun",True,NULL,NULL,NULL,NULL,"{Traditions}",False,False,False,False,True,True,True,True,True,"ZkABEpao1w4"
"6914943213",True,False,NULL,NULL,NULL,NULL,NULL,NULL,NULL,NULL,True,NULL,NULL,NULL,NULL,NULL,False,False,False,False,False,True,True,True,True,"h8CM3zH-2cs"
"2015126700",True,False,NULL,NULL,NULL,NULL,NULL,NULL,NULL,NULL,True,NULL,NULL,NULL,NULL,NULL,False,False,False,False,False,True,True,True,True,"v75MLVEx4y8"
"1410479893",True,False,NULL,NULL,"ᴅ𝖊𝖋𝖊𝖓𝚍𝖊𝖗𝖘",NULL,"2025-10-27 16:54:23.139275+00","🧜‍♀️",NULL,NULL,True,NULL,NULL,NULL,NULL,NULL,False,False,False,False,False,True,True,True,True,"ZgbK-2p19JI"
"1206626259",True,False,NULL,NULL,"Diddy",NULL,"2025-10-01 12:45:44.288102+00","👤",NULL,"🫆",True,NULL,NULL,NULL,NULL,NULL,False,False,False,False,False,True,True,True,True,"R4D3UsksbdQ"
"7931141194",True,False,NULL,NULL,NULL,NULL,NULL,NULL,NULL,NULL,True,NULL,NULL,NULL,NULL,NULL,False,False,False,False,False,True,True,True,True,"5X9xaYh0yWw"
"734910799",True,False,NULL,NULL,NULL,NULL,NULL,NULL,NULL,NULL,True,NULL,NULL,NULL,NULL,NULL,False,False,False,False,False,True,True,True,True,"ezarMyXfO_o"
"6779463630",True,False,NULL,NULL,NULL,NULL,NULL,NULL,NULL,NULL,True,NULL,NULL,NULL,NULL,NULL,False,False,False,False,False,True,True,True,True,"o0RiagzF85w"
"380728135",True,False,NULL,NULL,"መምሬ ታምራት",NULL,"2025-10-27 19:01:49.369247+00","👨",NULL,NULL,True,NULL,NULL,NULL,NULL,NULL,False,False,False,False,False,True,True,True,True,"E49QLaUEjLI"
"855984276",True,False,NULL,NULL,"Holymoly",0,"2025-09-28 19:13:35.761205+00","☀️",NULL,"Chaos coordinator and laughter facilitator - ahlelele ahlelas",True,NULL,NULL,NULL,NULL,NULL,False,False,False,False,False,True,True,True,True,"REYbLIJX2ao"
"1331587034",True,False,NULL,NULL,"Red nigga",NULL,"2025-10-02 05:48:53.789873+00","😎",NULL,NULL,True,NULL,NULL,NULL,NULL,NULL,False,False,False,False,False,True,True,True,True,"E14e30CObQo"
"1435462462",True,False,NULL,NULL,"ginger",NULL,"2025-10-03 18:57:03.925737+00",NULL,NULL,NULL,False,NULL,NULL,NULL,NULL,NULL,False,False,False,False,False,True,True,True,True,"97UE9B3mnrg"
"5959249059",True,False,NULL,NULL,"Ye madam qimem",NULL,"2025-09-15 08:26:22.490933+00","🥲",NULL,"Hagere nafekshign ye sidet nuro bekagn",True,NULL,NULL,NULL,NULL,NULL,False,False,False,False,False,True,True,True,True,"mY7SSCS8YVI"
"6310720133",True,False,NULL,NULL,"አጉላላው",NULL,"2025-10-07 09:31:35.942401+00","✨",NULL,NULL,True,NULL,NULL,NULL,NULL,NULL,False,False,False,False,False,True,True,True,True,"qDjJUvjhfz0"
"7334207269",True,False,NULL,NULL,NULL,NULL,NULL,NULL,NULL,NULL,True,NULL,NULL,NULL,NULL,NULL,False,False,False,False,False,True,True,True,True,"yVtJJE-RTqQ"
"7647636604",True,False,NULL,NULL,"Siena",NULL,"2025-10-16 17:54:03.855709+00","👩",NULL,NULL,True,"Female",NULL,NULL,NULL,NULL,True,False,False,False,True,True,True,True,True,"jd1B7RWCezc"
"1710730542",True,False,NULL,NULL,NULL,NULL,NULL,NULL,NULL,NULL,True,NULL,NULL,NULL,NULL,NULL,False,False,False,False,False,True,True,True,True,"I2ddPPGEYkM"
"888211299",True,False,NULL,NULL,"Samsung",0,"2025-10-19 18:07:32.204533+00","🎮",NULL,NULL,True,"Male",NULL,"1st Year",NULL,"{Gym,Camping,Hiking,Travel,Adventure}",True,True,True,True,True,True,True,True,True,"AIBiOkZnm2E"
"6467486572",True,False,NULL,NULL,"Roast Master General",NULL,"2025-10-26 18:19:26.559075+00","👻",NULL,"Designs insults with precision!!!",True,NULL,NULL,NULL,NULL,NULL,False,False,False,False,False,True,True,True,True,"zTYqnXiBMUU"
"589593969",True,False,NULL,NULL,NULL,NULL,NULL,NULL,NULL,NULL,True,NULL,NULL,NULL,NULL,NULL,False,False,False,False,False,True,True,True,True,"WscTJltlXiM"
"1320397494",True,False,NULL,NULL,"6 9",NULL,"2025-09-28 15:33:18.944078+00","🎮",NULL,NULL,True,NULL,NULL,NULL,NULL,NULL,False,False,False,False,False,True,True,True,True,"xQZtldqoh28"
"1609398709",True,False,NULL,NULL,NULL,NULL,NULL,"🧚‍♀️",NULL,NULL,True,NULL,NULL,NULL,NULL,NULL,False,False,False,False,False,True,True,True,True,"x4BY-boINlc"
"6867875191",True,False,NULL,NULL,NULL,NULL,NULL,NULL,NULL,NULL,True,NULL,NULL,NULL,NULL,NULL,False,False,False,False,False,True,True,True,True,NULL
"7446530116",True,False,NULL,NULL,NULL,NULL,NULL,NULL,NULL,NULL,True,NULL,NULL,NULL,NULL,NULL,False,False,False,False,False,True,True,True,True,"c3DFOtTJjv4"
"789530281",True,False,NULL,NULL,NULL,NULL,NULL,NULL,NULL,NULL,True,NULL,NULL,NULL,NULL,NULL,False,False,False,False,False,True,True,True,True,NULL
"7589086335",True,False,NULL,NULL,NULL,NULL,NULL,NULL,NULL,NULL,True,NULL,NULL,NULL,NULL,NULL,False,False,False,False,False,True,True,True,True,"6ZbODGdoZd4"
"7277297826",True,False,NULL,NULL,NULL,NULL,NULL,NULL,NULL,NULL,True,NULL,NULL,NULL,NULL,NULL,False,False,False,False,False,True,True,True,True,"bqwm7j2_tSs"
"8217600370",True,False,NULL,NULL,"Beetle juice",NULL,"2025-10-12 12:35:45.61384+00","👻",NULL,NULL,True,NULL,NULL,NULL,NULL,NULL,False,False,False,False,False,True,True,True,True,"rvg-YFq9968"
"6999814323",True,False,NULL,NULL,"Floating jacket",25,"2025-10-19 07:57:14.662583+00","👾",NULL,NULL,True,NULL,NULL,NULL,NULL,NULL,False,False,False,False,False,True,True,False,True,"XnfEj_H-EVk"
"5786382261",True,False,NULL,NULL,"Cole Palmer",NULL,"2025-10-03 07:47:15.870532+00",NULL,NULL,NULL,True,NULL,NULL,NULL,NULL,NULL,False,False,False,False,False,True,True,True,True,"Ao2sd2LR44E"
"7333690377",True,False,NULL,NULL,NULL,NULL,NULL,NULL,NULL,NULL,True,NULL,NULL,NULL,NULL,NULL,False,False,False,False,False,True,True,True,True,"sLiK7MIuqO4"
"5970073467",False,False,NULL,NULL,NULL,NULL,NULL,NULL,NULL,NULL,True,NULL,NULL,NULL,NULL,NULL,False,False,False,False,False,True,True,True,True,NULL
"7525625213",True,False,NULL,NULL,"Jachron",0,"2025-09-12 10:04:51.730855+00","👨",NULL,"Rare breed",True,"Male","College of Technology and Built Environment (CTBE)","2nd Year",NULL,"{Movies,""TV Shows"",Series}",True,True,True,True,False,True,True,True,True,"RpEx-hRRxpw"
"6913252945",True,False,NULL,NULL,"sexychocolatenigga",NULL,"2025-09-29 15:46:53.471138+00",NULL,NULL,NULL,True,NULL,NULL,NULL,NULL,NULL,False,False,False,False,False,True,True,True,True,"2LSsl8bayt4"
"1050605523",True,False,NULL,NULL,"Nathaniel",NULL,"2025-10-19 18:24:42.206362+00",NULL,NULL,NULL,True,NULL,NULL,NULL,NULL,NULL,False,False,False,False,False,True,True,True,True,"GxzTFMujesA"
"1398077049",True,False,NULL,NULL,NULL,NULL,NULL,NULL,NULL,NULL,True,NULL,NULL,NULL,NULL,NULL,False,False,False,False,False,True,True,True,True,"zEnyxLwm6gs"
"5691045396",True,False,NULL,NULL,"fr34kykn16h7",NULL,"2025-09-19 08:19:11.127152+00","🧐",NULL,"Have a life man stop reading ppls bios",True,NULL,NULL,NULL,NULL,NULL,False,False,False,False,False,True,True,True,True,"ezCct_guqlY"
"1011215957",True,False,NULL,NULL,"Guuz",20,"2025-09-26 07:32:13.753833+00","🎧",NULL,"deeep inside being myself",True,NULL,NULL,NULL,NULL,NULL,False,False,False,False,False,True,True,True,True,"ciBbvdophuc"
"7721855881",True,False,NULL,NULL,"Abifyo",NULL,"2025-09-29 17:38:28.517807+00","☀️",NULL,NULL,True,NULL,NULL,NULL,NULL,NULL,False,False,False,False,False,True,True,True,True,"hlNzGOqXdbs"
"699103879",True,False,NULL,NULL,"Meow",NULL,"2025-09-29 13:39:29.884186+00",NULL,NULL,NULL,True,NULL,NULL,NULL,NULL,NULL,False,False,False,False,False,True,True,True,True,"g0iRug65I1w"
"1835875563",True,False,NULL,NULL,"blooms",NULL,"2025-10-21 18:21:47.208292+00","✨",NULL,NULL,True,NULL,NULL,NULL,NULL,NULL,False,False,False,False,False,True,True,True,True,"jRvO2idosYs"
"7876573174",True,False,NULL,NULL,"John Wick",NULL,"2025-09-19 07:24:52.108919+00","🦊",NULL,NULL,True,NULL,NULL,NULL,NULL,NULL,False,False,False,False,False,True,True,True,True,"fi5K08aLrWM"
"6834402839",True,False,NULL,NULL,NULL,NULL,NULL,NULL,NULL,NULL,True,NULL,NULL,NULL,NULL,NULL,False,False,False,False,False,True,True,True,True,"sWtUlAG0hPE"
"819070985",True,False,NULL,NULL,NULL,NULL,NULL,NULL,NULL,NULL,True,NULL,NULL,NULL,NULL,NULL,False,False,False,False,False,True,True,True,True,"jzfaDgziY2Y"
"8254532646",True,False,NULL,NULL,"ddbro",NULL,"2025-10-24 16:43:20.853207+00","🥷",NULL,NULL,True,"Male","College of Technology and Built Environment (CTBE)","1st Year",NULL,NULL,False,False,False,False,False,True,True,True,True,NULL
"5373748439",True,False,NULL,NULL,NULL,NULL,NULL,NULL,NULL,NULL,True,NULL,NULL,NULL,NULL,NULL,False,False,False,False,False,True,True,True,True,NULL
"756011892",True,False,NULL,NULL,"Bat man",NULL,"2025-10-08 13:11:47.28506+00","👤",NULL,NULL,True,NULL,NULL,NULL,NULL,NULL,False,False,False,False,False,True,True,True,True,"tr0UMASVDr8"
"1984303263",True,False,NULL,NULL,"Puslicker",NULL,"2025-10-23 09:49:49.818506+00","🥲",NULL,NULL,True,NULL,NULL,NULL,NULL,NULL,False,False,False,False,False,True,True,True,True,"CNOczBLECWU"
"1213489463",True,False,NULL,NULL,"Soprano",NULL,"2025-10-10 13:49:52.765125+00","🧐",NULL,NULL,True,NULL,NULL,NULL,NULL,NULL,False,False,False,False,False,True,True,True,True,"yFkVAJrWbKQ"
"5573602060",True,False,NULL,NULL,"Floki",NULL,"2025-10-22 17:54:36.647416+00","🎧",NULL,"Humble enough to know I ain't better than anyone",True,"Helicopter",NULL,NULL,NULL,NULL,False,False,False,False,False,True,True,True,True,"lUJcZ5gOEzs"
"1772914793",True,False,NULL,NULL,NULL,NULL,NULL,NULL,NULL,NULL,True,NULL,NULL,NULL,NULL,NULL,False,False,False,False,False,True,True,True,True,"Dt74NlQK0Po"
"736309454",True,False,NULL,NULL,NULL,NULL,NULL,NULL,NULL,NULL,True,NULL,NULL,NULL,NULL,NULL,False,False,False,False,False,True,True,True,True,"iFEnWwBQnyM"
"7212450335",True,False,NULL,NULL,"GuguGaga",NULL,"2025-09-13 06:44:01.670174+00",NULL,NULL,NULL,True,NULL,NULL,NULL,NULL,NULL,False,False,False,False,False,True,True,True,True,"TRvHlITbpkg"
"1730816223",True,False,NULL,NULL,NULL,NULL,NULL,NULL,NULL,NULL,True,NULL,NULL,NULL,NULL,NULL,False,False,False,False,False,True,True,True,True,"KjgZ_RuAevM"
"418454032",True,False,NULL,NULL,NULL,NULL,NULL,NULL,NULL,NULL,True,NULL,NULL,NULL,NULL,NULL,False,False,False,False,False,True,True,True,True,"9ehgLt1YnfA"
"950703820",True,False,NULL,NULL,"Malet",NULL,"2025-09-30 10:30:06.200989+00","☀️",NULL,NULL,True,NULL,NULL,NULL,NULL,NULL,False,False,False,False,False,True,True,True,True,"hbkHcgDRJr4"
"510837131",True,False,NULL,NULL,NULL,NULL,NULL,NULL,NULL,NULL,True,NULL,NULL,NULL,NULL,NULL,False,False,False,False,False,True,True,True,True,"X-VS7DK82wA"
"7716139400",True,False,NULL,NULL,"Someone",NULL,"2025-09-29 11:28:52.840828+00","🧑",NULL,NULL,True,NULL,NULL,NULL,NULL,NULL,False,False,False,False,False,True,True,True,True,"7VbH0MX2bOM"
"1492909948",True,False,NULL,NULL,"Torpa",NULL,"2025-10-24 18:17:09.290927+00","🤠",NULL,NULL,True,NULL,NULL,NULL,NULL,NULL,False,False,False,False,False,True,True,True,True,"pJYcK-PwY2k"
"8444667500",True,False,NULL,NULL,NULL,NULL,NULL,NULL,NULL,NULL,True,NULL,NULL,NULL,NULL,NULL,False,False,False,False,False,True,True,True,True,NULL
"5594060290",True,False,NULL,NULL,"Atmit",NULL,"2025-10-23 07:58:47.683693+00","👻",NULL,NULL,True,NULL,NULL,NULL,NULL,NULL,False,False,False,False,False,True,True,True,True,"4KuLyEeAVYA"
"7032013638",True,False,NULL,NULL,"fellow ape",NULL,"2025-10-21 20:05:20.244967+00","🎧",NULL,"Just enlightening my fellow apes🦍 from fanatical fervent hope.",True,NULL,NULL,NULL,NULL,NULL,False,False,False,False,False,True,True,True,True,"eqj17HDVBBw"
"6799291447",True,False,NULL,NULL,NULL,NULL,NULL,NULL,NULL,NULL,True,NULL,NULL,NULL,NULL,NULL,False,False,False,False,False,True,True,True,True,NULL
